  Mon Sep 14 2026  7:48                                                                                                    Page 1


                                               ***************************************
                                               **      WDC 65C816 Macro Assembler   **
                                               **                                   **
                                               **     Version 3.49.1- Feb  6 2006    **
                                               ***************************************

     1                        ;:ts=8
     2             00000001   R0	equ	1
     3             00000005   R1	equ	5
     4             00000009   R2	equ	9
     5             0000000D   R3	equ	13
     6                        ;/*
     7                        ; * FreeRTOS Kernel V11.3.1
     8                        ; * Copyright (C) 2021 Amazon.com, Inc. or its affiliates. All Rights Reserved.
     9                        ; *
    10                        ; * SPDX-License-Identifier: MIT
    11                        ; *
    12                        ; * Permission is hereby granted, free of charge, to any person obtaining a copy of
    13                        ; * this software and associated documentation files (the "Software"), to deal in
    14                        ; * the Software without restriction, including without limitation the rights to
    15                        ; * use, copy, modify, merge, publish, distribute, sublicense, and/or sell copies of
    16                        ; * the Software, and to permit persons to whom the Software is furnished to do so,
    17                        ; * subject to the following conditions:
    18                        ; *
    19                        ; * The above copyright notice and this permission notice shall be included in all
    20                        ; * copies or substantial portions of the Software.
    21                        ; *
    22                        ; * THE SOFTWARE IS PROVIDED "AS IS", WITHOUT WARRANTY OF ANY KIND, EXPRESS OR
    23                        ; * IMPLIED, INCLUDING BUT NOT LIMITED TO THE WARRANTIES OF MERCHANTABILITY, FITNESS
    24                        ; * FOR A PARTICULAR PURPOSE AND NONINFRINGEMENT. IN NO EVENT SHALL THE AUTHORS OR
    25                        ; * COPYRIGHT HOLDERS BE LIABLE FOR ANY CLAIM, DAMAGES OR OTHER LIABILITY, WHETHER
    26                        ; * IN AN ACTION OF CONTRACT, TORT OR OTHERWISE, ARISING FROM, OUT OF OR IN
    27                        ; * CONNECTION WITH THE SOFTWARE OR THE USE OR OTHER DEALINGS IN THE SOFTWARE.
    28                        ; *
    29                        ; * https://www.FreeRTOS.org
    30                        ; * https://github.com/FreeRTOS
    31                        ; *
    32                        ; */
    33                        ;
    34                        ;/* Standard includes. */
    35                        ;#include <stdlib.h>
    36                        ;
    37                        ;/* Defining MPU_WRAPPERS_INCLUDED_FROM_API_FILE prevents task.h from redefining
    38                        ; * all the API functions to use the MPU wrappers. That should only be done when
    39                        ; * task.h is included from an application file. */
    40                        ;#define MPU_WRAPPERS_INCLUDED_FROM_API_FILE
    41                        ;
    42                        ;/* FreeRTOS includes. */
    43                        ;#include "FreeRTOS.h"
    44                        ;#include "task.h"
    45                        ;#include "timers.h"
    46                        ;#include "event_groups.h"
    47                        ;
    48                        ;/* The MPU ports require MPU_WRAPPERS_INCLUDED_FROM_API_FILE to be defined
    49                        ; * for the header files above, but not in this file, in order to generate the
    50                        ; * correct privileged Vs unprivileged linkage and placement. */
    51                        ;#undef MPU_WRAPPERS_INCLUDED_FROM_API_FILE
    52                        ;
  Mon Sep 14 2026  7:48                                                                                                    Page 2


    53                        ;/* This entire source file will be skipped if the application is not configured
    54                        ; * to include event groups functionality. This #if is closed at the very bottom
    55                        ; * of this file. If you want to include event groups then ensure
    56                        ; * configUSE_EVENT_GROUPS is set to 1 in FreeRTOSConfig.h. */
    57                        ;#if ( configUSE_EVENT_GROUPS == 1 )
    58                        ;
    59                        ;    typedef struct EventGroupDef_t
    60                        ;    {
    61                        ;        EventBits_t uxEventBits;
    62                        ;        List_t xTasksWaitingForBits; /**< List of tasks waiting for a bit to be set. */
    63                        ;
    64                        ;        #if ( configUSE_TRACE_FACILITY == 1 )
    65                        ;            UBaseType_t uxEventGroupNumber;
    66                        ;        #endif
    67                        ;
    68                        ;        #if ( ( configSUPPORT_STATIC_ALLOCATION == 1 ) && ( configSUPPORT_DYNAMIC_ALLOCATION == 1 ) )
    69                        ;            uint8_t ucStaticallyAllocated; /**< Set to pdTRUE if the event group is statically alloca
                    ted to ensure no attempt is made to free the memory. */
    70                        ;        #endif
    71                        ;    } EventGroup_t;
    72                        ;
    73                        ;/*-----------------------------------------------------------*/
    74                        ;
    75                        ;/*
    76                        ; * Test the bits set in uxCurrentEventBits to see if the wait condition is met.
    77                        ; * The wait condition is defined by xWaitForAllBits.  If xWaitForAllBits is
    78                        ; * pdTRUE then the wait condition is met if all the bits set in uxBitsToWaitFor
    79                        ; * are also set in uxCurrentEventBits.  If xWaitForAllBits is pdFALSE then the
    80                        ; * wait condition is met if any of the bits set in uxBitsToWaitFor are also set
    81                        ; * in uxCurrentEventBits.
    82                        ; */
    83                        ;    static BaseType_t prvTestWaitCondition( const EventBits_t uxCurrentEventBits,
    84                        ;                                            const EventBits_t uxBitsToWaitFor,
    85                        ;                                            const BaseType_t xWaitForAllBits ) PRIVILEGED_FUNCTION;
    86                        ;
    87                        ;/*-----------------------------------------------------------*/
    88                        ;
    89                        ;    #if ( configSUPPORT_STATIC_ALLOCATION == 1 )
    90                        ;
    91                        ;        EventGroupHandle_t xEventGroupCreateStatic( StaticEventGroup_t * pxEventGroupBuffer )
    92                        ;        {
    93                        	code
    94                        	xdef	_~xEventGroupCreateStatic
    95                        	func
    96                        _~xEventGroupCreateStatic:
    97                        	longa	on
    98                        	longi	on
    99 00:0000: 3B           	tsc
   100 00:0001: 38           	sec
   101 00:0002: E9 0A 00     	sbc	#L2
   102 00:0005: 1B           	tcs
   103 00:0006: 0B           	phd
   104 00:0007: 5B           	tcd
   105             00000003   pxEventGroupBuffer_0	set	3
   106                        ;            EventGroup_t * pxEventBits;
   107                        ;
   108                        ;            traceENTER_xEventGroupCreateStatic( pxEventGroupBuffer );
   109             00000000   pxEventBits_1	set	0
  Mon Sep 14 2026  7:48                                                                                                    Page 3


   110                        ;
   111                        ;            /* A StaticEventGroup_t object must be provided. */
   112                        ;            configASSERT( pxEventGroupBuffer );
   113 00:0008: A5 0D        	lda	<L2+pxEventGroupBuffer_0
   114 00:000A: 05 0F        	ora	<L2+pxEventGroupBuffer_0+2
   115 00:000C: D0 02        	bne	L10001
   116                        L10005:
   117 00:000E: 80 FE        	bra	L10005
   118                        L10001:
   119                        ;
   120                        ;            #if ( configASSERT_DEFINED == 1 )
   121                        ;            {
   122                        ;                /* Sanity check that the size of the structure used to declare a
   123                        ;                 * variable of type StaticEventGroup_t equals the size of the real
   124                        ;                 * event group structure. */
   125                        ;                volatile size_t xSize = sizeof( StaticEventGroup_t );
   126                        ;                configASSERT( xSize == sizeof( EventGroup_t ) );
   127             00000004   xSize_2	set	4
   128 00:0010: A9 17 00     	lda	#$17
   129 00:0013: 85 09        	sta	<L3+xSize_2
   130 00:0015: C9 17 00     	cmp	#<$17
   131 00:0018: F0 02        	beq	L10008
   132                        L10012:
   133 00:001A: 80 FE        	bra	L10012
   134                        L10008:
   135                        ;            }
   136                        ;            #endif /* configASSERT_DEFINED */
   137                        ;
   138                        ;            /* The user has provided a statically allocated event group - use it. */
   139                        ;            /* MISRA Ref 11.3.1 [Misaligned access] */
   140                        ;            /* More details at: https://github.com/FreeRTOS/FreeRTOS-Kernel/blob/main/MISRA.md#rule-1
                    13 */
   141                        ;            /* coverity[misra_c_2012_rule_11_3_violation] */
   142                        ;            pxEventBits = ( EventGroup_t * ) pxEventGroupBuffer;
   143 00:001C: A5 0D        	lda	<L2+pxEventGroupBuffer_0
   144 00:001E: 85 05        	sta	<L3+pxEventBits_1
   145 00:0020: A5 0F        	lda	<L2+pxEventGroupBuffer_0+2
   146 00:0022: 85 07        	sta	<L3+pxEventBits_1+2
   147                        ;
   148                        ;            if( pxEventBits != NULL )
   149                        ;            {
   150 00:0024: A5 05        	lda	<L3+pxEventBits_1
   151 00:0026: 05 07        	ora	<L3+pxEventBits_1+2
   152 00:0028: F0 28        	beq	L10016
   153                        ;                pxEventBits->uxEventBits = 0;
   154 00:002A: A9 00 00     	lda	#$0
   155 00:002D: 87 05        	sta	[<L3+pxEventBits_1]
   156 00:002F: A0 02 00     	ldy	#$2
   157 00:0032: 97 05        	sta	[<L3+pxEventBits_1],Y
   158                        ;                vListInitialise( &( pxEventBits->xTasksWaitingForBits ) );
   159 00:0034: A9 04 00     	lda	#$4
   160 00:0037: 18           	clc
   161 00:0038: 65 05        	adc	<L3+pxEventBits_1
   162 00:003A: 85 01        	sta	<R0
   163 00:003C: A9 00 00     	lda	#$0
   164 00:003F: 65 07        	adc	<L3+pxEventBits_1+2
   165 00:0041: 48           	pha
   166 00:0042: D4 01        	pei	<R0
  Mon Sep 14 2026  7:48                                                                                                    Page 4


   167 00:0044: 20 xx xx     	jsr	_~vListInitialise
   168                        ;
   169                        ;                #if ( configSUPPORT_DYNAMIC_ALLOCATION == 1 )
   170                        ;                {
   171                        ;                    /* Both static and dynamic allocation can be used, so note that
   172                        ;                     * this event group was created statically in case the event group
   173                        ;                     * is later deleted. */
   174                        ;                    pxEventBits->ucStaticallyAllocated = pdTRUE;
   175 00:0047: E2 20        	sep	#$20
   176                        	longa	off
   177 00:0049: A9 01        	lda	#$1
   178 00:004B: A0 16 00     	ldy	#$16
   179 00:004E: 97 05        	sta	[<L3+pxEventBits_1],Y
   180 00:0050: C2 20        	rep	#$20
   181                        	longa	on
   182                        ;                }
   183                        ;                #endif /* configSUPPORT_DYNAMIC_ALLOCATION */
   184                        ;
   185                        ;                traceEVENT_GROUP_CREATE( pxEventBits );
   186                        ;            }
   187                        ;            else
   188                        ;            {
   189                        ;                /* xEventGroupCreateStatic should only ever be called with
   190                        ;                 * pxEventGroupBuffer pointing to a pre-allocated (compile time
   191                        ;                 * allocated) StaticEventGroup_t variable. */
   192                        ;                traceEVENT_GROUP_CREATE_FAILED();
   193                        ;            }
   194                        L10016:
   195                        ;
   196                        ;            traceRETURN_xEventGroupCreateStatic( pxEventBits );
   197                        ;
   198                        ;            return pxEventBits;
   199 00:0052: A6 07        	ldx	<L3+pxEventBits_1+2
   200 00:0054: A5 05        	lda	<L3+pxEventBits_1
   201 00:0056: A8           	tay
   202 00:0057: A5 0B        	lda	<L2+1
   203 00:0059: 85 0F        	sta	<L2+1+4
   204 00:005B: 2B           	pld
   205 00:005C: 3B           	tsc
   206 00:005D: 18           	clc
   207 00:005E: 69 0E 00     	adc	#L2+4
   208 00:0061: 1B           	tcs
   209 00:0062: 98           	tya
   210 00:0063: 60           	rts
   211                        ;        }
   212             0000000A   L2	equ	10
   213             00000005   L3	equ	5
   214                        	ends
   215                        	efunc
   216                        ;
   217                        ;    #endif /* configSUPPORT_STATIC_ALLOCATION */
   218                        ;/*-----------------------------------------------------------*/
   219                        ;
   220                        ;    #if ( configSUPPORT_DYNAMIC_ALLOCATION == 1 )
   221                        ;
   222                        ;        EventGroupHandle_t xEventGroupCreate( void )
   223                        ;        {
   224                        	code
  Mon Sep 14 2026  7:48                                                                                                    Page 5


   225                        	xdef	_~xEventGroupCreate
   226                        	func
   227                        _~xEventGroupCreate:
   228                        	longa	on
   229                        	longi	on
   230 00:0064: 3B           	tsc
   231 00:0065: 38           	sec
   232 00:0066: E9 08 00     	sbc	#L8
   233 00:0069: 1B           	tcs
   234 00:006A: 0B           	phd
   235 00:006B: 5B           	tcd
   236                        ;            EventGroup_t * pxEventBits;
   237                        ;
   238                        ;            traceENTER_xEventGroupCreate();
   239             00000000   pxEventBits_1	set	0
   240                        ;
   241                        ;            /* MISRA Ref 11.5.1 [Malloc memory assignment] */
   242                        ;            /* More details at: https://github.com/FreeRTOS/FreeRTOS-Kernel/blob/main/MISRA.md#rule-1
                    15 */
   243                        ;            /* coverity[misra_c_2012_rule_11_5_violation] */
   244                        ;            pxEventBits = ( EventGroup_t * ) pvPortMalloc( sizeof( EventGroup_t ) );
   245 00:006C: F4 17 00     	pea	#<$17
   246 00:006F: 20 xx xx     	jsr	_~pvPortMalloc
   247 00:0072: 85 05        	sta	<L9+pxEventBits_1
   248 00:0074: 86 07        	stx	<L9+pxEventBits_1+2
   249                        ;
   250                        ;            if( pxEventBits != NULL )
   251                        ;            {
   252 00:0076: 05 07        	ora	<L9+pxEventBits_1+2
   253 00:0078: F0 28        	beq	L10018
   254                        ;                pxEventBits->uxEventBits = 0;
   255 00:007A: A9 00 00     	lda	#$0
   256 00:007D: 87 05        	sta	[<L9+pxEventBits_1]
   257 00:007F: A0 02 00     	ldy	#$2
   258 00:0082: 97 05        	sta	[<L9+pxEventBits_1],Y
   259                        ;                vListInitialise( &( pxEventBits->xTasksWaitingForBits ) );
   260 00:0084: A9 04 00     	lda	#$4
   261 00:0087: 18           	clc
   262 00:0088: 65 05        	adc	<L9+pxEventBits_1
   263 00:008A: 85 01        	sta	<R0
   264 00:008C: A9 00 00     	lda	#$0
   265 00:008F: 65 07        	adc	<L9+pxEventBits_1+2
   266 00:0091: 48           	pha
   267 00:0092: D4 01        	pei	<R0
   268 00:0094: 20 xx xx     	jsr	_~vListInitialise
   269                        ;
   270                        ;                #if ( configSUPPORT_STATIC_ALLOCATION == 1 )
   271                        ;                {
   272                        ;                    /* Both static and dynamic allocation can be used, so note this
   273                        ;                     * event group was allocated statically in case the event group is
   274                        ;                     * later deleted. */
   275                        ;                    pxEventBits->ucStaticallyAllocated = pdFALSE;
   276 00:0097: E2 20        	sep	#$20
   277                        	longa	off
   278 00:0099: A9 00        	lda	#$0
   279 00:009B: A0 16 00     	ldy	#$16
   280 00:009E: 97 05        	sta	[<L9+pxEventBits_1],Y
   281 00:00A0: C2 20        	rep	#$20
  Mon Sep 14 2026  7:48                                                                                                    Page 6


   282                        	longa	on
   283                        ;                }
   284                        ;                #endif /* configSUPPORT_STATIC_ALLOCATION */
   285                        ;
   286                        ;                traceEVENT_GROUP_CREATE( pxEventBits );
   287                        ;            }
   288                        ;            else
   289                        ;            {
   290                        ;                traceEVENT_GROUP_CREATE_FAILED();
   291                        ;            }
   292                        L10018:
   293                        ;
   294                        ;            traceRETURN_xEventGroupCreate( pxEventBits );
   295                        ;
   296                        ;            return pxEventBits;
   297 00:00A2: A6 07        	ldx	<L9+pxEventBits_1+2
   298 00:00A4: A5 05        	lda	<L9+pxEventBits_1
   299 00:00A6: A8           	tay
   300 00:00A7: 2B           	pld
   301 00:00A8: 3B           	tsc
   302 00:00A9: 18           	clc
   303 00:00AA: 69 08 00     	adc	#L8
   304 00:00AD: 1B           	tcs
   305 00:00AE: 98           	tya
   306 00:00AF: 60           	rts
   307                        ;        }
   308             00000008   L8	equ	8
   309             00000005   L9	equ	5
   310                        	ends
   311                        	efunc
   312                        ;
   313                        ;    #endif /* configSUPPORT_DYNAMIC_ALLOCATION */
   314                        ;/*-----------------------------------------------------------*/
   315                        ;
   316                        ;    EventBits_t xEventGroupSync( EventGroupHandle_t xEventGroup,
   317                        ;                                 const EventBits_t uxBitsToSet,
   318                        ;                                 const EventBits_t uxBitsToWaitFor,
   319                        ;                                 TickType_t xTicksToWait )
   320                        ;    {
   321                        	code
   322                        	xdef	_~xEventGroupSync
   323                        	func
   324                        _~xEventGroupSync:
   325                        	longa	on
   326                        	longi	on
   327 00:00B0: 3B           	tsc
   328 00:00B1: 38           	sec
   329 00:00B2: E9 18 00     	sbc	#L12
   330 00:00B5: 1B           	tcs
   331 00:00B6: 0B           	phd
   332 00:00B7: 5B           	tcd
   333             00000003   xEventGroup_0	set	3
   334             00000007   uxBitsToSet_0	set	7
   335             0000000B   uxBitsToWaitFor_0	set	11
   336             0000000F   xTicksToWait_0	set	15
   337                        ;        EventBits_t uxOriginalBitValue, uxReturn;
   338                        ;        EventGroup_t * pxEventBits = xEventGroup;
   339                        ;        BaseType_t xAlreadyYielded;
  Mon Sep 14 2026  7:48                                                                                                    Page 7


   340                        ;        BaseType_t xTimeoutOccurred = pdFALSE;
   341                        ;
   342                        ;        traceENTER_xEventGroupSync( xEventGroup, uxBitsToSet, uxBitsToWaitFor, xTicksToWait );
   343             00000000   uxOriginalBitValue_1	set	0
   344             00000004   uxReturn_1	set	4
   345             00000008   pxEventBits_1	set	8
   346             0000000C   xAlreadyYielded_1	set	12
   347             0000000E   xTimeoutOccurred_1	set	14
   348 00:00B8: A5 1B        	lda	<L12+xEventGroup_0
   349 00:00BA: 85 11        	sta	<L13+pxEventBits_1
   350 00:00BC: A5 1D        	lda	<L12+xEventGroup_0+2
   351 00:00BE: 85 13        	sta	<L13+pxEventBits_1+2
   352 00:00C0: 64 17        	stz	<L13+xTimeoutOccurred_1
   353                        ;
   354                        ;        configASSERT( ( uxBitsToWaitFor & eventEVENT_BITS_CONTROL_BYTES ) == 0 );
   355 00:00C2: A5 25        	lda	<L12+uxBitsToWaitFor_0+2
   356 00:00C4: 29 00 FF     	and	#^$ff000000
   357 00:00C7: F0 02        	beq	L10019
   358                        L10023:
   359 00:00C9: 80 FE        	bra	L10023
   360                        L10019:
   361                        ;        configASSERT( uxBitsToWaitFor != 0 );
   362 00:00CB: A5 23        	lda	<L12+uxBitsToWaitFor_0
   363 00:00CD: 05 25        	ora	<L12+uxBitsToWaitFor_0+2
   364 00:00CF: D0 02        	bne	L10026
   365                        L10030:
   366 00:00D1: 80 FE        	bra	L10030
   367                        L10026:
   368                        ;        #if ( ( INCLUDE_xTaskGetSchedulerState == 1 ) || ( configUSE_TIMERS == 1 ) )
   369                        ;        {
   370                        ;            configASSERT( !( ( xTaskGetSchedulerState() == taskSCHEDULER_SUSPENDED ) && ( xTicksToWai
                    t != 0 ) ) );
   371 00:00D3: 20 xx xx     	jsr	_~xTaskGetSchedulerState
   372 00:00D6: AA           	tax
   373 00:00D7: D0 08        	bne	L10033
   374 00:00D9: A5 27        	lda	<L12+xTicksToWait_0
   375 00:00DB: 05 29        	ora	<L12+xTicksToWait_0+2
   376 00:00DD: F0 02        	beq	L10033
   377                        L10037:
   378 00:00DF: 80 FE        	bra	L10037
   379                        L10033:
   380                        ;        }
   381                        ;        #endif
   382                        ;
   383                        ;        vTaskSuspendAll();
   384 00:00E1: 20 xx xx     	jsr	_~vTaskSuspendAll
   385                        ;        {
   386                        ;            uxOriginalBitValue = pxEventBits->uxEventBits;
   387 00:00E4: A7 11        	lda	[<L13+pxEventBits_1]
   388 00:00E6: 85 09        	sta	<L13+uxOriginalBitValue_1
   389 00:00E8: A0 02 00     	ldy	#$2
   390 00:00EB: B7 11        	lda	[<L13+pxEventBits_1],Y
   391 00:00ED: 85 0B        	sta	<L13+uxOriginalBitValue_1+2
   392                        ;
   393                        ;            ( void ) xEventGroupSetBits( xEventGroup, uxBitsToSet );
   394 00:00EF: D4 21        	pei	<L12+uxBitsToSet_0+2
   395 00:00F1: D4 1F        	pei	<L12+uxBitsToSet_0
   396 00:00F3: D4 1D        	pei	<L12+xEventGroup_0+2
  Mon Sep 14 2026  7:48                                                                                                    Page 8


   397 00:00F5: D4 1B        	pei	<L12+xEventGroup_0
   398 00:00F7: 20 xx xx     	jsr	_~xEventGroupSetBits
   399                        ;
   400                        ;            if( ( ( uxOriginalBitValue | uxBitsToSet ) & uxBitsToWaitFor ) == uxBitsToWaitFor )
   401                        ;            {
   402 00:00FA: A5 1F        	lda	<L12+uxBitsToSet_0
   403 00:00FC: 05 09        	ora	<L13+uxOriginalBitValue_1
   404 00:00FE: 85 01        	sta	<R0
   405 00:0100: A5 21        	lda	<L12+uxBitsToSet_0+2
   406 00:0102: 05 0B        	ora	<L13+uxOriginalBitValue_1+2
   407 00:0104: 85 03        	sta	<R0+2
   408 00:0106: A5 23        	lda	<L12+uxBitsToWaitFor_0
   409 00:0108: 25 01        	and	<R0
   410 00:010A: 85 05        	sta	<R1
   411 00:010C: A5 25        	lda	<L12+uxBitsToWaitFor_0+2
   412 00:010E: 25 03        	and	<R0+2
   413 00:0110: 85 07        	sta	<R1+2
   414 00:0112: A5 05        	lda	<R1
   415 00:0114: C5 23        	cmp	<L12+uxBitsToWaitFor_0
   416 00:0116: D0 04        	bne	L18
   417 00:0118: A5 07        	lda	<R1+2
   418 00:011A: C5 25        	cmp	<L12+uxBitsToWaitFor_0+2
   419                        L18:
   420 00:011C: D0 2F        	bne	L10040
   421                        ;                /* All the rendezvous bits are now set - no need to block. */
   422                        ;                uxReturn = ( uxOriginalBitValue | uxBitsToSet );
   423 00:011E: A5 1F        	lda	<L12+uxBitsToSet_0
   424 00:0120: 05 09        	ora	<L13+uxOriginalBitValue_1
   425 00:0122: 85 0D        	sta	<L13+uxReturn_1
   426 00:0124: A5 21        	lda	<L12+uxBitsToSet_0+2
   427 00:0126: 05 0B        	ora	<L13+uxOriginalBitValue_1+2
   428 00:0128: 85 0F        	sta	<L13+uxReturn_1+2
   429                        ;
   430                        ;                /* Rendezvous always clear the bits.  They will have been cleared
   431                        ;                 * already unless this is the only task in the rendezvous. */
   432                        ;                pxEventBits->uxEventBits &= ~uxBitsToWaitFor;
   433 00:012A: A5 23        	lda	<L12+uxBitsToWaitFor_0
   434 00:012C: 49 FF FF     	eor	#<$ffffffff
   435 00:012F: 85 01        	sta	<R0
   436 00:0131: A5 25        	lda	<L12+uxBitsToWaitFor_0+2
   437 00:0133: 49 FF FF     	eor	#^$ffffffff
   438 00:0136: 85 03        	sta	<R0+2
   439 00:0138: A7 11        	lda	[<L13+pxEventBits_1]
   440 00:013A: 25 01        	and	<R0
   441 00:013C: 87 11        	sta	[<L13+pxEventBits_1]
   442 00:013E: A0 02 00     	ldy	#$2
   443 00:0141: B7 11        	lda	[<L13+pxEventBits_1],Y
   444 00:0143: 25 03        	and	<R0+2
   445 00:0145: 97 11        	sta	[<L13+pxEventBits_1],Y
   446                        ;
   447                        ;                xTicksToWait = 0;
   448 00:0147: 64 27        	stz	<L12+xTicksToWait_0
   449 00:0149: 64 29        	stz	<L12+xTicksToWait_0+2
   450                        ;            }
   451                        ;            else
   452 00:014B: 80 3F        	bra	L10041
   453                        L10040:
   454                        ;            {
  Mon Sep 14 2026  7:48                                                                                                    Page 9


   455                        ;                if( xTicksToWait != ( TickType_t ) 0 )
   456                        ;                {
   457 00:014D: A5 27        	lda	<L12+xTicksToWait_0
   458 00:014F: 05 29        	ora	<L12+xTicksToWait_0+2
   459 00:0151: F0 29        	beq	L10042
   460                        ;                    traceEVENT_GROUP_SYNC_BLOCK( xEventGroup, uxBitsToSet, uxBitsToWaitFor );
   461                        ;
   462                        ;                    /* Store the bits that the calling task is waiting for in the
   463                        ;                     * task's event list item so the kernel knows when a match is
   464                        ;                     * found.  Then enter the blocked state. */
   465                        ;                    vTaskPlaceOnUnorderedEventList( &( pxEventBits->xTasksWaitingForBits ), ( uxBitsT
                    oWaitFor | eventCLEAR_EVENTS_ON_EXIT_BIT | eventWAIT_FOR_ALL_BITS ), xTicksToWait );
   466 00:0153: D4 29        	pei	<L12+xTicksToWait_0+2
   467 00:0155: D4 27        	pei	<L12+xTicksToWait_0
   468 00:0157: A5 23        	lda	<L12+uxBitsToWaitFor_0
   469 00:0159: 85 01        	sta	<R0
   470 00:015B: A5 25        	lda	<L12+uxBitsToWaitFor_0+2
   471 00:015D: 09 00 05     	ora	#^$5000000
   472 00:0160: 48           	pha
   473 00:0161: D4 01        	pei	<R0
   474 00:0163: A9 04 00     	lda	#$4
   475 00:0166: 18           	clc
   476 00:0167: 65 11        	adc	<L13+pxEventBits_1
   477 00:0169: 85 05        	sta	<R1
   478 00:016B: A9 00 00     	lda	#$0
   479 00:016E: 65 13        	adc	<L13+pxEventBits_1+2
   480 00:0170: 48           	pha
   481 00:0171: D4 05        	pei	<R1
   482 00:0173: 20 xx xx     	jsr	_~vTaskPlaceOnUnorderedEventList
   483                        ;
   484                        ;                    /* This assignment is obsolete as uxReturn will get set after
   485                        ;                     * the task unblocks, but some compilers mistakenly generate a
   486                        ;                     * warning about uxReturn being returned without being set if the
   487                        ;                     * assignment is omitted. */
   488                        ;                    uxReturn = 0;
   489 00:0176: 64 0D        	stz	<L13+uxReturn_1
   490 00:0178: 64 0F        	stz	<L13+uxReturn_1+2
   491                        ;                }
   492                        ;                else
   493 00:017A: 80 10        	bra	L10041
   494                        L10042:
   495                        ;                {
   496                        ;                    /* The rendezvous bits were not set, but no block time was
   497                        ;                     * specified - just return the current event bit value. */
   498                        ;                    uxReturn = pxEventBits->uxEventBits;
   499 00:017C: A7 11        	lda	[<L13+pxEventBits_1]
   500 00:017E: 85 0D        	sta	<L13+uxReturn_1
   501 00:0180: A0 02 00     	ldy	#$2
   502 00:0183: B7 11        	lda	[<L13+pxEventBits_1],Y
   503 00:0185: 85 0F        	sta	<L13+uxReturn_1+2
   504                        ;                    xTimeoutOccurred = pdTRUE;
   505 00:0187: A9 01 00     	lda	#$1
   506 00:018A: 85 17        	sta	<L13+xTimeoutOccurred_1
   507                        ;                }
   508                        ;            }
   509                        L10041:
   510                        ;        }
   511                        ;        xAlreadyYielded = xTaskResumeAll();
  Mon Sep 14 2026  7:48                                                                                                    Page 10


   512 00:018C: 20 xx xx     	jsr	_~xTaskResumeAll
   513 00:018F: 85 15        	sta	<L13+xAlreadyYielded_1
   514                        ;
   515                        ;        if( xTicksToWait != ( TickType_t ) 0 )
   516                        ;        {
   517 00:0191: A5 27        	lda	<L12+xTicksToWait_0
   518 00:0193: 05 29        	ora	<L12+xTicksToWait_0+2
   519 00:0195: F0 61        	beq	L10044
   520                        ;            if( xAlreadyYielded == pdFALSE )
   521                        ;            {
   522 00:0197: A5 15        	lda	<L13+xAlreadyYielded_1
   523 00:0199: D0 03        	bne	L10046
   524                        ;                taskYIELD_WITHIN_API();
   525 00:019B: 20 xx xx     	jsr	_~vPortYield
   526                        ;            }
   527                        ;            else
   528                        ;            {
   529                        ;                mtCOVERAGE_TEST_MARKER();
   530                        ;            }
   531                        L10046:
   532                        ;
   533                        ;            /* The task blocked to wait for its required bits to be set - at this
   534                        ;             * point either the required bits were set or the block time expired.  If
   535                        ;             * the required bits were set they will have been stored in the task's
   536                        ;             * event list item, and they should now be retrieved then cleared. */
   537                        ;            uxReturn = uxTaskResetEventItemValue();
   538 00:019E: 20 xx xx     	jsr	_~uxTaskResetEventItemValue
   539 00:01A1: 85 0D        	sta	<L13+uxReturn_1
   540 00:01A3: 86 0F        	stx	<L13+uxReturn_1+2
   541                        ;
   542                        ;            if( ( uxReturn & eventUNBLOCKED_DUE_TO_BIT_SET ) == ( EventBits_t ) 0 )
   543                        ;            {
   544 00:01A5: A5 0F        	lda	<L13+uxReturn_1+2
   545 00:01A7: 29 00 02     	and	#^$2000000
   546 00:01AA: D0 45        	bne	L10056
   547                        ;                /* The task timed out, just return the current event bit value. */
   548                        ;                taskENTER_CRITICAL();
   549                        ;                {
   550                        ;                    uxReturn = pxEventBits->uxEventBits;
   551 00:01AC: A7 11        	lda	[<L13+pxEventBits_1]
   552 00:01AE: 85 0D        	sta	<L13+uxReturn_1
   553 00:01B0: A0 02 00     	ldy	#$2
   554 00:01B3: B7 11        	lda	[<L13+pxEventBits_1],Y
   555 00:01B5: 85 0F        	sta	<L13+uxReturn_1+2
   556                        ;
   557                        ;                    /* Although the task got here because it timed out before the
   558                        ;                     * bits it was waiting for were set, it is possible that since it
   559                        ;                     * unblocked another task has set the bits.  If this is the case
   560                        ;                     * then it needs to clear the bits before exiting. */
   561                        ;                    if( ( uxReturn & uxBitsToWaitFor ) == uxBitsToWaitFor )
   562                        ;                    {
   563 00:01B7: A5 23        	lda	<L12+uxBitsToWaitFor_0
   564 00:01B9: 25 0D        	and	<L13+uxReturn_1
   565 00:01BB: 85 01        	sta	<R0
   566 00:01BD: A5 25        	lda	<L12+uxBitsToWaitFor_0+2
   567 00:01BF: 25 0F        	and	<L13+uxReturn_1+2
   568 00:01C1: 85 03        	sta	<R0+2
   569 00:01C3: A5 01        	lda	<R0
  Mon Sep 14 2026  7:48                                                                                                    Page 11


   570 00:01C5: C5 23        	cmp	<L12+uxBitsToWaitFor_0
   571 00:01C7: D0 04        	bne	L24
   572 00:01C9: A5 03        	lda	<R0+2
   573 00:01CB: C5 25        	cmp	<L12+uxBitsToWaitFor_0+2
   574                        L24:
   575 00:01CD: D0 1D        	bne	L10054
   576                        ;                        pxEventBits->uxEventBits &= ~uxBitsToWaitFor;
   577 00:01CF: A5 23        	lda	<L12+uxBitsToWaitFor_0
   578 00:01D1: 49 FF FF     	eor	#<$ffffffff
   579 00:01D4: 85 01        	sta	<R0
   580 00:01D6: A5 25        	lda	<L12+uxBitsToWaitFor_0+2
   581 00:01D8: 49 FF FF     	eor	#^$ffffffff
   582 00:01DB: 85 03        	sta	<R0+2
   583 00:01DD: A7 11        	lda	[<L13+pxEventBits_1]
   584 00:01DF: 25 01        	and	<R0
   585 00:01E1: 87 11        	sta	[<L13+pxEventBits_1]
   586 00:01E3: A0 02 00     	ldy	#$2
   587 00:01E6: B7 11        	lda	[<L13+pxEventBits_1],Y
   588 00:01E8: 25 03        	and	<R0+2
   589 00:01EA: 97 11        	sta	[<L13+pxEventBits_1],Y
   590                        ;                    }
   591                        ;                    else
   592                        ;                    {
   593                        ;                        mtCOVERAGE_TEST_MARKER();
   594                        ;                    }
   595                        ;                }
   596                        ;                taskEXIT_CRITICAL();
   597                        L10054:
   598                        ;
   599                        ;                xTimeoutOccurred = pdTRUE;
   600 00:01EC: A9 01 00     	lda	#$1
   601 00:01EF: 85 17        	sta	<L13+xTimeoutOccurred_1
   602                        ;            }
   603                        ;            else
   604                        ;            {
   605                        ;                /* The task unblocked because the bits were set. */
   606                        ;            }
   607                        L10056:
   608                        ;
   609                        ;            /* Control bits might be set as the task had blocked should not be
   610                        ;             * returned. */
   611                        ;            uxReturn &= ~eventEVENT_BITS_CONTROL_BYTES;
   612 00:01F1: A5 0F        	lda	<L13+uxReturn_1+2
   613 00:01F3: 29 FF 00     	and	#^$ffffff
   614 00:01F6: 85 0F        	sta	<L13+uxReturn_1+2
   615                        ;        }
   616                        ;
   617                        ;        traceEVENT_GROUP_SYNC_END( xEventGroup, uxBitsToSet, uxBitsToWaitFor, xTimeoutOccurred );
   618                        L10044:
   619                        ;
   620                        ;        /* Prevent compiler warnings when trace macros are not used. */
   621                        ;        ( void ) xTimeoutOccurred;
   622                        ;
   623                        ;        traceRETURN_xEventGroupSync( uxReturn );
   624                        ;
   625                        ;        return uxReturn;
   626 00:01F8: A6 0F        	ldx	<L13+uxReturn_1+2
   627 00:01FA: A5 0D        	lda	<L13+uxReturn_1
  Mon Sep 14 2026  7:48                                                                                                    Page 12


   628 00:01FC: A8           	tay
   629 00:01FD: A5 19        	lda	<L12+1
   630 00:01FF: 85 29        	sta	<L12+1+16
   631 00:0201: 2B           	pld
   632 00:0202: 3B           	tsc
   633 00:0203: 18           	clc
   634 00:0204: 69 28 00     	adc	#L12+16
   635 00:0207: 1B           	tcs
   636 00:0208: 98           	tya
   637 00:0209: 60           	rts
   638                        ;    }
   639             00000018   L12	equ	24
   640             00000009   L13	equ	9
   641                        	ends
   642                        	efunc
   643                        ;/*-----------------------------------------------------------*/
   644                        ;
   645                        ;    EventBits_t xEventGroupWaitBits( EventGroupHandle_t xEventGroup,
   646                        ;                                     const EventBits_t uxBitsToWaitFor,
   647                        ;                                     const BaseType_t xClearOnExit,
   648                        ;                                     const BaseType_t xWaitForAllBits,
   649                        ;                                     TickType_t xTicksToWait )
   650                        ;    {
   651                        	code
   652                        	xdef	_~xEventGroupWaitBits
   653                        	func
   654                        _~xEventGroupWaitBits:
   655                        	longa	on
   656                        	longi	on
   657 00:020A: 3B           	tsc
   658 00:020B: 38           	sec
   659 00:020C: E9 1E 00     	sbc	#L27
   660 00:020F: 1B           	tcs
   661 00:0210: 0B           	phd
   662 00:0211: 5B           	tcd
   663             00000003   xEventGroup_0	set	3
   664             00000007   uxBitsToWaitFor_0	set	7
   665             0000000B   xClearOnExit_0	set	11
   666             0000000D   xWaitForAllBits_0	set	13
   667             0000000F   xTicksToWait_0	set	15
   668                        ;        EventGroup_t * pxEventBits = xEventGroup;
   669                        ;        EventBits_t uxReturn, uxControlBits = 0;
   670                        ;        BaseType_t xWaitConditionMet, xAlreadyYielded;
   671                        ;        BaseType_t xTimeoutOccurred = pdFALSE;
   672                        ;
   673                        ;        traceENTER_xEventGroupWaitBits( xEventGroup, uxBitsToWaitFor, xClearOnExit, xWaitForAllBits, 
                    xTicksToWait );
   674             00000000   pxEventBits_1	set	0
   675             00000004   uxReturn_1	set	4
   676             00000008   uxControlBits_1	set	8
   677             0000000C   xWaitConditionMet_1	set	12
   678             0000000E   xAlreadyYielded_1	set	14
   679             00000010   xTimeoutOccurred_1	set	16
   680 00:0212: A5 21        	lda	<L27+xEventGroup_0
   681 00:0214: 85 09        	sta	<L28+pxEventBits_1
   682 00:0216: A5 23        	lda	<L27+xEventGroup_0+2
   683 00:0218: 85 0B        	sta	<L28+pxEventBits_1+2
   684 00:021A: 64 11        	stz	<L28+uxControlBits_1
  Mon Sep 14 2026  7:48                                                                                                    Page 13


   685 00:021C: 64 13        	stz	<L28+uxControlBits_1+2
   686 00:021E: 64 19        	stz	<L28+xTimeoutOccurred_1
   687                        ;
   688                        ;        /* Check the user is not attempting to wait on the bits used by the kernel
   689                        ;         * itself, and that at least one bit is being requested. */
   690                        ;        configASSERT( xEventGroup );
   691 00:0220: A5 21        	lda	<L27+xEventGroup_0
   692 00:0222: 05 23        	ora	<L27+xEventGroup_0+2
   693 00:0224: D0 02        	bne	L10057
   694                        L10061:
   695 00:0226: 80 FE        	bra	L10061
   696                        L10057:
   697                        ;        configASSERT( ( uxBitsToWaitFor & eventEVENT_BITS_CONTROL_BYTES ) == 0 );
   698 00:0228: A5 27        	lda	<L27+uxBitsToWaitFor_0+2
   699 00:022A: 29 00 FF     	and	#^$ff000000
   700 00:022D: F0 02        	beq	L10064
   701                        L10068:
   702 00:022F: 80 FE        	bra	L10068
   703                        L10064:
   704                        ;        configASSERT( uxBitsToWaitFor != 0 );
   705 00:0231: A5 25        	lda	<L27+uxBitsToWaitFor_0
   706 00:0233: 05 27        	ora	<L27+uxBitsToWaitFor_0+2
   707 00:0235: D0 02        	bne	L10071
   708                        L10075:
   709 00:0237: 80 FE        	bra	L10075
   710                        L10071:
   711                        ;        #if ( ( INCLUDE_xTaskGetSchedulerState == 1 ) || ( configUSE_TIMERS == 1 ) )
   712                        ;        {
   713                        ;            configASSERT( !( ( xTaskGetSchedulerState() == taskSCHEDULER_SUSPENDED ) && ( xTicksToWai
                    t != 0 ) ) );
   714 00:0239: 20 xx xx     	jsr	_~xTaskGetSchedulerState
   715 00:023C: AA           	tax
   716 00:023D: D0 08        	bne	L10078
   717 00:023F: A5 2D        	lda	<L27+xTicksToWait_0
   718 00:0241: 05 2F        	ora	<L27+xTicksToWait_0+2
   719 00:0243: F0 02        	beq	L10078
   720                        L10082:
   721 00:0245: 80 FE        	bra	L10082
   722                        L10078:
   723                        ;        }
   724                        ;        #endif
   725                        ;
   726                        ;        vTaskSuspendAll();
   727 00:0247: 20 xx xx     	jsr	_~vTaskSuspendAll
   728                        ;        {
   729                        ;            const EventBits_t uxCurrentEventBits = pxEventBits->uxEventBits;
   730                        ;
   731                        ;            /* Check to see if the wait condition is already met or not. */
   732                        ;            xWaitConditionMet = prvTestWaitCondition( uxCurrentEventBits, uxBitsToWaitFor, xWaitForAl
                    lBits );
   733             00000012   uxCurrentEventBits_2	set	18
   734 00:024A: A7 09        	lda	[<L28+pxEventBits_1]
   735 00:024C: 85 1B        	sta	<L28+uxCurrentEventBits_2
   736 00:024E: A0 02 00     	ldy	#$2
   737 00:0251: B7 09        	lda	[<L28+pxEventBits_1],Y
   738 00:0253: 85 1D        	sta	<L28+uxCurrentEventBits_2+2
   739 00:0255: D4 2B        	pei	<L27+xWaitForAllBits_0
   740 00:0257: D4 27        	pei	<L27+uxBitsToWaitFor_0+2
  Mon Sep 14 2026  7:48                                                                                                    Page 14


   741 00:0259: D4 25        	pei	<L27+uxBitsToWaitFor_0
   742 00:025B: D4 1D        	pei	<L28+uxCurrentEventBits_2+2
   743 00:025D: D4 1B        	pei	<L28+uxCurrentEventBits_2
   744 00:025F: 20 xx xx     	jsr	_~prvTestWaitCondition
   745 00:0262: 85 15        	sta	<L28+xWaitConditionMet_1
   746                        ;
   747                        ;            if( xWaitConditionMet != pdFALSE )
   748                        ;            {
   749 00:0264: A5 15        	lda	<L28+xWaitConditionMet_1
   750 00:0266: F0 2F        	beq	L10085
   751                        ;                /* The wait condition has already been met so there is no need to
   752                        ;                 * block. */
   753                        ;                uxReturn = uxCurrentEventBits;
   754 00:0268: A5 1B        	lda	<L28+uxCurrentEventBits_2
   755 00:026A: 85 0D        	sta	<L28+uxReturn_1
   756 00:026C: A5 1D        	lda	<L28+uxCurrentEventBits_2+2
   757 00:026E: 85 0F        	sta	<L28+uxReturn_1+2
   758                        ;                xTicksToWait = ( TickType_t ) 0;
   759 00:0270: 64 2D        	stz	<L27+xTicksToWait_0
   760 00:0272: 64 2F        	stz	<L27+xTicksToWait_0+2
   761                        ;
   762                        ;                /* Clear the wait bits if requested to do so. */
   763                        ;                if( xClearOnExit != pdFALSE )
   764                        ;                {
   765 00:0274: A5 29        	lda	<L27+xClearOnExit_0
   766 00:0276: F0 72        	beq	L10088
   767                        ;                    pxEventBits->uxEventBits &= ~uxBitsToWaitFor;
   768 00:0278: A5 25        	lda	<L27+uxBitsToWaitFor_0
   769 00:027A: 49 FF FF     	eor	#<$ffffffff
   770 00:027D: 85 01        	sta	<R0
   771 00:027F: A5 27        	lda	<L27+uxBitsToWaitFor_0+2
   772 00:0281: 49 FF FF     	eor	#^$ffffffff
   773 00:0284: 85 03        	sta	<R0+2
   774 00:0286: A7 09        	lda	[<L28+pxEventBits_1]
   775 00:0288: 25 01        	and	<R0
   776 00:028A: 87 09        	sta	[<L28+pxEventBits_1]
   777 00:028C: A0 02 00     	ldy	#$2
   778 00:028F: B7 09        	lda	[<L28+pxEventBits_1],Y
   779 00:0291: 25 03        	and	<R0+2
   780 00:0293: 97 09        	sta	[<L28+pxEventBits_1],Y
   781                        ;                }
   782                        ;                else
   783 00:0295: 80 53        	bra	L10088
   784                        ;                {
   785                        ;                    mtCOVERAGE_TEST_MARKER();
   786                        ;                }
   787                        ;            }
   788                        ;            else if( xTicksToWait == ( TickType_t ) 0 )
   789                        L10085:
   790                        ;            {
   791 00:0297: A5 2D        	lda	<L27+xTicksToWait_0
   792 00:0299: 05 2F        	ora	<L27+xTicksToWait_0+2
   793 00:029B: D0 0F        	bne	L10089
   794                        ;                /* The wait condition has not been met, but no block time was
   795                        ;                 * specified, so just return the current value. */
   796                        ;                uxReturn = uxCurrentEventBits;
   797 00:029D: A5 1B        	lda	<L28+uxCurrentEventBits_2
   798 00:029F: 85 0D        	sta	<L28+uxReturn_1
  Mon Sep 14 2026  7:48                                                                                                    Page 15


   799 00:02A1: A5 1D        	lda	<L28+uxCurrentEventBits_2+2
   800 00:02A3: 85 0F        	sta	<L28+uxReturn_1+2
   801                        ;                xTimeoutOccurred = pdTRUE;
   802 00:02A5: A9 01 00     	lda	#$1
   803 00:02A8: 85 19        	sta	<L28+xTimeoutOccurred_1
   804                        ;            }
   805                        ;            else
   806 00:02AA: 80 3E        	bra	L10088
   807                        L10089:
   808                        ;            {
   809                        ;                /* The task is going to block to wait for its required bits to be
   810                        ;                 * set.  uxControlBits are used to remember the specified behaviour of
   811                        ;                 * this call to xEventGroupWaitBits() - for use when the event bits
   812                        ;                 * unblock the task. */
   813                        ;                if( xClearOnExit != pdFALSE )
   814                        ;                {
   815 00:02AC: A5 29        	lda	<L27+xClearOnExit_0
   816 00:02AE: F0 07        	beq	L10092
   817                        ;                    uxControlBits |= eventCLEAR_EVENTS_ON_EXIT_BIT;
   818 00:02B0: A5 13        	lda	<L28+uxControlBits_1+2
   819 00:02B2: 09 00 01     	ora	#^$1000000
   820 00:02B5: 85 13        	sta	<L28+uxControlBits_1+2
   821                        ;                }
   822                        ;                else
   823                        ;                {
   824                        ;                    mtCOVERAGE_TEST_MARKER();
   825                        ;                }
   826                        L10092:
   827                        ;
   828                        ;                if( xWaitForAllBits != pdFALSE )
   829                        ;                {
   830 00:02B7: A5 2B        	lda	<L27+xWaitForAllBits_0
   831 00:02B9: F0 07        	beq	L10094
   832                        ;                    uxControlBits |= eventWAIT_FOR_ALL_BITS;
   833 00:02BB: A5 13        	lda	<L28+uxControlBits_1+2
   834 00:02BD: 09 00 04     	ora	#^$4000000
   835 00:02C0: 85 13        	sta	<L28+uxControlBits_1+2
   836                        ;                }
   837                        ;                else
   838                        ;                {
   839                        ;                    mtCOVERAGE_TEST_MARKER();
   840                        ;                }
   841                        L10094:
   842                        ;
   843                        ;                /* Store the bits that the calling task is waiting for in the
   844                        ;                 * task's event list item so the kernel knows when a match is
   845                        ;                 * found.  Then enter the blocked state. */
   846                        ;                vTaskPlaceOnUnorderedEventList( &( pxEventBits->xTasksWaitingForBits ), ( uxBitsToWai
                    tFor | uxControlBits ), xTicksToWait );
   847 00:02C2: D4 2F        	pei	<L27+xTicksToWait_0+2
   848 00:02C4: D4 2D        	pei	<L27+xTicksToWait_0
   849 00:02C6: A5 11        	lda	<L28+uxControlBits_1
   850 00:02C8: 05 25        	ora	<L27+uxBitsToWaitFor_0
   851 00:02CA: 85 01        	sta	<R0
   852 00:02CC: A5 13        	lda	<L28+uxControlBits_1+2
   853 00:02CE: 05 27        	ora	<L27+uxBitsToWaitFor_0+2
   854 00:02D0: 48           	pha
   855 00:02D1: D4 01        	pei	<R0
  Mon Sep 14 2026  7:48                                                                                                    Page 16


   856 00:02D3: A9 04 00     	lda	#$4
   857 00:02D6: 18           	clc
   858 00:02D7: 65 09        	adc	<L28+pxEventBits_1
   859 00:02D9: 85 05        	sta	<R1
   860 00:02DB: A9 00 00     	lda	#$0
   861 00:02DE: 65 0B        	adc	<L28+pxEventBits_1+2
   862 00:02E0: 48           	pha
   863 00:02E1: D4 05        	pei	<R1
   864 00:02E3: 20 xx xx     	jsr	_~vTaskPlaceOnUnorderedEventList
   865                        ;
   866                        ;                /* This is obsolete as it will get set after the task unblocks, but
   867                        ;                 * some compilers mistakenly generate a warning about the variable
   868                        ;                 * being returned without being set if it is not done. */
   869                        ;                uxReturn = 0;
   870 00:02E6: 64 0D        	stz	<L28+uxReturn_1
   871 00:02E8: 64 0F        	stz	<L28+uxReturn_1+2
   872                        ;
   873                        ;                traceEVENT_GROUP_WAIT_BITS_BLOCK( xEventGroup, uxBitsToWaitFor );
   874                        ;            }
   875                        L10088:
   876                        ;        }
   877                        ;        xAlreadyYielded = xTaskResumeAll();
   878 00:02EA: 20 xx xx     	jsr	_~xTaskResumeAll
   879 00:02ED: 85 17        	sta	<L28+xAlreadyYielded_1
   880                        ;
   881                        ;        if( xTicksToWait != ( TickType_t ) 0 )
   882                        ;        {
   883 00:02EF: A5 2D        	lda	<L27+xTicksToWait_0
   884 00:02F1: 05 2F        	ora	<L27+xTicksToWait_0+2
   885 00:02F3: F0 5D        	beq	L10095
   886                        ;            if( xAlreadyYielded == pdFALSE )
   887                        ;            {
   888 00:02F5: A5 17        	lda	<L28+xAlreadyYielded_1
   889 00:02F7: D0 03        	bne	L10097
   890                        ;                taskYIELD_WITHIN_API();
   891 00:02F9: 20 xx xx     	jsr	_~vPortYield
   892                        ;            }
   893                        ;            else
   894                        ;            {
   895                        ;                mtCOVERAGE_TEST_MARKER();
   896                        ;            }
   897                        L10097:
   898                        ;
   899                        ;            /* The task blocked to wait for its required bits to be set - at this
   900                        ;             * point either the required bits were set or the block time expired.  If
   901                        ;             * the required bits were set they will have been stored in the task's
   902                        ;             * event list item, and they should now be retrieved then cleared. */
   903                        ;            uxReturn = uxTaskResetEventItemValue();
   904 00:02FC: 20 xx xx     	jsr	_~uxTaskResetEventItemValue
   905 00:02FF: 85 0D        	sta	<L28+uxReturn_1
   906 00:0301: 86 0F        	stx	<L28+uxReturn_1+2
   907                        ;
   908                        ;            if( ( uxReturn & eventUNBLOCKED_DUE_TO_BIT_SET ) == ( EventBits_t ) 0 )
   909                        ;            {
   910 00:0303: A5 0F        	lda	<L28+uxReturn_1+2
   911 00:0305: 29 00 02     	and	#^$2000000
   912 00:0308: D0 41        	bne	L10109
   913                        ;                taskENTER_CRITICAL();
  Mon Sep 14 2026  7:48                                                                                                    Page 17


   914                        ;                {
   915                        ;                    /* The task timed out, just return the current event bit value. */
   916                        ;                    uxReturn = pxEventBits->uxEventBits;
   917 00:030A: A7 09        	lda	[<L28+pxEventBits_1]
   918 00:030C: 85 0D        	sta	<L28+uxReturn_1
   919 00:030E: A0 02 00     	ldy	#$2
   920 00:0311: B7 09        	lda	[<L28+pxEventBits_1],Y
   921 00:0313: 85 0F        	sta	<L28+uxReturn_1+2
   922                        ;
   923                        ;                    /* It is possible that the event bits were updated between this
   924                        ;                     * task leaving the Blocked state and running again. */
   925                        ;                    if( prvTestWaitCondition( uxReturn, uxBitsToWaitFor, xWaitForAllBits ) != pdFALSE
                     )
   926                        ;                    {
   927 00:0315: D4 2B        	pei	<L27+xWaitForAllBits_0
   928 00:0317: D4 27        	pei	<L27+uxBitsToWaitFor_0+2
   929 00:0319: D4 25        	pei	<L27+uxBitsToWaitFor_0
   930 00:031B: D4 0F        	pei	<L28+uxReturn_1+2
   931 00:031D: D4 0D        	pei	<L28+uxReturn_1
   932 00:031F: 20 xx xx     	jsr	_~prvTestWaitCondition
   933 00:0322: AA           	tax
   934 00:0323: F0 21        	beq	L10105
   935                        ;                        if( xClearOnExit != pdFALSE )
   936                        ;                        {
   937 00:0325: A5 29        	lda	<L27+xClearOnExit_0
   938 00:0327: F0 1D        	beq	L10105
   939                        ;                            pxEventBits->uxEventBits &= ~uxBitsToWaitFor;
   940 00:0329: A5 25        	lda	<L27+uxBitsToWaitFor_0
   941 00:032B: 49 FF FF     	eor	#<$ffffffff
   942 00:032E: 85 01        	sta	<R0
   943 00:0330: A5 27        	lda	<L27+uxBitsToWaitFor_0+2
   944 00:0332: 49 FF FF     	eor	#^$ffffffff
   945 00:0335: 85 03        	sta	<R0+2
   946 00:0337: A7 09        	lda	[<L28+pxEventBits_1]
   947 00:0339: 25 01        	and	<R0
   948 00:033B: 87 09        	sta	[<L28+pxEventBits_1]
   949 00:033D: A0 02 00     	ldy	#$2
   950 00:0340: B7 09        	lda	[<L28+pxEventBits_1],Y
   951 00:0342: 25 03        	and	<R0+2
   952 00:0344: 97 09        	sta	[<L28+pxEventBits_1],Y
   953                        ;                        }
   954                        ;                        else
   955                        L10105:
   956                        ;
   957                        ;                    xTimeoutOccurred = pdTRUE;
   958 00:0346: A9 01 00     	lda	#$1
   959 00:0349: 85 19        	sta	<L28+xTimeoutOccurred_1
   960                        ;                }
   961                        ;                taskEXIT_CRITICAL();
   962                        ;            }
   963                        ;            else
   964                        L10109:
   965                        ;
   966                        ;            /* The task blocked so control bits may have been set. */
   967                        ;            uxReturn &= ~eventEVENT_BITS_CONTROL_BYTES;
   968 00:034B: A5 0F        	lda	<L28+uxReturn_1+2
   969 00:034D: 29 FF 00     	and	#^$ffffff
   970 00:0350: 85 0F        	sta	<L28+uxReturn_1+2
  Mon Sep 14 2026  7:48                                                                                                    Page 18


   971                        ;        }
   972                        ;
   973                        ;        traceEVENT_GROUP_WAIT_BITS_END( xEventGroup, uxBitsToWaitFor, xTimeoutOccurred );
   974                        L10095:
   975                        ;
   976                        ;        /* Prevent compiler warnings when trace macros are not used. */
   977                        ;        ( void ) xTimeoutOccurred;
   978                        ;
   979                        ;        traceRETURN_xEventGroupWaitBits( uxReturn );
   980                        ;
   981                        ;        return uxReturn;
   982 00:0352: A6 0F        	ldx	<L28+uxReturn_1+2
   983 00:0354: A5 0D        	lda	<L28+uxReturn_1
   984 00:0356: A8           	tay
   985 00:0357: A5 1F        	lda	<L27+1
   986 00:0359: 85 2F        	sta	<L27+1+16
   987 00:035B: 2B           	pld
   988 00:035C: 3B           	tsc
   989 00:035D: 18           	clc
   990 00:035E: 69 2E 00     	adc	#L27+16
   991 00:0361: 1B           	tcs
   992 00:0362: 98           	tya
   993 00:0363: 60           	rts
   994                        ;                        {
   995                        ;                            mtCOVERAGE_TEST_MARKER();
   996                        ;                        }
   997                        ;                    }
   998                        ;                    else
   999                        ;                    {
  1000                        ;                        mtCOVERAGE_TEST_MARKER();
  1001                        ;                    }
  1002                        ;            {
  1003                        ;                /* The task unblocked because the bits were set. */
  1004                        ;            }
  1005                        ;    }
  1006             0000001E   L27	equ	30
  1007             00000009   L28	equ	9
  1008                        	ends
  1009                        	efunc
  1010                        ;/*-----------------------------------------------------------*/
  1011                        ;
  1012                        ;    EventBits_t xEventGroupClearBits( EventGroupHandle_t xEventGroup,
  1013                        ;                                      const EventBits_t uxBitsToClear )
  1014                        ;    {
  1015                        	code
  1016                        	xdef	_~xEventGroupClearBits
  1017                        	func
  1018                        _~xEventGroupClearBits:
  1019                        	longa	on
  1020                        	longi	on
  1021 00:0364: 3B           	tsc
  1022 00:0365: 38           	sec
  1023 00:0366: E9 0C 00     	sbc	#L45
  1024 00:0369: 1B           	tcs
  1025 00:036A: 0B           	phd
  1026 00:036B: 5B           	tcd
  1027             00000003   xEventGroup_0	set	3
  1028             00000007   uxBitsToClear_0	set	7
  Mon Sep 14 2026  7:48                                                                                                    Page 19


  1029                        ;        EventGroup_t * pxEventBits = xEventGroup;
  1030                        ;        EventBits_t uxReturn;
  1031                        ;
  1032                        ;        traceENTER_xEventGroupClearBits( xEventGroup, uxBitsToClear );
  1033             00000000   pxEventBits_1	set	0
  1034             00000004   uxReturn_1	set	4
  1035 00:036C: A5 0F        	lda	<L45+xEventGroup_0
  1036 00:036E: 85 05        	sta	<L46+pxEventBits_1
  1037 00:0370: A5 11        	lda	<L45+xEventGroup_0+2
  1038 00:0372: 85 07        	sta	<L46+pxEventBits_1+2
  1039                        ;
  1040                        ;        /* Check the user is not attempting to clear the bits used by the kernel
  1041                        ;         * itself. */
  1042                        ;        configASSERT( xEventGroup );
  1043 00:0374: A5 0F        	lda	<L45+xEventGroup_0
  1044 00:0376: 05 11        	ora	<L45+xEventGroup_0+2
  1045 00:0378: D0 02        	bne	L10110
  1046                        L10114:
  1047 00:037A: 80 FE        	bra	L10114
  1048                        L10110:
  1049                        ;        configASSERT( ( uxBitsToClear & eventEVENT_BITS_CONTROL_BYTES ) == 0 );
  1050 00:037C: A5 15        	lda	<L45+uxBitsToClear_0+2
  1051 00:037E: 29 00 FF     	and	#^$ff000000
  1052 00:0381: F0 02        	beq	L10125
  1053                        L10121:
  1054 00:0383: 80 FE        	bra	L10121
  1055                        ;
  1056                        ;        taskENTER_CRITICAL();
  1057                        L10125:
  1058                        ;        {
  1059                        ;            traceEVENT_GROUP_CLEAR_BITS( xEventGroup, uxBitsToClear );
  1060                        ;
  1061                        ;            /* The value returned is the event group value prior to the bits being
  1062                        ;             * cleared. */
  1063                        ;            uxReturn = pxEventBits->uxEventBits;
  1064 00:0385: A7 05        	lda	[<L46+pxEventBits_1]
  1065 00:0387: 85 09        	sta	<L46+uxReturn_1
  1066 00:0389: A0 02 00     	ldy	#$2
  1067 00:038C: B7 05        	lda	[<L46+pxEventBits_1],Y
  1068 00:038E: 85 0B        	sta	<L46+uxReturn_1+2
  1069                        ;
  1070                        ;            /* Clear the bits. */
  1071                        ;            pxEventBits->uxEventBits &= ~uxBitsToClear;
  1072 00:0390: A5 13        	lda	<L45+uxBitsToClear_0
  1073 00:0392: 49 FF FF     	eor	#<$ffffffff
  1074 00:0395: 85 01        	sta	<R0
  1075 00:0397: A5 15        	lda	<L45+uxBitsToClear_0+2
  1076 00:0399: 49 FF FF     	eor	#^$ffffffff
  1077 00:039C: 85 03        	sta	<R0+2
  1078 00:039E: A7 05        	lda	[<L46+pxEventBits_1]
  1079 00:03A0: 25 01        	and	<R0
  1080 00:03A2: 87 05        	sta	[<L46+pxEventBits_1]
  1081 00:03A4: B7 05        	lda	[<L46+pxEventBits_1],Y
  1082 00:03A6: 25 03        	and	<R0+2
  1083 00:03A8: 97 05        	sta	[<L46+pxEventBits_1],Y
  1084                        ;        }
  1085                        ;        taskEXIT_CRITICAL();
  1086                        ;
  Mon Sep 14 2026  7:48                                                                                                    Page 20


  1087                        ;        traceRETURN_xEventGroupClearBits( uxReturn );
  1088                        ;
  1089                        ;        return uxReturn;
  1090 00:03AA: A6 0B        	ldx	<L46+uxReturn_1+2
  1091 00:03AC: A5 09        	lda	<L46+uxReturn_1
  1092 00:03AE: A8           	tay
  1093 00:03AF: A5 0D        	lda	<L45+1
  1094 00:03B1: 85 15        	sta	<L45+1+8
  1095 00:03B3: 2B           	pld
  1096 00:03B4: 3B           	tsc
  1097 00:03B5: 18           	clc
  1098 00:03B6: 69 14 00     	adc	#L45+8
  1099 00:03B9: 1B           	tcs
  1100 00:03BA: 98           	tya
  1101 00:03BB: 60           	rts
  1102                        ;    }
  1103             0000000C   L45	equ	12
  1104             00000005   L46	equ	5
  1105                        	ends
  1106                        	efunc
  1107                        ;/*-----------------------------------------------------------*/
  1108                        ;
  1109                        ;    #if ( ( INCLUDE_xTimerPendFunctionCall == 1 ) && ( configUSE_TIMERS == 1 ) )
  1110                        ;
  1111                        ;        BaseType_t xEventGroupClearBitsFromISR( EventGroupHandle_t xEventGroup,
  1112                        ;                                                const EventBits_t uxBitsToClear )
  1113                        ;        {
  1114                        ;            BaseType_t xReturn;
  1115                        ;
  1116                        ;            traceENTER_xEventGroupClearBitsFromISR( xEventGroup, uxBitsToClear );
  1117                        ;
  1118                        ;            traceEVENT_GROUP_CLEAR_BITS_FROM_ISR( xEventGroup, uxBitsToClear );
  1119                        ;            xReturn = xTimerPendFunctionCallFromISR( &vEventGroupClearBitsCallback, ( void * ) xEvent
                    Group, ( uint32_t ) uxBitsToClear, NULL );
  1120                        ;
  1121                        ;            traceRETURN_xEventGroupClearBitsFromISR( xReturn );
  1122                        ;
  1123                        ;            return xReturn;
  1124                        ;        }
  1125                        ;
  1126                        ;    #endif /* if ( ( INCLUDE_xTimerPendFunctionCall == 1 ) && ( configUSE_TIMERS == 1 ) ) */
  1127                        ;/*-----------------------------------------------------------*/
  1128                        ;
  1129                        ;    EventBits_t xEventGroupGetBitsFromISR( EventGroupHandle_t xEventGroup )
  1130                        ;    {
  1131                        	code
  1132                        	xdef	_~xEventGroupGetBitsFromISR
  1133                        	func
  1134                        _~xEventGroupGetBitsFromISR:
  1135                        	longa	on
  1136                        	longi	on
  1137 00:03BC: 3B           	tsc
  1138 00:03BD: 38           	sec
  1139 00:03BE: E9 0A 00     	sbc	#L50
  1140 00:03C1: 1B           	tcs
  1141 00:03C2: 0B           	phd
  1142 00:03C3: 5B           	tcd
  1143             00000003   xEventGroup_0	set	3
  Mon Sep 14 2026  7:48                                                                                                    Page 21


  1144                        ;        UBaseType_t uxSavedInterruptStatus;
  1145                        ;        EventGroup_t const * const pxEventBits = xEventGroup;
  1146                        ;        EventBits_t uxReturn;
  1147                        ;
  1148                        ;        traceENTER_xEventGroupGetBitsFromISR( xEventGroup );
  1149             00000000   uxSavedInterruptStatus_1	set	0
  1150             00000002   pxEventBits_1	set	2
  1151             00000006   uxReturn_1	set	6
  1152 00:03C4: A5 0D        	lda	<L50+xEventGroup_0
  1153 00:03C6: 85 03        	sta	<L51+pxEventBits_1
  1154 00:03C8: A5 0F        	lda	<L50+xEventGroup_0+2
  1155 00:03CA: 85 05        	sta	<L51+pxEventBits_1+2
  1156                        ;
  1157                        ;        /* MISRA Ref 4.7.1 [Return value shall be checked] */
  1158                        ;        /* More details at: https://github.com/FreeRTOS/FreeRTOS-Kernel/blob/main/MISRA.md#dir-47 */
  1159                        ;        /* coverity[misra_c_2012_directive_4_7_violation] */
  1160                        ;        uxSavedInterruptStatus = taskENTER_CRITICAL_FROM_ISR();
  1161 00:03CC: 64 01        	stz	<L51+uxSavedInterruptStatus_1
  1162                        ;        {
  1163                        ;            uxReturn = pxEventBits->uxEventBits;
  1164 00:03CE: A7 03        	lda	[<L51+pxEventBits_1]
  1165 00:03D0: 85 07        	sta	<L51+uxReturn_1
  1166 00:03D2: A0 02 00     	ldy	#$2
  1167 00:03D5: B7 03        	lda	[<L51+pxEventBits_1],Y
  1168 00:03D7: 85 09        	sta	<L51+uxReturn_1+2
  1169                        ;        }
  1170                        ;        taskEXIT_CRITICAL_FROM_ISR( uxSavedInterruptStatus );
  1171                        ;
  1172                        ;        traceRETURN_xEventGroupGetBitsFromISR( uxReturn );
  1173                        ;
  1174                        ;        return uxReturn;
  1175 00:03D9: A6 09        	ldx	<L51+uxReturn_1+2
  1176 00:03DB: A5 07        	lda	<L51+uxReturn_1
  1177 00:03DD: A8           	tay
  1178 00:03DE: A5 0B        	lda	<L50+1
  1179 00:03E0: 85 0F        	sta	<L50+1+4
  1180 00:03E2: 2B           	pld
  1181 00:03E3: 3B           	tsc
  1182 00:03E4: 18           	clc
  1183 00:03E5: 69 0E 00     	adc	#L50+4
  1184 00:03E8: 1B           	tcs
  1185 00:03E9: 98           	tya
  1186 00:03EA: 60           	rts
  1187                        ;    }
  1188             0000000A   L50	equ	10
  1189             00000001   L51	equ	1
  1190                        	ends
  1191                        	efunc
  1192                        ;/*-----------------------------------------------------------*/
  1193                        ;
  1194                        ;    EventBits_t xEventGroupSetBits( EventGroupHandle_t xEventGroup,
  1195                        ;                                    const EventBits_t uxBitsToSet )
  1196                        ;    {
  1197                        	code
  1198                        	xdef	_~xEventGroupSetBits
  1199                        	func
  1200                        _~xEventGroupSetBits:
  1201                        	longa	on
  Mon Sep 14 2026  7:48                                                                                                    Page 22


  1202                        	longi	on
  1203 00:03EB: 3B           	tsc
  1204 00:03EC: 38           	sec
  1205 00:03ED: E9 2A 00     	sbc	#L53
  1206 00:03F0: 1B           	tcs
  1207 00:03F1: 0B           	phd
  1208 00:03F2: 5B           	tcd
  1209             00000003   xEventGroup_0	set	3
  1210             00000007   uxBitsToSet_0	set	7
  1211                        ;        ListItem_t * pxListItem;
  1212                        ;        ListItem_t * pxNext;
  1213                        ;        ListItem_t const * pxListEnd;
  1214                        ;        List_t const * pxList;
  1215                        ;        EventBits_t uxBitsToClear = 0, uxBitsWaitedFor, uxControlBits, uxReturnBits;
  1216                        ;        EventGroup_t * pxEventBits = xEventGroup;
  1217                        ;        BaseType_t xMatchFound = pdFALSE;
  1218                        ;
  1219                        ;        traceENTER_xEventGroupSetBits( xEventGroup, uxBitsToSet );
  1220             00000000   pxListItem_1	set	0
  1221             00000004   pxNext_1	set	4
  1222             00000008   pxListEnd_1	set	8
  1223             0000000C   pxList_1	set	12
  1224             00000010   uxBitsToClear_1	set	16
  1225             00000014   uxBitsWaitedFor_1	set	20
  1226             00000018   uxControlBits_1	set	24
  1227             0000001C   uxReturnBits_1	set	28
  1228             00000020   pxEventBits_1	set	32
  1229             00000024   xMatchFound_1	set	36
  1230 00:03F3: 64 15        	stz	<L54+uxBitsToClear_1
  1231 00:03F5: 64 17        	stz	<L54+uxBitsToClear_1+2
  1232 00:03F7: A5 2D        	lda	<L53+xEventGroup_0
  1233 00:03F9: 85 25        	sta	<L54+pxEventBits_1
  1234 00:03FB: A5 2F        	lda	<L53+xEventGroup_0+2
  1235 00:03FD: 85 27        	sta	<L54+pxEventBits_1+2
  1236 00:03FF: 64 29        	stz	<L54+xMatchFound_1
  1237                        ;
  1238                        ;        /* Check the user is not attempting to set the bits used by the kernel
  1239                        ;         * itself. */
  1240                        ;        configASSERT( xEventGroup );
  1241 00:0401: A5 2D        	lda	<L53+xEventGroup_0
  1242 00:0403: 05 2F        	ora	<L53+xEventGroup_0+2
  1243 00:0405: D0 02        	bne	L10130
  1244                        L10134:
  1245 00:0407: 80 FE        	bra	L10134
  1246                        L10130:
  1247                        ;        configASSERT( ( uxBitsToSet & eventEVENT_BITS_CONTROL_BYTES ) == 0 );
  1248 00:0409: A5 33        	lda	<L53+uxBitsToSet_0+2
  1249 00:040B: 29 00 FF     	and	#^$ff000000
  1250 00:040E: F0 02        	beq	L10137
  1251                        L10141:
  1252 00:0410: 80 FE        	bra	L10141
  1253                        L10137:
  1254                        ;
  1255                        ;        pxList = &( pxEventBits->xTasksWaitingForBits );
  1256 00:0412: A9 04 00     	lda	#$4
  1257 00:0415: 18           	clc
  1258 00:0416: 65 25        	adc	<L54+pxEventBits_1
  1259 00:0418: 85 11        	sta	<L54+pxList_1
  Mon Sep 14 2026  7:48                                                                                                    Page 23


  1260 00:041A: A9 00 00     	lda	#$0
  1261 00:041D: 65 27        	adc	<L54+pxEventBits_1+2
  1262 00:041F: 85 13        	sta	<L54+pxList_1+2
  1263                        ;        pxListEnd = listGET_END_MARKER( pxList );
  1264 00:0421: A9 06 00     	lda	#$6
  1265 00:0424: 18           	clc
  1266 00:0425: 65 11        	adc	<L54+pxList_1
  1267 00:0427: 85 0D        	sta	<L54+pxListEnd_1
  1268 00:0429: A9 00 00     	lda	#$0
  1269 00:042C: 65 13        	adc	<L54+pxList_1+2
  1270 00:042E: 85 0F        	sta	<L54+pxListEnd_1+2
  1271                        ;        vTaskSuspendAll();
  1272 00:0430: 20 xx xx     	jsr	_~vTaskSuspendAll
  1273                        ;        {
  1274                        ;            traceEVENT_GROUP_SET_BITS( xEventGroup, uxBitsToSet );
  1275                        ;
  1276                        ;            pxListItem = listGET_HEAD_ENTRY( pxList );
  1277 00:0433: A0 0A 00     	ldy	#$a
  1278 00:0436: B7 11        	lda	[<L54+pxList_1],Y
  1279 00:0438: 85 05        	sta	<L54+pxListItem_1
  1280 00:043A: C8           	iny
  1281 00:043B: C8           	iny
  1282 00:043C: B7 11        	lda	[<L54+pxList_1],Y
  1283 00:043E: 85 07        	sta	<L54+pxListItem_1+2
  1284                        ;
  1285                        ;            /* Set the bits. */
  1286                        ;            pxEventBits->uxEventBits |= uxBitsToSet;
  1287 00:0440: A5 31        	lda	<L53+uxBitsToSet_0
  1288 00:0442: 07 25        	ora	[<L54+pxEventBits_1]
  1289 00:0444: 87 25        	sta	[<L54+pxEventBits_1]
  1290 00:0446: A5 33        	lda	<L53+uxBitsToSet_0+2
  1291 00:0448: A0 02 00     	ldy	#$2
  1292 00:044B: 17 25        	ora	[<L54+pxEventBits_1],Y
  1293 00:044D: 97 25        	sta	[<L54+pxEventBits_1],Y
  1294                        ;
  1295                        ;            /* See if the new bit value should unblock any tasks. */
  1296                        ;            while( pxListItem != pxListEnd )
  1297 00:044F: 82 80 00     	brl	L10144
  1298                        L20004:
  1299                        ;            {
  1300                        ;                pxNext = listGET_NEXT( pxListItem );
  1301 00:0452: A0 04 00     	ldy	#$4
  1302 00:0455: B7 05        	lda	[<L54+pxListItem_1],Y
  1303 00:0457: 85 09        	sta	<L54+pxNext_1
  1304 00:0459: C8           	iny
  1305 00:045A: C8           	iny
  1306 00:045B: B7 05        	lda	[<L54+pxListItem_1],Y
  1307 00:045D: 85 0B        	sta	<L54+pxNext_1+2
  1308                        ;                uxBitsWaitedFor = listGET_LIST_ITEM_VALUE( pxListItem );
  1309 00:045F: A7 05        	lda	[<L54+pxListItem_1]
  1310 00:0461: 85 19        	sta	<L54+uxBitsWaitedFor_1
  1311 00:0463: A0 02 00     	ldy	#$2
  1312 00:0466: B7 05        	lda	[<L54+pxListItem_1],Y
  1313 00:0468: 85 1B        	sta	<L54+uxBitsWaitedFor_1+2
  1314                        ;                xMatchFound = pdFALSE;
  1315 00:046A: 64 29        	stz	<L54+xMatchFound_1
  1316                        ;
  1317                        ;                /* Split the bits waited for from the control bits. */
  Mon Sep 14 2026  7:48                                                                                                    Page 24


  1318                        ;                uxControlBits = uxBitsWaitedFor & eventEVENT_BITS_CONTROL_BYTES;
  1319 00:046C: 64 1D        	stz	<L54+uxControlBits_1
  1320 00:046E: A5 1B        	lda	<L54+uxBitsWaitedFor_1+2
  1321 00:0470: 29 00 FF     	and	#^$ff000000
  1322 00:0473: 85 1F        	sta	<L54+uxControlBits_1+2
  1323                        ;                uxBitsWaitedFor &= ~eventEVENT_BITS_CONTROL_BYTES;
  1324 00:0475: A5 1B        	lda	<L54+uxBitsWaitedFor_1+2
  1325 00:0477: 29 FF 00     	and	#^$ffffff
  1326 00:047A: 85 1B        	sta	<L54+uxBitsWaitedFor_1+2
  1327                        ;
  1328                        ;                if( ( uxControlBits & eventWAIT_FOR_ALL_BITS ) == ( EventBits_t ) 0 )
  1329                        ;                {
  1330 00:047C: A5 1F        	lda	<L54+uxControlBits_1+2
  1331 00:047E: 29 00 04     	and	#^$4000000
  1332 00:0481: F0 03        	beq	*+5
  1333 00:0483: 82 95 00     	brl	L10146
  1334                        ;                    /* Just looking for single bit being set. */
  1335                        ;                    if( ( uxBitsWaitedFor & pxEventBits->uxEventBits ) != ( EventBits_t ) 0 )
  1336                        ;                    {
  1337 00:0486: A7 25        	lda	[<L54+pxEventBits_1]
  1338 00:0488: 25 19        	and	<L54+uxBitsWaitedFor_1
  1339 00:048A: 85 01        	sta	<R0
  1340 00:048C: B7 25        	lda	[<L54+pxEventBits_1],Y
  1341 00:048E: 25 1B        	and	<L54+uxBitsWaitedFor_1+2
  1342 00:0490: 85 03        	sta	<R0+2
  1343 00:0492: A5 01        	lda	<R0
  1344 00:0494: 05 03        	ora	<R0+2
  1345 00:0496: F0 05        	beq	L10149
  1346                        ;                        xMatchFound = pdTRUE;
  1347                        L20005:
  1348 00:0498: A9 01 00     	lda	#$1
  1349 00:049B: 85 29        	sta	<L54+xMatchFound_1
  1350                        ;                    }
  1351                        ;                    else
  1352                        L10149:
  1353                        ;
  1354                        ;                if( xMatchFound != pdFALSE )
  1355                        ;                {
  1356 00:049D: A5 29        	lda	<L54+xMatchFound_1
  1357 00:049F: F0 29        	beq	L10152
  1358                        ;                {
  1359                        ;                    /* Need all bits to be set, but not all the bits were set. */
  1360                        ;                }
  1361                        ;                    /* The bits match.  Should the bits be cleared on exit? */
  1362                        ;                    if( ( uxControlBits & eventCLEAR_EVENTS_ON_EXIT_BIT ) != ( EventBits_t ) 0 )
  1363                        ;                    {
  1364 00:04A1: A5 1F        	lda	<L54+uxControlBits_1+2
  1365 00:04A3: 29 00 01     	and	#^$1000000
  1366 00:04A6: F0 0C        	beq	L10154
  1367                        ;                        uxBitsToClear |= uxBitsWaitedFor;
  1368 00:04A8: A5 19        	lda	<L54+uxBitsWaitedFor_1
  1369 00:04AA: 05 15        	ora	<L54+uxBitsToClear_1
  1370 00:04AC: 85 15        	sta	<L54+uxBitsToClear_1
  1371 00:04AE: A5 1B        	lda	<L54+uxBitsWaitedFor_1+2
  1372 00:04B0: 05 17        	ora	<L54+uxBitsToClear_1+2
  1373 00:04B2: 85 17        	sta	<L54+uxBitsToClear_1+2
  1374                        ;                    }
  1375                        ;                    else
  Mon Sep 14 2026  7:48                                                                                                    Page 25


  1376                        ;                    {
  1377                        ;                        mtCOVERAGE_TEST_MARKER();
  1378                        ;                    }
  1379                        L10154:
  1380                        ;
  1381                        ;                    /* Store the actual event flag value in the task's event list
  1382                        ;                     * item before removing the task from the event list.  The
  1383                        ;                     * eventUNBLOCKED_DUE_TO_BIT_SET bit is set so the task knows
  1384                        ;                     * that is was unblocked due to its required bits matching, rather
  1385                        ;                     * than because it timed out. */
  1386                        ;                    vTaskRemoveFromUnorderedEventList( pxListItem, pxEventBits->uxEventBits | eventUN
                    BLOCKED_DUE_TO_BIT_SET );
  1387 00:04B4: A7 25        	lda	[<L54+pxEventBits_1]
  1388 00:04B6: 85 01        	sta	<R0
  1389 00:04B8: A0 02 00     	ldy	#$2
  1390 00:04BB: B7 25        	lda	[<L54+pxEventBits_1],Y
  1391 00:04BD: 09 00 02     	ora	#^$2000000
  1392 00:04C0: 48           	pha
  1393 00:04C1: D4 01        	pei	<R0
  1394 00:04C3: D4 07        	pei	<L54+pxListItem_1+2
  1395 00:04C5: D4 05        	pei	<L54+pxListItem_1
  1396 00:04C7: 20 xx xx     	jsr	_~vTaskRemoveFromUnorderedEventList
  1397                        ;                }
  1398                        ;
  1399                        ;                /* Move onto the next list item.  Note pxListItem->pxNext is not
  1400                        ;                 * used here as the list item may have been removed from the event list
  1401                        ;                 * and inserted into the ready/pending reading list. */
  1402                        ;                pxListItem = pxNext;
  1403                        L10152:
  1404 00:04CA: A5 09        	lda	<L54+pxNext_1
  1405 00:04CC: 85 05        	sta	<L54+pxListItem_1
  1406 00:04CE: A5 0B        	lda	<L54+pxNext_1+2
  1407 00:04D0: 85 07        	sta	<L54+pxListItem_1+2
  1408                        ;            }
  1409                        L10144:
  1410 00:04D2: A5 05        	lda	<L54+pxListItem_1
  1411 00:04D4: C5 0D        	cmp	<L54+pxListEnd_1
  1412 00:04D6: D0 04        	bne	L57
  1413 00:04D8: A5 07        	lda	<L54+pxListItem_1+2
  1414 00:04DA: C5 0F        	cmp	<L54+pxListEnd_1+2
  1415                        L57:
  1416 00:04DC: F0 03        	beq	*+5
  1417 00:04DE: 82 71 FF     	brl	L20004
  1418                        ;
  1419                        ;            /* Clear any bits that matched when the eventCLEAR_EVENTS_ON_EXIT_BIT
  1420                        ;             * bit was set in the control word. */
  1421                        ;            pxEventBits->uxEventBits &= ~uxBitsToClear;
  1422 00:04E1: A5 15        	lda	<L54+uxBitsToClear_1
  1423 00:04E3: 49 FF FF     	eor	#<$ffffffff
  1424 00:04E6: 85 01        	sta	<R0
  1425 00:04E8: A5 17        	lda	<L54+uxBitsToClear_1+2
  1426 00:04EA: 49 FF FF     	eor	#^$ffffffff
  1427 00:04ED: 85 03        	sta	<R0+2
  1428 00:04EF: A7 25        	lda	[<L54+pxEventBits_1]
  1429 00:04F1: 25 01        	and	<R0
  1430 00:04F3: 87 25        	sta	[<L54+pxEventBits_1]
  1431 00:04F5: A0 02 00     	ldy	#$2
  1432 00:04F8: B7 25        	lda	[<L54+pxEventBits_1],Y
  Mon Sep 14 2026  7:48                                                                                                    Page 26


  1433 00:04FA: 25 03        	and	<R0+2
  1434 00:04FC: 97 25        	sta	[<L54+pxEventBits_1],Y
  1435                        ;
  1436                        ;            /* Snapshot resulting bits. */
  1437                        ;            uxReturnBits = pxEventBits->uxEventBits;
  1438 00:04FE: A7 25        	lda	[<L54+pxEventBits_1]
  1439 00:0500: 85 21        	sta	<L54+uxReturnBits_1
  1440 00:0502: B7 25        	lda	[<L54+pxEventBits_1],Y
  1441 00:0504: 85 23        	sta	<L54+uxReturnBits_1+2
  1442                        ;        }
  1443                        ;        ( void ) xTaskResumeAll();
  1444 00:0506: 20 xx xx     	jsr	_~xTaskResumeAll
  1445                        ;
  1446                        ;        traceRETURN_xEventGroupSetBits( uxReturnBits );
  1447                        ;
  1448                        ;        return uxReturnBits;
  1449 00:0509: A6 23        	ldx	<L54+uxReturnBits_1+2
  1450 00:050B: A5 21        	lda	<L54+uxReturnBits_1
  1451 00:050D: A8           	tay
  1452 00:050E: A5 2B        	lda	<L53+1
  1453 00:0510: 85 33        	sta	<L53+1+8
  1454 00:0512: 2B           	pld
  1455 00:0513: 3B           	tsc
  1456 00:0514: 18           	clc
  1457 00:0515: 69 32 00     	adc	#L53+8
  1458 00:0518: 1B           	tcs
  1459 00:0519: 98           	tya
  1460 00:051A: 60           	rts
  1461                        ;                    {
  1462                        ;                        mtCOVERAGE_TEST_MARKER();
  1463                        ;                    }
  1464                        ;                }
  1465                        ;                else if( ( uxBitsWaitedFor & pxEventBits->uxEventBits ) == uxBitsWaitedFor )
  1466                        L10146:
  1467                        ;                {
  1468 00:051B: A7 25        	lda	[<L54+pxEventBits_1]
  1469 00:051D: 25 19        	and	<L54+uxBitsWaitedFor_1
  1470 00:051F: 85 01        	sta	<R0
  1471 00:0521: A0 02 00     	ldy	#$2
  1472 00:0524: B7 25        	lda	[<L54+pxEventBits_1],Y
  1473 00:0526: 25 1B        	and	<L54+uxBitsWaitedFor_1+2
  1474 00:0528: 85 03        	sta	<R0+2
  1475 00:052A: A5 01        	lda	<R0
  1476 00:052C: C5 19        	cmp	<L54+uxBitsWaitedFor_1
  1477 00:052E: D0 04        	bne	L61
  1478 00:0530: A5 03        	lda	<R0+2
  1479 00:0532: C5 1B        	cmp	<L54+uxBitsWaitedFor_1+2
  1480                        L61:
  1481 00:0534: F0 03        	beq	*+5
  1482 00:0536: 82 64 FF     	brl	L10149
  1483                        ;                    /* All bits are set. */
  1484                        ;                    xMatchFound = pdTRUE;
  1485 00:0539: 82 5C FF     	brl	L20005
  1486                        ;                }
  1487                        ;                else
  1488                        ;    }
  1489             0000002A   L53	equ	42
  1490             00000005   L54	equ	5
  Mon Sep 14 2026  7:48                                                                                                    Page 27


  1491                        	ends
  1492                        	efunc
  1493                        ;/*-----------------------------------------------------------*/
  1494                        ;
  1495                        ;    void vEventGroupDelete( EventGroupHandle_t xEventGroup )
  1496                        ;    {
  1497                        	code
  1498                        	xdef	_~vEventGroupDelete
  1499                        	func
  1500                        _~vEventGroupDelete:
  1501                        	longa	on
  1502                        	longi	on
  1503 00:053C: 3B           	tsc
  1504 00:053D: 38           	sec
  1505 00:053E: E9 0C 00     	sbc	#L66
  1506 00:0541: 1B           	tcs
  1507 00:0542: 0B           	phd
  1508 00:0543: 5B           	tcd
  1509             00000003   xEventGroup_0	set	3
  1510                        ;        EventGroup_t * pxEventBits = xEventGroup;
  1511                        ;        const List_t * pxTasksWaitingForBits;
  1512                        ;
  1513                        ;        traceENTER_vEventGroupDelete( xEventGroup );
  1514             00000000   pxEventBits_1	set	0
  1515             00000004   pxTasksWaitingForBits_1	set	4
  1516 00:0544: A5 0F        	lda	<L66+xEventGroup_0
  1517 00:0546: 85 05        	sta	<L67+pxEventBits_1
  1518 00:0548: A5 11        	lda	<L66+xEventGroup_0+2
  1519 00:054A: 85 07        	sta	<L67+pxEventBits_1+2
  1520                        ;
  1521                        ;        configASSERT( pxEventBits );
  1522 00:054C: A5 05        	lda	<L67+pxEventBits_1
  1523 00:054E: 05 07        	ora	<L67+pxEventBits_1+2
  1524 00:0550: D0 02        	bne	L10155
  1525                        L10159:
  1526 00:0552: 80 FE        	bra	L10159
  1527                        L10155:
  1528                        ;
  1529                        ;        pxTasksWaitingForBits = &( pxEventBits->xTasksWaitingForBits );
  1530 00:0554: A9 04 00     	lda	#$4
  1531 00:0557: 18           	clc
  1532 00:0558: 65 05        	adc	<L67+pxEventBits_1
  1533 00:055A: 85 09        	sta	<L67+pxTasksWaitingForBits_1
  1534 00:055C: A9 00 00     	lda	#$0
  1535 00:055F: 65 07        	adc	<L67+pxEventBits_1+2
  1536 00:0561: 85 0B        	sta	<L67+pxTasksWaitingForBits_1+2
  1537                        ;
  1538                        ;        vTaskSuspendAll();
  1539 00:0563: 20 xx xx     	jsr	_~vTaskSuspendAll
  1540                        ;        {
  1541                        ;            traceEVENT_GROUP_DELETE( xEventGroup );
  1542                        ;
  1543                        ;            while( listCURRENT_LIST_LENGTH( pxTasksWaitingForBits ) > ( UBaseType_t ) 0 )
  1544 00:0566: 80 36        	bra	L10162
  1545                        L20007:
  1546                        ;            {
  1547                        ;                /* Unblock the task, returning 0 as the event list is being deleted
  1548                        ;                 * and cannot therefore have any bits set. */
  Mon Sep 14 2026  7:48                                                                                                    Page 28


  1549                        ;                configASSERT( pxTasksWaitingForBits->xListEnd.pxNext != ( const ListItem_t * ) &( pxT
                    asksWaitingForBits->xListEnd ) );
  1550 00:0568: A9 06 00     	lda	#$6
  1551 00:056B: 18           	clc
  1552 00:056C: 65 09        	adc	<L67+pxTasksWaitingForBits_1
  1553 00:056E: 85 01        	sta	<R0
  1554 00:0570: A9 00 00     	lda	#$0
  1555 00:0573: 65 0B        	adc	<L67+pxTasksWaitingForBits_1+2
  1556 00:0575: 85 03        	sta	<R0+2
  1557 00:0577: A0 0A 00     	ldy	#$a
  1558 00:057A: B7 09        	lda	[<L67+pxTasksWaitingForBits_1],Y
  1559 00:057C: C5 01        	cmp	<R0
  1560 00:057E: D0 06        	bne	L70
  1561 00:0580: C8           	iny
  1562 00:0581: C8           	iny
  1563 00:0582: B7 09        	lda	[<L67+pxTasksWaitingForBits_1],Y
  1564 00:0584: C5 03        	cmp	<R0+2
  1565                        L70:
  1566 00:0586: D0 02        	bne	L10164
  1567                        L10168:
  1568 00:0588: 80 FE        	bra	L10168
  1569                        L10164:
  1570                        ;                vTaskRemoveFromUnorderedEventList( pxTasksWaitingForBits->xListEnd.pxNext, eventUNBLO
                    CKED_DUE_TO_BIT_SET );
  1571 00:058A: F4 00 02     	pea	#^$2000000
  1572 00:058D: F4 00 00     	pea	#<$2000000
  1573 00:0590: A0 0C 00     	ldy	#$c
  1574 00:0593: B7 09        	lda	[<L67+pxTasksWaitingForBits_1],Y
  1575 00:0595: 48           	pha
  1576 00:0596: 88           	dey
  1577 00:0597: 88           	dey
  1578 00:0598: B7 09        	lda	[<L67+pxTasksWaitingForBits_1],Y
  1579 00:059A: 48           	pha
  1580 00:059B: 20 xx xx     	jsr	_~vTaskRemoveFromUnorderedEventList
  1581                        ;            }
  1582                        L10162:
  1583 00:059E: A9 00 00     	lda	#$0
  1584 00:05A1: C7 09        	cmp	[<L67+pxTasksWaitingForBits_1]
  1585 00:05A3: 90 C3        	bcc	L20007
  1586                        ;        }
  1587                        ;        ( void ) xTaskResumeAll();
  1588 00:05A5: 20 xx xx     	jsr	_~xTaskResumeAll
  1589                        ;
  1590                        ;        #if ( ( configSUPPORT_DYNAMIC_ALLOCATION == 1 ) && ( configSUPPORT_STATIC_ALLOCATION == 0 ) )
  1591                        ;        {
  1592                        ;            /* The event group can only have been allocated dynamically - free
  1593                        ;             * it again. */
  1594                        ;            vPortFree( pxEventBits );
  1595                        ;        }
  1596                        ;        #elif ( ( configSUPPORT_DYNAMIC_ALLOCATION == 1 ) && ( configSUPPORT_STATIC_ALLOCATION == 1 )
                     )
  1597                        ;        {
  1598                        ;            /* The event group could have been allocated statically or
  1599                        ;             * dynamically, so check before attempting to free the memory. */
  1600                        ;            if( pxEventBits->ucStaticallyAllocated == ( uint8_t ) pdFALSE )
  1601                        ;            {
  1602 00:05A8: A0 16 00     	ldy	#$16
  1603 00:05AB: B7 05        	lda	[<L67+pxEventBits_1],Y
  Mon Sep 14 2026  7:48                                                                                                    Page 29


  1604 00:05AD: 29 FF 00     	and	#$ff
  1605 00:05B0: D0 07        	bne	L73
  1606                        ;                vPortFree( pxEventBits );
  1607 00:05B2: D4 07        	pei	<L67+pxEventBits_1+2
  1608 00:05B4: D4 05        	pei	<L67+pxEventBits_1
  1609 00:05B6: 20 xx xx     	jsr	_~vPortFree
  1610                        ;            }
  1611                        ;            else
  1612                        ;            {
  1613                        ;                mtCOVERAGE_TEST_MARKER();
  1614                        ;            }
  1615                        ;        }
  1616                        ;        #endif /* configSUPPORT_DYNAMIC_ALLOCATION */
  1617                        ;
  1618                        ;        traceRETURN_vEventGroupDelete();
  1619                        ;    }
  1620                        L73:
  1621 00:05B9: A5 0D        	lda	<L66+1
  1622 00:05BB: 85 11        	sta	<L66+1+4
  1623 00:05BD: 2B           	pld
  1624 00:05BE: 3B           	tsc
  1625 00:05BF: 18           	clc
  1626 00:05C0: 69 10 00     	adc	#L66+4
  1627 00:05C3: 1B           	tcs
  1628 00:05C4: 60           	rts
  1629             0000000C   L66	equ	12
  1630             00000005   L67	equ	5
  1631                        	ends
  1632                        	efunc
  1633                        ;/*-----------------------------------------------------------*/
  1634                        ;
  1635                        ;    #if ( configSUPPORT_STATIC_ALLOCATION == 1 )
  1636                        ;        BaseType_t xEventGroupGetStaticBuffer( EventGroupHandle_t xEventGroup,
  1637                        ;                                               StaticEventGroup_t ** ppxEventGroupBuffer )
  1638                        ;        {
  1639                        	code
  1640                        	xdef	_~xEventGroupGetStaticBuffer
  1641                        	func
  1642                        _~xEventGroupGetStaticBuffer:
  1643                        	longa	on
  1644                        	longi	on
  1645 00:05C5: 3B           	tsc
  1646 00:05C6: 38           	sec
  1647 00:05C7: E9 06 00     	sbc	#L74
  1648 00:05CA: 1B           	tcs
  1649 00:05CB: 0B           	phd
  1650 00:05CC: 5B           	tcd
  1651             00000003   xEventGroup_0	set	3
  1652             00000007   ppxEventGroupBuffer_0	set	7
  1653                        ;            BaseType_t xReturn;
  1654                        ;            EventGroup_t * pxEventBits = xEventGroup;
  1655                        ;
  1656                        ;            traceENTER_xEventGroupGetStaticBuffer( xEventGroup, ppxEventGroupBuffer );
  1657             00000000   xReturn_1	set	0
  1658             00000002   pxEventBits_1	set	2
  1659 00:05CD: A5 09        	lda	<L74+xEventGroup_0
  1660 00:05CF: 85 03        	sta	<L75+pxEventBits_1
  1661 00:05D1: A5 0B        	lda	<L74+xEventGroup_0+2
  Mon Sep 14 2026  7:48                                                                                                    Page 30


  1662 00:05D3: 85 05        	sta	<L75+pxEventBits_1+2
  1663                        ;
  1664                        ;            configASSERT( pxEventBits );
  1665 00:05D5: A5 03        	lda	<L75+pxEventBits_1
  1666 00:05D7: 05 05        	ora	<L75+pxEventBits_1+2
  1667 00:05D9: D0 02        	bne	L10173
  1668                        L10177:
  1669 00:05DB: 80 FE        	bra	L10177
  1670                        L10173:
  1671                        ;            configASSERT( ppxEventGroupBuffer );
  1672 00:05DD: A5 0D        	lda	<L74+ppxEventGroupBuffer_0
  1673 00:05DF: 05 0F        	ora	<L74+ppxEventGroupBuffer_0+2
  1674 00:05E1: D0 02        	bne	L10180
  1675                        L10184:
  1676 00:05E3: 80 FE        	bra	L10184
  1677                        L10180:
  1678                        ;
  1679                        ;            #if ( configSUPPORT_DYNAMIC_ALLOCATION == 1 )
  1680                        ;            {
  1681                        ;                /* Check if the event group was statically allocated. */
  1682                        ;                if( pxEventBits->ucStaticallyAllocated == ( uint8_t ) pdTRUE )
  1683                        ;                {
  1684 00:05E5: E2 20        	sep	#$20
  1685                        	longa	off
  1686 00:05E7: A0 16 00     	ldy	#$16
  1687 00:05EA: B7 03        	lda	[<L75+pxEventBits_1],Y
  1688 00:05EC: C9 01        	cmp	#<$1
  1689 00:05EE: C2 20        	rep	#$20
  1690                        	longa	on
  1691 00:05F0: D0 12        	bne	L10187
  1692                        ;                    /* MISRA Ref 11.3.1 [Misaligned access] */
  1693                        ;                    /* More details at: https://github.com/FreeRTOS/FreeRTOS-Kernel/blob/main/MISRA.m
                    d#rule-113 */
  1694                        ;                    /* coverity[misra_c_2012_rule_11_3_violation] */
  1695                        ;                    *ppxEventGroupBuffer = ( StaticEventGroup_t * ) pxEventBits;
  1696 00:05F2: A5 03        	lda	<L75+pxEventBits_1
  1697 00:05F4: 87 0D        	sta	[<L74+ppxEventGroupBuffer_0]
  1698 00:05F6: A5 05        	lda	<L75+pxEventBits_1+2
  1699 00:05F8: A0 02 00     	ldy	#$2
  1700 00:05FB: 97 0D        	sta	[<L74+ppxEventGroupBuffer_0],Y
  1701                        ;                    xReturn = pdTRUE;
  1702 00:05FD: A9 01 00     	lda	#$1
  1703 00:0600: 85 01        	sta	<L75+xReturn_1
  1704                        ;                }
  1705                        ;                else
  1706 00:0602: 80 02        	bra	L10188
  1707                        L10187:
  1708                        ;                {
  1709                        ;                    xReturn = pdFALSE;
  1710 00:0604: 64 01        	stz	<L75+xReturn_1
  1711                        ;                }
  1712                        L10188:
  1713                        ;            }
  1714                        ;            #else /* configSUPPORT_DYNAMIC_ALLOCATION */
  1715                        ;            {
  1716                        ;                /* Event group must have been statically allocated. */
  1717                        ;                /* MISRA Ref 11.3.1 [Misaligned access] */
  1718                        ;                /* More details at: https://github.com/FreeRTOS/FreeRTOS-Kernel/blob/main/MISRA.md#ru
  Mon Sep 14 2026  7:48                                                                                                    Page 31


                    le-113 */
  1719                        ;                /* coverity[misra_c_2012_rule_11_3_violation] */
  1720                        ;                *ppxEventGroupBuffer = ( StaticEventGroup_t * ) pxEventBits;
  1721                        ;                xReturn = pdTRUE;
  1722                        ;            }
  1723                        ;            #endif /* configSUPPORT_DYNAMIC_ALLOCATION */
  1724                        ;
  1725                        ;            traceRETURN_xEventGroupGetStaticBuffer( xReturn );
  1726                        ;
  1727                        ;            return xReturn;
  1728 00:0606: A5 01        	lda	<L75+xReturn_1
  1729 00:0608: A8           	tay
  1730 00:0609: A5 07        	lda	<L74+1
  1731 00:060B: 85 0F        	sta	<L74+1+8
  1732 00:060D: 2B           	pld
  1733 00:060E: 3B           	tsc
  1734 00:060F: 18           	clc
  1735 00:0610: 69 0E 00     	adc	#L74+8
  1736 00:0613: 1B           	tcs
  1737 00:0614: 98           	tya
  1738 00:0615: 60           	rts
  1739                        ;        }
  1740             00000006   L74	equ	6
  1741             00000001   L75	equ	1
  1742                        	ends
  1743                        	efunc
  1744                        ;    #endif /* configSUPPORT_STATIC_ALLOCATION */
  1745                        ;/*-----------------------------------------------------------*/
  1746                        ;
  1747                        ;/* For internal use only - execute a 'set bits' command that was pended from
  1748                        ; * an interrupt. */
  1749                        ;    void vEventGroupSetBitsCallback( void * pvEventGroup,
  1750                        ;                                     uint32_t ulBitsToSet )
  1751                        ;    {
  1752                        	code
  1753                        	xdef	_~vEventGroupSetBitsCallback
  1754                        	func
  1755                        _~vEventGroupSetBitsCallback:
  1756                        	longa	on
  1757                        	longi	on
  1758 00:0616: 3B           	tsc
  1759 00:0617: 38           	sec
  1760 00:0618: E9 04 00     	sbc	#L80
  1761 00:061B: 1B           	tcs
  1762 00:061C: 0B           	phd
  1763 00:061D: 5B           	tcd
  1764             00000003   pvEventGroup_0	set	3
  1765             00000007   ulBitsToSet_0	set	7
  1766                        ;        traceENTER_vEventGroupSetBitsCallback( pvEventGroup, ulBitsToSet );
  1767                        ;
  1768                        ;        /* MISRA Ref 11.5.4 [Callback function parameter] */
  1769                        ;        /* More details at: https://github.com/FreeRTOS/FreeRTOS-Kernel/blob/main/MISRA.md#rule-115 *
                    /
  1770                        ;        /* coverity[misra_c_2012_rule_11_5_violation] */
  1771                        ;        ( void ) xEventGroupSetBits( pvEventGroup, ( EventBits_t ) ulBitsToSet );
  1772 00:061E: D4 0D        	pei	<L80+ulBitsToSet_0+2
  1773 00:0620: D4 0B        	pei	<L80+ulBitsToSet_0
  1774 00:0622: D4 09        	pei	<L80+pvEventGroup_0+2
  Mon Sep 14 2026  7:48                                                                                                    Page 32


  1775 00:0624: D4 07        	pei	<L80+pvEventGroup_0
  1776 00:0626: 20 xx xx     	jsr	_~xEventGroupSetBits
  1777                        ;
  1778                        ;        traceRETURN_vEventGroupSetBitsCallback();
  1779                        ;    }
  1780 00:0629: A5 05        	lda	<L80+1
  1781 00:062B: 85 0D        	sta	<L80+1+8
  1782 00:062D: 2B           	pld
  1783 00:062E: 3B           	tsc
  1784 00:062F: 18           	clc
  1785 00:0630: 69 0C 00     	adc	#L80+8
  1786 00:0633: 1B           	tcs
  1787 00:0634: 60           	rts
  1788             00000004   L80	equ	4
  1789             00000005   L81	equ	5
  1790                        	ends
  1791                        	efunc
  1792                        ;/*-----------------------------------------------------------*/
  1793                        ;
  1794                        ;/* For internal use only - execute a 'clear bits' command that was pended from
  1795                        ; * an interrupt. */
  1796                        ;    void vEventGroupClearBitsCallback( void * pvEventGroup,
  1797                        ;                                       uint32_t ulBitsToClear )
  1798                        ;    {
  1799                        	code
  1800                        	xdef	_~vEventGroupClearBitsCallback
  1801                        	func
  1802                        _~vEventGroupClearBitsCallback:
  1803                        	longa	on
  1804                        	longi	on
  1805 00:0635: 3B           	tsc
  1806 00:0636: 38           	sec
  1807 00:0637: E9 04 00     	sbc	#L83
  1808 00:063A: 1B           	tcs
  1809 00:063B: 0B           	phd
  1810 00:063C: 5B           	tcd
  1811             00000003   pvEventGroup_0	set	3
  1812             00000007   ulBitsToClear_0	set	7
  1813                        ;        traceENTER_vEventGroupClearBitsCallback( pvEventGroup, ulBitsToClear );
  1814                        ;
  1815                        ;        /* MISRA Ref 11.5.4 [Callback function parameter] */
  1816                        ;        /* More details at: https://github.com/FreeRTOS/FreeRTOS-Kernel/blob/main/MISRA.md#rule-115 *
                    /
  1817                        ;        /* coverity[misra_c_2012_rule_11_5_violation] */
  1818                        ;        ( void ) xEventGroupClearBits( pvEventGroup, ( EventBits_t ) ulBitsToClear );
  1819 00:063D: D4 0D        	pei	<L83+ulBitsToClear_0+2
  1820 00:063F: D4 0B        	pei	<L83+ulBitsToClear_0
  1821 00:0641: D4 09        	pei	<L83+pvEventGroup_0+2
  1822 00:0643: D4 07        	pei	<L83+pvEventGroup_0
  1823 00:0645: 20 xx xx     	jsr	_~xEventGroupClearBits
  1824                        ;
  1825                        ;        traceRETURN_vEventGroupClearBitsCallback();
  1826                        ;    }
  1827 00:0648: A5 05        	lda	<L83+1
  1828 00:064A: 85 0D        	sta	<L83+1+8
  1829 00:064C: 2B           	pld
  1830 00:064D: 3B           	tsc
  1831 00:064E: 18           	clc
  Mon Sep 14 2026  7:48                                                                                                    Page 33


  1832 00:064F: 69 0C 00     	adc	#L83+8
  1833 00:0652: 1B           	tcs
  1834 00:0653: 60           	rts
  1835             00000004   L83	equ	4
  1836             00000005   L84	equ	5
  1837                        	ends
  1838                        	efunc
  1839                        ;/*-----------------------------------------------------------*/
  1840                        ;
  1841                        ;    static BaseType_t prvTestWaitCondition( const EventBits_t uxCurrentEventBits,
  1842                        ;                                            const EventBits_t uxBitsToWaitFor,
  1843                        ;                                            const BaseType_t xWaitForAllBits )
  1844                        ;    {
  1845                        	code
  1846                        	func
  1847                        _~prvTestWaitCondition:
  1848                        	longa	on
  1849                        	longi	on
  1850 00:0654: 3B           	tsc
  1851 00:0655: 38           	sec
  1852 00:0656: E9 06 00     	sbc	#L86
  1853 00:0659: 1B           	tcs
  1854 00:065A: 0B           	phd
  1855 00:065B: 5B           	tcd
  1856             00000003   uxCurrentEventBits_0	set	3
  1857             00000007   uxBitsToWaitFor_0	set	7
  1858             0000000B   xWaitForAllBits_0	set	11
  1859                        ;        BaseType_t xWaitConditionMet = pdFALSE;
  1860                        ;
  1861                        ;        if( xWaitForAllBits == pdFALSE )
  1862             00000000   xWaitConditionMet_1	set	0
  1863 00:065C: 64 05        	stz	<L87+xWaitConditionMet_1
  1864                        ;        {
  1865 00:065E: A5 11        	lda	<L86+xWaitForAllBits_0
  1866 00:0660: D0 27        	bne	L10189
  1867                        ;            /* Task only has to wait for one bit within uxBitsToWaitFor to be
  1868                        ;             * set.  Is one already set? */
  1869                        ;            if( ( uxCurrentEventBits & uxBitsToWaitFor ) != ( EventBits_t ) 0 )
  1870                        ;            {
  1871 00:0662: A5 0D        	lda	<L86+uxBitsToWaitFor_0
  1872 00:0664: 25 09        	and	<L86+uxCurrentEventBits_0
  1873 00:0666: 85 01        	sta	<R0
  1874 00:0668: A5 0F        	lda	<L86+uxBitsToWaitFor_0+2
  1875 00:066A: 25 0B        	and	<L86+uxCurrentEventBits_0+2
  1876 00:066C: 85 03        	sta	<R0+2
  1877 00:066E: A5 01        	lda	<R0
  1878 00:0670: 05 03        	ora	<R0+2
  1879 00:0672: F0 05        	beq	L10192
  1880                        ;                xWaitConditionMet = pdTRUE;
  1881                        L20009:
  1882 00:0674: A9 01 00     	lda	#$1
  1883 00:0677: 85 05        	sta	<L87+xWaitConditionMet_1
  1884                        ;            }
  1885                        ;            else
  1886                        L10192:
  1887                        ;
  1888                        ;        return xWaitConditionMet;
  1889 00:0679: A5 05        	lda	<L87+xWaitConditionMet_1
  Mon Sep 14 2026  7:48                                                                                                    Page 34


  1890 00:067B: A8           	tay
  1891 00:067C: A5 07        	lda	<L86+1
  1892 00:067E: 85 11        	sta	<L86+1+10
  1893 00:0680: 2B           	pld
  1894 00:0681: 3B           	tsc
  1895 00:0682: 18           	clc
  1896 00:0683: 69 10 00     	adc	#L86+10
  1897 00:0686: 1B           	tcs
  1898 00:0687: 98           	tya
  1899 00:0688: 60           	rts
  1900                        ;            {
  1901                        ;                mtCOVERAGE_TEST_MARKER();
  1902                        ;            }
  1903                        ;        }
  1904                        ;        else
  1905                        L10189:
  1906                        ;        {
  1907                        ;            /* Task has to wait for all the bits in uxBitsToWaitFor to be set.
  1908                        ;             * Are they set already? */
  1909                        ;            if( ( uxCurrentEventBits & uxBitsToWaitFor ) == uxBitsToWaitFor )
  1910                        ;            {
  1911 00:0689: A5 0D        	lda	<L86+uxBitsToWaitFor_0
  1912 00:068B: 25 09        	and	<L86+uxCurrentEventBits_0
  1913 00:068D: 85 01        	sta	<R0
  1914 00:068F: A5 0F        	lda	<L86+uxBitsToWaitFor_0+2
  1915 00:0691: 25 0B        	and	<L86+uxCurrentEventBits_0+2
  1916 00:0693: 85 03        	sta	<R0+2
  1917 00:0695: A5 01        	lda	<R0
  1918 00:0697: C5 0D        	cmp	<L86+uxBitsToWaitFor_0
  1919 00:0699: D0 04        	bne	L90
  1920 00:069B: A5 03        	lda	<R0+2
  1921 00:069D: C5 0F        	cmp	<L86+uxBitsToWaitFor_0+2
  1922                        L90:
  1923 00:069F: D0 D8        	bne	L10192
  1924                        ;                xWaitConditionMet = pdTRUE;
  1925 00:06A1: 80 D1        	bra	L20009
  1926                        ;            }
  1927                        ;            else
  1928                        ;            {
  1929                        ;                mtCOVERAGE_TEST_MARKER();
  1930                        ;            }
  1931                        ;        }
  1932                        ;    }
  1933             00000006   L86	equ	6
  1934             00000005   L87	equ	5
  1935                        	ends
  1936                        	efunc
  1937                        ;/*-----------------------------------------------------------*/
  1938                        ;
  1939                        ;    #if ( ( INCLUDE_xTimerPendFunctionCall == 1 ) && ( configUSE_TIMERS == 1 ) )
  1940                        ;
  1941                        ;        BaseType_t xEventGroupSetBitsFromISR( EventGroupHandle_t xEventGroup,
  1942                        ;                                              const EventBits_t uxBitsToSet,
  1943                        ;                                              BaseType_t * pxHigherPriorityTaskWoken )
  1944                        ;        {
  1945                        ;            BaseType_t xReturn;
  1946                        ;
  1947                        ;            traceENTER_xEventGroupSetBitsFromISR( xEventGroup, uxBitsToSet, pxHigherPriorityTaskWoken
  Mon Sep 14 2026  7:48                                                                                                    Page 35


                     );
  1948                        ;
  1949                        ;            traceEVENT_GROUP_SET_BITS_FROM_ISR( xEventGroup, uxBitsToSet );
  1950                        ;            xReturn = xTimerPendFunctionCallFromISR( &vEventGroupSetBitsCallback, ( void * ) xEventGr
                    oup, ( uint32_t ) uxBitsToSet, pxHigherPriorityTaskWoken );
  1951                        ;
  1952                        ;            traceRETURN_xEventGroupSetBitsFromISR( xReturn );
  1953                        ;
  1954                        ;            return xReturn;
  1955                        ;        }
  1956                        ;
  1957                        ;    #endif /* if ( ( INCLUDE_xTimerPendFunctionCall == 1 ) && ( configUSE_TIMERS == 1 ) ) */
  1958                        ;/*-----------------------------------------------------------*/
  1959                        ;
  1960                        ;    #if ( configUSE_TRACE_FACILITY == 1 )
  1961                        ;
  1962                        ;        UBaseType_t uxEventGroupGetNumber( void * xEventGroup )
  1963                        ;        {
  1964                        ;            UBaseType_t xReturn;
  1965                        ;
  1966                        ;            /* MISRA Ref 11.5.2 [Opaque pointer] */
  1967                        ;            /* More details at: https://github.com/FreeRTOS/FreeRTOS-Kernel/blob/main/MISRA.md#rule-1
                    15 */
  1968                        ;            /* coverity[misra_c_2012_rule_11_5_violation] */
  1969                        ;            EventGroup_t const * pxEventBits = ( EventGroup_t * ) xEventGroup;
  1970                        ;
  1971                        ;            traceENTER_uxEventGroupGetNumber( xEventGroup );
  1972                        ;
  1973                        ;            if( xEventGroup == NULL )
  1974                        ;            {
  1975                        ;                xReturn = 0;
  1976                        ;            }
  1977                        ;            else
  1978                        ;            {
  1979                        ;                xReturn = pxEventBits->uxEventGroupNumber;
  1980                        ;            }
  1981                        ;
  1982                        ;            traceRETURN_uxEventGroupGetNumber( xReturn );
  1983                        ;
  1984                        ;            return xReturn;
  1985                        ;        }
  1986                        ;
  1987                        ;    #endif /* configUSE_TRACE_FACILITY */
  1988                        ;/*-----------------------------------------------------------*/
  1989                        ;
  1990                        ;    #if ( configUSE_TRACE_FACILITY == 1 )
  1991                        ;
  1992                        ;        void vEventGroupSetNumber( void * xEventGroup,
  1993                        ;                                   UBaseType_t uxEventGroupNumber )
  1994                        ;        {
  1995                        ;            traceENTER_vEventGroupSetNumber( xEventGroup, uxEventGroupNumber );
  1996                        ;
  1997                        ;            /* MISRA Ref 11.5.2 [Opaque pointer] */
  1998                        ;            /* More details at: https://github.com/FreeRTOS/FreeRTOS-Kernel/blob/main/MISRA.md#rule-1
                    15 */
  1999                        ;            /* coverity[misra_c_2012_rule_11_5_violation] */
  2000                        ;            ( ( EventGroup_t * ) xEventGroup )->uxEventGroupNumber = uxEventGroupNumber;
  2001                        ;
  Mon Sep 14 2026  7:48                                                                                                    Page 36


  2002                        ;            traceRETURN_vEventGroupSetNumber();
  2003                        ;        }
  2004                        ;
  2005                        ;    #endif /* configUSE_TRACE_FACILITY */
  2006                        ;/*-----------------------------------------------------------*/
  2007                        ;
  2008                        ;/* This entire source file will be skipped if the application is not configured
  2009                        ; * to include event groups functionality. If you want to include event groups
  2010                        ; * then ensure configUSE_EVENT_GROUPS is set to 1 in FreeRTOSConfig.h. */
  2011                        ;#endif /* configUSE_EVENT_GROUPS == 1 */
  2012                        ;
  2013                        	xref	_~xTaskGetSchedulerState
  2014                        	xref	_~uxTaskResetEventItemValue
  2015                        	xref	_~vTaskRemoveFromUnorderedEventList
  2016                        	xref	_~vTaskPlaceOnUnorderedEventList
  2017                        	xref	_~xTaskResumeAll
  2018                        	xref	_~vTaskSuspendAll
  2019                        	xref	_~vListInitialise
  2020                        	xref	_~vPortFree
  2021                        	xref	_~pvPortMalloc
  2022                        	xref	_~vPortYield


      Lines assembled: 2022
      Errors: 0
