  Mon Sep 14 2026  7:48                                                                                                    Page 1


                                               ***************************************
                                               **      WDC 65C816 Macro Assembler   **
                                               **                                   **
                                               **     Version 3.49.1- Feb  6 2006    **
                                               ***************************************

     1                        ;:ts=8
     2             00000001   R0	equ	1
     3             00000005   R1	equ	5
     4             00000009   R2	equ	9
     5             0000000D   R3	equ	13
     6                        ;/*
     7                        ; * FreeRTOS Kernel V11.3.1
     8                        ; * Copyright (C) 2021 Amazon.com, Inc. or its affiliates. All Rights Reserved.
     9                        ; *
    10                        ; * SPDX-License-Identifier: MIT
    11                        ; *
    12                        ; * Permission is hereby granted, free of charge, to any person obtaining a copy of
    13                        ; * this software and associated documentation files (the "Software"), to deal in
    14                        ; * the Software without restriction, including without limitation the rights to
    15                        ; * use, copy, modify, merge, publish, distribute, sublicense, and/or sell copies of
    16                        ; * the Software, and to permit persons to whom the Software is furnished to do so,
    17                        ; * subject to the following conditions:
    18                        ; *
    19                        ; * The above copyright notice and this permission notice shall be included in all
    20                        ; * copies or substantial portions of the Software.
    21                        ; *
    22                        ; * THE SOFTWARE IS PROVIDED "AS IS", WITHOUT WARRANTY OF ANY KIND, EXPRESS OR
    23                        ; * IMPLIED, INCLUDING BUT NOT LIMITED TO THE WARRANTIES OF MERCHANTABILITY, FITNESS
    24                        ; * FOR A PARTICULAR PURPOSE AND NONINFRINGEMENT. IN NO EVENT SHALL THE AUTHORS OR
    25                        ; * COPYRIGHT HOLDERS BE LIABLE FOR ANY CLAIM, DAMAGES OR OTHER LIABILITY, WHETHER
    26                        ; * IN AN ACTION OF CONTRACT, TORT OR OTHERWISE, ARISING FROM, OUT OF OR IN
    27                        ; * CONNECTION WITH THE SOFTWARE OR THE USE OR OTHER DEALINGS IN THE SOFTWARE.
    28                        ; *
    29                        ; * https://www.FreeRTOS.org
    30                        ; * https://github.com/FreeRTOS
    31                        ; *
    32                        ; */
    33                        ;
    34                        ;#include <stdlib.h>
    35                        ;#include <string.h>
    36                        ;
    37                        ;/* Defining MPU_WRAPPERS_INCLUDED_FROM_API_FILE prevents task.h from redefining
    38                        ; * all the API functions to use the MPU wrappers.  That should only be done when
    39                        ; * task.h is included from an application file. */
    40                        ;#define MPU_WRAPPERS_INCLUDED_FROM_API_FILE
    41                        ;
    42                        ;#include "FreeRTOS.h"
    43                        ;#include "task.h"
    44                        ;#include "queue.h"
    45                        ;
    46                        ;#if ( configUSE_CO_ROUTINES == 1 )
    47                        ;    #include "croutine.h"
    48                        ;#endif
    49                        ;
    50                        ;/* The MPU ports require MPU_WRAPPERS_INCLUDED_FROM_API_FILE to be defined
    51                        ; * for the header files above, but not in this file, in order to generate the
    52                        ; * correct privileged Vs unprivileged linkage and placement. */
  Mon Sep 14 2026  7:48                                                                                                    Page 2


    53                        ;#undef MPU_WRAPPERS_INCLUDED_FROM_API_FILE
    54                        ;
    55                        ;
    56                        ;/* Constants used with the cRxLock and cTxLock structure members. */
    57                        ;#define queueUNLOCKED             ( ( int8_t ) -1 )
    58                        ;#define queueLOCKED_UNMODIFIED    ( ( int8_t ) 0 )
    59                        ;#define queueINT8_MAX             ( ( int8_t ) 127 )
    60                        ;
    61                        ;/* When the Queue_t structure is used to represent a base queue its pcHead and
    62                        ; * pcTail members are used as pointers into the queue storage area.  When the
    63                        ; * Queue_t structure is used to represent a mutex pcHead and pcTail pointers are
    64                        ; * not necessary, and the pcHead pointer is set to NULL to indicate that the
    65                        ; * structure instead holds a pointer to the mutex holder (if any).  Map alternative
    66                        ; * names to the pcHead and structure member to ensure the readability of the code
    67                        ; * is maintained.  The QueuePointers_t and SemaphoreData_t types are used to form
    68                        ; * a union as their usage is mutually exclusive dependent on what the queue is
    69                        ; * being used for. */
    70                        ;#define uxQueueType               pcHead
    71                        ;#define queueQUEUE_IS_MUTEX       NULL
    72                        ;
    73                        ;typedef struct QueuePointers
    74                        ;{
    75                        ;    int8_t * pcTail;     /**< Points to the byte at the end of the queue storage area.  Once more byt
                    e is allocated than necessary to store the queue items, this is used as a marker. */
    76                        ;    int8_t * pcReadFrom; /**< Points to the last place that a queued item was read from when the stru
                    cture is used as a queue. */
    77                        ;} QueuePointers_t;
    78                        ;
    79                        ;typedef struct SemaphoreData
    80                        ;{
    81                        ;    TaskHandle_t xMutexHolder;        /**< The handle of the task that holds the mutex. */
    82                        ;    UBaseType_t uxRecursiveCallCount; /**< Maintains a count of the number of times a recursive mutex
                     has been recursively 'taken' when the structure is used as a mutex. */
    83                        ;} SemaphoreData_t;
    84                        ;
    85                        ;/* Semaphores do not actually store or copy data, so have an item size of
    86                        ; * zero. */
    87                        ;#define queueSEMAPHORE_QUEUE_ITEM_LENGTH    ( ( UBaseType_t ) 0 )
    88                        ;#define queueMUTEX_GIVE_BLOCK_TIME          ( ( TickType_t ) 0U )
    89                        ;
    90                        ;#if ( configUSE_PREEMPTION == 0 )
    91                        ;
    92                        ;/* If the cooperative scheduler is being used then a yield should not be
    93                        ; * performed just because a higher priority task has been woken. */
    94                        ;    #define queueYIELD_IF_USING_PREEMPTION()
    95                        ;#else
    96                        ;    #if ( configNUMBER_OF_CORES == 1 )
    97                        ;        #define queueYIELD_IF_USING_PREEMPTION()    portYIELD_WITHIN_API()
    98                        ;    #else /* #if ( configNUMBER_OF_CORES == 1 ) */
    99                        ;        #define queueYIELD_IF_USING_PREEMPTION()    vTaskYieldWithinAPI()
   100                        ;    #endif /* #if ( configNUMBER_OF_CORES == 1 ) */
   101                        ;#endif
   102                        ;
   103                        ;/*
   104                        ; * Definition of the queue used by the scheduler.
   105                        ; * Items are queued by copy, not reference.  See the following link for the
   106                        ; * rationale: https://www.FreeRTOS.org/Embedded-RTOS-Queues.html
   107                        ; */
  Mon Sep 14 2026  7:48                                                                                                    Page 3


   108                        ;typedef struct QueueDefinition /* The old naming convention is used to prevent breaking kernel aware 
                    debuggers. */
   109                        ;{
   110                        ;    int8_t * pcHead;           /**< Points to the beginning of the queue storage area. */
   111                        ;    int8_t * pcWriteTo;        /**< Points to the free next place in the storage area. */
   112                        ;
   113                        ;    union
   114                        ;    {
   115                        ;        QueuePointers_t xQueue;     /**< Data required exclusively when this structure is used as a q
                    ueue. */
   116                        ;        SemaphoreData_t xSemaphore; /**< Data required exclusively when this structure is used as a s
                    emaphore. */
   117                        ;    } u;
   118                        ;
   119                        ;    List_t xTasksWaitingToSend;             /**< List of tasks that are blocked waiting to post onto 
                    this queue.  Stored in priority order. */
   120                        ;    List_t xTasksWaitingToReceive;          /**< List of tasks that are blocked waiting to read from 
                    this queue.  Stored in priority order. */
   121                        ;
   122                        ;    volatile UBaseType_t uxMessagesWaiting; /**< The number of items currently in the queue. */
   123                        ;    UBaseType_t uxLength;                   /**< The length of the queue defined as the number of ite
                    ms it will hold, not the number of bytes. */
   124                        ;    UBaseType_t uxItemSize;                 /**< The size of each items that the queue will hold. */
   125                        ;
   126                        ;    volatile int8_t cRxLock;                /**< Stores the number of items received from the queue (
                    removed from the queue) while the queue was locked.  Set to queueUNLOCKED when the queue is not locked. */
   127                        ;    volatile int8_t cTxLock;                /**< Stores the number of items transmitted to the queue 
                    (added to the queue) while the queue was locked.  Set to queueUNLOCKED when the queue is not locked. */
   128                        ;
   129                        ;    #if ( ( configSUPPORT_STATIC_ALLOCATION == 1 ) && ( configSUPPORT_DYNAMIC_ALLOCATION == 1 ) )
   130                        ;        uint8_t ucStaticallyAllocated; /**< Set to pdTRUE if the memory used by the queue was statica
                    lly allocated to ensure no attempt is made to free the memory. */
   131                        ;    #endif
   132                        ;
   133                        ;    #if ( configUSE_QUEUE_SETS == 1 )
   134                        ;        struct QueueDefinition * pxQueueSetContainer;
   135                        ;    #endif
   136                        ;
   137                        ;    #if ( configUSE_TRACE_FACILITY == 1 )
   138                        ;        UBaseType_t uxQueueNumber;
   139                        ;        uint8_t ucQueueType;
   140                        ;    #endif
   141                        ;} xQUEUE;
   142                        ;
   143                        ;/* The old xQUEUE name is maintained above then typedefed to the new Queue_t
   144                        ; * name below to enable the use of older kernel aware debuggers. */
   145                        ;typedef xQUEUE Queue_t;
   146                        ;
   147                        ;/*-----------------------------------------------------------*/
   148                        ;
   149                        ;/*
   150                        ; * The queue registry is just a means for kernel aware debuggers to locate
   151                        ; * queue structures.  It has no other purpose so is an optional component.
   152                        ; */
   153                        ;#if ( configQUEUE_REGISTRY_SIZE > 0 )
   154                        ;
   155                        ;/* The type stored within the queue registry array.  This allows a name
   156                        ; * to be assigned to each queue making kernel aware debugging a little
  Mon Sep 14 2026  7:48                                                                                                    Page 4


   157                        ; * more user friendly. */
   158                        ;    typedef struct QUEUE_REGISTRY_ITEM
   159                        ;    {
   160                        ;        const char * pcQueueName;
   161                        ;        QueueHandle_t xHandle;
   162                        ;    } xQueueRegistryItem;
   163                        ;
   164                        ;/* The old xQueueRegistryItem name is maintained above then typedefed to the
   165                        ; * new xQueueRegistryItem name below to enable the use of older kernel aware
   166                        ; * debuggers. */
   167                        ;    typedef xQueueRegistryItem QueueRegistryItem_t;
   168                        ;
   169                        ;/* The queue registry is simply an array of QueueRegistryItem_t structures.
   170                        ; * The pcQueueName member of a structure being NULL is indicative of the
   171                        ; * array position being vacant. */
   172                        ;
   173                        ;/* MISRA Ref 8.4.2 [Declaration shall be visible] */
   174                        ;/* More details at: https://github.com/FreeRTOS/FreeRTOS-Kernel/blob/main/MISRA.md#rule-84 */
   175                        ;/* coverity[misra_c_2012_rule_8_4_violation] */
   176                        ;    PRIVILEGED_DATA QueueRegistryItem_t xQueueRegistry[ configQUEUE_REGISTRY_SIZE ];
   177                        ;
   178                        ;#endif /* configQUEUE_REGISTRY_SIZE */
   179                        ;
   180                        ;/*
   181                        ; * Unlocks a queue locked by a call to prvLockQueue.  Locking a queue does not
   182                        ; * prevent an ISR from adding or removing items to the queue, but does prevent
   183                        ; * an ISR from removing tasks from the queue event lists.  If an ISR finds a
   184                        ; * queue is locked it will instead increment the appropriate queue lock count
   185                        ; * to indicate that a task may require unblocking.  When the queue in unlocked
   186                        ; * these lock counts are inspected, and the appropriate action taken.
   187                        ; */
   188                        ;static void prvUnlockQueue( Queue_t * const pxQueue ) PRIVILEGED_FUNCTION;
   189                        ;
   190                        ;/*
   191                        ; * Uses a critical section to determine if there is any data in a queue.
   192                        ; *
   193                        ; * @return pdTRUE if the queue contains no items, otherwise pdFALSE.
   194                        ; */
   195                        ;static BaseType_t prvIsQueueEmpty( const Queue_t * pxQueue ) PRIVILEGED_FUNCTION;
   196                        ;
   197                        ;/*
   198                        ; * Uses a critical section to determine if there is any space in a queue.
   199                        ; *
   200                        ; * @return pdTRUE if there is no space, otherwise pdFALSE;
   201                        ; */
   202                        ;static BaseType_t prvIsQueueFull( const Queue_t * pxQueue ) PRIVILEGED_FUNCTION;
   203                        ;
   204                        ;/*
   205                        ; * Copies an item into the queue, either at the front of the queue or the
   206                        ; * back of the queue.
   207                        ; */
   208                        ;static BaseType_t prvCopyDataToQueue( Queue_t * const pxQueue,
   209                        ;                                      const void * pvItemToQueue,
   210                        ;                                      const BaseType_t xPosition ) PRIVILEGED_FUNCTION;
   211                        ;
   212                        ;/*
   213                        ; * Copies an item out of a queue.
   214                        ; */
  Mon Sep 14 2026  7:48                                                                                                    Page 5


   215                        ;static void prvCopyDataFromQueue( Queue_t * const pxQueue,
   216                        ;                                  void * const pvBuffer ) PRIVILEGED_FUNCTION;
   217                        ;
   218                        ;#if ( configUSE_QUEUE_SETS == 1 )
   219                        ;
   220                        ;/*
   221                        ; * Checks to see if a queue is a member of a queue set, and if so, notifies
   222                        ; * the queue set that the queue contains data.
   223                        ; */
   224                        ;    static BaseType_t prvNotifyQueueSetContainer( const Queue_t * const pxQueue ) PRIVILEGED_FUNCTION
                    ;
   225                        ;#endif
   226                        ;
   227                        ;/*
   228                        ; * Called after a Queue_t structure has been allocated either statically or
   229                        ; * dynamically to fill in the structure's members.
   230                        ; */
   231                        ;static void prvInitialiseNewQueue( const UBaseType_t uxQueueLength,
   232                        ;                                   const UBaseType_t uxItemSize,
   233                        ;                                   uint8_t * pucQueueStorage,
   234                        ;                                   const uint8_t ucQueueType,
   235                        ;                                   Queue_t * pxNewQueue ) PRIVILEGED_FUNCTION;
   236                        ;
   237                        ;/*
   238                        ; * Mutexes are a special type of queue.  When a mutex is created, first the
   239                        ; * queue is created, then prvInitialiseMutex() is called to configure the queue
   240                        ; * as a mutex.
   241                        ; */
   242                        ;#if ( configUSE_MUTEXES == 1 )
   243                        ;    static void prvInitialiseMutex( Queue_t * pxNewQueue ) PRIVILEGED_FUNCTION;
   244                        ;#endif
   245                        ;
   246                        ;#if ( configUSE_MUTEXES == 1 )
   247                        ;
   248                        ;/*
   249                        ; * If a task waiting for a mutex causes the mutex holder to inherit a
   250                        ; * priority, but the waiting task times out, then the holder should
   251                        ; * disinherit the priority - but only down to the highest priority of any
   252                        ; * other tasks that are waiting for the same mutex.  This function returns
   253                        ; * that priority.
   254                        ; */
   255                        ;    static UBaseType_t prvGetHighestPriorityOfWaitToReceiveList( const Queue_t * const pxQueue ) PRIV
                    ILEGED_FUNCTION;
   256                        ;#endif
   257                        ;/*-----------------------------------------------------------*/
   258                        ;
   259                        ;/*
   260                        ; * Macro to mark a queue as locked.  Locking a queue prevents an ISR from
   261                        ; * accessing the queue event lists.
   262                        ; */
   263                        ;#define prvLockQueue( pxQueue )                            \
   264                        ;    taskENTER_CRITICAL();                                  \
   265                        ;    {                                                      \
   266                        ;        if( ( pxQueue )->cRxLock == queueUNLOCKED )        \
   267                        ;        {                                                  \
   268                        ;            ( pxQueue )->cRxLock = queueLOCKED_UNMODIFIED; \
   269                        ;        }                                                  \
   270                        ;        if( ( pxQueue )->cTxLock == queueUNLOCKED )        \
  Mon Sep 14 2026  7:48                                                                                                    Page 6


   271                        ;        {                                                  \
   272                        ;            ( pxQueue )->cTxLock = queueLOCKED_UNMODIFIED; \
   273                        ;        }                                                  \
   274                        ;    }                                                      \
   275                        ;    taskEXIT_CRITICAL()
   276                        ;
   277                        ;/*
   278                        ; * Macro to increment cTxLock member of the queue data structure. It is
   279                        ; * capped at the number of tasks in the system as we cannot unblock more
   280                        ; * tasks than the number of tasks in the system.
   281                        ; */
   282                        ;#define prvIncrementQueueTxLock( pxQueue, cTxLock )                           \
   283                        ;    do {                                                                      \
   284                        ;        const UBaseType_t uxNumberOfTasks = uxTaskGetNumberOfTasks();         \
   285                        ;        if( ( UBaseType_t ) ( cTxLock ) < uxNumberOfTasks )                   \
   286                        ;        {                                                                     \
   287                        ;            configASSERT( ( cTxLock ) != queueINT8_MAX );                     \
   288                        ;            ( pxQueue )->cTxLock = ( int8_t ) ( ( cTxLock ) + ( int8_t ) 1 ); \
   289                        ;        }                                                                     \
   290                        ;    } while( 0 )
   291                        ;
   292                        ;/*
   293                        ; * Macro to increment cRxLock member of the queue data structure. It is
   294                        ; * capped at the number of tasks in the system as we cannot unblock more
   295                        ; * tasks than the number of tasks in the system.
   296                        ; */
   297                        ;#define prvIncrementQueueRxLock( pxQueue, cRxLock )                           \
   298                        ;    do {                                                                      \
   299                        ;        const UBaseType_t uxNumberOfTasks = uxTaskGetNumberOfTasks();         \
   300                        ;        if( ( UBaseType_t ) ( cRxLock ) < uxNumberOfTasks )                   \
   301                        ;        {                                                                     \
   302                        ;            configASSERT( ( cRxLock ) != queueINT8_MAX );                     \
   303                        ;            ( pxQueue )->cRxLock = ( int8_t ) ( ( cRxLock ) + ( int8_t ) 1 ); \
   304                        ;        }                                                                     \
   305                        ;    } while( 0 )
   306                        ;/*-----------------------------------------------------------*/
   307                        ;
   308                        ;BaseType_t xQueueGenericReset( QueueHandle_t xQueue,
   309                        ;                               BaseType_t xNewQueue )
   310                        ;{
   311                        	code
   312                        	xdef	_~xQueueGenericReset
   313                        	func
   314                        _~xQueueGenericReset:
   315                        	longa	on
   316                        	longi	on
   317 00:0000: 3B           	tsc
   318 00:0001: 38           	sec
   319 00:0002: E9 0E 00     	sbc	#L2
   320 00:0005: 1B           	tcs
   321 00:0006: 0B           	phd
   322 00:0007: 5B           	tcd
   323             00000003   xQueue_0	set	3
   324             00000007   xNewQueue_0	set	7
   325                        ;    BaseType_t xReturn = pdPASS;
   326                        ;    Queue_t * const pxQueue = xQueue;
   327                        ;
   328                        ;    traceENTER_xQueueGenericReset( xQueue, xNewQueue );
  Mon Sep 14 2026  7:48                                                                                                    Page 7


   329             00000000   xReturn_1	set	0
   330             00000002   pxQueue_1	set	2
   331 00:0008: A9 01 00     	lda	#$1
   332 00:000B: 85 09        	sta	<L3+xReturn_1
   333 00:000D: A5 11        	lda	<L2+xQueue_0
   334 00:000F: 85 0B        	sta	<L3+pxQueue_1
   335 00:0011: A5 13        	lda	<L2+xQueue_0+2
   336 00:0013: 85 0D        	sta	<L3+pxQueue_1+2
   337                        ;
   338                        ;    configASSERT( pxQueue );
   339 00:0015: A5 0B        	lda	<L3+pxQueue_1
   340 00:0017: 05 0D        	ora	<L3+pxQueue_1+2
   341 00:0019: D0 02        	bne	L10001
   342                        L10005:
   343 00:001B: 80 FE        	bra	L10005
   344                        L10001:
   345                        ;
   346                        ;    if( ( pxQueue != NULL ) &&
   347                        ;        ( pxQueue->uxLength >= 1U ) &&
   348                        ;        /* Check for multiplication overflow. */
   349                        ;        ( ( SIZE_MAX / pxQueue->uxLength ) >= pxQueue->uxItemSize ) )
   350                        ;    {
   351 00:001D: A5 0B        	lda	<L3+pxQueue_1
   352 00:001F: 05 0D        	ora	<L3+pxQueue_1+2
   353 00:0021: D0 03        	bne	*+5
   354 00:0023: 82 24 01     	brl	L10008
   355 00:0026: A0 36 00     	ldy	#$36
   356 00:0029: B7 0B        	lda	[<L3+pxQueue_1],Y
   357 00:002B: C9 01 00     	cmp	#<$1
   358 00:002E: B0 03        	bcs	*+5
   359 00:0030: 82 17 01     	brl	L10008
   360 00:0033: C8           	iny
   361 00:0034: C8           	iny
   362 00:0035: B7 0B        	lda	[<L3+pxQueue_1],Y
   363 00:0037: 85 01        	sta	<R0
   364 00:0039: 64 03        	stz	<R0+2
   365 00:003B: 88           	dey
   366 00:003C: 88           	dey
   367 00:003D: B7 0B        	lda	[<L3+pxQueue_1],Y
   368 00:003F: 85 05        	sta	<R1
   369 00:0041: 64 07        	stz	<R1+2
   370 00:0043: D4 07        	pei	<R1+2
   371 00:0045: D4 05        	pei	<R1
   372 00:0047: F4 00 00     	pea	#^$ffff
   373 00:004A: F4 FF FF     	pea	#<$ffff
   374                        	xref	_~~ldiv
   375 00:004D: 20 xx xx     	jsr	_~~ldiv
   376 00:0050: 85 05        	sta	<R1
   377 00:0052: 86 07        	stx	<R1+2
   378 00:0054: 38           	sec
   379 00:0055: A5 05        	lda	<R1
   380 00:0057: E5 01        	sbc	<R0
   381 00:0059: A5 07        	lda	<R1+2
   382 00:005B: E5 03        	sbc	<R0+2
   383 00:005D: 70 03        	bvs	L7
   384 00:005F: 49 00 80     	eor	#$8000
   385                        L7:
   386 00:0062: 30 03        	bmi	*+5
  Mon Sep 14 2026  7:48                                                                                                    Page 8


   387 00:0064: 82 E3 00     	brl	L10008
   388                        ;        taskENTER_CRITICAL();
   389                        ;        {
   390                        ;            pxQueue->u.xQueue.pcTail = pxQueue->pcHead + ( pxQueue->uxLength * pxQueue->uxItemSize );
   391 00:0067: A0 38 00     	ldy	#$38
   392 00:006A: B7 0B        	lda	[<L3+pxQueue_1],Y
   393 00:006C: AA           	tax
   394 00:006D: 88           	dey
   395 00:006E: 88           	dey
   396 00:006F: B7 0B        	lda	[<L3+pxQueue_1],Y
   397                        	xref	_~~mul
   398 00:0071: 20 xx xx     	jsr	_~~mul
   399 00:0074: 85 01        	sta	<R0
   400 00:0076: 64 03        	stz	<R0+2
   401 00:0078: A7 0B        	lda	[<L3+pxQueue_1]
   402 00:007A: 18           	clc
   403 00:007B: 65 01        	adc	<R0
   404 00:007D: 85 05        	sta	<R1
   405 00:007F: A0 02 00     	ldy	#$2
   406 00:0082: B7 0B        	lda	[<L3+pxQueue_1],Y
   407 00:0084: 65 03        	adc	<R0+2
   408 00:0086: 85 07        	sta	<R1+2
   409 00:0088: A5 05        	lda	<R1
   410 00:008A: A0 08 00     	ldy	#$8
   411 00:008D: 97 0B        	sta	[<L3+pxQueue_1],Y
   412 00:008F: A5 07        	lda	<R1+2
   413 00:0091: C8           	iny
   414 00:0092: C8           	iny
   415 00:0093: 97 0B        	sta	[<L3+pxQueue_1],Y
   416                        ;            pxQueue->uxMessagesWaiting = ( UBaseType_t ) 0U;
   417 00:0095: A9 00 00     	lda	#$0
   418 00:0098: A0 34 00     	ldy	#$34
   419 00:009B: 97 0B        	sta	[<L3+pxQueue_1],Y
   420                        ;            pxQueue->pcWriteTo = pxQueue->pcHead;
   421 00:009D: A7 0B        	lda	[<L3+pxQueue_1]
   422 00:009F: A0 04 00     	ldy	#$4
   423 00:00A2: 97 0B        	sta	[<L3+pxQueue_1],Y
   424 00:00A4: 88           	dey
   425 00:00A5: 88           	dey
   426 00:00A6: B7 0B        	lda	[<L3+pxQueue_1],Y
   427 00:00A8: A0 06 00     	ldy	#$6
   428 00:00AB: 97 0B        	sta	[<L3+pxQueue_1],Y
   429                        ;            pxQueue->u.xQueue.pcReadFrom = pxQueue->pcHead + ( ( pxQueue->uxLength - 1U ) * pxQueue->
                    uxItemSize );
   430 00:00AD: 18           	clc
   431 00:00AE: A9 FF FF     	lda	#$ffff
   432 00:00B1: A0 36 00     	ldy	#$36
   433 00:00B4: 77 0B        	adc	[<L3+pxQueue_1],Y
   434 00:00B6: 85 01        	sta	<R0
   435 00:00B8: C8           	iny
   436 00:00B9: C8           	iny
   437 00:00BA: B7 0B        	lda	[<L3+pxQueue_1],Y
   438 00:00BC: AA           	tax
   439 00:00BD: A5 01        	lda	<R0
   440                        	xref	_~~mul
   441 00:00BF: 20 xx xx     	jsr	_~~mul
   442 00:00C2: 85 01        	sta	<R0
   443 00:00C4: 64 03        	stz	<R0+2
  Mon Sep 14 2026  7:48                                                                                                    Page 9


   444 00:00C6: A7 0B        	lda	[<L3+pxQueue_1]
   445 00:00C8: 18           	clc
   446 00:00C9: 65 01        	adc	<R0
   447 00:00CB: 85 05        	sta	<R1
   448 00:00CD: A0 02 00     	ldy	#$2
   449 00:00D0: B7 0B        	lda	[<L3+pxQueue_1],Y
   450 00:00D2: 65 03        	adc	<R0+2
   451 00:00D4: 85 07        	sta	<R1+2
   452 00:00D6: A5 05        	lda	<R1
   453 00:00D8: A0 0C 00     	ldy	#$c
   454 00:00DB: 97 0B        	sta	[<L3+pxQueue_1],Y
   455 00:00DD: A5 07        	lda	<R1+2
   456 00:00DF: C8           	iny
   457 00:00E0: C8           	iny
   458 00:00E1: 97 0B        	sta	[<L3+pxQueue_1],Y
   459                        ;            pxQueue->cRxLock = queueUNLOCKED;
   460 00:00E3: E2 20        	sep	#$20
   461                        	longa	off
   462 00:00E5: A9 FF        	lda	#$ff
   463 00:00E7: A0 3A 00     	ldy	#$3a
   464 00:00EA: 97 0B        	sta	[<L3+pxQueue_1],Y
   465                        ;            pxQueue->cTxLock = queueUNLOCKED;
   466 00:00EC: C8           	iny
   467 00:00ED: 97 0B        	sta	[<L3+pxQueue_1],Y
   468 00:00EF: C2 20        	rep	#$20
   469                        	longa	on
   470                        ;
   471                        ;            if( xNewQueue == pdFALSE )
   472                        ;            {
   473 00:00F1: A5 15        	lda	<L2+xNewQueue_0
   474 00:00F3: D0 2D        	bne	L10012
   475                        ;                /* If there are tasks blocked waiting to read from the queue, then
   476                        ;                 * the tasks will remain blocked as after this function exits the queue
   477                        ;                 * will still be empty.  If there are tasks blocked waiting to write to
   478                        ;                 * the queue, then one should be unblocked as after this function exits
   479                        ;                 * it will be possible to write to it. */
   480                        ;                if( listLIST_IS_EMPTY( &( pxQueue->xTasksWaitingToSend ) ) == pdFALSE )
   481                        ;                {
   482 00:00F5: A0 10 00     	ldy	#$10
   483 00:00F8: B7 0B        	lda	[<L3+pxQueue_1],Y
   484 00:00FA: D0 05        	bne	L10
   485 00:00FC: A9 01 00     	lda	#$1
   486 00:00FF: 80 03        	bra	L12
   487                        L10:
   488 00:0101: A9 00 00     	lda	#$0
   489                        L12:
   490 00:0104: AA           	tax
   491 00:0105: D0 45        	bne	L10021
   492                        ;                    if( xTaskRemoveFromEventList( &( pxQueue->xTasksWaitingToSend ) ) != pdFALSE )
   493                        ;                    {
   494 00:0107: A9 10 00     	lda	#$10
   495 00:010A: 18           	clc
   496 00:010B: 65 0B        	adc	<L3+pxQueue_1
   497 00:010D: 85 01        	sta	<R0
   498 00:010F: A9 00 00     	lda	#$0
   499 00:0112: 65 0D        	adc	<L3+pxQueue_1+2
   500 00:0114: 48           	pha
   501 00:0115: D4 01        	pei	<R0
  Mon Sep 14 2026  7:48                                                                                                    Page 10


   502 00:0117: 20 xx xx     	jsr	_~xTaskRemoveFromEventList
   503 00:011A: AA           	tax
   504 00:011B: F0 2F        	beq	L10021
   505                        ;                        queueYIELD_IF_USING_PREEMPTION();
   506 00:011D: 20 xx xx     	jsr	_~vPortYield
   507                        ;                    }
   508                        ;                    else
   509                        ;            }
   510                        ;            else
   511 00:0120: 80 2A        	bra	L10021
   512                        ;                    {
   513                        ;                        mtCOVERAGE_TEST_MARKER();
   514                        ;                    }
   515                        ;                }
   516                        ;                else
   517                        ;                {
   518                        ;                    mtCOVERAGE_TEST_MARKER();
   519                        ;                }
   520                        L10012:
   521                        ;            {
   522                        ;                /* Ensure the event queues start in the correct state. */
   523                        ;                vListInitialise( &( pxQueue->xTasksWaitingToSend ) );
   524 00:0122: A9 10 00     	lda	#$10
   525 00:0125: 18           	clc
   526 00:0126: 65 0B        	adc	<L3+pxQueue_1
   527 00:0128: 85 01        	sta	<R0
   528 00:012A: A9 00 00     	lda	#$0
   529 00:012D: 65 0D        	adc	<L3+pxQueue_1+2
   530 00:012F: 48           	pha
   531 00:0130: D4 01        	pei	<R0
   532 00:0132: 20 xx xx     	jsr	_~vListInitialise
   533                        ;                vListInitialise( &( pxQueue->xTasksWaitingToReceive ) );
   534 00:0135: A9 22 00     	lda	#$22
   535 00:0138: 18           	clc
   536 00:0139: 65 0B        	adc	<L3+pxQueue_1
   537 00:013B: 85 01        	sta	<R0
   538 00:013D: A9 00 00     	lda	#$0
   539 00:0140: 65 0D        	adc	<L3+pxQueue_1+2
   540 00:0142: 48           	pha
   541 00:0143: D4 01        	pei	<R0
   542 00:0145: 20 xx xx     	jsr	_~vListInitialise
   543                        ;            }
   544                        ;        }
   545                        ;        taskEXIT_CRITICAL();
   546                        ;    }
   547                        ;    else
   548 00:0148: 80 02        	bra	L10021
   549                        L10008:
   550                        ;    {
   551                        ;        xReturn = pdFAIL;
   552 00:014A: 64 09        	stz	<L3+xReturn_1
   553                        ;    }
   554                        L10021:
   555                        ;
   556                        ;    configASSERT( xReturn != pdFAIL );
   557 00:014C: A5 09        	lda	<L3+xReturn_1
   558 00:014E: D0 02        	bne	L10022
   559                        L10026:
  Mon Sep 14 2026  7:48                                                                                                    Page 11


   560 00:0150: 80 FE        	bra	L10026
   561                        L10022:
   562                        ;
   563                        ;    /* A value is returned for calling semantic consistency with previous
   564                        ;     * versions. */
   565                        ;    traceRETURN_xQueueGenericReset( xReturn );
   566                        ;
   567                        ;    return xReturn;
   568 00:0152: A5 09        	lda	<L3+xReturn_1
   569 00:0154: A8           	tay
   570 00:0155: A5 0F        	lda	<L2+1
   571 00:0157: 85 15        	sta	<L2+1+6
   572 00:0159: 2B           	pld
   573 00:015A: 3B           	tsc
   574 00:015B: 18           	clc
   575 00:015C: 69 14 00     	adc	#L2+6
   576 00:015F: 1B           	tcs
   577 00:0160: 98           	tya
   578 00:0161: 60           	rts
   579                        ;}
   580             0000000E   L2	equ	14
   581             00000009   L3	equ	9
   582                        	ends
   583                        	efunc
   584                        ;/*-----------------------------------------------------------*/
   585                        ;
   586                        ;#if ( configSUPPORT_STATIC_ALLOCATION == 1 )
   587                        ;
   588                        ;    QueueHandle_t xQueueGenericCreateStatic( const UBaseType_t uxQueueLength,
   589                        ;                                             const UBaseType_t uxItemSize,
   590                        ;                                             uint8_t * pucQueueStorage,
   591                        ;                                             StaticQueue_t * pxStaticQueue,
   592                        ;                                             const uint8_t ucQueueType )
   593                        ;    {
   594                        	code
   595                        	xdef	_~xQueueGenericCreateStatic
   596                        	func
   597                        _~xQueueGenericCreateStatic:
   598                        	longa	on
   599                        	longi	on
   600 00:0162: 3B           	tsc
   601 00:0163: 38           	sec
   602 00:0164: E9 06 00     	sbc	#L17
   603 00:0167: 1B           	tcs
   604 00:0168: 0B           	phd
   605 00:0169: 5B           	tcd
   606             00000003   uxQueueLength_0	set	3
   607             00000005   uxItemSize_0	set	5
   608             00000007   pucQueueStorage_0	set	7
   609             0000000B   pxStaticQueue_0	set	11
   610             0000000F   ucQueueType_0	set	15
   611                        ;        Queue_t * pxNewQueue = NULL;
   612                        ;
   613                        ;        traceENTER_xQueueGenericCreateStatic( uxQueueLength, uxItemSize, pucQueueStorage, pxStaticQue
                    ue, ucQueueType );
   614             00000000   pxNewQueue_1	set	0
   615 00:016A: 64 01        	stz	<L18+pxNewQueue_1
   616 00:016C: 64 03        	stz	<L18+pxNewQueue_1+2
  Mon Sep 14 2026  7:48                                                                                                    Page 12


   617                        ;
   618                        ;        /* The StaticQueue_t structure and the queue storage area must be
   619                        ;         * supplied. */
   620                        ;        configASSERT( pxStaticQueue );
   621 00:016E: A5 11        	lda	<L17+pxStaticQueue_0
   622 00:0170: 05 13        	ora	<L17+pxStaticQueue_0+2
   623 00:0172: D0 02        	bne	L10029
   624                        L10033:
   625 00:0174: 80 FE        	bra	L10033
   626                        L10029:
   627                        ;
   628                        ;        if( ( uxQueueLength > ( UBaseType_t ) 0 ) &&
   629                        ;            ( pxStaticQueue != NULL ) &&
   630                        ;
   631                        ;            /* A queue storage area should be provided if the item size is not 0, and
   632                        ;             * should not be provided if the item size is 0. */
   633                        ;            ( !( ( pucQueueStorage != NULL ) && ( uxItemSize == 0U ) ) ) &&
   634                        ;            ( !( ( pucQueueStorage == NULL ) && ( uxItemSize != 0U ) ) ) )
   635                        ;        {
   636 00:0176: A9 00 00     	lda	#$0
   637 00:0179: C5 09        	cmp	<L17+uxQueueLength_0
   638 00:017B: B0 5C        	bcs	L10036
   639 00:017D: A5 11        	lda	<L17+pxStaticQueue_0
   640 00:017F: 05 13        	ora	<L17+pxStaticQueue_0+2
   641 00:0181: F0 56        	beq	L10036
   642 00:0183: A5 0D        	lda	<L17+pucQueueStorage_0
   643 00:0185: 05 0F        	ora	<L17+pucQueueStorage_0+2
   644 00:0187: F0 04        	beq	L22
   645 00:0189: A5 0B        	lda	<L17+uxItemSize_0
   646 00:018B: F0 4C        	beq	L10036
   647                        L22:
   648 00:018D: A5 0D        	lda	<L17+pucQueueStorage_0
   649 00:018F: 05 0F        	ora	<L17+pucQueueStorage_0+2
   650 00:0191: D0 04        	bne	L25
   651 00:0193: A5 0B        	lda	<L17+uxItemSize_0
   652 00:0195: D0 42        	bne	L10036
   653                        L25:
   654                        ;            #if ( configASSERT_DEFINED == 1 )
   655                        ;            {
   656                        ;                /* Sanity check that the size of the structure used to declare a
   657                        ;                 * variable of type StaticQueue_t or StaticSemaphore_t equals the size of
   658                        ;                 * the real queue and semaphore structures. */
   659                        ;                volatile size_t xSize = sizeof( StaticQueue_t );
   660                        ;
   661                        ;                /* This assertion cannot be branch covered in unit tests */
   662                        ;                configASSERT( xSize == sizeof( Queue_t ) ); /* LCOV_EXCL_BR_LINE */
   663             00000004   xSize_2	set	4
   664 00:0197: A9 3D 00     	lda	#$3d
   665 00:019A: 85 05        	sta	<L18+xSize_2
   666 00:019C: C9 3D 00     	cmp	#<$3d
   667 00:019F: F0 02        	beq	L10037
   668                        L10041:
   669 00:01A1: 80 FE        	bra	L10041
   670                        L10037:
   671                        ;                ( void ) xSize;                             /* Prevent unused variable warning when c
                    onfigASSERT() is not defined. */
   672                        ;            }
   673                        ;            #endif /* configASSERT_DEFINED */
  Mon Sep 14 2026  7:48                                                                                                    Page 13


   674                        ;
   675                        ;            /* The address of a statically allocated queue was passed in, use it.
   676                        ;             * The address of a statically allocated storage area was also passed in
   677                        ;             * but is already set. */
   678                        ;            /* MISRA Ref 11.3.1 [Misaligned access] */
   679                        ;            /* More details at: https://github.com/FreeRTOS/FreeRTOS-Kernel/blob/main/MISRA.md#rule-1
                    13 */
   680                        ;            /* coverity[misra_c_2012_rule_11_3_violation] */
   681                        ;            pxNewQueue = ( Queue_t * ) pxStaticQueue;
   682 00:01A3: A5 11        	lda	<L17+pxStaticQueue_0
   683 00:01A5: 85 01        	sta	<L18+pxNewQueue_1
   684 00:01A7: A5 13        	lda	<L17+pxStaticQueue_0+2
   685 00:01A9: 85 03        	sta	<L18+pxNewQueue_1+2
   686                        ;
   687                        ;            #if ( configSUPPORT_DYNAMIC_ALLOCATION == 1 )
   688                        ;            {
   689                        ;                /* Queues can be allocated either statically or dynamically, so
   690                        ;                 * note this queue was allocated statically in case the queue is
   691                        ;                 * later deleted. */
   692                        ;                pxNewQueue->ucStaticallyAllocated = pdTRUE;
   693 00:01AB: E2 20        	sep	#$20
   694                        	longa	off
   695 00:01AD: A9 01        	lda	#$1
   696 00:01AF: A0 3C 00     	ldy	#$3c
   697 00:01B2: 97 01        	sta	[<L18+pxNewQueue_1],Y
   698 00:01B4: C2 20        	rep	#$20
   699                        	longa	on
   700                        ;            }
   701                        ;            #endif /* configSUPPORT_DYNAMIC_ALLOCATION */
   702                        ;
   703                        ;            prvInitialiseNewQueue( uxQueueLength, uxItemSize, pucQueueStorage, ucQueueType, pxNewQueu
                    e );
   704 00:01B6: D4 03        	pei	<L18+pxNewQueue_1+2
   705 00:01B8: D4 01        	pei	<L18+pxNewQueue_1
   706 00:01BA: D4 15        	pei	<L17+ucQueueType_0
   707 00:01BC: D4 0F        	pei	<L17+pucQueueStorage_0+2
   708 00:01BE: D4 0D        	pei	<L17+pucQueueStorage_0
   709 00:01C0: D4 0B        	pei	<L17+uxItemSize_0
   710 00:01C2: D4 09        	pei	<L17+uxQueueLength_0
   711 00:01C4: 20 xx xx     	jsr	_~prvInitialiseNewQueue
   712                        ;        }
   713                        ;        else
   714                        L10044:
   715                        ;
   716                        ;        traceRETURN_xQueueGenericCreateStatic( pxNewQueue );
   717                        ;
   718                        ;        return pxNewQueue;
   719 00:01C7: A6 03        	ldx	<L18+pxNewQueue_1+2
   720 00:01C9: A5 01        	lda	<L18+pxNewQueue_1
   721 00:01CB: A8           	tay
   722 00:01CC: A5 07        	lda	<L17+1
   723 00:01CE: 85 15        	sta	<L17+1+14
   724 00:01D0: 2B           	pld
   725 00:01D1: 3B           	tsc
   726 00:01D2: 18           	clc
   727 00:01D3: 69 14 00     	adc	#L17+14
   728 00:01D6: 1B           	tcs
   729 00:01D7: 98           	tya
  Mon Sep 14 2026  7:48                                                                                                    Page 14


   730 00:01D8: 60           	rts
   731                        L10036:
   732                        ;        {
   733                        ;            configASSERT( pxNewQueue );
   734 00:01D9: A5 01        	lda	<L18+pxNewQueue_1
   735 00:01DB: 05 03        	ora	<L18+pxNewQueue_1+2
   736 00:01DD: D0 E8        	bne	L10044
   737                        L10049:
   738 00:01DF: 80 FE        	bra	L10049
   739                        ;            mtCOVERAGE_TEST_MARKER();
   740                        ;        }
   741                        ;    }
   742             00000006   L17	equ	6
   743             00000001   L18	equ	1
   744                        	ends
   745                        	efunc
   746                        ;
   747                        ;#endif /* configSUPPORT_STATIC_ALLOCATION */
   748                        ;/*-----------------------------------------------------------*/
   749                        ;
   750                        ;#if ( configSUPPORT_STATIC_ALLOCATION == 1 )
   751                        ;
   752                        ;    BaseType_t xQueueGenericGetStaticBuffers( QueueHandle_t xQueue,
   753                        ;                                              uint8_t ** ppucQueueStorage,
   754                        ;                                              StaticQueue_t ** ppxStaticQueue )
   755                        ;    {
   756                        	code
   757                        	xdef	_~xQueueGenericGetStaticBuffers
   758                        	func
   759                        _~xQueueGenericGetStaticBuffers:
   760                        	longa	on
   761                        	longi	on
   762 00:01E1: 3B           	tsc
   763 00:01E2: 38           	sec
   764 00:01E3: E9 06 00     	sbc	#L31
   765 00:01E6: 1B           	tcs
   766 00:01E7: 0B           	phd
   767 00:01E8: 5B           	tcd
   768             00000003   xQueue_0	set	3
   769             00000007   ppucQueueStorage_0	set	7
   770             0000000B   ppxStaticQueue_0	set	11
   771                        ;        BaseType_t xReturn;
   772                        ;        Queue_t * const pxQueue = xQueue;
   773                        ;
   774                        ;        traceENTER_xQueueGenericGetStaticBuffers( xQueue, ppucQueueStorage, ppxStaticQueue );
   775             00000000   xReturn_1	set	0
   776             00000002   pxQueue_1	set	2
   777 00:01E9: A5 09        	lda	<L31+xQueue_0
   778 00:01EB: 85 03        	sta	<L32+pxQueue_1
   779 00:01ED: A5 0B        	lda	<L31+xQueue_0+2
   780 00:01EF: 85 05        	sta	<L32+pxQueue_1+2
   781                        ;
   782                        ;        configASSERT( pxQueue );
   783 00:01F1: A5 03        	lda	<L32+pxQueue_1
   784 00:01F3: 05 05        	ora	<L32+pxQueue_1+2
   785 00:01F5: D0 02        	bne	L10052
   786                        L10056:
   787 00:01F7: 80 FE        	bra	L10056
  Mon Sep 14 2026  7:48                                                                                                    Page 15


   788                        L10052:
   789                        ;        configASSERT( ppxStaticQueue );
   790 00:01F9: A5 11        	lda	<L31+ppxStaticQueue_0
   791 00:01FB: 05 13        	ora	<L31+ppxStaticQueue_0+2
   792 00:01FD: D0 02        	bne	L10059
   793                        L10063:
   794 00:01FF: 80 FE        	bra	L10063
   795                        L10059:
   796                        ;
   797                        ;        #if ( configSUPPORT_DYNAMIC_ALLOCATION == 1 )
   798                        ;        {
   799                        ;            /* Check if the queue was statically allocated. */
   800                        ;            if( pxQueue->ucStaticallyAllocated == ( uint8_t ) pdTRUE )
   801                        ;            {
   802 00:0201: E2 20        	sep	#$20
   803                        	longa	off
   804 00:0203: A0 3C 00     	ldy	#$3c
   805 00:0206: B7 03        	lda	[<L32+pxQueue_1],Y
   806 00:0208: C9 01        	cmp	#<$1
   807 00:020A: C2 20        	rep	#$20
   808                        	longa	on
   809 00:020C: D0 23        	bne	L10066
   810                        ;                if( ppucQueueStorage != NULL )
   811                        ;                {
   812 00:020E: A5 0D        	lda	<L31+ppucQueueStorage_0
   813 00:0210: 05 0F        	ora	<L31+ppucQueueStorage_0+2
   814 00:0212: F0 0B        	beq	L10067
   815                        ;                    *ppucQueueStorage = ( uint8_t * ) pxQueue->pcHead;
   816 00:0214: A7 03        	lda	[<L32+pxQueue_1]
   817 00:0216: 87 0D        	sta	[<L31+ppucQueueStorage_0]
   818 00:0218: A0 02 00     	ldy	#$2
   819 00:021B: B7 03        	lda	[<L32+pxQueue_1],Y
   820 00:021D: 97 0D        	sta	[<L31+ppucQueueStorage_0],Y
   821                        ;                }
   822                        ;
   823                        ;                /* MISRA Ref 11.3.1 [Misaligned access] */
   824                        ;                /* More details at: https://github.com/FreeRTOS/FreeRTOS-Kernel/blob/main/MISRA.md#ru
                    le-113 */
   825                        ;                /* coverity[misra_c_2012_rule_11_3_violation] */
   826                        ;                *ppxStaticQueue = ( StaticQueue_t * ) pxQueue;
   827                        L10067:
   828 00:021F: A5 03        	lda	<L32+pxQueue_1
   829 00:0221: 87 11        	sta	[<L31+ppxStaticQueue_0]
   830 00:0223: A5 05        	lda	<L32+pxQueue_1+2
   831 00:0225: A0 02 00     	ldy	#$2
   832 00:0228: 97 11        	sta	[<L31+ppxStaticQueue_0],Y
   833                        ;                xReturn = pdTRUE;
   834 00:022A: A9 01 00     	lda	#$1
   835 00:022D: 85 01        	sta	<L32+xReturn_1
   836                        ;            }
   837                        ;            else
   838 00:022F: 80 02        	bra	L10068
   839                        L10066:
   840                        ;            {
   841                        ;                xReturn = pdFALSE;
   842 00:0231: 64 01        	stz	<L32+xReturn_1
   843                        ;            }
   844                        L10068:
  Mon Sep 14 2026  7:48                                                                                                    Page 16


   845                        ;        }
   846                        ;        #else /* configSUPPORT_DYNAMIC_ALLOCATION */
   847                        ;        {
   848                        ;            /* Queue must have been statically allocated. */
   849                        ;            if( ppucQueueStorage != NULL )
   850                        ;            {
   851                        ;                *ppucQueueStorage = ( uint8_t * ) pxQueue->pcHead;
   852                        ;            }
   853                        ;
   854                        ;            *ppxStaticQueue = ( StaticQueue_t * ) pxQueue;
   855                        ;            xReturn = pdTRUE;
   856                        ;        }
   857                        ;        #endif /* configSUPPORT_DYNAMIC_ALLOCATION */
   858                        ;
   859                        ;        traceRETURN_xQueueGenericGetStaticBuffers( xReturn );
   860                        ;
   861                        ;        return xReturn;
   862 00:0233: A5 01        	lda	<L32+xReturn_1
   863 00:0235: A8           	tay
   864 00:0236: A5 07        	lda	<L31+1
   865 00:0238: 85 13        	sta	<L31+1+12
   866 00:023A: 2B           	pld
   867 00:023B: 3B           	tsc
   868 00:023C: 18           	clc
   869 00:023D: 69 12 00     	adc	#L31+12
   870 00:0240: 1B           	tcs
   871 00:0241: 98           	tya
   872 00:0242: 60           	rts
   873                        ;    }
   874             00000006   L31	equ	6
   875             00000001   L32	equ	1
   876                        	ends
   877                        	efunc
   878                        ;
   879                        ;#endif /* configSUPPORT_STATIC_ALLOCATION */
   880                        ;/*-----------------------------------------------------------*/
   881                        ;
   882                        ;#if ( configSUPPORT_DYNAMIC_ALLOCATION == 1 )
   883                        ;
   884                        ;    QueueHandle_t xQueueGenericCreate( const UBaseType_t uxQueueLength,
   885                        ;                                       const UBaseType_t uxItemSize,
   886                        ;                                       const uint8_t ucQueueType )
   887                        ;    {
   888                        	code
   889                        	xdef	_~xQueueGenericCreate
   890                        	func
   891                        _~xQueueGenericCreate:
   892                        	longa	on
   893                        	longi	on
   894 00:0243: 3B           	tsc
   895 00:0244: 38           	sec
   896 00:0245: E9 12 00     	sbc	#L38
   897 00:0248: 1B           	tcs
   898 00:0249: 0B           	phd
   899 00:024A: 5B           	tcd
   900             00000003   uxQueueLength_0	set	3
   901             00000005   uxItemSize_0	set	5
   902             00000007   ucQueueType_0	set	7
  Mon Sep 14 2026  7:48                                                                                                    Page 17


   903                        ;        Queue_t * pxNewQueue = NULL;
   904                        ;        size_t xQueueSizeInBytes;
   905                        ;        uint8_t * pucQueueStorage;
   906                        ;
   907                        ;        traceENTER_xQueueGenericCreate( uxQueueLength, uxItemSize, ucQueueType );
   908             00000000   pxNewQueue_1	set	0
   909             00000004   xQueueSizeInBytes_1	set	4
   910             00000006   pucQueueStorage_1	set	6
   911 00:024B: 64 09        	stz	<L39+pxNewQueue_1
   912 00:024D: 64 0B        	stz	<L39+pxNewQueue_1+2
   913                        ;
   914                        ;        if( ( uxQueueLength > ( UBaseType_t ) 0 ) &&
   915                        ;            /* Check for multiplication overflow. */
   916                        ;            ( ( SIZE_MAX / uxQueueLength ) >= uxItemSize ) &&
   917                        ;            /* Check for addition overflow. */
   918                        ;            /* MISRA Ref 14.3.1 [Configuration dependent invariant] */
   919                        ;            /* More details at: https://github.com/FreeRTOS/FreeRTOS-Kernel/blob/main/MISRA.md#rule-1
                    43. */
   920                        ;            /* coverity[misra_c_2012_rule_14_3_violation] */
   921                        ;            ( ( SIZE_MAX - sizeof( Queue_t ) ) >= ( size_t ) ( ( size_t ) uxQueueLength * ( size_t ) 
                    uxItemSize ) ) )
   922                        ;        {
   923 00:024F: A9 00 00     	lda	#$0
   924 00:0252: C5 15        	cmp	<L38+uxQueueLength_0
   925 00:0254: 90 03        	bcc	*+5
   926 00:0256: 82 A5 00     	brl	L10069
   927 00:0259: A5 17        	lda	<L38+uxItemSize_0
   928 00:025B: 85 01        	sta	<R0
   929 00:025D: 64 03        	stz	<R0+2
   930 00:025F: A5 15        	lda	<L38+uxQueueLength_0
   931 00:0261: 85 05        	sta	<R1
   932 00:0263: 64 07        	stz	<R1+2
   933 00:0265: D4 07        	pei	<R1+2
   934 00:0267: D4 05        	pei	<R1
   935 00:0269: F4 00 00     	pea	#^$ffff
   936 00:026C: F4 FF FF     	pea	#<$ffff
   937                        	xref	_~~ldiv
   938 00:026F: 20 xx xx     	jsr	_~~ldiv
   939 00:0272: 85 05        	sta	<R1
   940 00:0274: 86 07        	stx	<R1+2
   941 00:0276: 38           	sec
   942 00:0277: A5 05        	lda	<R1
   943 00:0279: E5 01        	sbc	<R0
   944 00:027B: A5 07        	lda	<R1+2
   945 00:027D: E5 03        	sbc	<R0+2
   946 00:027F: 70 03        	bvs	L41
   947 00:0281: 49 00 80     	eor	#$8000
   948                        L41:
   949 00:0284: 10 78        	bpl	L10069
   950 00:0286: A5 15        	lda	<L38+uxQueueLength_0
   951 00:0288: A6 17        	ldx	<L38+uxItemSize_0
   952                        	xref	_~~mul
   953 00:028A: 20 xx xx     	jsr	_~~mul
   954 00:028D: 85 01        	sta	<R0
   955 00:028F: 64 03        	stz	<R0+2
   956 00:0291: 38           	sec
   957 00:0292: A9 C2 FF     	lda	#$ffc2
   958 00:0295: E5 01        	sbc	<R0
  Mon Sep 14 2026  7:48                                                                                                    Page 18


   959 00:0297: A9 00 00     	lda	#$0
   960 00:029A: E5 03        	sbc	<R0+2
   961 00:029C: 70 03        	bvs	L43
   962 00:029E: 49 00 80     	eor	#$8000
   963                        L43:
   964 00:02A1: 10 5B        	bpl	L10069
   965                        ;            /* Allocate enough space to hold the maximum number of items that
   966                        ;             * can be in the queue at any time.  It is valid for uxItemSize to be
   967                        ;             * zero in the case the queue is used as a semaphore. */
   968                        ;            xQueueSizeInBytes = ( size_t ) ( ( size_t ) uxQueueLength * ( size_t ) uxItemSize );
   969 00:02A3: A5 15        	lda	<L38+uxQueueLength_0
   970 00:02A5: A6 17        	ldx	<L38+uxItemSize_0
   971                        	xref	_~~mul
   972 00:02A7: 20 xx xx     	jsr	_~~mul
   973 00:02AA: 85 0D        	sta	<L39+xQueueSizeInBytes_1
   974 00:02AC: 18           	clc
   975 00:02AD: 69 3D 00     	adc	#$3d
   976 00:02B0: 48           	pha
   977 00:02B1: 20 xx xx     	jsr	_~pvPortMalloc
   978 00:02B4: 85 09        	sta	<L39+pxNewQueue_1
   979 00:02B6: 86 0B        	stx	<L39+pxNewQueue_1+2
   980                        ;
   981                        ;            if( pxNewQueue != NULL )
   982                        ;            {
   983 00:02B8: 05 0B        	ora	<L39+pxNewQueue_1+2
   984 00:02BA: F0 30        	beq	L10072
   985                        ;                /* Jump past the queue structure to find the location of the queue
   986                        ;                 * storage area. */
   987                        ;                pucQueueStorage = ( uint8_t * ) pxNewQueue;
   988 00:02BC: A5 09        	lda	<L39+pxNewQueue_1
   989 00:02BE: 85 0F        	sta	<L39+pucQueueStorage_1
   990 00:02C0: A5 0B        	lda	<L39+pxNewQueue_1+2
   991 00:02C2: 85 11        	sta	<L39+pucQueueStorage_1+2
   992                        ;                pucQueueStorage += sizeof( Queue_t );
   993 00:02C4: A9 3D 00     	lda	#$3d
   994 00:02C7: 18           	clc
   995 00:02C8: 65 0F        	adc	<L39+pucQueueStorage_1
   996 00:02CA: 85 0F        	sta	<L39+pucQueueStorage_1
   997 00:02CC: 90 02        	bcc	L46
   998 00:02CE: E6 11        	inc	<L39+pucQueueStorage_1+2
   999                        L46:
  1000                        ;
  1001                        ;                #if ( configSUPPORT_STATIC_ALLOCATION == 1 )
  1002                        ;                {
  1003                        ;                    /* Queues can be created either statically or dynamically, so
  1004                        ;                     * note this task was created dynamically in case it is later
  1005                        ;                     * deleted. */
  1006                        ;                    pxNewQueue->ucStaticallyAllocated = pdFALSE;
  1007 00:02D0: E2 20        	sep	#$20
  1008                        	longa	off
  1009 00:02D2: A9 00        	lda	#$0
  1010 00:02D4: A0 3C 00     	ldy	#$3c
  1011 00:02D7: 97 09        	sta	[<L39+pxNewQueue_1],Y
  1012 00:02D9: C2 20        	rep	#$20
  1013                        	longa	on
  1014                        ;                }
  1015                        ;                #endif /* configSUPPORT_STATIC_ALLOCATION */
  1016                        ;
  Mon Sep 14 2026  7:48                                                                                                    Page 19


  1017                        ;                prvInitialiseNewQueue( uxQueueLength, uxItemSize, pucQueueStorage, ucQueueType, pxNew
                    Queue );
  1018 00:02DB: D4 0B        	pei	<L39+pxNewQueue_1+2
  1019 00:02DD: D4 09        	pei	<L39+pxNewQueue_1
  1020 00:02DF: D4 19        	pei	<L38+ucQueueType_0
  1021 00:02E1: D4 11        	pei	<L39+pucQueueStorage_1+2
  1022 00:02E3: D4 0F        	pei	<L39+pucQueueStorage_1
  1023 00:02E5: D4 17        	pei	<L38+uxItemSize_0
  1024 00:02E7: D4 15        	pei	<L38+uxQueueLength_0
  1025 00:02E9: 20 xx xx     	jsr	_~prvInitialiseNewQueue
  1026                        ;            }
  1027                        ;            else
  1028                        L10072:
  1029                        ;
  1030                        ;        traceRETURN_xQueueGenericCreate( pxNewQueue );
  1031                        ;
  1032                        ;        return pxNewQueue;
  1033 00:02EC: A6 0B        	ldx	<L39+pxNewQueue_1+2
  1034 00:02EE: A5 09        	lda	<L39+pxNewQueue_1
  1035 00:02F0: A8           	tay
  1036 00:02F1: A5 13        	lda	<L38+1
  1037 00:02F3: 85 19        	sta	<L38+1+6
  1038 00:02F5: 2B           	pld
  1039 00:02F6: 3B           	tsc
  1040 00:02F7: 18           	clc
  1041 00:02F8: 69 18 00     	adc	#L38+6
  1042 00:02FB: 1B           	tcs
  1043 00:02FC: 98           	tya
  1044 00:02FD: 60           	rts
  1045                        ;            {
  1046                        ;                traceQUEUE_CREATE_FAILED( ucQueueType );
  1047                        ;                mtCOVERAGE_TEST_MARKER();
  1048                        ;            }
  1049                        ;        }
  1050                        ;        else
  1051                        L10069:
  1052                        ;        {
  1053                        ;            configASSERT( pxNewQueue );
  1054 00:02FE: A5 09        	lda	<L39+pxNewQueue_1
  1055 00:0300: 05 0B        	ora	<L39+pxNewQueue_1+2
  1056 00:0302: D0 E8        	bne	L10072
  1057                        L10077:
  1058 00:0304: 80 FE        	bra	L10077
  1059                        ;            mtCOVERAGE_TEST_MARKER();
  1060                        ;        }
  1061                        ;    }
  1062             00000012   L38	equ	18
  1063             00000009   L39	equ	9
  1064                        	ends
  1065                        	efunc
  1066                        ;
  1067                        ;#endif /* configSUPPORT_DYNAMIC_ALLOCATION */
  1068                        ;/*-----------------------------------------------------------*/
  1069                        ;
  1070                        ;static void prvInitialiseNewQueue( const UBaseType_t uxQueueLength,
  1071                        ;                                   const UBaseType_t uxItemSize,
  1072                        ;                                   uint8_t * pucQueueStorage,
  1073                        ;                                   const uint8_t ucQueueType,
  Mon Sep 14 2026  7:48                                                                                                    Page 20


  1074                        ;                                   Queue_t * pxNewQueue )
  1075                        ;{
  1076                        	code
  1077                        	func
  1078                        _~prvInitialiseNewQueue:
  1079                        	longa	on
  1080                        	longi	on
  1081 00:0306: 3B           	tsc
  1082 00:0307: 38           	sec
  1083 00:0308: E9 04 00     	sbc	#L49
  1084 00:030B: 1B           	tcs
  1085 00:030C: 0B           	phd
  1086 00:030D: 5B           	tcd
  1087             00000003   uxQueueLength_0	set	3
  1088             00000005   uxItemSize_0	set	5
  1089             00000007   pucQueueStorage_0	set	7
  1090             0000000B   ucQueueType_0	set	11
  1091             0000000D   pxNewQueue_0	set	13
  1092                        ;    /* Remove compiler warnings about unused parameters should
  1093                        ;     * configUSE_TRACE_FACILITY not be set to 1. */
  1094                        ;    ( void ) ucQueueType;
  1095                        ;
  1096                        ;    if( uxItemSize == ( UBaseType_t ) 0 )
  1097                        ;    {
  1098 00:030E: A5 09        	lda	<L49+uxItemSize_0
  1099 00:0310: D0 08        	bne	L10080
  1100                        ;        /* No RAM was allocated for the queue storage area, but PC head cannot
  1101                        ;         * be set to NULL because NULL is used as a key to say the queue is used as
  1102                        ;         * a mutex.  Therefore just set pcHead to point to the queue as a benign
  1103                        ;         * value that is known to be within the memory map. */
  1104                        ;        pxNewQueue->pcHead = ( int8_t * ) pxNewQueue;
  1105 00:0312: A5 11        	lda	<L49+pxNewQueue_0
  1106 00:0314: 87 11        	sta	[<L49+pxNewQueue_0]
  1107 00:0316: A5 13        	lda	<L49+pxNewQueue_0+2
  1108 00:0318: 80 06        	bra	L20001
  1109                        ;    }
  1110                        ;    else
  1111                        L10080:
  1112                        ;    {
  1113                        ;        /* Set the head to the start of the queue storage area. */
  1114                        ;        pxNewQueue->pcHead = ( int8_t * ) pucQueueStorage;
  1115 00:031A: A5 0B        	lda	<L49+pucQueueStorage_0
  1116 00:031C: 87 11        	sta	[<L49+pxNewQueue_0]
  1117 00:031E: A5 0D        	lda	<L49+pucQueueStorage_0+2
  1118                        L20001:
  1119 00:0320: A0 02 00     	ldy	#$2
  1120 00:0323: 97 11        	sta	[<L49+pxNewQueue_0],Y
  1121                        ;    }
  1122                        ;
  1123                        ;    /* Initialise the queue members as described where the queue type is
  1124                        ;     * defined. */
  1125                        ;    pxNewQueue->uxLength = uxQueueLength;
  1126 00:0325: A5 07        	lda	<L49+uxQueueLength_0
  1127 00:0327: A0 36 00     	ldy	#$36
  1128 00:032A: 97 11        	sta	[<L49+pxNewQueue_0],Y
  1129                        ;    pxNewQueue->uxItemSize = uxItemSize;
  1130 00:032C: A5 09        	lda	<L49+uxItemSize_0
  1131 00:032E: C8           	iny
  Mon Sep 14 2026  7:48                                                                                                    Page 21


  1132 00:032F: C8           	iny
  1133 00:0330: 97 11        	sta	[<L49+pxNewQueue_0],Y
  1134                        ;    ( void ) xQueueGenericReset( pxNewQueue, pdTRUE );
  1135 00:0332: F4 01 00     	pea	#<$1
  1136 00:0335: D4 13        	pei	<L49+pxNewQueue_0+2
  1137 00:0337: D4 11        	pei	<L49+pxNewQueue_0
  1138 00:0339: 20 xx xx     	jsr	_~xQueueGenericReset
  1139                        ;
  1140                        ;    #if ( configUSE_TRACE_FACILITY == 1 )
  1141                        ;    {
  1142                        ;        pxNewQueue->ucQueueType = ucQueueType;
  1143                        ;    }
  1144                        ;    #endif /* configUSE_TRACE_FACILITY */
  1145                        ;
  1146                        ;    #if ( configUSE_QUEUE_SETS == 1 )
  1147                        ;    {
  1148                        ;        pxNewQueue->pxQueueSetContainer = NULL;
  1149                        ;    }
  1150                        ;    #endif /* configUSE_QUEUE_SETS */
  1151                        ;
  1152                        ;    traceQUEUE_CREATE( pxNewQueue );
  1153                        ;}
  1154 00:033C: A5 05        	lda	<L49+1
  1155 00:033E: 85 13        	sta	<L49+1+14
  1156 00:0340: 2B           	pld
  1157 00:0341: 3B           	tsc
  1158 00:0342: 18           	clc
  1159 00:0343: 69 12 00     	adc	#L49+14
  1160 00:0346: 1B           	tcs
  1161 00:0347: 60           	rts
  1162             00000004   L49	equ	4
  1163             00000005   L50	equ	5
  1164                        	ends
  1165                        	efunc
  1166                        ;/*-----------------------------------------------------------*/
  1167                        ;
  1168                        ;#if ( configUSE_MUTEXES == 1 )
  1169                        ;
  1170                        ;    static void prvInitialiseMutex( Queue_t * pxNewQueue )
  1171                        ;    {
  1172                        	code
  1173                        	func
  1174                        _~prvInitialiseMutex:
  1175                        	longa	on
  1176                        	longi	on
  1177 00:0348: 3B           	tsc
  1178 00:0349: 38           	sec
  1179 00:034A: E9 04 00     	sbc	#L53
  1180 00:034D: 1B           	tcs
  1181 00:034E: 0B           	phd
  1182 00:034F: 5B           	tcd
  1183             00000003   pxNewQueue_0	set	3
  1184                        ;        if( pxNewQueue != NULL )
  1185                        ;        {
  1186 00:0350: A5 07        	lda	<L53+pxNewQueue_0
  1187 00:0352: 05 09        	ora	<L53+pxNewQueue_0+2
  1188 00:0354: F0 2E        	beq	L56
  1189                        ;            /* The queue create function will set all the queue structure members
  Mon Sep 14 2026  7:48                                                                                                    Page 22


  1190                        ;            * correctly for a generic queue, but this function is creating a
  1191                        ;            * mutex.  Overwrite those members that need to be set differently -
  1192                        ;            * in particular the information required for priority inheritance. */
  1193                        ;            pxNewQueue->u.xSemaphore.xMutexHolder = NULL;
  1194 00:0356: A9 00 00     	lda	#$0
  1195 00:0359: A0 08 00     	ldy	#$8
  1196 00:035C: 97 07        	sta	[<L53+pxNewQueue_0],Y
  1197 00:035E: C8           	iny
  1198 00:035F: C8           	iny
  1199 00:0360: 97 07        	sta	[<L53+pxNewQueue_0],Y
  1200                        ;            pxNewQueue->uxQueueType = queueQUEUE_IS_MUTEX;
  1201 00:0362: 87 07        	sta	[<L53+pxNewQueue_0]
  1202 00:0364: A0 02 00     	ldy	#$2
  1203 00:0367: 97 07        	sta	[<L53+pxNewQueue_0],Y
  1204                        ;
  1205                        ;            /* In case this is a recursive mutex. */
  1206                        ;            pxNewQueue->u.xSemaphore.uxRecursiveCallCount = 0;
  1207 00:0369: A0 0C 00     	ldy	#$c
  1208 00:036C: 97 07        	sta	[<L53+pxNewQueue_0],Y
  1209                        ;
  1210                        ;            traceCREATE_MUTEX( pxNewQueue );
  1211                        ;
  1212                        ;            /* Start with the semaphore in the expected state. */
  1213                        ;            ( void ) xQueueGenericSend( pxNewQueue, NULL, ( TickType_t ) 0U, queueSEND_TO_BACK );
  1214 00:036E: F4 00 00     	pea	#<$0
  1215 00:0371: F4 00 00     	pea	#^$0
  1216 00:0374: F4 00 00     	pea	#<$0
  1217 00:0377: F4 00 00     	pea	#^$0
  1218 00:037A: F4 00 00     	pea	#<$0
  1219 00:037D: D4 09        	pei	<L53+pxNewQueue_0+2
  1220 00:037F: D4 07        	pei	<L53+pxNewQueue_0
  1221 00:0381: 20 xx xx     	jsr	_~xQueueGenericSend
  1222                        ;        }
  1223                        ;        else
  1224                        ;        {
  1225                        ;            traceCREATE_MUTEX_FAILED();
  1226                        ;        }
  1227                        ;    }
  1228                        L56:
  1229 00:0384: A5 05        	lda	<L53+1
  1230 00:0386: 85 09        	sta	<L53+1+4
  1231 00:0388: 2B           	pld
  1232 00:0389: 3B           	tsc
  1233 00:038A: 18           	clc
  1234 00:038B: 69 08 00     	adc	#L53+4
  1235 00:038E: 1B           	tcs
  1236 00:038F: 60           	rts
  1237             00000004   L53	equ	4
  1238             00000005   L54	equ	5
  1239                        	ends
  1240                        	efunc
  1241                        ;
  1242                        ;#endif /* configUSE_MUTEXES */
  1243                        ;/*-----------------------------------------------------------*/
  1244                        ;
  1245                        ;#if ( ( configUSE_MUTEXES == 1 ) && ( configSUPPORT_DYNAMIC_ALLOCATION == 1 ) )
  1246                        ;
  1247                        ;    QueueHandle_t xQueueCreateMutex( const uint8_t ucQueueType )
  Mon Sep 14 2026  7:48                                                                                                    Page 23


  1248                        ;    {
  1249                        	code
  1250                        	xdef	_~xQueueCreateMutex
  1251                        	func
  1252                        _~xQueueCreateMutex:
  1253                        	longa	on
  1254                        	longi	on
  1255 00:0390: 3B           	tsc
  1256 00:0391: 38           	sec
  1257 00:0392: E9 08 00     	sbc	#L57
  1258 00:0395: 1B           	tcs
  1259 00:0396: 0B           	phd
  1260 00:0397: 5B           	tcd
  1261             00000003   ucQueueType_0	set	3
  1262                        ;        QueueHandle_t xNewQueue;
  1263                        ;        const UBaseType_t uxMutexLength = ( UBaseType_t ) 1, uxMutexSize = ( UBaseType_t ) 0;
  1264                        ;
  1265                        ;        traceENTER_xQueueCreateMutex( ucQueueType );
  1266             00000000   xNewQueue_1	set	0
  1267             00000004   uxMutexLength_1	set	4
  1268             00000006   uxMutexSize_1	set	6
  1269 00:0398: A9 01 00     	lda	#$1
  1270 00:039B: 85 05        	sta	<L58+uxMutexLength_1
  1271 00:039D: 64 07        	stz	<L58+uxMutexSize_1
  1272                        ;
  1273                        ;        xNewQueue = xQueueGenericCreate( uxMutexLength, uxMutexSize, ucQueueType );
  1274 00:039F: D4 0B        	pei	<L57+ucQueueType_0
  1275 00:03A1: F4 00 00     	pea	#<$0
  1276 00:03A4: F4 01 00     	pea	#<$1
  1277 00:03A7: 20 xx xx     	jsr	_~xQueueGenericCreate
  1278 00:03AA: 85 01        	sta	<L58+xNewQueue_1
  1279 00:03AC: 86 03        	stx	<L58+xNewQueue_1+2
  1280                        ;        prvInitialiseMutex( ( Queue_t * ) xNewQueue );
  1281 00:03AE: D4 03        	pei	<L58+xNewQueue_1+2
  1282 00:03B0: D4 01        	pei	<L58+xNewQueue_1
  1283 00:03B2: 20 xx xx     	jsr	_~prvInitialiseMutex
  1284                        ;
  1285                        ;        traceRETURN_xQueueCreateMutex( xNewQueue );
  1286                        ;
  1287                        ;        return xNewQueue;
  1288 00:03B5: A6 03        	ldx	<L58+xNewQueue_1+2
  1289 00:03B7: A5 01        	lda	<L58+xNewQueue_1
  1290 00:03B9: A8           	tay
  1291 00:03BA: A5 09        	lda	<L57+1
  1292 00:03BC: 85 0B        	sta	<L57+1+2
  1293 00:03BE: 2B           	pld
  1294 00:03BF: 3B           	tsc
  1295 00:03C0: 18           	clc
  1296 00:03C1: 69 0A 00     	adc	#L57+2
  1297 00:03C4: 1B           	tcs
  1298 00:03C5: 98           	tya
  1299 00:03C6: 60           	rts
  1300                        ;    }
  1301             00000008   L57	equ	8
  1302             00000001   L58	equ	1
  1303                        	ends
  1304                        	efunc
  1305                        ;
  Mon Sep 14 2026  7:48                                                                                                    Page 24


  1306                        ;#endif /* configUSE_MUTEXES */
  1307                        ;/*-----------------------------------------------------------*/
  1308                        ;
  1309                        ;#if ( ( configUSE_MUTEXES == 1 ) && ( configSUPPORT_STATIC_ALLOCATION == 1 ) )
  1310                        ;
  1311                        ;    QueueHandle_t xQueueCreateMutexStatic( const uint8_t ucQueueType,
  1312                        ;                                           StaticQueue_t * pxStaticQueue )
  1313                        ;    {
  1314                        	code
  1315                        	xdef	_~xQueueCreateMutexStatic
  1316                        	func
  1317                        _~xQueueCreateMutexStatic:
  1318                        	longa	on
  1319                        	longi	on
  1320 00:03C7: 3B           	tsc
  1321 00:03C8: 38           	sec
  1322 00:03C9: E9 08 00     	sbc	#L60
  1323 00:03CC: 1B           	tcs
  1324 00:03CD: 0B           	phd
  1325 00:03CE: 5B           	tcd
  1326             00000003   ucQueueType_0	set	3
  1327             00000005   pxStaticQueue_0	set	5
  1328                        ;        QueueHandle_t xNewQueue;
  1329                        ;        const UBaseType_t uxMutexLength = ( UBaseType_t ) 1, uxMutexSize = ( UBaseType_t ) 0;
  1330                        ;
  1331                        ;        traceENTER_xQueueCreateMutexStatic( ucQueueType, pxStaticQueue );
  1332             00000000   xNewQueue_1	set	0
  1333             00000004   uxMutexLength_1	set	4
  1334             00000006   uxMutexSize_1	set	6
  1335 00:03CF: A9 01 00     	lda	#$1
  1336 00:03D2: 85 05        	sta	<L61+uxMutexLength_1
  1337 00:03D4: 64 07        	stz	<L61+uxMutexSize_1
  1338                        ;
  1339                        ;        /* Prevent compiler warnings about unused parameters if
  1340                        ;         * configUSE_TRACE_FACILITY does not equal 1. */
  1341                        ;        ( void ) ucQueueType;
  1342                        ;
  1343                        ;        xNewQueue = xQueueGenericCreateStatic( uxMutexLength, uxMutexSize, NULL, pxStaticQueue, ucQue
                    ueType );
  1344 00:03D6: D4 0B        	pei	<L60+ucQueueType_0
  1345 00:03D8: D4 0F        	pei	<L60+pxStaticQueue_0+2
  1346 00:03DA: D4 0D        	pei	<L60+pxStaticQueue_0
  1347 00:03DC: F4 00 00     	pea	#^$0
  1348 00:03DF: F4 00 00     	pea	#<$0
  1349 00:03E2: F4 00 00     	pea	#<$0
  1350 00:03E5: F4 01 00     	pea	#<$1
  1351 00:03E8: 20 xx xx     	jsr	_~xQueueGenericCreateStatic
  1352 00:03EB: 85 01        	sta	<L61+xNewQueue_1
  1353 00:03ED: 86 03        	stx	<L61+xNewQueue_1+2
  1354                        ;        prvInitialiseMutex( ( Queue_t * ) xNewQueue );
  1355 00:03EF: D4 03        	pei	<L61+xNewQueue_1+2
  1356 00:03F1: D4 01        	pei	<L61+xNewQueue_1
  1357 00:03F3: 20 xx xx     	jsr	_~prvInitialiseMutex
  1358                        ;
  1359                        ;        traceRETURN_xQueueCreateMutexStatic( xNewQueue );
  1360                        ;
  1361                        ;        return xNewQueue;
  1362 00:03F6: A6 03        	ldx	<L61+xNewQueue_1+2
  Mon Sep 14 2026  7:48                                                                                                    Page 25


  1363 00:03F8: A5 01        	lda	<L61+xNewQueue_1
  1364 00:03FA: A8           	tay
  1365 00:03FB: A5 09        	lda	<L60+1
  1366 00:03FD: 85 0F        	sta	<L60+1+6
  1367 00:03FF: 2B           	pld
  1368 00:0400: 3B           	tsc
  1369 00:0401: 18           	clc
  1370 00:0402: 69 0E 00     	adc	#L60+6
  1371 00:0405: 1B           	tcs
  1372 00:0406: 98           	tya
  1373 00:0407: 60           	rts
  1374                        ;    }
  1375             00000008   L60	equ	8
  1376             00000001   L61	equ	1
  1377                        	ends
  1378                        	efunc
  1379                        ;
  1380                        ;#endif /* configUSE_MUTEXES */
  1381                        ;/*-----------------------------------------------------------*/
  1382                        ;
  1383                        ;#if ( ( configUSE_MUTEXES == 1 ) && ( INCLUDE_xSemaphoreGetMutexHolder == 1 ) )
  1384                        ;
  1385                        ;    TaskHandle_t xQueueGetMutexHolder( QueueHandle_t xSemaphore )
  1386                        ;    {
  1387                        ;        TaskHandle_t pxReturn;
  1388                        ;        Queue_t * const pxSemaphore = ( Queue_t * ) xSemaphore;
  1389                        ;
  1390                        ;        traceENTER_xQueueGetMutexHolder( xSemaphore );
  1391                        ;
  1392                        ;        configASSERT( xSemaphore );
  1393                        ;
  1394                        ;        /* This function is called by xSemaphoreGetMutexHolder(), and should not
  1395                        ;         * be called directly.  Note:  This is a good way of determining if the
  1396                        ;         * calling task is the mutex holder, but not a good way of determining the
  1397                        ;         * identity of the mutex holder, as the holder may change between the
  1398                        ;         * following critical section exiting and the function returning. */
  1399                        ;        taskENTER_CRITICAL();
  1400                        ;        {
  1401                        ;            if( pxSemaphore->uxQueueType == queueQUEUE_IS_MUTEX )
  1402                        ;            {
  1403                        ;                pxReturn = pxSemaphore->u.xSemaphore.xMutexHolder;
  1404                        ;            }
  1405                        ;            else
  1406                        ;            {
  1407                        ;                pxReturn = NULL;
  1408                        ;            }
  1409                        ;        }
  1410                        ;        taskEXIT_CRITICAL();
  1411                        ;
  1412                        ;        traceRETURN_xQueueGetMutexHolder( pxReturn );
  1413                        ;
  1414                        ;        return pxReturn;
  1415                        ;    }
  1416                        ;
  1417                        ;#endif /* if ( ( configUSE_MUTEXES == 1 ) && ( INCLUDE_xSemaphoreGetMutexHolder == 1 ) ) */
  1418                        ;/*-----------------------------------------------------------*/
  1419                        ;
  1420                        ;#if ( ( configUSE_MUTEXES == 1 ) && ( INCLUDE_xSemaphoreGetMutexHolder == 1 ) )
  Mon Sep 14 2026  7:48                                                                                                    Page 26


  1421                        ;
  1422                        ;    TaskHandle_t xQueueGetMutexHolderFromISR( QueueHandle_t xSemaphore )
  1423                        ;    {
  1424                        ;        TaskHandle_t pxReturn;
  1425                        ;
  1426                        ;        traceENTER_xQueueGetMutexHolderFromISR( xSemaphore );
  1427                        ;
  1428                        ;        configASSERT( xSemaphore );
  1429                        ;
  1430                        ;        /* Mutexes cannot be used in interrupt service routines, so the mutex
  1431                        ;         * holder should not change in an ISR, and therefore a critical section is
  1432                        ;         * not required here. */
  1433                        ;        if( ( ( Queue_t * ) xSemaphore )->uxQueueType == queueQUEUE_IS_MUTEX )
  1434                        ;        {
  1435                        ;            pxReturn = ( ( Queue_t * ) xSemaphore )->u.xSemaphore.xMutexHolder;
  1436                        ;        }
  1437                        ;        else
  1438                        ;        {
  1439                        ;            pxReturn = NULL;
  1440                        ;        }
  1441                        ;
  1442                        ;        traceRETURN_xQueueGetMutexHolderFromISR( pxReturn );
  1443                        ;
  1444                        ;        return pxReturn;
  1445                        ;    }
  1446                        ;
  1447                        ;#endif /* if ( ( configUSE_MUTEXES == 1 ) && ( INCLUDE_xSemaphoreGetMutexHolder == 1 ) ) */
  1448                        ;/*-----------------------------------------------------------*/
  1449                        ;
  1450                        ;#if ( configUSE_RECURSIVE_MUTEXES == 1 )
  1451                        ;
  1452                        ;    BaseType_t xQueueGiveMutexRecursive( QueueHandle_t xMutex )
  1453                        ;    {
  1454                        	code
  1455                        	xdef	_~xQueueGiveMutexRecursive
  1456                        	func
  1457                        _~xQueueGiveMutexRecursive:
  1458                        	longa	on
  1459                        	longi	on
  1460 00:0408: 3B           	tsc
  1461 00:0409: 38           	sec
  1462 00:040A: E9 0A 00     	sbc	#L63
  1463 00:040D: 1B           	tcs
  1464 00:040E: 0B           	phd
  1465 00:040F: 5B           	tcd
  1466             00000003   xMutex_0	set	3
  1467                        ;        BaseType_t xReturn;
  1468                        ;        Queue_t * const pxMutex = ( Queue_t * ) xMutex;
  1469                        ;
  1470                        ;        traceENTER_xQueueGiveMutexRecursive( xMutex );
  1471             00000000   xReturn_1	set	0
  1472             00000002   pxMutex_1	set	2
  1473 00:0410: A5 0D        	lda	<L63+xMutex_0
  1474 00:0412: 85 07        	sta	<L64+pxMutex_1
  1475 00:0414: A5 0F        	lda	<L63+xMutex_0+2
  1476 00:0416: 85 09        	sta	<L64+pxMutex_1+2
  1477                        ;
  1478                        ;        configASSERT( pxMutex );
  Mon Sep 14 2026  7:48                                                                                                    Page 27


  1479 00:0418: A5 07        	lda	<L64+pxMutex_1
  1480 00:041A: 05 09        	ora	<L64+pxMutex_1+2
  1481 00:041C: D0 02        	bne	L10084
  1482                        L10088:
  1483 00:041E: 80 FE        	bra	L10088
  1484                        L10084:
  1485                        ;
  1486                        ;        /* If this is the task that holds the mutex then xMutexHolder will not
  1487                        ;         * change outside of this task.  If this task does not hold the mutex then
  1488                        ;         * pxMutexHolder can never coincidentally equal the tasks handle, and as
  1489                        ;         * this is the only condition we are interested in it does not matter if
  1490                        ;         * pxMutexHolder is accessed simultaneously by another task.  Therefore no
  1491                        ;         * mutual exclusion is required to test the pxMutexHolder variable. */
  1492                        ;        if( pxMutex->u.xSemaphore.xMutexHolder == xTaskGetCurrentTaskHandle() )
  1493                        ;        {
  1494 00:0420: 20 xx xx     	jsr	_~xTaskGetCurrentTaskHandle
  1495 00:0423: 86 03        	stx	<R0+2
  1496 00:0425: A0 08 00     	ldy	#$8
  1497 00:0428: D7 07        	cmp	[<L64+pxMutex_1],Y
  1498 00:042A: D0 06        	bne	L66
  1499 00:042C: A5 03        	lda	<R0+2
  1500 00:042E: C8           	iny
  1501 00:042F: C8           	iny
  1502 00:0430: D7 07        	cmp	[<L64+pxMutex_1],Y
  1503                        L66:
  1504 00:0432: D0 2C        	bne	L10091
  1505                        ;            traceGIVE_MUTEX_RECURSIVE( pxMutex );
  1506                        ;
  1507                        ;            /* uxRecursiveCallCount cannot be zero if xMutexHolder is equal to
  1508                        ;             * the task handle, therefore no underflow check is required.  Also,
  1509                        ;             * uxRecursiveCallCount is only modified by the mutex holder, and as
  1510                        ;             * there can only be one, no mutual exclusion is required to modify the
  1511                        ;             * uxRecursiveCallCount member. */
  1512                        ;            ( pxMutex->u.xSemaphore.uxRecursiveCallCount )--;
  1513 00:0434: 18           	clc
  1514 00:0435: A9 FF FF     	lda	#$ffff
  1515 00:0438: A0 0C 00     	ldy	#$c
  1516 00:043B: 77 07        	adc	[<L64+pxMutex_1],Y
  1517 00:043D: 97 07        	sta	[<L64+pxMutex_1],Y
  1518                        ;
  1519                        ;            /* Has the recursive call count unwound to 0? */
  1520                        ;            if( pxMutex->u.xSemaphore.uxRecursiveCallCount == ( UBaseType_t ) 0 )
  1521                        ;            {
  1522 00:043F: B7 07        	lda	[<L64+pxMutex_1],Y
  1523 00:0441: D0 16        	bne	L10093
  1524                        ;                /* Return the mutex.  This will automatically unblock any other
  1525                        ;                 * task that might be waiting to access the mutex. */
  1526                        ;                ( void ) xQueueGenericSend( pxMutex, NULL, queueMUTEX_GIVE_BLOCK_TIME, queueSEND_TO_B
                    ACK );
  1527 00:0443: F4 00 00     	pea	#<$0
  1528 00:0446: F4 00 00     	pea	#^$0
  1529 00:0449: F4 00 00     	pea	#<$0
  1530 00:044C: F4 00 00     	pea	#^$0
  1531 00:044F: F4 00 00     	pea	#<$0
  1532 00:0452: D4 09        	pei	<L64+pxMutex_1+2
  1533 00:0454: D4 07        	pei	<L64+pxMutex_1
  1534 00:0456: 20 xx xx     	jsr	_~xQueueGenericSend
  1535                        ;            }
  Mon Sep 14 2026  7:48                                                                                                    Page 28


  1536                        ;            else
  1537                        ;            {
  1538                        ;                mtCOVERAGE_TEST_MARKER();
  1539                        ;            }
  1540                        L10093:
  1541                        ;
  1542                        ;            xReturn = pdPASS;
  1543 00:0459: A9 01 00     	lda	#$1
  1544 00:045C: 85 05        	sta	<L64+xReturn_1
  1545                        ;        }
  1546                        ;        else
  1547 00:045E: 80 02        	bra	L10094
  1548                        L10091:
  1549                        ;        {
  1550                        ;            /* The mutex cannot be given because the calling task is not the
  1551                        ;             * holder. */
  1552                        ;            xReturn = pdFAIL;
  1553 00:0460: 64 05        	stz	<L64+xReturn_1
  1554                        ;
  1555                        ;            traceGIVE_MUTEX_RECURSIVE_FAILED( pxMutex );
  1556                        ;        }
  1557                        L10094:
  1558                        ;
  1559                        ;        traceRETURN_xQueueGiveMutexRecursive( xReturn );
  1560                        ;
  1561                        ;        return xReturn;
  1562 00:0462: A5 05        	lda	<L64+xReturn_1
  1563 00:0464: A8           	tay
  1564 00:0465: A5 0B        	lda	<L63+1
  1565 00:0467: 85 0F        	sta	<L63+1+4
  1566 00:0469: 2B           	pld
  1567 00:046A: 3B           	tsc
  1568 00:046B: 18           	clc
  1569 00:046C: 69 0E 00     	adc	#L63+4
  1570 00:046F: 1B           	tcs
  1571 00:0470: 98           	tya
  1572 00:0471: 60           	rts
  1573                        ;    }
  1574             0000000A   L63	equ	10
  1575             00000005   L64	equ	5
  1576                        	ends
  1577                        	efunc
  1578                        ;
  1579                        ;#endif /* configUSE_RECURSIVE_MUTEXES */
  1580                        ;/*-----------------------------------------------------------*/
  1581                        ;
  1582                        ;#if ( configUSE_RECURSIVE_MUTEXES == 1 )
  1583                        ;
  1584                        ;    BaseType_t xQueueTakeMutexRecursive( QueueHandle_t xMutex,
  1585                        ;                                         TickType_t xTicksToWait )
  1586                        ;    {
  1587                        	code
  1588                        	xdef	_~xQueueTakeMutexRecursive
  1589                        	func
  1590                        _~xQueueTakeMutexRecursive:
  1591                        	longa	on
  1592                        	longi	on
  1593 00:0472: 3B           	tsc
  Mon Sep 14 2026  7:48                                                                                                    Page 29


  1594 00:0473: 38           	sec
  1595 00:0474: E9 0A 00     	sbc	#L70
  1596 00:0477: 1B           	tcs
  1597 00:0478: 0B           	phd
  1598 00:0479: 5B           	tcd
  1599             00000003   xMutex_0	set	3
  1600             00000007   xTicksToWait_0	set	7
  1601                        ;        BaseType_t xReturn;
  1602                        ;        Queue_t * const pxMutex = ( Queue_t * ) xMutex;
  1603                        ;
  1604                        ;        traceENTER_xQueueTakeMutexRecursive( xMutex, xTicksToWait );
  1605             00000000   xReturn_1	set	0
  1606             00000002   pxMutex_1	set	2
  1607 00:047A: A5 0D        	lda	<L70+xMutex_0
  1608 00:047C: 85 07        	sta	<L71+pxMutex_1
  1609 00:047E: A5 0F        	lda	<L70+xMutex_0+2
  1610 00:0480: 85 09        	sta	<L71+pxMutex_1+2
  1611                        ;
  1612                        ;        configASSERT( pxMutex );
  1613 00:0482: A5 07        	lda	<L71+pxMutex_1
  1614 00:0484: 05 09        	ora	<L71+pxMutex_1+2
  1615 00:0486: D0 02        	bne	L10095
  1616                        L10099:
  1617 00:0488: 80 FE        	bra	L10099
  1618                        L10095:
  1619                        ;
  1620                        ;        /* Comments regarding mutual exclusion as per those within
  1621                        ;         * xQueueGiveMutexRecursive(). */
  1622                        ;
  1623                        ;        traceTAKE_MUTEX_RECURSIVE( pxMutex );
  1624                        ;
  1625                        ;        if( pxMutex->u.xSemaphore.xMutexHolder == xTaskGetCurrentTaskHandle() )
  1626                        ;        {
  1627 00:048A: 20 xx xx     	jsr	_~xTaskGetCurrentTaskHandle
  1628 00:048D: 86 03        	stx	<R0+2
  1629 00:048F: A0 08 00     	ldy	#$8
  1630 00:0492: D7 07        	cmp	[<L71+pxMutex_1],Y
  1631 00:0494: D0 06        	bne	L73
  1632 00:0496: A5 03        	lda	<R0+2
  1633 00:0498: C8           	iny
  1634 00:0499: C8           	iny
  1635 00:049A: D7 07        	cmp	[<L71+pxMutex_1],Y
  1636                        L73:
  1637 00:049C: D0 23        	bne	L10102
  1638                        ;            ( pxMutex->u.xSemaphore.uxRecursiveCallCount )++;
  1639 00:049E: A0 0C 00     	ldy	#$c
  1640 00:04A1: B7 07        	lda	[<L71+pxMutex_1],Y
  1641 00:04A3: 1A           	ina
  1642 00:04A4: 97 07        	sta	[<L71+pxMutex_1],Y
  1643                        ;
  1644                        ;            /* Check if an overflow occurred. */
  1645                        ;            configASSERT( pxMutex->u.xSemaphore.uxRecursiveCallCount );
  1646 00:04A6: B7 07        	lda	[<L71+pxMutex_1],Y
  1647 00:04A8: D0 02        	bne	L10103
  1648                        L10107:
  1649 00:04AA: 80 FE        	bra	L10107
  1650                        L10103:
  1651                        ;
  Mon Sep 14 2026  7:48                                                                                                    Page 30


  1652                        ;            xReturn = pdPASS;
  1653 00:04AC: A9 01 00     	lda	#$1
  1654 00:04AF: 85 05        	sta	<L71+xReturn_1
  1655                        ;        }
  1656                        ;        else
  1657                        L10110:
  1658                        ;
  1659                        ;        traceRETURN_xQueueTakeMutexRecursive( xReturn );
  1660                        ;
  1661                        ;        return xReturn;
  1662 00:04B1: A5 05        	lda	<L71+xReturn_1
  1663 00:04B3: A8           	tay
  1664 00:04B4: A5 0B        	lda	<L70+1
  1665 00:04B6: 85 13        	sta	<L70+1+8
  1666 00:04B8: 2B           	pld
  1667 00:04B9: 3B           	tsc
  1668 00:04BA: 18           	clc
  1669 00:04BB: 69 12 00     	adc	#L70+8
  1670 00:04BE: 1B           	tcs
  1671 00:04BF: 98           	tya
  1672 00:04C0: 60           	rts
  1673                        L10102:
  1674                        ;        {
  1675                        ;            xReturn = xQueueSemaphoreTake( pxMutex, xTicksToWait );
  1676 00:04C1: D4 13        	pei	<L70+xTicksToWait_0+2
  1677 00:04C3: D4 11        	pei	<L70+xTicksToWait_0
  1678 00:04C5: D4 09        	pei	<L71+pxMutex_1+2
  1679 00:04C7: D4 07        	pei	<L71+pxMutex_1
  1680 00:04C9: 20 xx xx     	jsr	_~xQueueSemaphoreTake
  1681 00:04CC: 85 05        	sta	<L71+xReturn_1
  1682                        ;
  1683                        ;            /* pdPASS will only be returned if the mutex was successfully
  1684                        ;             * obtained.  The calling task may have entered the Blocked state
  1685                        ;             * before reaching here. */
  1686                        ;            if( xReturn != pdFAIL )
  1687                        ;            {
  1688 00:04CE: A5 05        	lda	<L71+xReturn_1
  1689 00:04D0: F0 DF        	beq	L10110
  1690                        ;                ( pxMutex->u.xSemaphore.uxRecursiveCallCount )++;
  1691 00:04D2: A0 0C 00     	ldy	#$c
  1692 00:04D5: B7 07        	lda	[<L71+pxMutex_1],Y
  1693 00:04D7: 1A           	ina
  1694 00:04D8: 97 07        	sta	[<L71+pxMutex_1],Y
  1695                        ;
  1696                        ;                /* Check if an overflow occurred. */
  1697                        ;                configASSERT( pxMutex->u.xSemaphore.uxRecursiveCallCount );
  1698 00:04DA: B7 07        	lda	[<L71+pxMutex_1],Y
  1699 00:04DC: D0 D3        	bne	L10110
  1700                        L10116:
  1701 00:04DE: 80 FE        	bra	L10116
  1702                        ;            }
  1703                        ;            else
  1704                        ;            {
  1705                        ;                traceTAKE_MUTEX_RECURSIVE_FAILED( pxMutex );
  1706                        ;            }
  1707                        ;        }
  1708                        ;    }
  1709             0000000A   L70	equ	10
  Mon Sep 14 2026  7:48                                                                                                    Page 31


  1710             00000005   L71	equ	5
  1711                        	ends
  1712                        	efunc
  1713                        ;
  1714                        ;#endif /* configUSE_RECURSIVE_MUTEXES */
  1715                        ;/*-----------------------------------------------------------*/
  1716                        ;
  1717                        ;#if ( ( configUSE_COUNTING_SEMAPHORES == 1 ) && ( configSUPPORT_STATIC_ALLOCATION == 1 ) )
  1718                        ;
  1719                        ;    QueueHandle_t xQueueCreateCountingSemaphoreStatic( const UBaseType_t uxMaxCount,
  1720                        ;                                                       const UBaseType_t uxInitialCount,
  1721                        ;                                                       StaticQueue_t * pxStaticQueue )
  1722                        ;    {
  1723                        	code
  1724                        	xdef	_~xQueueCreateCountingSemaphoreStatic
  1725                        	func
  1726                        _~xQueueCreateCountingSemaphoreStatic:
  1727                        	longa	on
  1728                        	longi	on
  1729 00:04E0: 3B           	tsc
  1730 00:04E1: 38           	sec
  1731 00:04E2: E9 04 00     	sbc	#L79
  1732 00:04E5: 1B           	tcs
  1733 00:04E6: 0B           	phd
  1734 00:04E7: 5B           	tcd
  1735             00000003   uxMaxCount_0	set	3
  1736             00000005   uxInitialCount_0	set	5
  1737             00000007   pxStaticQueue_0	set	7
  1738                        ;        QueueHandle_t xHandle = NULL;
  1739                        ;
  1740                        ;        traceENTER_xQueueCreateCountingSemaphoreStatic( uxMaxCount, uxInitialCount, pxStaticQueue );
  1741             00000000   xHandle_1	set	0
  1742 00:04E8: 64 01        	stz	<L80+xHandle_1
  1743 00:04EA: 64 03        	stz	<L80+xHandle_1+2
  1744                        ;
  1745                        ;        if( ( uxMaxCount != 0U ) &&
  1746                        ;            ( uxInitialCount <= uxMaxCount ) )
  1747                        ;        {
  1748 00:04EC: A5 07        	lda	<L79+uxMaxCount_0
  1749 00:04EE: F0 3C        	beq	L10120
  1750 00:04F0: A5 07        	lda	<L79+uxMaxCount_0
  1751 00:04F2: C5 09        	cmp	<L79+uxInitialCount_0
  1752 00:04F4: 90 36        	bcc	L10120
  1753                        ;            xHandle = xQueueGenericCreateStatic( uxMaxCount, queueSEMAPHORE_QUEUE_ITEM_LENGTH, NULL, 
                    pxStaticQueue, queueQUEUE_TYPE_COUNTING_SEMAPHORE );
  1754 00:04F6: F4 02 00     	pea	#<$2
  1755 00:04F9: D4 0D        	pei	<L79+pxStaticQueue_0+2
  1756 00:04FB: D4 0B        	pei	<L79+pxStaticQueue_0
  1757 00:04FD: F4 00 00     	pea	#^$0
  1758 00:0500: F4 00 00     	pea	#<$0
  1759 00:0503: F4 00 00     	pea	#<$0
  1760 00:0506: D4 07        	pei	<L79+uxMaxCount_0
  1761 00:0508: 20 xx xx     	jsr	_~xQueueGenericCreateStatic
  1762 00:050B: 85 01        	sta	<L80+xHandle_1
  1763 00:050D: 86 03        	stx	<L80+xHandle_1+2
  1764                        ;
  1765                        ;            if( xHandle != NULL )
  1766                        ;            {
  Mon Sep 14 2026  7:48                                                                                                    Page 32


  1767 00:050F: 05 03        	ora	<L80+xHandle_1+2
  1768 00:0511: F0 07        	beq	L10123
  1769                        ;                ( ( Queue_t * ) xHandle )->uxMessagesWaiting = uxInitialCount;
  1770 00:0513: A5 09        	lda	<L79+uxInitialCount_0
  1771 00:0515: A0 34 00     	ldy	#$34
  1772 00:0518: 97 01        	sta	[<L80+xHandle_1],Y
  1773                        ;
  1774                        ;                traceCREATE_COUNTING_SEMAPHORE();
  1775                        ;            }
  1776                        ;            else
  1777                        L10123:
  1778                        ;
  1779                        ;        traceRETURN_xQueueCreateCountingSemaphoreStatic( xHandle );
  1780                        ;
  1781                        ;        return xHandle;
  1782 00:051A: A6 03        	ldx	<L80+xHandle_1+2
  1783 00:051C: A5 01        	lda	<L80+xHandle_1
  1784 00:051E: A8           	tay
  1785 00:051F: A5 05        	lda	<L79+1
  1786 00:0521: 85 0D        	sta	<L79+1+8
  1787 00:0523: 2B           	pld
  1788 00:0524: 3B           	tsc
  1789 00:0525: 18           	clc
  1790 00:0526: 69 0C 00     	adc	#L79+8
  1791 00:0529: 1B           	tcs
  1792 00:052A: 98           	tya
  1793 00:052B: 60           	rts
  1794                        ;            {
  1795                        ;                traceCREATE_COUNTING_SEMAPHORE_FAILED();
  1796                        ;            }
  1797                        ;        }
  1798                        ;        else
  1799                        L10120:
  1800                        ;        {
  1801                        ;            configASSERT( xHandle );
  1802 00:052C: A5 01        	lda	<L80+xHandle_1
  1803 00:052E: 05 03        	ora	<L80+xHandle_1+2
  1804 00:0530: D0 E8        	bne	L10123
  1805                        L10128:
  1806 00:0532: 80 FE        	bra	L10128
  1807                        ;            mtCOVERAGE_TEST_MARKER();
  1808                        ;        }
  1809                        ;    }
  1810             00000004   L79	equ	4
  1811             00000001   L80	equ	1
  1812                        	ends
  1813                        	efunc
  1814                        ;
  1815                        ;#endif /* ( ( configUSE_COUNTING_SEMAPHORES == 1 ) && ( configSUPPORT_DYNAMIC_ALLOCATION == 1 ) ) */
  1816                        ;/*-----------------------------------------------------------*/
  1817                        ;
  1818                        ;#if ( ( configUSE_COUNTING_SEMAPHORES == 1 ) && ( configSUPPORT_DYNAMIC_ALLOCATION == 1 ) )
  1819                        ;
  1820                        ;    QueueHandle_t xQueueCreateCountingSemaphore( const UBaseType_t uxMaxCount,
  1821                        ;                                                 const UBaseType_t uxInitialCount )
  1822                        ;    {
  1823                        	code
  1824                        	xdef	_~xQueueCreateCountingSemaphore
  Mon Sep 14 2026  7:48                                                                                                    Page 33


  1825                        	func
  1826                        _~xQueueCreateCountingSemaphore:
  1827                        	longa	on
  1828                        	longi	on
  1829 00:0534: 3B           	tsc
  1830 00:0535: 38           	sec
  1831 00:0536: E9 04 00     	sbc	#L86
  1832 00:0539: 1B           	tcs
  1833 00:053A: 0B           	phd
  1834 00:053B: 5B           	tcd
  1835             00000003   uxMaxCount_0	set	3
  1836             00000005   uxInitialCount_0	set	5
  1837                        ;        QueueHandle_t xHandle = NULL;
  1838                        ;
  1839                        ;        traceENTER_xQueueCreateCountingSemaphore( uxMaxCount, uxInitialCount );
  1840             00000000   xHandle_1	set	0
  1841 00:053C: 64 01        	stz	<L87+xHandle_1
  1842 00:053E: 64 03        	stz	<L87+xHandle_1+2
  1843                        ;
  1844                        ;        if( ( uxMaxCount != 0U ) &&
  1845                        ;            ( uxInitialCount <= uxMaxCount ) )
  1846                        ;        {
  1847 00:0540: A5 07        	lda	<L86+uxMaxCount_0
  1848 00:0542: F0 32        	beq	L10131
  1849 00:0544: A5 07        	lda	<L86+uxMaxCount_0
  1850 00:0546: C5 09        	cmp	<L86+uxInitialCount_0
  1851 00:0548: 90 2C        	bcc	L10131
  1852                        ;            xHandle = xQueueGenericCreate( uxMaxCount, queueSEMAPHORE_QUEUE_ITEM_LENGTH, queueQUEUE_T
                    YPE_COUNTING_SEMAPHORE );
  1853 00:054A: F4 02 00     	pea	#<$2
  1854 00:054D: F4 00 00     	pea	#<$0
  1855 00:0550: D4 07        	pei	<L86+uxMaxCount_0
  1856 00:0552: 20 xx xx     	jsr	_~xQueueGenericCreate
  1857 00:0555: 85 01        	sta	<L87+xHandle_1
  1858 00:0557: 86 03        	stx	<L87+xHandle_1+2
  1859                        ;
  1860                        ;            if( xHandle != NULL )
  1861                        ;            {
  1862 00:0559: 05 03        	ora	<L87+xHandle_1+2
  1863 00:055B: F0 07        	beq	L10134
  1864                        ;                ( ( Queue_t * ) xHandle )->uxMessagesWaiting = uxInitialCount;
  1865 00:055D: A5 09        	lda	<L86+uxInitialCount_0
  1866 00:055F: A0 34 00     	ldy	#$34
  1867 00:0562: 97 01        	sta	[<L87+xHandle_1],Y
  1868                        ;
  1869                        ;                traceCREATE_COUNTING_SEMAPHORE();
  1870                        ;            }
  1871                        ;            else
  1872                        L10134:
  1873                        ;
  1874                        ;        traceRETURN_xQueueCreateCountingSemaphore( xHandle );
  1875                        ;
  1876                        ;        return xHandle;
  1877 00:0564: A6 03        	ldx	<L87+xHandle_1+2
  1878 00:0566: A5 01        	lda	<L87+xHandle_1
  1879 00:0568: A8           	tay
  1880 00:0569: A5 05        	lda	<L86+1
  1881 00:056B: 85 09        	sta	<L86+1+4
  Mon Sep 14 2026  7:48                                                                                                    Page 34


  1882 00:056D: 2B           	pld
  1883 00:056E: 3B           	tsc
  1884 00:056F: 18           	clc
  1885 00:0570: 69 08 00     	adc	#L86+4
  1886 00:0573: 1B           	tcs
  1887 00:0574: 98           	tya
  1888 00:0575: 60           	rts
  1889                        ;            {
  1890                        ;                traceCREATE_COUNTING_SEMAPHORE_FAILED();
  1891                        ;            }
  1892                        ;        }
  1893                        ;        else
  1894                        L10131:
  1895                        ;        {
  1896                        ;            configASSERT( xHandle );
  1897 00:0576: A5 01        	lda	<L87+xHandle_1
  1898 00:0578: 05 03        	ora	<L87+xHandle_1+2
  1899 00:057A: D0 E8        	bne	L10134
  1900                        L10139:
  1901 00:057C: 80 FE        	bra	L10139
  1902                        ;            mtCOVERAGE_TEST_MARKER();
  1903                        ;        }
  1904                        ;    }
  1905             00000004   L86	equ	4
  1906             00000001   L87	equ	1
  1907                        	ends
  1908                        	efunc
  1909                        ;
  1910                        ;#endif /* ( ( configUSE_COUNTING_SEMAPHORES == 1 ) && ( configSUPPORT_DYNAMIC_ALLOCATION == 1 ) ) */
  1911                        ;/*-----------------------------------------------------------*/
  1912                        ;
  1913                        ;BaseType_t xQueueGenericSend( QueueHandle_t xQueue,
  1914                        ;                              const void * const pvItemToQueue,
  1915                        ;                              TickType_t xTicksToWait,
  1916                        ;                              const BaseType_t xCopyPosition )
  1917                        ;{
  1918                        	code
  1919                        	xdef	_~xQueueGenericSend
  1920                        	func
  1921                        _~xQueueGenericSend:
  1922                        	longa	on
  1923                        	longi	on
  1924 00:057E: 3B           	tsc
  1925 00:057F: 38           	sec
  1926 00:0580: E9 12 00     	sbc	#L93
  1927 00:0583: 1B           	tcs
  1928 00:0584: 0B           	phd
  1929 00:0585: 5B           	tcd
  1930             00000003   xQueue_0	set	3
  1931             00000007   pvItemToQueue_0	set	7
  1932             0000000B   xTicksToWait_0	set	11
  1933             0000000F   xCopyPosition_0	set	15
  1934                        ;    BaseType_t xEntryTimeSet = pdFALSE, xYieldRequired;
  1935                        ;    TimeOut_t xTimeOut;
  1936                        ;    Queue_t * const pxQueue = xQueue;
  1937                        ;
  1938                        ;    traceENTER_xQueueGenericSend( xQueue, pvItemToQueue, xTicksToWait, xCopyPosition );
  1939             00000000   xEntryTimeSet_1	set	0
  Mon Sep 14 2026  7:48                                                                                                    Page 35


  1940             00000002   xYieldRequired_1	set	2
  1941             00000004   xTimeOut_1	set	4
  1942             0000000A   pxQueue_1	set	10
  1943 00:0586: 64 05        	stz	<L94+xEntryTimeSet_1
  1944 00:0588: A5 15        	lda	<L93+xQueue_0
  1945 00:058A: 85 0F        	sta	<L94+pxQueue_1
  1946 00:058C: A5 17        	lda	<L93+xQueue_0+2
  1947 00:058E: 85 11        	sta	<L94+pxQueue_1+2
  1948                        ;
  1949                        ;    configASSERT( pxQueue );
  1950 00:0590: A5 0F        	lda	<L94+pxQueue_1
  1951 00:0592: 05 11        	ora	<L94+pxQueue_1+2
  1952 00:0594: D0 02        	bne	L10142
  1953                        L10146:
  1954 00:0596: 80 FE        	bra	L10146
  1955                        L10142:
  1956                        ;    configASSERT( !( ( pvItemToQueue == NULL ) && ( pxQueue->uxItemSize != ( UBaseType_t ) 0U ) ) );
  1957 00:0598: A5 19        	lda	<L93+pvItemToQueue_0
  1958 00:059A: 05 1B        	ora	<L93+pvItemToQueue_0+2
  1959 00:059C: D0 09        	bne	L10149
  1960 00:059E: A0 38 00     	ldy	#$38
  1961 00:05A1: B7 0F        	lda	[<L94+pxQueue_1],Y
  1962 00:05A3: F0 02        	beq	L10149
  1963                        L10153:
  1964 00:05A5: 80 FE        	bra	L10153
  1965                        L10149:
  1966                        ;    configASSERT( !( ( xCopyPosition == queueOVERWRITE ) && ( pxQueue->uxLength != 1 ) ) );
  1967 00:05A7: A5 21        	lda	<L93+xCopyPosition_0
  1968 00:05A9: C9 02 00     	cmp	#<$2
  1969 00:05AC: D0 0C        	bne	L10156
  1970 00:05AE: A0 36 00     	ldy	#$36
  1971 00:05B1: B7 0F        	lda	[<L94+pxQueue_1],Y
  1972 00:05B3: C9 01 00     	cmp	#<$1
  1973 00:05B6: F0 02        	beq	L10156
  1974                        L10160:
  1975 00:05B8: 80 FE        	bra	L10160
  1976                        L10156:
  1977                        ;    #if ( ( INCLUDE_xTaskGetSchedulerState == 1 ) || ( configUSE_TIMERS == 1 ) )
  1978                        ;    {
  1979                        ;        configASSERT( !( ( xTaskGetSchedulerState() == taskSCHEDULER_SUSPENDED ) && ( xTicksToWait !=
                     0 ) ) );
  1980 00:05BA: 20 xx xx     	jsr	_~xTaskGetSchedulerState
  1981 00:05BD: AA           	tax
  1982 00:05BE: F0 03        	beq	*+5
  1983 00:05C0: 82 D5 00     	brl	L10174
  1984 00:05C3: A5 1D        	lda	<L93+xTicksToWait_0
  1985 00:05C5: 05 1F        	ora	<L93+xTicksToWait_0+2
  1986 00:05C7: D0 03        	bne	*+5
  1987 00:05C9: 82 CC 00     	brl	L10174
  1988                        L10167:
  1989 00:05CC: 80 FE        	bra	L10167
  1990                        ;    }
  1991                        ;    #endif
  1992                        ;
  1993                        ;    for( ; ; )
  1994                        ;    {
  1995                        ;        taskENTER_CRITICAL();
  1996                        L105:
  Mon Sep 14 2026  7:48                                                                                                    Page 36


  1997 00:05CE: A9 00 00     	lda	#$0
  1998                        L107:
  1999 00:05D1: AA           	tax
  2000 00:05D2: D0 2A        	bne	L10177
  2001                        ;                        if( xTaskRemoveFromEventList( &( pxQueue->xTasksWaitingToReceive ) ) != pdFAL
                    SE )
  2002                        ;                        {
  2003 00:05D4: A9 22 00     	lda	#$22
  2004 00:05D7: 18           	clc
  2005 00:05D8: 65 0F        	adc	<L94+pxQueue_1
  2006 00:05DA: 85 01        	sta	<R0
  2007 00:05DC: A9 00 00     	lda	#$0
  2008 00:05DF: 65 11        	adc	<L94+pxQueue_1+2
  2009 00:05E1: 48           	pha
  2010 00:05E2: D4 01        	pei	<R0
  2011 00:05E4: 20 xx xx     	jsr	_~xTaskRemoveFromEventList
  2012 00:05E7: AA           	tax
  2013                        L20003:
  2014 00:05E8: F0 03        	beq	L10184
  2015                        ;                            /* The unblocked task has a priority higher than
  2016                        ;                             * our own so yield immediately.  Yes it is ok to do
  2017                        ;                             * this from within the critical section - the kernel
  2018                        ;                             * takes care of that. */
  2019                        ;                            queueYIELD_IF_USING_PREEMPTION();
  2020 00:05EA: 20 xx xx     	jsr	_~vPortYield
  2021                        ;                        }
  2022                        ;                        else
  2023                        L10184:
  2024                        ;
  2025                        ;                traceRETURN_xQueueGenericSend( pdPASS );
  2026                        ;
  2027                        ;                return pdPASS;
  2028 00:05ED: A9 01 00     	lda	#$1
  2029                        L111:
  2030 00:05F0: A8           	tay
  2031 00:05F1: A5 13        	lda	<L93+1
  2032 00:05F3: 85 21        	sta	<L93+1+14
  2033 00:05F5: 2B           	pld
  2034 00:05F6: 3B           	tsc
  2035 00:05F7: 18           	clc
  2036 00:05F8: 69 20 00     	adc	#L93+14
  2037 00:05FB: 1B           	tcs
  2038 00:05FC: 98           	tya
  2039 00:05FD: 60           	rts
  2040                        ;                        {
  2041                        ;                            mtCOVERAGE_TEST_MARKER();
  2042                        ;                        }
  2043                        ;                    }
  2044                        ;                    else if( xYieldRequired != pdFALSE )
  2045                        L10177:
  2046                        ;                    {
  2047 00:05FE: A5 07        	lda	<L94+xYieldRequired_1
  2048 00:0600: 80 E6        	bra	L20003
  2049                        ;                        /* This path is a special case that will only get
  2050                        ;                         * executed if the task was holding multiple mutexes and
  2051                        ;                         * the mutexes were given back in an order that is
  2052                        ;                         * different to that in which they were taken. */
  2053                        ;                        queueYIELD_IF_USING_PREEMPTION();
  Mon Sep 14 2026  7:48                                                                                                    Page 37


  2054                        ;                    }
  2055                        ;                    else
  2056                        ;                    {
  2057                        ;                        mtCOVERAGE_TEST_MARKER();
  2058                        ;                    }
  2059                        ;                }
  2060                        ;                #endif /* configUSE_QUEUE_SETS */
  2061                        ;
  2062                        ;                taskEXIT_CRITICAL();
  2063                        ;            }
  2064                        ;            else
  2065                        L10176:
  2066                        ;            {
  2067                        ;                if( xTicksToWait == ( TickType_t ) 0 )
  2068                        ;                {
  2069 00:0602: A5 1D        	lda	<L93+xTicksToWait_0
  2070 00:0604: 05 1F        	ora	<L93+xTicksToWait_0+2
  2071 00:0606: D0 05        	bne	L10186
  2072                        ;                    /* The queue was full and no block time is specified (or
  2073                        ;                     * the block time has expired) so leave now. */
  2074                        ;                    taskEXIT_CRITICAL();
  2075                        ;
  2076                        ;                    /* Return to the original privilege level before exiting
  2077                        ;                     * the function. */
  2078                        ;                    traceQUEUE_SEND_FAILED( pxQueue );
  2079                        ;                    traceRETURN_xQueueGenericSend( errQUEUE_FULL );
  2080                        ;
  2081                        ;                    return errQUEUE_FULL;
  2082                        L20004:
  2083 00:0608: A9 00 00     	lda	#$0
  2084 00:060B: 80 E3        	bra	L111
  2085                        ;                }
  2086                        ;                else if( xEntryTimeSet == pdFALSE )
  2087                        L10186:
  2088                        ;                {
  2089 00:060D: A5 05        	lda	<L94+xEntryTimeSet_1
  2090 00:060F: D0 11        	bne	L10193
  2091                        ;                    /* The queue was full and a block time was specified so
  2092                        ;                     * configure the timeout structure. */
  2093                        ;                    vTaskInternalSetTimeOutState( &xTimeOut );
  2094 00:0611: F4 00 00     	pea	#0
  2095 00:0614: 18           	clc
  2096 00:0615: 7B           	tdc
  2097 00:0616: 69 09 00     	adc	#<L94+xTimeOut_1
  2098 00:0619: 48           	pha
  2099 00:061A: 20 xx xx     	jsr	_~vTaskInternalSetTimeOutState
  2100                        ;                    xEntryTimeSet = pdTRUE;
  2101 00:061D: A9 01 00     	lda	#$1
  2102 00:0620: 85 05        	sta	<L94+xEntryTimeSet_1
  2103                        ;                }
  2104                        ;                else
  2105                        ;                {
  2106                        ;                    /* Entry time was already set. */
  2107                        ;                    mtCOVERAGE_TEST_MARKER();
  2108                        ;                }
  2109                        ;            }
  2110                        ;        }
  2111                        ;        taskEXIT_CRITICAL();
  Mon Sep 14 2026  7:48                                                                                                    Page 38


  2112                        L10193:
  2113                        ;
  2114                        ;        /* Interrupts and other tasks can send to and receive from the queue
  2115                        ;         * now the critical section has been exited. */
  2116                        ;
  2117                        ;        vTaskSuspendAll();
  2118 00:0622: 20 xx xx     	jsr	_~vTaskSuspendAll
  2119                        ;        prvLockQueue( pxQueue );
  2120 00:0625: E2 20        	sep	#$20
  2121                        	longa	off
  2122 00:0627: A0 3A 00     	ldy	#$3a
  2123 00:062A: B7 0F        	lda	[<L94+pxQueue_1],Y
  2124 00:062C: C9 FF        	cmp	#<$ffffffff
  2125 00:062E: C2 20        	rep	#$20
  2126                        	longa	on
  2127 00:0630: D0 08        	bne	L10198
  2128 00:0632: E2 20        	sep	#$20
  2129                        	longa	off
  2130 00:0634: A9 00        	lda	#$0
  2131 00:0636: 97 0F        	sta	[<L94+pxQueue_1],Y
  2132 00:0638: C2 20        	rep	#$20
  2133                        	longa	on
  2134                        L10198:
  2135 00:063A: E2 20        	sep	#$20
  2136                        	longa	off
  2137 00:063C: A0 3B 00     	ldy	#$3b
  2138 00:063F: B7 0F        	lda	[<L94+pxQueue_1],Y
  2139 00:0641: C9 FF        	cmp	#<$ffffffff
  2140 00:0643: C2 20        	rep	#$20
  2141                        	longa	on
  2142 00:0645: D0 08        	bne	L10201
  2143 00:0647: E2 20        	sep	#$20
  2144                        	longa	off
  2145 00:0649: A9 00        	lda	#$0
  2146 00:064B: 97 0F        	sta	[<L94+pxQueue_1],Y
  2147 00:064D: C2 20        	rep	#$20
  2148                        	longa	on
  2149                        L10201:
  2150                        ;
  2151                        ;        /* Update the timeout state to see if it has expired yet. */
  2152                        ;        if( xTaskCheckForTimeOut( &xTimeOut, &xTicksToWait ) == pdFALSE )
  2153                        ;        {
  2154 00:064F: F4 00 00     	pea	#0
  2155 00:0652: 18           	clc
  2156 00:0653: 7B           	tdc
  2157 00:0654: 69 1D 00     	adc	#<L93+xTicksToWait_0
  2158 00:0657: 48           	pha
  2159 00:0658: F4 00 00     	pea	#0
  2160 00:065B: 18           	clc
  2161 00:065C: 7B           	tdc
  2162 00:065D: 69 09 00     	adc	#<L94+xTimeOut_1
  2163 00:0660: 48           	pha
  2164 00:0661: 20 xx xx     	jsr	_~xTaskCheckForTimeOut
  2165 00:0664: AA           	tax
  2166 00:0665: D0 71        	bne	L10203
  2167                        ;            if( prvIsQueueFull( pxQueue ) != pdFALSE )
  2168                        ;            {
  2169 00:0667: D4 11        	pei	<L94+pxQueue_1+2
  Mon Sep 14 2026  7:48                                                                                                    Page 39


  2170 00:0669: D4 0F        	pei	<L94+pxQueue_1
  2171 00:066B: 20 xx xx     	jsr	_~prvIsQueueFull
  2172 00:066E: AA           	tax
  2173 00:066F: F0 5B        	beq	L10204
  2174                        ;                traceBLOCKING_ON_QUEUE_SEND( pxQueue );
  2175                        ;                vTaskPlaceOnEventList( &( pxQueue->xTasksWaitingToSend ), xTicksToWait );
  2176 00:0671: D4 1F        	pei	<L93+xTicksToWait_0+2
  2177 00:0673: D4 1D        	pei	<L93+xTicksToWait_0
  2178 00:0675: A9 10 00     	lda	#$10
  2179 00:0678: 18           	clc
  2180 00:0679: 65 0F        	adc	<L94+pxQueue_1
  2181 00:067B: 85 01        	sta	<R0
  2182 00:067D: A9 00 00     	lda	#$0
  2183 00:0680: 65 11        	adc	<L94+pxQueue_1+2
  2184 00:0682: 48           	pha
  2185 00:0683: D4 01        	pei	<R0
  2186 00:0685: 20 xx xx     	jsr	_~vTaskPlaceOnEventList
  2187                        ;
  2188                        ;                /* Unlocking the queue means queue events can effect the
  2189                        ;                 * event list. It is possible that interrupts occurring now
  2190                        ;                 * remove this task from the event list again - but as the
  2191                        ;                 * scheduler is suspended the task will go onto the pending
  2192                        ;                 * ready list instead of the actual ready list. */
  2193                        ;                prvUnlockQueue( pxQueue );
  2194 00:0688: D4 11        	pei	<L94+pxQueue_1+2
  2195 00:068A: D4 0F        	pei	<L94+pxQueue_1
  2196 00:068C: 20 xx xx     	jsr	_~prvUnlockQueue
  2197                        ;
  2198                        ;                /* Resuming the scheduler will move tasks from the pending
  2199                        ;                 * ready list into the ready list - so it is feasible that this
  2200                        ;                 * task is already in the ready list before it yields - in which
  2201                        ;                 * case the yield will not cause a context switch unless there
  2202                        ;                 * is also a higher priority task in the pending ready list. */
  2203                        ;                if( xTaskResumeAll() == pdFALSE )
  2204                        ;                {
  2205 00:068F: 20 xx xx     	jsr	_~xTaskResumeAll
  2206 00:0692: AA           	tax
  2207 00:0693: D0 03        	bne	L10174
  2208                        ;                    taskYIELD_WITHIN_API();
  2209 00:0695: 20 xx xx     	jsr	_~vPortYield
  2210                        ;                }
  2211                        ;            }
  2212                        ;            else
  2213                        L10174:
  2214                        ;        {
  2215                        ;            /* Is there room on the queue now?  The running task must be the
  2216                        ;             * highest priority task wanting to access the queue.  If the head item
  2217                        ;             * in the queue is to be overwritten then it does not matter if the
  2218                        ;             * queue is full. */
  2219                        ;            if( ( pxQueue->uxMessagesWaiting < pxQueue->uxLength ) || ( xCopyPosition == queueOVERWRI
                    TE ) )
  2220                        ;            {
  2221 00:0698: A0 34 00     	ldy	#$34
  2222 00:069B: B7 0F        	lda	[<L94+pxQueue_1],Y
  2223 00:069D: C8           	iny
  2224 00:069E: C8           	iny
  2225 00:069F: D7 0F        	cmp	[<L94+pxQueue_1],Y
  2226 00:06A1: 90 0A        	bcc	L102
  Mon Sep 14 2026  7:48                                                                                                    Page 40


  2227 00:06A3: A5 21        	lda	<L93+xCopyPosition_0
  2228 00:06A5: C9 02 00     	cmp	#<$2
  2229 00:06A8: F0 03        	beq	*+5
  2230 00:06AA: 82 55 FF     	brl	L10176
  2231                        L102:
  2232                        ;                traceQUEUE_SEND( pxQueue );
  2233                        ;
  2234                        ;                #if ( configUSE_QUEUE_SETS == 1 )
  2235                        ;                {
  2236                        ;                    const UBaseType_t uxPreviousMessagesWaiting = pxQueue->uxMessagesWaiting;
  2237                        ;
  2238                        ;                    xYieldRequired = prvCopyDataToQueue( pxQueue, pvItemToQueue, xCopyPosition );
  2239                        ;
  2240                        ;                    if( pxQueue->pxQueueSetContainer != NULL )
  2241                        ;                    {
  2242                        ;                        if( ( xCopyPosition == queueOVERWRITE ) && ( uxPreviousMessagesWaiting != ( U
                    BaseType_t ) 0 ) )
  2243                        ;                        {
  2244                        ;                            /* Do not notify the queue set as an existing item
  2245                        ;                             * was overwritten in the queue so the number of items
  2246                        ;                             * in the queue has not changed. */
  2247                        ;                            mtCOVERAGE_TEST_MARKER();
  2248                        ;                        }
  2249                        ;                        else if( prvNotifyQueueSetContainer( pxQueue ) != pdFALSE )
  2250                        ;                        {
  2251                        ;                            /* The queue is a member of a queue set, and posting
  2252                        ;                             * to the queue set caused a higher priority task to
  2253                        ;                             * unblock. A context switch is required. */
  2254                        ;                            queueYIELD_IF_USING_PREEMPTION();
  2255                        ;                        }
  2256                        ;                        else
  2257                        ;                        {
  2258                        ;                            mtCOVERAGE_TEST_MARKER();
  2259                        ;                        }
  2260                        ;                    }
  2261                        ;                    else
  2262                        ;                    {
  2263                        ;                        /* If there was a task waiting for data to arrive on the
  2264                        ;                         * queue then unblock it now. */
  2265                        ;                        if( listLIST_IS_EMPTY( &( pxQueue->xTasksWaitingToReceive ) ) == pdFALSE )
  2266                        ;                        {
  2267                        ;                            if( xTaskRemoveFromEventList( &( pxQueue->xTasksWaitingToReceive ) ) != p
                    dFALSE )
  2268                        ;                            {
  2269                        ;                                /* The unblocked task has a priority higher than
  2270                        ;                                 * our own so yield immediately.  Yes it is ok to
  2271                        ;                                 * do this from within the critical section - the
  2272                        ;                                 * kernel takes care of that. */
  2273                        ;                                queueYIELD_IF_USING_PREEMPTION();
  2274                        ;                            }
  2275                        ;                            else
  2276                        ;                            {
  2277                        ;                                mtCOVERAGE_TEST_MARKER();
  2278                        ;                            }
  2279                        ;                        }
  2280                        ;                        else if( xYieldRequired != pdFALSE )
  2281                        ;                        {
  2282                        ;                            /* This path is a special case that will only get
  Mon Sep 14 2026  7:48                                                                                                    Page 41


  2283                        ;                             * executed if the task was holding multiple mutexes
  2284                        ;                             * and the mutexes were given back in an order that is
  2285                        ;                             * different to that in which they were taken. */
  2286                        ;                            queueYIELD_IF_USING_PREEMPTION();
  2287                        ;                        }
  2288                        ;                        else
  2289                        ;                        {
  2290                        ;                            mtCOVERAGE_TEST_MARKER();
  2291                        ;                        }
  2292                        ;                    }
  2293                        ;                }
  2294                        ;                #else /* configUSE_QUEUE_SETS */
  2295                        ;                {
  2296                        ;                    xYieldRequired = prvCopyDataToQueue( pxQueue, pvItemToQueue, xCopyPosition );
  2297 00:06AD: D4 21        	pei	<L93+xCopyPosition_0
  2298 00:06AF: D4 1B        	pei	<L93+pvItemToQueue_0+2
  2299 00:06B1: D4 19        	pei	<L93+pvItemToQueue_0
  2300 00:06B3: D4 11        	pei	<L94+pxQueue_1+2
  2301 00:06B5: D4 0F        	pei	<L94+pxQueue_1
  2302 00:06B7: 20 xx xx     	jsr	_~prvCopyDataToQueue
  2303 00:06BA: 85 07        	sta	<L94+xYieldRequired_1
  2304                        ;
  2305                        ;                    /* If there was a task waiting for data to arrive on the
  2306                        ;                     * queue then unblock it now. */
  2307                        ;                    if( listLIST_IS_EMPTY( &( pxQueue->xTasksWaitingToReceive ) ) == pdFALSE )
  2308                        ;                    {
  2309 00:06BC: A0 22 00     	ldy	#$22
  2310 00:06BF: B7 0F        	lda	[<L94+pxQueue_1],Y
  2311 00:06C1: F0 03        	beq	*+5
  2312 00:06C3: 82 08 FF     	brl	L105
  2313 00:06C6: A9 01 00     	lda	#$1
  2314 00:06C9: 82 05 FF     	brl	L107
  2315                        L10204:
  2316                        ;            {
  2317                        ;                /* Try again. */
  2318                        ;                prvUnlockQueue( pxQueue );
  2319 00:06CC: D4 11        	pei	<L94+pxQueue_1+2
  2320 00:06CE: D4 0F        	pei	<L94+pxQueue_1
  2321 00:06D0: 20 xx xx     	jsr	_~prvUnlockQueue
  2322                        ;                ( void ) xTaskResumeAll();
  2323 00:06D3: 20 xx xx     	jsr	_~xTaskResumeAll
  2324                        ;            }
  2325                        ;        }
  2326                        ;        else
  2327 00:06D6: 80 C0        	bra	L10174
  2328                        L10203:
  2329                        ;        {
  2330                        ;            /* The timeout has expired. */
  2331                        ;            prvUnlockQueue( pxQueue );
  2332 00:06D8: D4 11        	pei	<L94+pxQueue_1+2
  2333 00:06DA: D4 0F        	pei	<L94+pxQueue_1
  2334 00:06DC: 20 xx xx     	jsr	_~prvUnlockQueue
  2335                        ;            ( void ) xTaskResumeAll();
  2336 00:06DF: 20 xx xx     	jsr	_~xTaskResumeAll
  2337                        ;
  2338                        ;            traceQUEUE_SEND_FAILED( pxQueue );
  2339                        ;            traceRETURN_xQueueGenericSend( errQUEUE_FULL );
  2340                        ;
  Mon Sep 14 2026  7:48                                                                                                    Page 42


  2341                        ;            return errQUEUE_FULL;
  2342 00:06E2: 82 23 FF     	brl	L20004
  2343                        ;        }
  2344                        ;    }
  2345                        ;}
  2346             00000012   L93	equ	18
  2347             00000005   L94	equ	5
  2348                        	ends
  2349                        	efunc
  2350                        ;/*-----------------------------------------------------------*/
  2351                        ;
  2352                        ;BaseType_t xQueueGenericSendFromISR( QueueHandle_t xQueue,
  2353                        ;                                     const void * const pvItemToQueue,
  2354                        ;                                     BaseType_t * const pxHigherPriorityTaskWoken,
  2355                        ;                                     const BaseType_t xCopyPosition )
  2356                        ;{
  2357                        	code
  2358                        	xdef	_~xQueueGenericSendFromISR
  2359                        	func
  2360                        _~xQueueGenericSendFromISR:
  2361                        	longa	on
  2362                        	longi	on
  2363 00:06E5: 3B           	tsc
  2364 00:06E6: 38           	sec
  2365 00:06E7: E9 11 00     	sbc	#L119
  2366 00:06EA: 1B           	tcs
  2367 00:06EB: 0B           	phd
  2368 00:06EC: 5B           	tcd
  2369             00000003   xQueue_0	set	3
  2370             00000007   pvItemToQueue_0	set	7
  2371             0000000B   pxHigherPriorityTaskWoken_0	set	11
  2372             0000000F   xCopyPosition_0	set	15
  2373                        ;    BaseType_t xReturn;
  2374                        ;    UBaseType_t uxSavedInterruptStatus;
  2375                        ;    Queue_t * const pxQueue = xQueue;
  2376                        ;
  2377                        ;    traceENTER_xQueueGenericSendFromISR( xQueue, pvItemToQueue, pxHigherPriorityTaskWoken, xCopyPosit
                    ion );
  2378             00000000   xReturn_1	set	0
  2379             00000002   uxSavedInterruptStatus_1	set	2
  2380             00000004   pxQueue_1	set	4
  2381 00:06ED: A5 14        	lda	<L119+xQueue_0
  2382 00:06EF: 85 09        	sta	<L120+pxQueue_1
  2383 00:06F1: A5 16        	lda	<L119+xQueue_0+2
  2384 00:06F3: 85 0B        	sta	<L120+pxQueue_1+2
  2385                        ;
  2386                        ;    configASSERT( ( pxQueue != NULL ) && !( ( pvItemToQueue == NULL ) && ( pxQueue->uxItemSize != ( U
                    BaseType_t ) 0U ) ) );
  2387 00:06F5: A5 09        	lda	<L120+pxQueue_1
  2388 00:06F7: 05 0B        	ora	<L120+pxQueue_1+2
  2389 00:06F9: F0 0D        	beq	L10212
  2390 00:06FB: A5 18        	lda	<L119+pvItemToQueue_0
  2391 00:06FD: 05 1A        	ora	<L119+pvItemToQueue_0+2
  2392 00:06FF: D0 09        	bne	L10208
  2393 00:0701: A0 38 00     	ldy	#$38
  2394 00:0704: B7 09        	lda	[<L120+pxQueue_1],Y
  2395 00:0706: F0 02        	beq	L10208
  2396                        L10212:
  Mon Sep 14 2026  7:48                                                                                                    Page 43


  2397 00:0708: 80 FE        	bra	L10212
  2398                        L10208:
  2399                        ;    configASSERT( ( pxQueue != NULL ) && !( ( xCopyPosition == queueOVERWRITE ) && ( pxQueue->uxLengt
                    h != 1 ) ) );
  2400 00:070A: A5 09        	lda	<L120+pxQueue_1
  2401 00:070C: 05 0B        	ora	<L120+pxQueue_1+2
  2402 00:070E: F0 11        	beq	L10219
  2403 00:0710: A5 20        	lda	<L119+xCopyPosition_0
  2404 00:0712: C9 02 00     	cmp	#<$2
  2405 00:0715: D0 0C        	bne	L10215
  2406 00:0717: A0 36 00     	ldy	#$36
  2407 00:071A: B7 09        	lda	[<L120+pxQueue_1],Y
  2408 00:071C: C9 01 00     	cmp	#<$1
  2409 00:071F: F0 02        	beq	L10215
  2410                        L10219:
  2411 00:0721: 80 FE        	bra	L10219
  2412                        L10215:
  2413                        ;
  2414                        ;    /* RTOS ports that support interrupt nesting have the concept of a maximum
  2415                        ;     * system call (or maximum API call) interrupt priority.  Interrupts that are
  2416                        ;     * above the maximum system call priority are kept permanently enabled, even
  2417                        ;     * when the RTOS kernel is in a critical section, but cannot make any calls to
  2418                        ;     * FreeRTOS API functions.  If configASSERT() is defined in FreeRTOSConfig.h
  2419                        ;     * then portASSERT_IF_INTERRUPT_PRIORITY_INVALID() will result in an assertion
  2420                        ;     * failure if a FreeRTOS API function is called from an interrupt that has been
  2421                        ;     * assigned a priority above the configured maximum system call priority.
  2422                        ;     * Only FreeRTOS functions that end in FromISR can be called from interrupts
  2423                        ;     * that have been assigned a priority at or (logically) below the maximum
  2424                        ;     * system call interrupt priority.  FreeRTOS maintains a separate interrupt
  2425                        ;     * safe API to ensure interrupt entry is as fast and as simple as possible.
  2426                        ;     * More information (albeit Cortex-M specific) is provided on the following
  2427                        ;     * link: https://www.FreeRTOS.org/RTOS-Cortex-M3-M4.html */
  2428                        ;    portASSERT_IF_INTERRUPT_PRIORITY_INVALID();
  2429                        ;
  2430                        ;    /* Similar to xQueueGenericSend, except without blocking if there is no room
  2431                        ;     * in the queue.  Also don't directly wake a task that was blocked on a queue
  2432                        ;     * read, instead return a flag to say whether a context switch is required or
  2433                        ;     * not (i.e. has a task with a higher priority than us been woken by this
  2434                        ;     * post). */
  2435                        ;    /* MISRA Ref 4.7.1 [Return value shall be checked] */
  2436                        ;    /* More details at: https://github.com/FreeRTOS/FreeRTOS-Kernel/blob/main/MISRA.md#dir-47 */
  2437                        ;    /* coverity[misra_c_2012_directive_4_7_violation] */
  2438                        ;    uxSavedInterruptStatus = ( UBaseType_t ) taskENTER_CRITICAL_FROM_ISR();
  2439 00:0723: 64 07        	stz	<L120+uxSavedInterruptStatus_1
  2440                        ;    {
  2441                        ;        if( ( pxQueue->uxMessagesWaiting < pxQueue->uxLength ) || ( xCopyPosition == queueOVERWRITE )
                     )
  2442                        ;        {
  2443 00:0725: A0 34 00     	ldy	#$34
  2444 00:0728: B7 09        	lda	[<L120+pxQueue_1],Y
  2445 00:072A: C8           	iny
  2446 00:072B: C8           	iny
  2447 00:072C: D7 09        	cmp	[<L120+pxQueue_1],Y
  2448 00:072E: 90 0A        	bcc	L129
  2449 00:0730: A5 20        	lda	<L119+xCopyPosition_0
  2450 00:0732: C9 02 00     	cmp	#<$2
  2451 00:0735: F0 03        	beq	*+5
  2452 00:0737: 82 93 00     	brl	L10222
  Mon Sep 14 2026  7:48                                                                                                    Page 44


  2453                        L129:
  2454                        ;            const int8_t cTxLock = pxQueue->cTxLock;
  2455                        ;            const UBaseType_t uxPreviousMessagesWaiting = pxQueue->uxMessagesWaiting;
  2456                        ;
  2457                        ;            traceQUEUE_SEND_FROM_ISR( pxQueue );
  2458             00000008   cTxLock_2	set	8
  2459             00000009   uxPreviousMessagesWaiting_2	set	9
  2460 00:073A: E2 20        	sep	#$20
  2461                        	longa	off
  2462 00:073C: A0 3B 00     	ldy	#$3b
  2463 00:073F: B7 09        	lda	[<L120+pxQueue_1],Y
  2464 00:0741: 85 0D        	sta	<L120+cTxLock_2
  2465 00:0743: C2 20        	rep	#$20
  2466                        	longa	on
  2467 00:0745: A0 34 00     	ldy	#$34
  2468 00:0748: B7 09        	lda	[<L120+pxQueue_1],Y
  2469 00:074A: 85 0E        	sta	<L120+uxPreviousMessagesWaiting_2
  2470                        ;
  2471                        ;            /* Semaphores use xQueueGiveFromISR(), so pxQueue will not be a
  2472                        ;             *  semaphore or mutex.  That means prvCopyDataToQueue() cannot result
  2473                        ;             *  in a task disinheriting a priority and prvCopyDataToQueue() can be
  2474                        ;             *  called here even though the disinherit function does not check if
  2475                        ;             *  the scheduler is suspended before accessing the ready lists. */
  2476                        ;            ( void ) prvCopyDataToQueue( pxQueue, pvItemToQueue, xCopyPosition );
  2477 00:074C: D4 20        	pei	<L119+xCopyPosition_0
  2478 00:074E: D4 1A        	pei	<L119+pvItemToQueue_0+2
  2479 00:0750: D4 18        	pei	<L119+pvItemToQueue_0
  2480 00:0752: D4 0B        	pei	<L120+pxQueue_1+2
  2481 00:0754: D4 09        	pei	<L120+pxQueue_1
  2482 00:0756: 20 xx xx     	jsr	_~prvCopyDataToQueue
  2483                        ;
  2484                        ;            /* The event list is not altered if the queue is locked.  This will
  2485                        ;             * be done when the queue is unlocked later. */
  2486                        ;            if( cTxLock == queueUNLOCKED )
  2487                        ;            {
  2488 00:0759: E2 20        	sep	#$20
  2489                        	longa	off
  2490 00:075B: A5 0D        	lda	<L120+cTxLock_2
  2491 00:075D: C9 FF        	cmp	#<$ffffffff
  2492 00:075F: C2 20        	rep	#$20
  2493                        	longa	on
  2494 00:0761: D0 35        	bne	L10233
  2495                        ;                #if ( configUSE_QUEUE_SETS == 1 )
  2496                        ;                {
  2497                        ;                    if( pxQueue->pxQueueSetContainer != NULL )
  2498                        ;                    {
  2499                        ;                        if( ( xCopyPosition == queueOVERWRITE ) && ( uxPreviousMessagesWaiting != ( U
                    BaseType_t ) 0 ) )
  2500                        ;                        {
  2501                        ;                            /* Do not notify the queue set as an existing item
  2502                        ;                             * was overwritten in the queue so the number of items
  2503                        ;                             * in the queue has not changed. */
  2504                        ;                            mtCOVERAGE_TEST_MARKER();
  2505                        ;                        }
  2506                        ;                        else if( prvNotifyQueueSetContainer( pxQueue ) != pdFALSE )
  2507                        ;                        {
  2508                        ;                            /* The queue is a member of a queue set, and posting
  2509                        ;                             * to the queue set caused a higher priority task to
  Mon Sep 14 2026  7:48                                                                                                    Page 45


  2510                        ;                             * unblock.  A context switch is required. */
  2511                        ;                            if( pxHigherPriorityTaskWoken != NULL )
  2512                        ;                            {
  2513                        ;                                *pxHigherPriorityTaskWoken = pdTRUE;
  2514                        ;                            }
  2515                        ;                            else
  2516                        ;                            {
  2517                        ;                                mtCOVERAGE_TEST_MARKER();
  2518                        ;                            }
  2519                        ;                        }
  2520                        ;                        else
  2521                        ;                        {
  2522                        ;                            mtCOVERAGE_TEST_MARKER();
  2523                        ;                        }
  2524                        ;                    }
  2525                        ;                    else
  2526                        ;                    {
  2527                        ;                        if( listLIST_IS_EMPTY( &( pxQueue->xTasksWaitingToReceive ) ) == pdFALSE )
  2528                        ;                        {
  2529                        ;                            if( xTaskRemoveFromEventList( &( pxQueue->xTasksWaitingToReceive ) ) != p
                    dFALSE )
  2530                        ;                            {
  2531                        ;                                /* The task waiting has a higher priority so
  2532                        ;                                 *  record that a context switch is required. */
  2533                        ;                                if( pxHigherPriorityTaskWoken != NULL )
  2534                        ;                                {
  2535                        ;                                    *pxHigherPriorityTaskWoken = pdTRUE;
  2536                        ;                                }
  2537                        ;                                else
  2538                        ;                                {
  2539                        ;                                    mtCOVERAGE_TEST_MARKER();
  2540                        ;                                }
  2541                        ;                            }
  2542                        ;                            else
  2543                        ;                            {
  2544                        ;                                mtCOVERAGE_TEST_MARKER();
  2545                        ;                            }
  2546                        ;                        }
  2547                        ;                        else
  2548                        ;                        {
  2549                        ;                            mtCOVERAGE_TEST_MARKER();
  2550                        ;                        }
  2551                        ;                    }
  2552                        ;                }
  2553                        ;                #else /* configUSE_QUEUE_SETS */
  2554                        ;                {
  2555                        ;                    if( listLIST_IS_EMPTY( &( pxQueue->xTasksWaitingToReceive ) ) == pdFALSE )
  2556                        ;                    {
  2557 00:0763: A0 22 00     	ldy	#$22
  2558 00:0766: B7 09        	lda	[<L120+pxQueue_1],Y
  2559 00:0768: D0 05        	bne	L133
  2560 00:076A: A9 01 00     	lda	#$1
  2561 00:076D: 80 03        	bra	L135
  2562                        L133:
  2563 00:076F: A9 00 00     	lda	#$0
  2564                        L135:
  2565 00:0772: AA           	tax
  2566 00:0773: D0 51        	bne	L10230
  Mon Sep 14 2026  7:48                                                                                                    Page 46


  2567                        ;                        if( xTaskRemoveFromEventList( &( pxQueue->xTasksWaitingToReceive ) ) != pdFAL
                    SE )
  2568                        ;                        {
  2569 00:0775: A9 22 00     	lda	#$22
  2570 00:0778: 18           	clc
  2571 00:0779: 65 09        	adc	<L120+pxQueue_1
  2572 00:077B: 85 01        	sta	<R0
  2573 00:077D: A9 00 00     	lda	#$0
  2574 00:0780: 65 0B        	adc	<L120+pxQueue_1+2
  2575 00:0782: 48           	pha
  2576 00:0783: D4 01        	pei	<R0
  2577 00:0785: 20 xx xx     	jsr	_~xTaskRemoveFromEventList
  2578 00:0788: AA           	tax
  2579 00:0789: F0 3B        	beq	L10230
  2580                        ;                            /* The task waiting has a higher priority so record that a
  2581                        ;                             * context switch is required. */
  2582                        ;                            if( pxHigherPriorityTaskWoken != NULL )
  2583                        ;                            {
  2584 00:078B: A5 1C        	lda	<L119+pxHigherPriorityTaskWoken_0
  2585 00:078D: 05 1E        	ora	<L119+pxHigherPriorityTaskWoken_0+2
  2586 00:078F: F0 35        	beq	L10230
  2587                        ;                                *pxHigherPriorityTaskWoken = pdTRUE;
  2588 00:0791: A9 01 00     	lda	#$1
  2589 00:0794: 87 1C        	sta	[<L119+pxHigherPriorityTaskWoken_0]
  2590                        ;                            }
  2591                        ;                            else
  2592                        ;                    }
  2593                        ;                    else
  2594 00:0796: 80 2E        	bra	L10230
  2595                        ;                            {
  2596                        ;                                mtCOVERAGE_TEST_MARKER();
  2597                        ;                            }
  2598                        ;                        }
  2599                        ;                        else
  2600                        ;                        {
  2601                        ;                            mtCOVERAGE_TEST_MARKER();
  2602                        ;                        }
  2603                        ;                    {
  2604                        ;                        mtCOVERAGE_TEST_MARKER();
  2605                        ;                    }
  2606                        ;
  2607                        ;                    /* Not used in this path. */
  2608                        ;                    ( void ) uxPreviousMessagesWaiting;
  2609                        ;                }
  2610                        ;                #endif /* configUSE_QUEUE_SETS */
  2611                        ;            }
  2612                        ;            else
  2613                        ;            {
  2614                        ;                /* Increment the lock count so the task that unlocks the queue
  2615                        ;                 * knows that data was posted while it was locked. */
  2616                        ;                prvIncrementQueueTxLock( pxQueue, cTxLock );
  2617                        L10233:
  2618             0000000B   uxNumberOfTasks_3	set	11
  2619 00:0798: 20 xx xx     	jsr	_~uxTaskGetNumberOfTasks
  2620 00:079B: 85 10        	sta	<L120+uxNumberOfTasks_3
  2621 00:079D: A5 0D        	lda	<L120+cTxLock_2
  2622 00:079F: 29 FF 00     	and	#$ff
  2623 00:07A2: 89 80 00     	bit	#$80
  Mon Sep 14 2026  7:48                                                                                                    Page 47


  2624 00:07A5: F0 03        	beq	L139
  2625 00:07A7: 09 00 FF     	ora	#$ff00
  2626                        L139:
  2627 00:07AA: C5 10        	cmp	<L120+uxNumberOfTasks_3
  2628 00:07AC: B0 18        	bcs	L10230
  2629 00:07AE: E2 20        	sep	#$20
  2630                        	longa	off
  2631 00:07B0: A5 0D        	lda	<L120+cTxLock_2
  2632 00:07B2: C9 7F        	cmp	#<$7f
  2633 00:07B4: C2 20        	rep	#$20
  2634                        	longa	on
  2635 00:07B6: D0 02        	bne	L10235
  2636                        L10239:
  2637 00:07B8: 80 FE        	bra	L10239
  2638                        L10235:
  2639 00:07BA: E2 20        	sep	#$20
  2640                        	longa	off
  2641 00:07BC: A5 0D        	lda	<L120+cTxLock_2
  2642 00:07BE: 1A           	ina
  2643 00:07BF: A0 3B 00     	ldy	#$3b
  2644 00:07C2: 97 09        	sta	[<L120+pxQueue_1],Y
  2645 00:07C4: C2 20        	rep	#$20
  2646                        	longa	on
  2647                        ;            }
  2648                        L10230:
  2649                        ;
  2650                        ;            xReturn = pdPASS;
  2651 00:07C6: A9 01 00     	lda	#$1
  2652 00:07C9: 85 05        	sta	<L120+xReturn_1
  2653                        ;        }
  2654                        ;        else
  2655 00:07CB: 80 02        	bra	L10242
  2656                        L10222:
  2657                        ;        {
  2658                        ;            traceQUEUE_SEND_FROM_ISR_FAILED( pxQueue );
  2659                        ;            xReturn = errQUEUE_FULL;
  2660 00:07CD: 64 05        	stz	<L120+xReturn_1
  2661                        ;        }
  2662                        L10242:
  2663                        ;    }
  2664                        ;    taskEXIT_CRITICAL_FROM_ISR( uxSavedInterruptStatus );
  2665                        ;
  2666                        ;    traceRETURN_xQueueGenericSendFromISR( xReturn );
  2667                        ;
  2668                        ;    return xReturn;
  2669 00:07CF: A5 05        	lda	<L120+xReturn_1
  2670 00:07D1: A8           	tay
  2671 00:07D2: A5 12        	lda	<L119+1
  2672 00:07D4: 85 20        	sta	<L119+1+14
  2673 00:07D6: 2B           	pld
  2674 00:07D7: 3B           	tsc
  2675 00:07D8: 18           	clc
  2676 00:07D9: 69 1F 00     	adc	#L119+14
  2677 00:07DC: 1B           	tcs
  2678 00:07DD: 98           	tya
  2679 00:07DE: 60           	rts
  2680                        ;}
  2681             00000011   L119	equ	17
  Mon Sep 14 2026  7:48                                                                                                    Page 48


  2682             00000005   L120	equ	5
  2683                        	ends
  2684                        	efunc
  2685                        ;/*-----------------------------------------------------------*/
  2686                        ;
  2687                        ;BaseType_t xQueueGiveFromISR( QueueHandle_t xQueue,
  2688                        ;                              BaseType_t * const pxHigherPriorityTaskWoken )
  2689                        ;{
  2690                        	code
  2691                        	xdef	_~xQueueGiveFromISR
  2692                        	func
  2693                        _~xQueueGiveFromISR:
  2694                        	longa	on
  2695                        	longi	on
  2696 00:07DF: 3B           	tsc
  2697 00:07E0: 38           	sec
  2698 00:07E1: E9 11 00     	sbc	#L143
  2699 00:07E4: 1B           	tcs
  2700 00:07E5: 0B           	phd
  2701 00:07E6: 5B           	tcd
  2702             00000003   xQueue_0	set	3
  2703             00000007   pxHigherPriorityTaskWoken_0	set	7
  2704                        ;    BaseType_t xReturn;
  2705                        ;    UBaseType_t uxSavedInterruptStatus;
  2706                        ;    Queue_t * const pxQueue = xQueue;
  2707                        ;
  2708                        ;    traceENTER_xQueueGiveFromISR( xQueue, pxHigherPriorityTaskWoken );
  2709             00000000   xReturn_1	set	0
  2710             00000002   uxSavedInterruptStatus_1	set	2
  2711             00000004   pxQueue_1	set	4
  2712 00:07E7: A5 14        	lda	<L143+xQueue_0
  2713 00:07E9: 85 09        	sta	<L144+pxQueue_1
  2714 00:07EB: A5 16        	lda	<L143+xQueue_0+2
  2715 00:07ED: 85 0B        	sta	<L144+pxQueue_1+2
  2716                        ;
  2717                        ;    /* Similar to xQueueGenericSendFromISR() but used with semaphores where the
  2718                        ;     * item size is 0.  Don't directly wake a task that was blocked on a queue
  2719                        ;     * read, instead return a flag to say whether a context switch is required or
  2720                        ;     * not (i.e. has a task with a higher priority than us been woken by this
  2721                        ;     * post). */
  2722                        ;
  2723                        ;    /* xQueueGenericSendFromISR() should be used instead of xQueueGiveFromISR()
  2724                        ;     * if the item size is not 0. */
  2725                        ;    configASSERT( ( pxQueue != NULL ) && ( pxQueue->uxItemSize == 0 ) );
  2726 00:07EF: A5 09        	lda	<L144+pxQueue_1
  2727 00:07F1: 05 0B        	ora	<L144+pxQueue_1+2
  2728 00:07F3: F0 07        	beq	L10247
  2729 00:07F5: A0 38 00     	ldy	#$38
  2730 00:07F8: B7 09        	lda	[<L144+pxQueue_1],Y
  2731 00:07FA: F0 02        	beq	L10243
  2732                        L10247:
  2733 00:07FC: 80 FE        	bra	L10247
  2734                        L10243:
  2735                        ;
  2736                        ;    /* Normally a mutex would not be given from an interrupt, especially if
  2737                        ;     * there is a mutex holder, as priority inheritance makes no sense for an
  2738                        ;     * interrupt, only tasks. */
  2739                        ;    configASSERT( ( pxQueue != NULL ) && !( ( pxQueue->uxQueueType == queueQUEUE_IS_MUTEX ) && ( pxQu
  Mon Sep 14 2026  7:48                                                                                                    Page 49


                    eue->u.xSemaphore.xMutexHolder != NULL ) ) );
  2740 00:07FE: A5 09        	lda	<L144+pxQueue_1
  2741 00:0800: 05 0B        	ora	<L144+pxQueue_1+2
  2742 00:0802: F0 14        	beq	L10254
  2743 00:0804: A7 09        	lda	[<L144+pxQueue_1]
  2744 00:0806: A0 02 00     	ldy	#$2
  2745 00:0809: 17 09        	ora	[<L144+pxQueue_1],Y
  2746 00:080B: D0 0D        	bne	L10250
  2747 00:080D: A0 08 00     	ldy	#$8
  2748 00:0810: B7 09        	lda	[<L144+pxQueue_1],Y
  2749 00:0812: C8           	iny
  2750 00:0813: C8           	iny
  2751 00:0814: 17 09        	ora	[<L144+pxQueue_1],Y
  2752 00:0816: F0 02        	beq	L10250
  2753                        L10254:
  2754 00:0818: 80 FE        	bra	L10254
  2755                        L10250:
  2756                        ;
  2757                        ;    /* RTOS ports that support interrupt nesting have the concept of a maximum
  2758                        ;     * system call (or maximum API call) interrupt priority.  Interrupts that are
  2759                        ;     * above the maximum system call priority are kept permanently enabled, even
  2760                        ;     * when the RTOS kernel is in a critical section, but cannot make any calls to
  2761                        ;     * FreeRTOS API functions.  If configASSERT() is defined in FreeRTOSConfig.h
  2762                        ;     * then portASSERT_IF_INTERRUPT_PRIORITY_INVALID() will result in an assertion
  2763                        ;     * failure if a FreeRTOS API function is called from an interrupt that has been
  2764                        ;     * assigned a priority above the configured maximum system call priority.
  2765                        ;     * Only FreeRTOS functions that end in FromISR can be called from interrupts
  2766                        ;     * that have been assigned a priority at or (logically) below the maximum
  2767                        ;     * system call interrupt priority.  FreeRTOS maintains a separate interrupt
  2768                        ;     * safe API to ensure interrupt entry is as fast and as simple as possible.
  2769                        ;     * More information (albeit Cortex-M specific) is provided on the following
  2770                        ;     * link: https://www.FreeRTOS.org/RTOS-Cortex-M3-M4.html */
  2771                        ;    portASSERT_IF_INTERRUPT_PRIORITY_INVALID();
  2772                        ;
  2773                        ;    /* MISRA Ref 4.7.1 [Return value shall be checked] */
  2774                        ;    /* More details at: https://github.com/FreeRTOS/FreeRTOS-Kernel/blob/main/MISRA.md#dir-47 */
  2775                        ;    /* coverity[misra_c_2012_directive_4_7_violation] */
  2776                        ;    uxSavedInterruptStatus = ( UBaseType_t ) taskENTER_CRITICAL_FROM_ISR();
  2777 00:081A: 64 07        	stz	<L144+uxSavedInterruptStatus_1
  2778                        ;    {
  2779                        ;        const UBaseType_t uxMessagesWaiting = pxQueue->uxMessagesWaiting;
  2780                        ;
  2781                        ;        /* When the queue is used to implement a semaphore no data is ever
  2782                        ;         * moved through the queue but it is still valid to see if the queue 'has
  2783                        ;         * space'. */
  2784                        ;        if( uxMessagesWaiting < pxQueue->uxLength )
  2785             00000008   uxMessagesWaiting_2	set	8
  2786 00:081C: A0 34 00     	ldy	#$34
  2787 00:081F: B7 09        	lda	[<L144+pxQueue_1],Y
  2788 00:0821: 85 0D        	sta	<L144+uxMessagesWaiting_2
  2789                        ;        {
  2790 00:0823: C8           	iny
  2791 00:0824: C8           	iny
  2792 00:0825: D7 09        	cmp	[<L144+pxQueue_1],Y
  2793 00:0827: 90 03        	bcc	*+5
  2794 00:0829: 82 87 00     	brl	L10257
  2795                        ;            const int8_t cTxLock = pxQueue->cTxLock;
  2796                        ;
  Mon Sep 14 2026  7:48                                                                                                    Page 50


  2797                        ;            traceQUEUE_SEND_FROM_ISR( pxQueue );
  2798             0000000A   cTxLock_3	set	10
  2799 00:082C: E2 20        	sep	#$20
  2800                        	longa	off
  2801 00:082E: A0 3B 00     	ldy	#$3b
  2802 00:0831: B7 09        	lda	[<L144+pxQueue_1],Y
  2803 00:0833: 85 0F        	sta	<L144+cTxLock_3
  2804 00:0835: C2 20        	rep	#$20
  2805                        	longa	on
  2806                        ;
  2807                        ;            /* A task can only have an inherited priority if it is a mutex
  2808                        ;             * holder - and if there is a mutex holder then the mutex cannot be
  2809                        ;             * given from an ISR.  As this is the ISR version of the function it
  2810                        ;             * can be assumed there is no mutex holder and no need to determine if
  2811                        ;             * priority disinheritance is needed.  Simply increase the count of
  2812                        ;             * messages (semaphores) available. */
  2813                        ;            pxQueue->uxMessagesWaiting = ( UBaseType_t ) ( uxMessagesWaiting + ( UBaseType_t ) 1 );
  2814 00:0837: A5 0D        	lda	<L144+uxMessagesWaiting_2
  2815 00:0839: 1A           	ina
  2816 00:083A: A0 34 00     	ldy	#$34
  2817 00:083D: 97 09        	sta	[<L144+pxQueue_1],Y
  2818                        ;
  2819                        ;            /* The event list is not altered if the queue is locked.  This will
  2820                        ;             * be done when the queue is unlocked later. */
  2821                        ;            if( cTxLock == queueUNLOCKED )
  2822                        ;            {
  2823 00:083F: E2 20        	sep	#$20
  2824                        	longa	off
  2825 00:0841: A5 0F        	lda	<L144+cTxLock_3
  2826 00:0843: C9 FF        	cmp	#<$ffffffff
  2827 00:0845: C2 20        	rep	#$20
  2828                        	longa	on
  2829 00:0847: D0 35        	bne	L10268
  2830                        ;                #if ( configUSE_QUEUE_SETS == 1 )
  2831                        ;                {
  2832                        ;                    if( pxQueue->pxQueueSetContainer != NULL )
  2833                        ;                    {
  2834                        ;                        if( prvNotifyQueueSetContainer( pxQueue ) != pdFALSE )
  2835                        ;                        {
  2836                        ;                            /* The semaphore is a member of a queue set, and
  2837                        ;                             * posting to the queue set caused a higher priority
  2838                        ;                             * task to unblock.  A context switch is required. */
  2839                        ;                            if( pxHigherPriorityTaskWoken != NULL )
  2840                        ;                            {
  2841                        ;                                *pxHigherPriorityTaskWoken = pdTRUE;
  2842                        ;                            }
  2843                        ;                            else
  2844                        ;                            {
  2845                        ;                                mtCOVERAGE_TEST_MARKER();
  2846                        ;                            }
  2847                        ;                        }
  2848                        ;                        else
  2849                        ;                        {
  2850                        ;                            mtCOVERAGE_TEST_MARKER();
  2851                        ;                        }
  2852                        ;                    }
  2853                        ;                    else
  2854                        ;                    {
  Mon Sep 14 2026  7:48                                                                                                    Page 51


  2855                        ;                        if( listLIST_IS_EMPTY( &( pxQueue->xTasksWaitingToReceive ) ) == pdFALSE )
  2856                        ;                        {
  2857                        ;                            if( xTaskRemoveFromEventList( &( pxQueue->xTasksWaitingToReceive ) ) != p
                    dFALSE )
  2858                        ;                            {
  2859                        ;                                /* The task waiting has a higher priority so
  2860                        ;                                 *  record that a context switch is required. */
  2861                        ;                                if( pxHigherPriorityTaskWoken != NULL )
  2862                        ;                                {
  2863                        ;                                    *pxHigherPriorityTaskWoken = pdTRUE;
  2864                        ;                                }
  2865                        ;                                else
  2866                        ;                                {
  2867                        ;                                    mtCOVERAGE_TEST_MARKER();
  2868                        ;                                }
  2869                        ;                            }
  2870                        ;                            else
  2871                        ;                            {
  2872                        ;                                mtCOVERAGE_TEST_MARKER();
  2873                        ;                            }
  2874                        ;                        }
  2875                        ;                        else
  2876                        ;                        {
  2877                        ;                            mtCOVERAGE_TEST_MARKER();
  2878                        ;                        }
  2879                        ;                    }
  2880                        ;                }
  2881                        ;                #else /* configUSE_QUEUE_SETS */
  2882                        ;                {
  2883                        ;                    if( listLIST_IS_EMPTY( &( pxQueue->xTasksWaitingToReceive ) ) == pdFALSE )
  2884                        ;                    {
  2885 00:0849: A0 22 00     	ldy	#$22
  2886 00:084C: B7 09        	lda	[<L144+pxQueue_1],Y
  2887 00:084E: D0 05        	bne	L154
  2888 00:0850: A9 01 00     	lda	#$1
  2889 00:0853: 80 03        	bra	L156
  2890                        L154:
  2891 00:0855: A9 00 00     	lda	#$0
  2892                        L156:
  2893 00:0858: AA           	tax
  2894 00:0859: D0 51        	bne	L10265
  2895                        ;                        if( xTaskRemoveFromEventList( &( pxQueue->xTasksWaitingToReceive ) ) != pdFAL
                    SE )
  2896                        ;                        {
  2897 00:085B: A9 22 00     	lda	#$22
  2898 00:085E: 18           	clc
  2899 00:085F: 65 09        	adc	<L144+pxQueue_1
  2900 00:0861: 85 01        	sta	<R0
  2901 00:0863: A9 00 00     	lda	#$0
  2902 00:0866: 65 0B        	adc	<L144+pxQueue_1+2
  2903 00:0868: 48           	pha
  2904 00:0869: D4 01        	pei	<R0
  2905 00:086B: 20 xx xx     	jsr	_~xTaskRemoveFromEventList
  2906 00:086E: AA           	tax
  2907 00:086F: F0 3B        	beq	L10265
  2908                        ;                            /* The task waiting has a higher priority so record that a
  2909                        ;                             * context switch is required. */
  2910                        ;                            if( pxHigherPriorityTaskWoken != NULL )
  Mon Sep 14 2026  7:48                                                                                                    Page 52


  2911                        ;                            {
  2912 00:0871: A5 18        	lda	<L143+pxHigherPriorityTaskWoken_0
  2913 00:0873: 05 1A        	ora	<L143+pxHigherPriorityTaskWoken_0+2
  2914 00:0875: F0 35        	beq	L10265
  2915                        ;                                *pxHigherPriorityTaskWoken = pdTRUE;
  2916 00:0877: A9 01 00     	lda	#$1
  2917 00:087A: 87 18        	sta	[<L143+pxHigherPriorityTaskWoken_0]
  2918                        ;                            }
  2919                        ;                            else
  2920                        ;                    }
  2921                        ;                    else
  2922 00:087C: 80 2E        	bra	L10265
  2923                        ;                            {
  2924                        ;                                mtCOVERAGE_TEST_MARKER();
  2925                        ;                            }
  2926                        ;                        }
  2927                        ;                        else
  2928                        ;                        {
  2929                        ;                            mtCOVERAGE_TEST_MARKER();
  2930                        ;                        }
  2931                        ;                    {
  2932                        ;                        mtCOVERAGE_TEST_MARKER();
  2933                        ;                    }
  2934                        ;                }
  2935                        ;                #endif /* configUSE_QUEUE_SETS */
  2936                        ;            }
  2937                        ;            else
  2938                        ;            {
  2939                        ;                /* Increment the lock count so the task that unlocks the queue
  2940                        ;                 * knows that data was posted while it was locked. */
  2941                        ;                prvIncrementQueueTxLock( pxQueue, cTxLock );
  2942                        L10268:
  2943             0000000B   uxNumberOfTasks_4	set	11
  2944 00:087E: 20 xx xx     	jsr	_~uxTaskGetNumberOfTasks
  2945 00:0881: 85 10        	sta	<L144+uxNumberOfTasks_4
  2946 00:0883: A5 0F        	lda	<L144+cTxLock_3
  2947 00:0885: 29 FF 00     	and	#$ff
  2948 00:0888: 89 80 00     	bit	#$80
  2949 00:088B: F0 03        	beq	L160
  2950 00:088D: 09 00 FF     	ora	#$ff00
  2951                        L160:
  2952 00:0890: C5 10        	cmp	<L144+uxNumberOfTasks_4
  2953 00:0892: B0 18        	bcs	L10265
  2954 00:0894: E2 20        	sep	#$20
  2955                        	longa	off
  2956 00:0896: A5 0F        	lda	<L144+cTxLock_3
  2957 00:0898: C9 7F        	cmp	#<$7f
  2958 00:089A: C2 20        	rep	#$20
  2959                        	longa	on
  2960 00:089C: D0 02        	bne	L10270
  2961                        L10274:
  2962 00:089E: 80 FE        	bra	L10274
  2963                        L10270:
  2964 00:08A0: E2 20        	sep	#$20
  2965                        	longa	off
  2966 00:08A2: A5 0F        	lda	<L144+cTxLock_3
  2967 00:08A4: 1A           	ina
  2968 00:08A5: A0 3B 00     	ldy	#$3b
  Mon Sep 14 2026  7:48                                                                                                    Page 53


  2969 00:08A8: 97 09        	sta	[<L144+pxQueue_1],Y
  2970 00:08AA: C2 20        	rep	#$20
  2971                        	longa	on
  2972                        ;            }
  2973                        L10265:
  2974                        ;
  2975                        ;            xReturn = pdPASS;
  2976 00:08AC: A9 01 00     	lda	#$1
  2977 00:08AF: 85 05        	sta	<L144+xReturn_1
  2978                        ;        }
  2979                        ;        else
  2980 00:08B1: 80 02        	bra	L10277
  2981                        L10257:
  2982                        ;        {
  2983                        ;            traceQUEUE_SEND_FROM_ISR_FAILED( pxQueue );
  2984                        ;            xReturn = errQUEUE_FULL;
  2985 00:08B3: 64 05        	stz	<L144+xReturn_1
  2986                        ;        }
  2987                        L10277:
  2988                        ;    }
  2989                        ;    taskEXIT_CRITICAL_FROM_ISR( uxSavedInterruptStatus );
  2990                        ;
  2991                        ;    traceRETURN_xQueueGiveFromISR( xReturn );
  2992                        ;
  2993                        ;    return xReturn;
  2994 00:08B5: A5 05        	lda	<L144+xReturn_1
  2995 00:08B7: A8           	tay
  2996 00:08B8: A5 12        	lda	<L143+1
  2997 00:08BA: 85 1A        	sta	<L143+1+8
  2998 00:08BC: 2B           	pld
  2999 00:08BD: 3B           	tsc
  3000 00:08BE: 18           	clc
  3001 00:08BF: 69 19 00     	adc	#L143+8
  3002 00:08C2: 1B           	tcs
  3003 00:08C3: 98           	tya
  3004 00:08C4: 60           	rts
  3005                        ;}
  3006             00000011   L143	equ	17
  3007             00000005   L144	equ	5
  3008                        	ends
  3009                        	efunc
  3010                        ;/*-----------------------------------------------------------*/
  3011                        ;
  3012                        ;BaseType_t xQueueReceive( QueueHandle_t xQueue,
  3013                        ;                          void * const pvBuffer,
  3014                        ;                          TickType_t xTicksToWait )
  3015                        ;{
  3016                        	code
  3017                        	xdef	_~xQueueReceive
  3018                        	func
  3019                        _~xQueueReceive:
  3020                        	longa	on
  3021                        	longi	on
  3022 00:08C5: 3B           	tsc
  3023 00:08C6: 38           	sec
  3024 00:08C7: E9 12 00     	sbc	#L164
  3025 00:08CA: 1B           	tcs
  3026 00:08CB: 0B           	phd
  Mon Sep 14 2026  7:48                                                                                                    Page 54


  3027 00:08CC: 5B           	tcd
  3028             00000003   xQueue_0	set	3
  3029             00000007   pvBuffer_0	set	7
  3030             0000000B   xTicksToWait_0	set	11
  3031                        ;    BaseType_t xEntryTimeSet = pdFALSE;
  3032                        ;    TimeOut_t xTimeOut;
  3033                        ;    Queue_t * const pxQueue = xQueue;
  3034                        ;
  3035                        ;    traceENTER_xQueueReceive( xQueue, pvBuffer, xTicksToWait );
  3036             00000000   xEntryTimeSet_1	set	0
  3037             00000002   xTimeOut_1	set	2
  3038             00000008   pxQueue_1	set	8
  3039 00:08CD: 64 05        	stz	<L165+xEntryTimeSet_1
  3040 00:08CF: A5 15        	lda	<L164+xQueue_0
  3041 00:08D1: 85 0D        	sta	<L165+pxQueue_1
  3042 00:08D3: A5 17        	lda	<L164+xQueue_0+2
  3043 00:08D5: 85 0F        	sta	<L165+pxQueue_1+2
  3044                        ;
  3045                        ;    /* Check the pointer is not NULL. */
  3046                        ;    configASSERT( ( pxQueue ) );
  3047 00:08D7: A5 0D        	lda	<L165+pxQueue_1
  3048 00:08D9: 05 0F        	ora	<L165+pxQueue_1+2
  3049 00:08DB: D0 02        	bne	L10278
  3050                        L10282:
  3051 00:08DD: 80 FE        	bra	L10282
  3052                        L10278:
  3053                        ;
  3054                        ;    /* The buffer into which data is received can only be NULL if the data size
  3055                        ;     * is zero (so no data is copied into the buffer). */
  3056                        ;    configASSERT( !( ( ( pvBuffer ) == NULL ) && ( ( pxQueue )->uxItemSize != ( UBaseType_t ) 0U ) ) 
                    );
  3057 00:08DF: A5 19        	lda	<L164+pvBuffer_0
  3058 00:08E1: 05 1B        	ora	<L164+pvBuffer_0+2
  3059 00:08E3: D0 09        	bne	L10285
  3060 00:08E5: A0 38 00     	ldy	#$38
  3061 00:08E8: B7 0D        	lda	[<L165+pxQueue_1],Y
  3062 00:08EA: F0 02        	beq	L10285
  3063                        L10289:
  3064 00:08EC: 80 FE        	bra	L10289
  3065                        L10285:
  3066                        ;
  3067                        ;    /* Cannot block if the scheduler is suspended. */
  3068                        ;    #if ( ( INCLUDE_xTaskGetSchedulerState == 1 ) || ( configUSE_TIMERS == 1 ) )
  3069                        ;    {
  3070                        ;        configASSERT( !( ( xTaskGetSchedulerState() == taskSCHEDULER_SUSPENDED ) && ( xTicksToWait !=
                     0 ) ) );
  3071 00:08EE: 20 xx xx     	jsr	_~xTaskGetSchedulerState
  3072 00:08F1: AA           	tax
  3073 00:08F2: F0 03        	beq	*+5
  3074 00:08F4: 82 D0 00     	brl	L10303
  3075 00:08F7: A5 1D        	lda	<L164+xTicksToWait_0
  3076 00:08F9: 05 1F        	ora	<L164+xTicksToWait_0+2
  3077 00:08FB: D0 03        	bne	*+5
  3078 00:08FD: 82 C7 00     	brl	L10303
  3079                        L10296:
  3080 00:0900: 80 FE        	bra	L10296
  3081                        ;    }
  3082                        ;    #endif
  Mon Sep 14 2026  7:48                                                                                                    Page 55


  3083                        ;
  3084                        ;    for( ; ; )
  3085                        ;    {
  3086                        ;        taskENTER_CRITICAL();
  3087                        L172:
  3088 00:0902: A9 00 00     	lda	#$0
  3089                        L174:
  3090 00:0905: AA           	tax
  3091 00:0906: D0 19        	bne	L10311
  3092                        ;                    if( xTaskRemoveFromEventList( &( pxQueue->xTasksWaitingToSend ) ) != pdFALSE )
  3093                        ;                    {
  3094 00:0908: A9 10 00     	lda	#$10
  3095 00:090B: 18           	clc
  3096 00:090C: 65 0D        	adc	<L165+pxQueue_1
  3097 00:090E: 85 01        	sta	<R0
  3098 00:0910: A9 00 00     	lda	#$0
  3099 00:0913: 65 0F        	adc	<L165+pxQueue_1+2
  3100 00:0915: 48           	pha
  3101 00:0916: D4 01        	pei	<R0
  3102 00:0918: 20 xx xx     	jsr	_~xTaskRemoveFromEventList
  3103 00:091B: AA           	tax
  3104 00:091C: F0 03        	beq	L10311
  3105                        ;                        queueYIELD_IF_USING_PREEMPTION();
  3106 00:091E: 20 xx xx     	jsr	_~vPortYield
  3107                        ;                    }
  3108                        ;                    else
  3109                        L10311:
  3110                        ;
  3111                        ;                traceRETURN_xQueueReceive( pdPASS );
  3112                        ;
  3113                        ;                return pdPASS;
  3114 00:0921: A9 01 00     	lda	#$1
  3115 00:0924: 82 EE 00     	brl	L177
  3116                        ;                    {
  3117                        ;                        mtCOVERAGE_TEST_MARKER();
  3118                        ;                    }
  3119                        ;                }
  3120                        ;                else
  3121                        ;                {
  3122                        ;                    mtCOVERAGE_TEST_MARKER();
  3123                        ;                }
  3124                        ;
  3125                        ;                taskEXIT_CRITICAL();
  3126                        ;            }
  3127                        ;            else
  3128                        L10305:
  3129                        ;            {
  3130                        ;                if( xTicksToWait == ( TickType_t ) 0 )
  3131                        ;                {
  3132 00:0927: A5 1D        	lda	<L164+xTicksToWait_0
  3133 00:0929: 05 1F        	ora	<L164+xTicksToWait_0+2
  3134 00:092B: D0 03        	bne	*+5
  3135 00:092D: 82 E2 00     	brl	L20006
  3136                        ;                }
  3137                        ;                else if( xEntryTimeSet == pdFALSE )
  3138                        ;                {
  3139 00:0930: A5 05        	lda	<L165+xEntryTimeSet_1
  3140 00:0932: D0 11        	bne	L10320
  Mon Sep 14 2026  7:48                                                                                                    Page 56


  3141                        ;                    /* The queue was empty and a block time was specified so
  3142                        ;                     * configure the timeout structure. */
  3143                        ;                    vTaskInternalSetTimeOutState( &xTimeOut );
  3144 00:0934: F4 00 00     	pea	#0
  3145 00:0937: 18           	clc
  3146 00:0938: 7B           	tdc
  3147 00:0939: 69 07 00     	adc	#<L165+xTimeOut_1
  3148 00:093C: 48           	pha
  3149 00:093D: 20 xx xx     	jsr	_~vTaskInternalSetTimeOutState
  3150                        ;                    xEntryTimeSet = pdTRUE;
  3151 00:0940: A9 01 00     	lda	#$1
  3152 00:0943: 85 05        	sta	<L165+xEntryTimeSet_1
  3153                        ;                }
  3154                        ;                else
  3155                        ;                {
  3156                        ;                    /* Entry time was already set. */
  3157                        ;                    mtCOVERAGE_TEST_MARKER();
  3158                        ;                }
  3159                        ;            }
  3160                        ;        }
  3161                        ;        taskEXIT_CRITICAL();
  3162                        L10320:
  3163                        ;
  3164                        ;        /* Interrupts and other tasks can send to and receive from the queue
  3165                        ;         * now the critical section has been exited. */
  3166                        ;
  3167                        ;        vTaskSuspendAll();
  3168 00:0945: 20 xx xx     	jsr	_~vTaskSuspendAll
  3169                        ;        prvLockQueue( pxQueue );
  3170 00:0948: E2 20        	sep	#$20
  3171                        	longa	off
  3172 00:094A: A0 3A 00     	ldy	#$3a
  3173 00:094D: B7 0D        	lda	[<L165+pxQueue_1],Y
  3174 00:094F: C9 FF        	cmp	#<$ffffffff
  3175 00:0951: C2 20        	rep	#$20
  3176                        	longa	on
  3177 00:0953: D0 08        	bne	L10325
  3178 00:0955: E2 20        	sep	#$20
  3179                        	longa	off
  3180 00:0957: A9 00        	lda	#$0
  3181 00:0959: 97 0D        	sta	[<L165+pxQueue_1],Y
  3182 00:095B: C2 20        	rep	#$20
  3183                        	longa	on
  3184                        L10325:
  3185 00:095D: E2 20        	sep	#$20
  3186                        	longa	off
  3187 00:095F: A0 3B 00     	ldy	#$3b
  3188 00:0962: B7 0D        	lda	[<L165+pxQueue_1],Y
  3189 00:0964: C9 FF        	cmp	#<$ffffffff
  3190 00:0966: C2 20        	rep	#$20
  3191                        	longa	on
  3192 00:0968: D0 08        	bne	L10328
  3193 00:096A: E2 20        	sep	#$20
  3194                        	longa	off
  3195 00:096C: A9 00        	lda	#$0
  3196 00:096E: 97 0D        	sta	[<L165+pxQueue_1],Y
  3197 00:0970: C2 20        	rep	#$20
  3198                        	longa	on
  Mon Sep 14 2026  7:48                                                                                                    Page 57


  3199                        L10328:
  3200                        ;
  3201                        ;        /* Update the timeout state to see if it has expired yet. */
  3202                        ;        if( xTaskCheckForTimeOut( &xTimeOut, &xTicksToWait ) == pdFALSE )
  3203                        ;        {
  3204 00:0972: F4 00 00     	pea	#0
  3205 00:0975: 18           	clc
  3206 00:0976: 7B           	tdc
  3207 00:0977: 69 1D 00     	adc	#<L164+xTicksToWait_0
  3208 00:097A: 48           	pha
  3209 00:097B: F4 00 00     	pea	#0
  3210 00:097E: 18           	clc
  3211 00:097F: 7B           	tdc
  3212 00:0980: 69 07 00     	adc	#<L165+xTimeOut_1
  3213 00:0983: 48           	pha
  3214 00:0984: 20 xx xx     	jsr	_~xTaskCheckForTimeOut
  3215 00:0987: AA           	tax
  3216 00:0988: D0 74        	bne	L10330
  3217                        ;            /* The timeout has not expired.  If the queue is still empty place
  3218                        ;             * the task on the list of tasks waiting to receive from the queue. */
  3219                        ;            if( prvIsQueueEmpty( pxQueue ) != pdFALSE )
  3220                        ;            {
  3221 00:098A: D4 0F        	pei	<L165+pxQueue_1+2
  3222 00:098C: D4 0D        	pei	<L165+pxQueue_1
  3223 00:098E: 20 xx xx     	jsr	_~prvIsQueueEmpty
  3224 00:0991: AA           	tax
  3225 00:0992: F0 29        	beq	L10331
  3226                        ;                traceBLOCKING_ON_QUEUE_RECEIVE( pxQueue );
  3227                        ;                vTaskPlaceOnEventList( &( pxQueue->xTasksWaitingToReceive ), xTicksToWait );
  3228 00:0994: D4 1F        	pei	<L164+xTicksToWait_0+2
  3229 00:0996: D4 1D        	pei	<L164+xTicksToWait_0
  3230 00:0998: A9 22 00     	lda	#$22
  3231 00:099B: 18           	clc
  3232 00:099C: 65 0D        	adc	<L165+pxQueue_1
  3233 00:099E: 85 01        	sta	<R0
  3234 00:09A0: A9 00 00     	lda	#$0
  3235 00:09A3: 65 0F        	adc	<L165+pxQueue_1+2
  3236 00:09A5: 48           	pha
  3237 00:09A6: D4 01        	pei	<R0
  3238 00:09A8: 20 xx xx     	jsr	_~vTaskPlaceOnEventList
  3239                        ;                prvUnlockQueue( pxQueue );
  3240 00:09AB: D4 0F        	pei	<L165+pxQueue_1+2
  3241 00:09AD: D4 0D        	pei	<L165+pxQueue_1
  3242 00:09AF: 20 xx xx     	jsr	_~prvUnlockQueue
  3243                        ;
  3244                        ;                if( xTaskResumeAll() == pdFALSE )
  3245                        ;                {
  3246 00:09B2: 20 xx xx     	jsr	_~xTaskResumeAll
  3247 00:09B5: AA           	tax
  3248 00:09B6: D0 0F        	bne	L10303
  3249                        ;                    taskYIELD_WITHIN_API();
  3250 00:09B8: 20 xx xx     	jsr	_~vPortYield
  3251                        ;                }
  3252                        ;                else
  3253 00:09BB: 80 0A        	bra	L10303
  3254                        ;                {
  3255                        ;                    mtCOVERAGE_TEST_MARKER();
  3256                        ;                }
  Mon Sep 14 2026  7:48                                                                                                    Page 58


  3257                        L10331:
  3258                        ;            {
  3259                        ;                /* The queue contains data again.  Loop back to try and read the
  3260                        ;                 * data. */
  3261                        ;                prvUnlockQueue( pxQueue );
  3262 00:09BD: D4 0F        	pei	<L165+pxQueue_1+2
  3263 00:09BF: D4 0D        	pei	<L165+pxQueue_1
  3264 00:09C1: 20 xx xx     	jsr	_~prvUnlockQueue
  3265                        ;                ( void ) xTaskResumeAll();
  3266 00:09C4: 20 xx xx     	jsr	_~xTaskResumeAll
  3267                        ;            }
  3268                        ;        }
  3269                        ;        else
  3270                        ;            }
  3271                        ;            else
  3272                        L10303:
  3273                        ;        {
  3274                        ;            const UBaseType_t uxMessagesWaiting = pxQueue->uxMessagesWaiting;
  3275                        ;
  3276                        ;            /* Is there data in the queue now?  To be running the calling task
  3277                        ;             * must be the highest priority task wanting to access the queue. */
  3278                        ;            if( uxMessagesWaiting > ( UBaseType_t ) 0 )
  3279             0000000C   uxMessagesWaiting_2	set	12
  3280 00:09C7: A0 34 00     	ldy	#$34
  3281 00:09CA: B7 0D        	lda	[<L165+pxQueue_1],Y
  3282 00:09CC: 85 11        	sta	<L165+uxMessagesWaiting_2
  3283                        ;            {
  3284 00:09CE: A9 00 00     	lda	#$0
  3285 00:09D1: C5 11        	cmp	<L165+uxMessagesWaiting_2
  3286 00:09D3: 90 03        	bcc	*+5
  3287 00:09D5: 82 4F FF     	brl	L10305
  3288                        ;                /* Data available, remove one item. */
  3289                        ;                prvCopyDataFromQueue( pxQueue, pvBuffer );
  3290 00:09D8: D4 1B        	pei	<L164+pvBuffer_0+2
  3291 00:09DA: D4 19        	pei	<L164+pvBuffer_0
  3292 00:09DC: D4 0F        	pei	<L165+pxQueue_1+2
  3293 00:09DE: D4 0D        	pei	<L165+pxQueue_1
  3294 00:09E0: 20 xx xx     	jsr	_~prvCopyDataFromQueue
  3295                        ;                traceQUEUE_RECEIVE( pxQueue );
  3296                        ;                pxQueue->uxMessagesWaiting = ( UBaseType_t ) ( uxMessagesWaiting - ( UBaseType_t ) 1 
                    );
  3297 00:09E3: A9 FF FF     	lda	#$ffff
  3298 00:09E6: 18           	clc
  3299 00:09E7: 65 11        	adc	<L165+uxMessagesWaiting_2
  3300 00:09E9: A0 34 00     	ldy	#$34
  3301 00:09EC: 97 0D        	sta	[<L165+pxQueue_1],Y
  3302                        ;
  3303                        ;                /* There is now space in the queue, were any tasks waiting to
  3304                        ;                 * post to the queue?  If so, unblock the highest priority waiting
  3305                        ;                 * task. */
  3306                        ;                if( listLIST_IS_EMPTY( &( pxQueue->xTasksWaitingToSend ) ) == pdFALSE )
  3307                        ;                {
  3308 00:09EE: A0 10 00     	ldy	#$10
  3309 00:09F1: B7 0D        	lda	[<L165+pxQueue_1],Y
  3310 00:09F3: F0 03        	beq	*+5
  3311 00:09F5: 82 0A FF     	brl	L172
  3312 00:09F8: A9 01 00     	lda	#$1
  3313 00:09FB: 82 07 FF     	brl	L174
  Mon Sep 14 2026  7:48                                                                                                    Page 59


  3314                        L10330:
  3315                        ;        {
  3316                        ;            /* Timed out.  If there is no data in the queue exit, otherwise loop
  3317                        ;             * back and attempt to read the data. */
  3318                        ;            prvUnlockQueue( pxQueue );
  3319 00:09FE: D4 0F        	pei	<L165+pxQueue_1+2
  3320 00:0A00: D4 0D        	pei	<L165+pxQueue_1
  3321 00:0A02: 20 xx xx     	jsr	_~prvUnlockQueue
  3322                        ;            ( void ) xTaskResumeAll();
  3323 00:0A05: 20 xx xx     	jsr	_~xTaskResumeAll
  3324                        ;
  3325                        ;            if( prvIsQueueEmpty( pxQueue ) != pdFALSE )
  3326                        ;            {
  3327 00:0A08: D4 0F        	pei	<L165+pxQueue_1+2
  3328 00:0A0A: D4 0D        	pei	<L165+pxQueue_1
  3329 00:0A0C: 20 xx xx     	jsr	_~prvIsQueueEmpty
  3330 00:0A0F: AA           	tax
  3331 00:0A10: F0 B5        	beq	L10303
  3332                        ;                traceQUEUE_RECEIVE_FAILED( pxQueue );
  3333                        ;                traceRETURN_xQueueReceive( errQUEUE_EMPTY );
  3334                        ;
  3335                        ;                return errQUEUE_EMPTY;
  3336                        L20006:
  3337                        ;                    /* The queue was empty and no block time is specified (or
  3338                        ;                     * the block time has expired) so leave now. */
  3339                        ;                    taskEXIT_CRITICAL();
  3340                        ;
  3341                        ;                    traceQUEUE_RECEIVE_FAILED( pxQueue );
  3342                        ;                    traceRETURN_xQueueReceive( errQUEUE_EMPTY );
  3343                        ;
  3344                        ;                    return errQUEUE_EMPTY;
  3345 00:0A12: A9 00 00     	lda	#$0
  3346                        L177:
  3347 00:0A15: A8           	tay
  3348 00:0A16: A5 13        	lda	<L164+1
  3349 00:0A18: 85 1F        	sta	<L164+1+12
  3350 00:0A1A: 2B           	pld
  3351 00:0A1B: 3B           	tsc
  3352 00:0A1C: 18           	clc
  3353 00:0A1D: 69 1E 00     	adc	#L164+12
  3354 00:0A20: 1B           	tcs
  3355 00:0A21: 98           	tya
  3356 00:0A22: 60           	rts
  3357                        ;            }
  3358                        ;            else
  3359                        ;            {
  3360                        ;                mtCOVERAGE_TEST_MARKER();
  3361                        ;            }
  3362                        ;        }
  3363                        ;    }
  3364                        ;}
  3365             00000012   L164	equ	18
  3366             00000005   L165	equ	5
  3367                        	ends
  3368                        	efunc
  3369                        ;/*-----------------------------------------------------------*/
  3370                        ;
  3371                        ;BaseType_t xQueueSemaphoreTake( QueueHandle_t xQueue,
  Mon Sep 14 2026  7:48                                                                                                    Page 60


  3372                        ;                                TickType_t xTicksToWait )
  3373                        ;{
  3374                        	code
  3375                        	xdef	_~xQueueSemaphoreTake
  3376                        	func
  3377                        _~xQueueSemaphoreTake:
  3378                        	longa	on
  3379                        	longi	on
  3380 00:0A23: 3B           	tsc
  3381 00:0A24: 38           	sec
  3382 00:0A25: E9 14 00     	sbc	#L186
  3383 00:0A28: 1B           	tcs
  3384 00:0A29: 0B           	phd
  3385 00:0A2A: 5B           	tcd
  3386             00000003   xQueue_0	set	3
  3387             00000007   xTicksToWait_0	set	7
  3388                        ;    BaseType_t xEntryTimeSet = pdFALSE;
  3389                        ;    TimeOut_t xTimeOut;
  3390                        ;    Queue_t * const pxQueue = xQueue;
  3391                        ;
  3392                        ;    #if ( configUSE_MUTEXES == 1 )
  3393                        ;        BaseType_t xInheritanceOccurred = pdFALSE;
  3394                        ;    #endif
  3395                        ;
  3396                        ;    traceENTER_xQueueSemaphoreTake( xQueue, xTicksToWait );
  3397             00000000   xEntryTimeSet_1	set	0
  3398             00000002   xTimeOut_1	set	2
  3399             00000008   pxQueue_1	set	8
  3400             0000000C   xInheritanceOccurred_1	set	12
  3401 00:0A2B: 64 05        	stz	<L187+xEntryTimeSet_1
  3402 00:0A2D: A5 17        	lda	<L186+xQueue_0
  3403 00:0A2F: 85 0D        	sta	<L187+pxQueue_1
  3404 00:0A31: A5 19        	lda	<L186+xQueue_0+2
  3405 00:0A33: 85 0F        	sta	<L187+pxQueue_1+2
  3406 00:0A35: 64 11        	stz	<L187+xInheritanceOccurred_1
  3407                        ;
  3408                        ;    /* Check the queue pointer is not NULL. */
  3409                        ;    configASSERT( ( pxQueue ) );
  3410 00:0A37: A5 0D        	lda	<L187+pxQueue_1
  3411 00:0A39: 05 0F        	ora	<L187+pxQueue_1+2
  3412 00:0A3B: D0 02        	bne	L10337
  3413                        L10341:
  3414 00:0A3D: 80 FE        	bra	L10341
  3415                        L10337:
  3416                        ;
  3417                        ;    /* Check this really is a semaphore, in which case the item size will be
  3418                        ;     * 0. */
  3419                        ;    configASSERT( pxQueue->uxItemSize == 0 );
  3420 00:0A3F: A0 38 00     	ldy	#$38
  3421 00:0A42: B7 0D        	lda	[<L187+pxQueue_1],Y
  3422 00:0A44: F0 02        	beq	L10344
  3423                        L10348:
  3424 00:0A46: 80 FE        	bra	L10348
  3425                        L10344:
  3426                        ;
  3427                        ;    /* Cannot block if the scheduler is suspended. */
  3428                        ;    #if ( ( INCLUDE_xTaskGetSchedulerState == 1 ) || ( configUSE_TIMERS == 1 ) )
  3429                        ;    {
  Mon Sep 14 2026  7:48                                                                                                    Page 61


  3430                        ;        configASSERT( !( ( xTaskGetSchedulerState() == taskSCHEDULER_SUSPENDED ) && ( xTicksToWait !=
                     0 ) ) );
  3431 00:0A48: 20 xx xx     	jsr	_~xTaskGetSchedulerState
  3432 00:0A4B: AA           	tax
  3433 00:0A4C: F0 03        	beq	*+5
  3434 00:0A4E: 82 EC 00     	brl	L10362
  3435 00:0A51: A5 1B        	lda	<L186+xTicksToWait_0
  3436 00:0A53: 05 1D        	ora	<L186+xTicksToWait_0+2
  3437 00:0A55: D0 03        	bne	*+5
  3438 00:0A57: 82 E3 00     	brl	L10362
  3439                        L10355:
  3440 00:0A5A: 80 FE        	bra	L10355
  3441                        ;    }
  3442                        ;    #endif
  3443                        ;
  3444                        ;    for( ; ; )
  3445                        ;    {
  3446                        ;        taskENTER_CRITICAL();
  3447                        L194:
  3448 00:0A5C: A9 00 00     	lda	#$0
  3449                        L196:
  3450 00:0A5F: AA           	tax
  3451 00:0A60: D0 19        	bne	L10372
  3452                        ;                    if( xTaskRemoveFromEventList( &( pxQueue->xTasksWaitingToSend ) ) != pdFALSE )
  3453                        ;                    {
  3454 00:0A62: A9 10 00     	lda	#$10
  3455 00:0A65: 18           	clc
  3456 00:0A66: 65 0D        	adc	<L187+pxQueue_1
  3457 00:0A68: 85 01        	sta	<R0
  3458 00:0A6A: A9 00 00     	lda	#$0
  3459 00:0A6D: 65 0F        	adc	<L187+pxQueue_1+2
  3460 00:0A6F: 48           	pha
  3461 00:0A70: D4 01        	pei	<R0
  3462 00:0A72: 20 xx xx     	jsr	_~xTaskRemoveFromEventList
  3463 00:0A75: AA           	tax
  3464 00:0A76: F0 03        	beq	L10372
  3465                        ;                        queueYIELD_IF_USING_PREEMPTION();
  3466 00:0A78: 20 xx xx     	jsr	_~vPortYield
  3467                        ;                    }
  3468                        ;                    else
  3469                        L10372:
  3470                        ;
  3471                        ;                traceRETURN_xQueueSemaphoreTake( pdPASS );
  3472                        ;
  3473                        ;                return pdPASS;
  3474 00:0A7B: A9 01 00     	lda	#$1
  3475 00:0A7E: 82 31 01     	brl	L199
  3476                        ;                    {
  3477                        ;                        mtCOVERAGE_TEST_MARKER();
  3478                        ;                    }
  3479                        ;                }
  3480                        ;                else
  3481                        ;                {
  3482                        ;                    mtCOVERAGE_TEST_MARKER();
  3483                        ;                }
  3484                        ;
  3485                        ;                taskEXIT_CRITICAL();
  3486                        ;            }
  Mon Sep 14 2026  7:48                                                                                                    Page 62


  3487                        ;            else
  3488                        L10364:
  3489                        ;            {
  3490                        ;                if( xTicksToWait == ( TickType_t ) 0 )
  3491                        ;                {
  3492 00:0A81: A5 1B        	lda	<L186+xTicksToWait_0
  3493 00:0A83: 05 1D        	ora	<L186+xTicksToWait_0+2
  3494 00:0A85: D0 03        	bne	*+5
  3495 00:0A87: 82 25 01     	brl	L20008
  3496                        ;                }
  3497                        ;                else if( xEntryTimeSet == pdFALSE )
  3498                        ;                {
  3499 00:0A8A: A5 05        	lda	<L187+xEntryTimeSet_1
  3500 00:0A8C: D0 11        	bne	L10381
  3501                        ;                    /* The semaphore count was 0 and a block time was specified
  3502                        ;                     * so configure the timeout structure ready to block. */
  3503                        ;                    vTaskInternalSetTimeOutState( &xTimeOut );
  3504 00:0A8E: F4 00 00     	pea	#0
  3505 00:0A91: 18           	clc
  3506 00:0A92: 7B           	tdc
  3507 00:0A93: 69 07 00     	adc	#<L187+xTimeOut_1
  3508 00:0A96: 48           	pha
  3509 00:0A97: 20 xx xx     	jsr	_~vTaskInternalSetTimeOutState
  3510                        ;                    xEntryTimeSet = pdTRUE;
  3511 00:0A9A: A9 01 00     	lda	#$1
  3512 00:0A9D: 85 05        	sta	<L187+xEntryTimeSet_1
  3513                        ;                }
  3514                        ;                else
  3515                        ;                {
  3516                        ;                    /* Entry time was already set. */
  3517                        ;                    mtCOVERAGE_TEST_MARKER();
  3518                        ;                }
  3519                        ;            }
  3520                        ;        }
  3521                        ;        taskEXIT_CRITICAL();
  3522                        L10381:
  3523                        ;
  3524                        ;        /* Interrupts and other tasks can give to and take from the semaphore
  3525                        ;         * now the critical section has been exited. */
  3526                        ;
  3527                        ;        vTaskSuspendAll();
  3528 00:0A9F: 20 xx xx     	jsr	_~vTaskSuspendAll
  3529                        ;        prvLockQueue( pxQueue );
  3530 00:0AA2: E2 20        	sep	#$20
  3531                        	longa	off
  3532 00:0AA4: A0 3A 00     	ldy	#$3a
  3533 00:0AA7: B7 0D        	lda	[<L187+pxQueue_1],Y
  3534 00:0AA9: C9 FF        	cmp	#<$ffffffff
  3535 00:0AAB: C2 20        	rep	#$20
  3536                        	longa	on
  3537 00:0AAD: D0 08        	bne	L10386
  3538 00:0AAF: E2 20        	sep	#$20
  3539                        	longa	off
  3540 00:0AB1: A9 00        	lda	#$0
  3541 00:0AB3: 97 0D        	sta	[<L187+pxQueue_1],Y
  3542 00:0AB5: C2 20        	rep	#$20
  3543                        	longa	on
  3544                        L10386:
  Mon Sep 14 2026  7:48                                                                                                    Page 63


  3545 00:0AB7: E2 20        	sep	#$20
  3546                        	longa	off
  3547 00:0AB9: A0 3B 00     	ldy	#$3b
  3548 00:0ABC: B7 0D        	lda	[<L187+pxQueue_1],Y
  3549 00:0ABE: C9 FF        	cmp	#<$ffffffff
  3550 00:0AC0: C2 20        	rep	#$20
  3551                        	longa	on
  3552 00:0AC2: D0 08        	bne	L10389
  3553 00:0AC4: E2 20        	sep	#$20
  3554                        	longa	off
  3555 00:0AC6: A9 00        	lda	#$0
  3556 00:0AC8: 97 0D        	sta	[<L187+pxQueue_1],Y
  3557 00:0ACA: C2 20        	rep	#$20
  3558                        	longa	on
  3559                        L10389:
  3560                        ;
  3561                        ;        /* Update the timeout state to see if it has expired yet. */
  3562                        ;        if( xTaskCheckForTimeOut( &xTimeOut, &xTicksToWait ) == pdFALSE )
  3563                        ;        {
  3564 00:0ACC: F4 00 00     	pea	#0
  3565 00:0ACF: 18           	clc
  3566 00:0AD0: 7B           	tdc
  3567 00:0AD1: 69 1B 00     	adc	#<L186+xTicksToWait_0
  3568 00:0AD4: 48           	pha
  3569 00:0AD5: F4 00 00     	pea	#0
  3570 00:0AD8: 18           	clc
  3571 00:0AD9: 7B           	tdc
  3572 00:0ADA: 69 07 00     	adc	#<L187+xTimeOut_1
  3573 00:0ADD: 48           	pha
  3574 00:0ADE: 20 xx xx     	jsr	_~xTaskCheckForTimeOut
  3575 00:0AE1: AA           	tax
  3576 00:0AE2: F0 03        	beq	*+5
  3577 00:0AE4: 82 98 00     	brl	L10391
  3578                        ;            /* A block time is specified and not expired.  If the semaphore
  3579                        ;             * count is 0 then enter the Blocked state to wait for a semaphore to
  3580                        ;             * become available.  As semaphores are implemented with queues the
  3581                        ;             * queue being empty is equivalent to the semaphore count being 0. */
  3582                        ;            if( prvIsQueueEmpty( pxQueue ) != pdFALSE )
  3583                        ;            {
  3584 00:0AE7: D4 0F        	pei	<L187+pxQueue_1+2
  3585 00:0AE9: D4 0D        	pei	<L187+pxQueue_1
  3586 00:0AEB: 20 xx xx     	jsr	_~prvIsQueueEmpty
  3587 00:0AEE: AA           	tax
  3588 00:0AEF: F0 42        	beq	L10392
  3589                        ;                traceBLOCKING_ON_QUEUE_RECEIVE( pxQueue );
  3590                        ;
  3591                        ;                #if ( configUSE_MUTEXES == 1 )
  3592                        ;                {
  3593                        ;                    if( pxQueue->uxQueueType == queueQUEUE_IS_MUTEX )
  3594                        ;                    {
  3595 00:0AF1: A7 0D        	lda	[<L187+pxQueue_1]
  3596 00:0AF3: A0 02 00     	ldy	#$2
  3597 00:0AF6: 17 0D        	ora	[<L187+pxQueue_1],Y
  3598 00:0AF8: D0 10        	bne	L10400
  3599                        ;                        taskENTER_CRITICAL();
  3600                        ;                        {
  3601                        ;                            xInheritanceOccurred = xTaskPriorityInherit( pxQueue->u.xSemaphore.xMutex
                    Holder );
  Mon Sep 14 2026  7:48                                                                                                    Page 64


  3602 00:0AFA: A0 0A 00     	ldy	#$a
  3603 00:0AFD: B7 0D        	lda	[<L187+pxQueue_1],Y
  3604 00:0AFF: 48           	pha
  3605 00:0B00: 88           	dey
  3606 00:0B01: 88           	dey
  3607 00:0B02: B7 0D        	lda	[<L187+pxQueue_1],Y
  3608 00:0B04: 48           	pha
  3609 00:0B05: 20 xx xx     	jsr	_~xTaskPriorityInherit
  3610 00:0B08: 85 11        	sta	<L187+xInheritanceOccurred_1
  3611                        ;                        }
  3612                        ;                        taskEXIT_CRITICAL();
  3613                        ;                    }
  3614                        ;                    else
  3615                        ;                    {
  3616                        ;                        mtCOVERAGE_TEST_MARKER();
  3617                        ;                    }
  3618                        L10400:
  3619                        ;                }
  3620                        ;                #endif /* if ( configUSE_MUTEXES == 1 ) */
  3621                        ;
  3622                        ;                vTaskPlaceOnEventList( &( pxQueue->xTasksWaitingToReceive ), xTicksToWait );
  3623 00:0B0A: D4 1D        	pei	<L186+xTicksToWait_0+2
  3624 00:0B0C: D4 1B        	pei	<L186+xTicksToWait_0
  3625 00:0B0E: A9 22 00     	lda	#$22
  3626 00:0B11: 18           	clc
  3627 00:0B12: 65 0D        	adc	<L187+pxQueue_1
  3628 00:0B14: 85 01        	sta	<R0
  3629 00:0B16: A9 00 00     	lda	#$0
  3630 00:0B19: 65 0F        	adc	<L187+pxQueue_1+2
  3631 00:0B1B: 48           	pha
  3632 00:0B1C: D4 01        	pei	<R0
  3633 00:0B1E: 20 xx xx     	jsr	_~vTaskPlaceOnEventList
  3634                        ;                prvUnlockQueue( pxQueue );
  3635 00:0B21: D4 0F        	pei	<L187+pxQueue_1+2
  3636 00:0B23: D4 0D        	pei	<L187+pxQueue_1
  3637 00:0B25: 20 xx xx     	jsr	_~prvUnlockQueue
  3638                        ;
  3639                        ;                if( xTaskResumeAll() == pdFALSE )
  3640                        ;                {
  3641 00:0B28: 20 xx xx     	jsr	_~xTaskResumeAll
  3642 00:0B2B: AA           	tax
  3643 00:0B2C: D0 0F        	bne	L10362
  3644                        ;                    taskYIELD_WITHIN_API();
  3645 00:0B2E: 20 xx xx     	jsr	_~vPortYield
  3646                        ;                }
  3647                        ;                else
  3648 00:0B31: 80 0A        	bra	L10362
  3649                        ;                {
  3650                        ;                    mtCOVERAGE_TEST_MARKER();
  3651                        ;                }
  3652                        L10392:
  3653                        ;            {
  3654                        ;                /* There was no timeout and the semaphore count was not 0, so
  3655                        ;                 * attempt to take the semaphore again. */
  3656                        ;                prvUnlockQueue( pxQueue );
  3657 00:0B33: D4 0F        	pei	<L187+pxQueue_1+2
  3658 00:0B35: D4 0D        	pei	<L187+pxQueue_1
  3659 00:0B37: 20 xx xx     	jsr	_~prvUnlockQueue
  Mon Sep 14 2026  7:48                                                                                                    Page 65


  3660                        ;                ( void ) xTaskResumeAll();
  3661 00:0B3A: 20 xx xx     	jsr	_~xTaskResumeAll
  3662                        ;            }
  3663                        ;        }
  3664                        ;        else
  3665                        ;            }
  3666                        ;            else
  3667                        L10362:
  3668                        ;        {
  3669                        ;            /* Semaphores are queues with an item size of 0, and where the
  3670                        ;             * number of messages in the queue is the semaphore's count value. */
  3671                        ;            const UBaseType_t uxSemaphoreCount = pxQueue->uxMessagesWaiting;
  3672                        ;
  3673                        ;            /* Is there data in the queue now?  To be running the calling task
  3674                        ;             * must be the highest priority task wanting to access the queue. */
  3675                        ;            if( uxSemaphoreCount > ( UBaseType_t ) 0 )
  3676             0000000E   uxSemaphoreCount_2	set	14
  3677 00:0B3D: A0 34 00     	ldy	#$34
  3678 00:0B40: B7 0D        	lda	[<L187+pxQueue_1],Y
  3679 00:0B42: 85 13        	sta	<L187+uxSemaphoreCount_2
  3680                        ;            {
  3681 00:0B44: A9 00 00     	lda	#$0
  3682 00:0B47: C5 13        	cmp	<L187+uxSemaphoreCount_2
  3683 00:0B49: 90 03        	bcc	*+5
  3684 00:0B4B: 82 33 FF     	brl	L10364
  3685                        ;                traceQUEUE_RECEIVE( pxQueue );
  3686                        ;
  3687                        ;                /* Semaphores are queues with a data size of zero and where the
  3688                        ;                 * messages waiting is the semaphore's count.  Reduce the count. */
  3689                        ;                pxQueue->uxMessagesWaiting = ( UBaseType_t ) ( uxSemaphoreCount - ( UBaseType_t ) 1 )
                    ;
  3690 00:0B4E: A9 FF FF     	lda	#$ffff
  3691 00:0B51: 18           	clc
  3692 00:0B52: 65 13        	adc	<L187+uxSemaphoreCount_2
  3693 00:0B54: 97 0D        	sta	[<L187+pxQueue_1],Y
  3694                        ;
  3695                        ;                #if ( configUSE_MUTEXES == 1 )
  3696                        ;                {
  3697                        ;                    if( pxQueue->uxQueueType == queueQUEUE_IS_MUTEX )
  3698                        ;                    {
  3699 00:0B56: A7 0D        	lda	[<L187+pxQueue_1]
  3700 00:0B58: A0 02 00     	ldy	#$2
  3701 00:0B5B: 17 0D        	ora	[<L187+pxQueue_1],Y
  3702 00:0B5D: D0 10        	bne	L10366
  3703                        ;                        /* Record the information required to implement
  3704                        ;                         * priority inheritance should it become necessary. */
  3705                        ;                        pxQueue->u.xSemaphore.xMutexHolder = pvTaskIncrementMutexHeldCount();
  3706 00:0B5F: 20 xx xx     	jsr	_~pvTaskIncrementMutexHeldCount
  3707 00:0B62: 86 03        	stx	<R0+2
  3708 00:0B64: A0 08 00     	ldy	#$8
  3709 00:0B67: 97 0D        	sta	[<L187+pxQueue_1],Y
  3710 00:0B69: A5 03        	lda	<R0+2
  3711 00:0B6B: C8           	iny
  3712 00:0B6C: C8           	iny
  3713 00:0B6D: 97 0D        	sta	[<L187+pxQueue_1],Y
  3714                        ;                    }
  3715                        ;                    else
  3716                        ;                    {
  Mon Sep 14 2026  7:48                                                                                                    Page 66


  3717                        ;                        mtCOVERAGE_TEST_MARKER();
  3718                        ;                    }
  3719                        L10366:
  3720                        ;                }
  3721                        ;                #endif /* configUSE_MUTEXES */
  3722                        ;
  3723                        ;                /* Check to see if other tasks are blocked waiting to give the
  3724                        ;                 * semaphore, and if so, unblock the highest priority such task. */
  3725                        ;                if( listLIST_IS_EMPTY( &( pxQueue->xTasksWaitingToSend ) ) == pdFALSE )
  3726                        ;                {
  3727 00:0B6F: A0 10 00     	ldy	#$10
  3728 00:0B72: B7 0D        	lda	[<L187+pxQueue_1],Y
  3729 00:0B74: F0 03        	beq	*+5
  3730 00:0B76: 82 E3 FE     	brl	L194
  3731 00:0B79: A9 01 00     	lda	#$1
  3732 00:0B7C: 82 E0 FE     	brl	L196
  3733                        L10391:
  3734                        ;        {
  3735                        ;            /* Timed out. */
  3736                        ;            prvUnlockQueue( pxQueue );
  3737 00:0B7F: D4 0F        	pei	<L187+pxQueue_1+2
  3738 00:0B81: D4 0D        	pei	<L187+pxQueue_1
  3739 00:0B83: 20 xx xx     	jsr	_~prvUnlockQueue
  3740                        ;            ( void ) xTaskResumeAll();
  3741 00:0B86: 20 xx xx     	jsr	_~xTaskResumeAll
  3742                        ;
  3743                        ;            /* If the semaphore count is 0 exit now as the timeout has
  3744                        ;             * expired.  Otherwise return to attempt to take the semaphore that is
  3745                        ;             * known to be available.  As semaphores are implemented by queues the
  3746                        ;             * queue being empty is equivalent to the semaphore count being 0. */
  3747                        ;            if( prvIsQueueEmpty( pxQueue ) != pdFALSE )
  3748                        ;            {
  3749 00:0B89: D4 0F        	pei	<L187+pxQueue_1+2
  3750 00:0B8B: D4 0D        	pei	<L187+pxQueue_1
  3751 00:0B8D: 20 xx xx     	jsr	_~prvIsQueueEmpty
  3752 00:0B90: AA           	tax
  3753 00:0B91: F0 AA        	beq	L10362
  3754                        ;                #if ( configUSE_MUTEXES == 1 )
  3755                        ;                {
  3756                        ;                    /* xInheritanceOccurred could only have be set if
  3757                        ;                     * pxQueue->uxQueueType == queueQUEUE_IS_MUTEX so no need to
  3758                        ;                     * test the mutex type again to check it is actually a mutex. */
  3759                        ;                    if( xInheritanceOccurred != pdFALSE )
  3760                        ;                    {
  3761 00:0B93: A5 11        	lda	<L187+xInheritanceOccurred_1
  3762 00:0B95: F0 18        	beq	L20008
  3763                        ;                        taskENTER_CRITICAL();
  3764                        ;                        {
  3765                        ;                            UBaseType_t uxHighestWaitingPriority;
  3766                        ;
  3767                        ;                            /* This task blocking on the mutex caused another
  3768                        ;                             * task to inherit this task's priority.  Now this task
  3769                        ;                             * has timed out the priority should be disinherited
  3770                        ;                             * again, but only as low as the next highest priority
  3771                        ;                             * task that is waiting for the same mutex. */
  3772                        ;                            uxHighestWaitingPriority = prvGetHighestPriorityOfWaitToReceiveList( pxQu
                    eue );
  3773             0000000E   uxHighestWaitingPriority_3	set	14
  Mon Sep 14 2026  7:48                                                                                                    Page 67


  3774 00:0B97: D4 0F        	pei	<L187+pxQueue_1+2
  3775 00:0B99: D4 0D        	pei	<L187+pxQueue_1
  3776 00:0B9B: 20 xx xx     	jsr	_~prvGetHighestPriorityOfWaitToReceiveList
  3777 00:0B9E: 85 13        	sta	<L187+uxHighestWaitingPriority_3
  3778                        ;
  3779                        ;                            /* vTaskPriorityDisinheritAfterTimeout uses the uxHighestWaitingPriority
  3780                        ;                             * parameter to index pxReadyTasksLists when adding the task holding
  3781                        ;                             * mutex to the ready list for its new priority. Coverity thinks that
  3782                        ;                             * it can result in out-of-bounds access which is not true because
  3783                        ;                             * uxHighestWaitingPriority, as returned by prvGetHighestPriorityOfWaitTo
                    ReceiveList,
  3784                        ;                             * is capped at ( configMAX_PRIORITIES - 1 ). */
  3785                        ;                            /* coverity[overrun] */
  3786                        ;                            vTaskPriorityDisinheritAfterTimeout( pxQueue->u.xSemaphore.xMutexHolder, 
                    uxHighestWaitingPriority );
  3787 00:0BA0: 48           	pha
  3788 00:0BA1: A0 0A 00     	ldy	#$a
  3789 00:0BA4: B7 0D        	lda	[<L187+pxQueue_1],Y
  3790 00:0BA6: 48           	pha
  3791 00:0BA7: 88           	dey
  3792 00:0BA8: 88           	dey
  3793 00:0BA9: B7 0D        	lda	[<L187+pxQueue_1],Y
  3794 00:0BAB: 48           	pha
  3795 00:0BAC: 20 xx xx     	jsr	_~vTaskPriorityDisinheritAfterTimeout
  3796                        ;                        }
  3797                        ;                        taskEXIT_CRITICAL();
  3798                        ;                    }
  3799                        ;                }
  3800                        ;                #endif /* configUSE_MUTEXES */
  3801                        ;
  3802                        ;                traceQUEUE_RECEIVE_FAILED( pxQueue );
  3803                        ;                traceRETURN_xQueueSemaphoreTake( errQUEUE_EMPTY );
  3804                        ;
  3805                        ;                return errQUEUE_EMPTY;
  3806                        L20008:
  3807                        ;                    /* The semaphore count was 0 and no block time is specified
  3808                        ;                     * (or the block time has expired) so exit now. */
  3809                        ;                    taskEXIT_CRITICAL();
  3810                        ;
  3811                        ;                    traceQUEUE_RECEIVE_FAILED( pxQueue );
  3812                        ;                    traceRETURN_xQueueSemaphoreTake( errQUEUE_EMPTY );
  3813                        ;
  3814                        ;                    return errQUEUE_EMPTY;
  3815 00:0BAF: A9 00 00     	lda	#$0
  3816                        L199:
  3817 00:0BB2: A8           	tay
  3818 00:0BB3: A5 15        	lda	<L186+1
  3819 00:0BB5: 85 1D        	sta	<L186+1+8
  3820 00:0BB7: 2B           	pld
  3821 00:0BB8: 3B           	tsc
  3822 00:0BB9: 18           	clc
  3823 00:0BBA: 69 1C 00     	adc	#L186+8
  3824 00:0BBD: 1B           	tcs
  3825 00:0BBE: 98           	tya
  3826 00:0BBF: 60           	rts
  3827                        ;            }
  3828                        ;            else
  3829                        ;            {
  Mon Sep 14 2026  7:48                                                                                                    Page 68


  3830                        ;                mtCOVERAGE_TEST_MARKER();
  3831                        ;            }
  3832                        ;        }
  3833                        ;    }
  3834                        ;}
  3835             00000014   L186	equ	20
  3836             00000005   L187	equ	5
  3837                        	ends
  3838                        	efunc
  3839                        ;/*-----------------------------------------------------------*/
  3840                        ;
  3841                        ;BaseType_t xQueuePeek( QueueHandle_t xQueue,
  3842                        ;                       void * const pvBuffer,
  3843                        ;                       TickType_t xTicksToWait )
  3844                        ;{
  3845                        	code
  3846                        	xdef	_~xQueuePeek
  3847                        	func
  3848                        _~xQueuePeek:
  3849                        	longa	on
  3850                        	longi	on
  3851 00:0BC0: 3B           	tsc
  3852 00:0BC1: 38           	sec
  3853 00:0BC2: E9 16 00     	sbc	#L210
  3854 00:0BC5: 1B           	tcs
  3855 00:0BC6: 0B           	phd
  3856 00:0BC7: 5B           	tcd
  3857             00000003   xQueue_0	set	3
  3858             00000007   pvBuffer_0	set	7
  3859             0000000B   xTicksToWait_0	set	11
  3860                        ;    BaseType_t xEntryTimeSet = pdFALSE;
  3861                        ;    TimeOut_t xTimeOut;
  3862                        ;    int8_t * pcOriginalReadPosition;
  3863                        ;    Queue_t * const pxQueue = xQueue;
  3864                        ;
  3865                        ;    traceENTER_xQueuePeek( xQueue, pvBuffer, xTicksToWait );
  3866             00000000   xEntryTimeSet_1	set	0
  3867             00000002   xTimeOut_1	set	2
  3868             00000008   pcOriginalReadPosition_1	set	8
  3869             0000000C   pxQueue_1	set	12
  3870 00:0BC8: 64 05        	stz	<L211+xEntryTimeSet_1
  3871 00:0BCA: A5 19        	lda	<L210+xQueue_0
  3872 00:0BCC: 85 11        	sta	<L211+pxQueue_1
  3873 00:0BCE: A5 1B        	lda	<L210+xQueue_0+2
  3874 00:0BD0: 85 13        	sta	<L211+pxQueue_1+2
  3875                        ;
  3876                        ;    /* The buffer into which data is received can only be NULL if the data size
  3877                        ;     * is zero (so no data is copied into the buffer. */
  3878                        ;    configASSERT( ( pxQueue != NULL ) && !( ( ( pvBuffer ) == NULL ) && ( ( pxQueue )->uxItemSize != 
                    ( UBaseType_t ) 0U ) ) );
  3879 00:0BD2: A5 11        	lda	<L211+pxQueue_1
  3880 00:0BD4: 05 13        	ora	<L211+pxQueue_1+2
  3881 00:0BD6: F0 0D        	beq	L10417
  3882 00:0BD8: A5 1D        	lda	<L210+pvBuffer_0
  3883 00:0BDA: 05 1F        	ora	<L210+pvBuffer_0+2
  3884 00:0BDC: D0 09        	bne	L10413
  3885 00:0BDE: A0 38 00     	ldy	#$38
  3886 00:0BE1: B7 11        	lda	[<L211+pxQueue_1],Y
  Mon Sep 14 2026  7:48                                                                                                    Page 69


  3887 00:0BE3: F0 02        	beq	L10413
  3888                        L10417:
  3889 00:0BE5: 80 FE        	bra	L10417
  3890                        L10413:
  3891                        ;
  3892                        ;    /* Cannot block if the scheduler is suspended. */
  3893                        ;    #if ( ( INCLUDE_xTaskGetSchedulerState == 1 ) || ( configUSE_TIMERS == 1 ) )
  3894                        ;    {
  3895                        ;        configASSERT( !( ( xTaskGetSchedulerState() == taskSCHEDULER_SUSPENDED ) && ( xTicksToWait !=
                     0 ) ) );
  3896 00:0BE7: 20 xx xx     	jsr	_~xTaskGetSchedulerState
  3897 00:0BEA: AA           	tax
  3898 00:0BEB: F0 03        	beq	*+5
  3899 00:0BED: 82 D3 00     	brl	L10431
  3900 00:0BF0: A5 21        	lda	<L210+xTicksToWait_0
  3901 00:0BF2: 05 23        	ora	<L210+xTicksToWait_0+2
  3902 00:0BF4: D0 03        	bne	*+5
  3903 00:0BF6: 82 CA 00     	brl	L10431
  3904                        L10424:
  3905 00:0BF9: 80 FE        	bra	L10424
  3906                        ;    }
  3907                        ;    #endif
  3908                        ;
  3909                        ;    for( ; ; )
  3910                        ;    {
  3911                        ;        taskENTER_CRITICAL();
  3912                        L219:
  3913 00:0BFB: A9 00 00     	lda	#$0
  3914                        L221:
  3915 00:0BFE: AA           	tax
  3916 00:0BFF: D0 19        	bne	L10439
  3917                        ;                    if( xTaskRemoveFromEventList( &( pxQueue->xTasksWaitingToReceive ) ) != pdFALSE )
  3918                        ;                    {
  3919 00:0C01: A9 22 00     	lda	#$22
  3920 00:0C04: 18           	clc
  3921 00:0C05: 65 11        	adc	<L211+pxQueue_1
  3922 00:0C07: 85 01        	sta	<R0
  3923 00:0C09: A9 00 00     	lda	#$0
  3924 00:0C0C: 65 13        	adc	<L211+pxQueue_1+2
  3925 00:0C0E: 48           	pha
  3926 00:0C0F: D4 01        	pei	<R0
  3927 00:0C11: 20 xx xx     	jsr	_~xTaskRemoveFromEventList
  3928 00:0C14: AA           	tax
  3929 00:0C15: F0 03        	beq	L10439
  3930                        ;                        /* The task waiting has a higher priority than this task. */
  3931                        ;                        queueYIELD_IF_USING_PREEMPTION();
  3932 00:0C17: 20 xx xx     	jsr	_~vPortYield
  3933                        ;                    }
  3934                        ;                    else
  3935                        L10439:
  3936                        ;
  3937                        ;                traceRETURN_xQueuePeek( pdPASS );
  3938                        ;
  3939                        ;                return pdPASS;
  3940 00:0C1A: A9 01 00     	lda	#$1
  3941 00:0C1D: 82 00 01     	brl	L224
  3942                        ;                    {
  3943                        ;                        mtCOVERAGE_TEST_MARKER();
  Mon Sep 14 2026  7:48                                                                                                    Page 70


  3944                        ;                    }
  3945                        ;                }
  3946                        ;                else
  3947                        ;                {
  3948                        ;                    mtCOVERAGE_TEST_MARKER();
  3949                        ;                }
  3950                        ;
  3951                        ;                taskEXIT_CRITICAL();
  3952                        ;            }
  3953                        ;            else
  3954                        L10433:
  3955                        ;            {
  3956                        ;                if( xTicksToWait == ( TickType_t ) 0 )
  3957                        ;                {
  3958 00:0C20: A5 21        	lda	<L210+xTicksToWait_0
  3959 00:0C22: 05 23        	ora	<L210+xTicksToWait_0+2
  3960 00:0C24: D0 03        	bne	*+5
  3961 00:0C26: 82 F4 00     	brl	L20010
  3962                        ;                }
  3963                        ;                else if( xEntryTimeSet == pdFALSE )
  3964                        ;                {
  3965 00:0C29: A5 05        	lda	<L211+xEntryTimeSet_1
  3966 00:0C2B: D0 11        	bne	L10448
  3967                        ;                    /* The queue was empty and a block time was specified so
  3968                        ;                     * configure the timeout structure ready to enter the blocked
  3969                        ;                     * state. */
  3970                        ;                    vTaskInternalSetTimeOutState( &xTimeOut );
  3971 00:0C2D: F4 00 00     	pea	#0
  3972 00:0C30: 18           	clc
  3973 00:0C31: 7B           	tdc
  3974 00:0C32: 69 07 00     	adc	#<L211+xTimeOut_1
  3975 00:0C35: 48           	pha
  3976 00:0C36: 20 xx xx     	jsr	_~vTaskInternalSetTimeOutState
  3977                        ;                    xEntryTimeSet = pdTRUE;
  3978 00:0C39: A9 01 00     	lda	#$1
  3979 00:0C3C: 85 05        	sta	<L211+xEntryTimeSet_1
  3980                        ;                }
  3981                        ;                else
  3982                        ;                {
  3983                        ;                    /* Entry time was already set. */
  3984                        ;                    mtCOVERAGE_TEST_MARKER();
  3985                        ;                }
  3986                        ;            }
  3987                        ;        }
  3988                        ;        taskEXIT_CRITICAL();
  3989                        L10448:
  3990                        ;
  3991                        ;        /* Interrupts and other tasks can send to and receive from the queue
  3992                        ;         * now that the critical section has been exited. */
  3993                        ;
  3994                        ;        vTaskSuspendAll();
  3995 00:0C3E: 20 xx xx     	jsr	_~vTaskSuspendAll
  3996                        ;        prvLockQueue( pxQueue );
  3997 00:0C41: E2 20        	sep	#$20
  3998                        	longa	off
  3999 00:0C43: A0 3A 00     	ldy	#$3a
  4000 00:0C46: B7 11        	lda	[<L211+pxQueue_1],Y
  4001 00:0C48: C9 FF        	cmp	#<$ffffffff
  Mon Sep 14 2026  7:48                                                                                                    Page 71


  4002 00:0C4A: C2 20        	rep	#$20
  4003                        	longa	on
  4004 00:0C4C: D0 08        	bne	L10453
  4005 00:0C4E: E2 20        	sep	#$20
  4006                        	longa	off
  4007 00:0C50: A9 00        	lda	#$0
  4008 00:0C52: 97 11        	sta	[<L211+pxQueue_1],Y
  4009 00:0C54: C2 20        	rep	#$20
  4010                        	longa	on
  4011                        L10453:
  4012 00:0C56: E2 20        	sep	#$20
  4013                        	longa	off
  4014 00:0C58: A0 3B 00     	ldy	#$3b
  4015 00:0C5B: B7 11        	lda	[<L211+pxQueue_1],Y
  4016 00:0C5D: C9 FF        	cmp	#<$ffffffff
  4017 00:0C5F: C2 20        	rep	#$20
  4018                        	longa	on
  4019 00:0C61: D0 08        	bne	L10456
  4020 00:0C63: E2 20        	sep	#$20
  4021                        	longa	off
  4022 00:0C65: A9 00        	lda	#$0
  4023 00:0C67: 97 11        	sta	[<L211+pxQueue_1],Y
  4024 00:0C69: C2 20        	rep	#$20
  4025                        	longa	on
  4026                        L10456:
  4027                        ;
  4028                        ;        /* Update the timeout state to see if it has expired yet. */
  4029                        ;        if( xTaskCheckForTimeOut( &xTimeOut, &xTicksToWait ) == pdFALSE )
  4030                        ;        {
  4031 00:0C6B: F4 00 00     	pea	#0
  4032 00:0C6E: 18           	clc
  4033 00:0C6F: 7B           	tdc
  4034 00:0C70: 69 21 00     	adc	#<L210+xTicksToWait_0
  4035 00:0C73: 48           	pha
  4036 00:0C74: F4 00 00     	pea	#0
  4037 00:0C77: 18           	clc
  4038 00:0C78: 7B           	tdc
  4039 00:0C79: 69 07 00     	adc	#<L211+xTimeOut_1
  4040 00:0C7C: 48           	pha
  4041 00:0C7D: 20 xx xx     	jsr	_~xTaskCheckForTimeOut
  4042 00:0C80: AA           	tax
  4043 00:0C81: F0 03        	beq	*+5
  4044 00:0C83: 82 83 00     	brl	L10458
  4045                        ;            /* Timeout has not expired yet, check to see if there is data in the
  4046                        ;            * queue now, and if not enter the Blocked state to wait for data. */
  4047                        ;            if( prvIsQueueEmpty( pxQueue ) != pdFALSE )
  4048                        ;            {
  4049 00:0C86: D4 13        	pei	<L211+pxQueue_1+2
  4050 00:0C88: D4 11        	pei	<L211+pxQueue_1
  4051 00:0C8A: 20 xx xx     	jsr	_~prvIsQueueEmpty
  4052 00:0C8D: AA           	tax
  4053 00:0C8E: F0 29        	beq	L10459
  4054                        ;                traceBLOCKING_ON_QUEUE_PEEK( pxQueue );
  4055                        ;                vTaskPlaceOnEventList( &( pxQueue->xTasksWaitingToReceive ), xTicksToWait );
  4056 00:0C90: D4 23        	pei	<L210+xTicksToWait_0+2
  4057 00:0C92: D4 21        	pei	<L210+xTicksToWait_0
  4058 00:0C94: A9 22 00     	lda	#$22
  4059 00:0C97: 18           	clc
  Mon Sep 14 2026  7:48                                                                                                    Page 72


  4060 00:0C98: 65 11        	adc	<L211+pxQueue_1
  4061 00:0C9A: 85 01        	sta	<R0
  4062 00:0C9C: A9 00 00     	lda	#$0
  4063 00:0C9F: 65 13        	adc	<L211+pxQueue_1+2
  4064 00:0CA1: 48           	pha
  4065 00:0CA2: D4 01        	pei	<R0
  4066 00:0CA4: 20 xx xx     	jsr	_~vTaskPlaceOnEventList
  4067                        ;                prvUnlockQueue( pxQueue );
  4068 00:0CA7: D4 13        	pei	<L211+pxQueue_1+2
  4069 00:0CA9: D4 11        	pei	<L211+pxQueue_1
  4070 00:0CAB: 20 xx xx     	jsr	_~prvUnlockQueue
  4071                        ;
  4072                        ;                if( xTaskResumeAll() == pdFALSE )
  4073                        ;                {
  4074 00:0CAE: 20 xx xx     	jsr	_~xTaskResumeAll
  4075 00:0CB1: AA           	tax
  4076 00:0CB2: D0 0F        	bne	L10431
  4077                        ;                    taskYIELD_WITHIN_API();
  4078 00:0CB4: 20 xx xx     	jsr	_~vPortYield
  4079                        ;                }
  4080                        ;                else
  4081 00:0CB7: 80 0A        	bra	L10431
  4082                        ;                {
  4083                        ;                    mtCOVERAGE_TEST_MARKER();
  4084                        ;                }
  4085                        L10459:
  4086                        ;            {
  4087                        ;                /* There is data in the queue now, so don't enter the blocked
  4088                        ;                 * state, instead return to try and obtain the data. */
  4089                        ;                prvUnlockQueue( pxQueue );
  4090 00:0CB9: D4 13        	pei	<L211+pxQueue_1+2
  4091 00:0CBB: D4 11        	pei	<L211+pxQueue_1
  4092 00:0CBD: 20 xx xx     	jsr	_~prvUnlockQueue
  4093                        ;                ( void ) xTaskResumeAll();
  4094 00:0CC0: 20 xx xx     	jsr	_~xTaskResumeAll
  4095                        ;            }
  4096                        ;        }
  4097                        ;        else
  4098                        ;            }
  4099                        ;            else
  4100                        L10431:
  4101                        ;        {
  4102                        ;            const UBaseType_t uxMessagesWaiting = pxQueue->uxMessagesWaiting;
  4103                        ;
  4104                        ;            /* Is there data in the queue now?  To be running the calling task
  4105                        ;             * must be the highest priority task wanting to access the queue. */
  4106                        ;            if( uxMessagesWaiting > ( UBaseType_t ) 0 )
  4107             00000010   uxMessagesWaiting_2	set	16
  4108 00:0CC3: A0 34 00     	ldy	#$34
  4109 00:0CC6: B7 11        	lda	[<L211+pxQueue_1],Y
  4110 00:0CC8: 85 15        	sta	<L211+uxMessagesWaiting_2
  4111                        ;            {
  4112 00:0CCA: A9 00 00     	lda	#$0
  4113 00:0CCD: C5 15        	cmp	<L211+uxMessagesWaiting_2
  4114 00:0CCF: 90 03        	bcc	*+5
  4115 00:0CD1: 82 4C FF     	brl	L10433
  4116                        ;                /* Remember the read position so it can be reset after the data
  4117                        ;                 * is read from the queue as this function is only peeking the
  Mon Sep 14 2026  7:48                                                                                                    Page 73


  4118                        ;                 * data, not removing it. */
  4119                        ;                pcOriginalReadPosition = pxQueue->u.xQueue.pcReadFrom;
  4120 00:0CD4: A0 0C 00     	ldy	#$c
  4121 00:0CD7: B7 11        	lda	[<L211+pxQueue_1],Y
  4122 00:0CD9: 85 0D        	sta	<L211+pcOriginalReadPosition_1
  4123 00:0CDB: C8           	iny
  4124 00:0CDC: C8           	iny
  4125 00:0CDD: B7 11        	lda	[<L211+pxQueue_1],Y
  4126 00:0CDF: 85 0F        	sta	<L211+pcOriginalReadPosition_1+2
  4127                        ;
  4128                        ;                prvCopyDataFromQueue( pxQueue, pvBuffer );
  4129 00:0CE1: D4 1F        	pei	<L210+pvBuffer_0+2
  4130 00:0CE3: D4 1D        	pei	<L210+pvBuffer_0
  4131 00:0CE5: D4 13        	pei	<L211+pxQueue_1+2
  4132 00:0CE7: D4 11        	pei	<L211+pxQueue_1
  4133 00:0CE9: 20 xx xx     	jsr	_~prvCopyDataFromQueue
  4134                        ;                traceQUEUE_PEEK( pxQueue );
  4135                        ;
  4136                        ;                /* The data is not being removed, so reset the read pointer. */
  4137                        ;                pxQueue->u.xQueue.pcReadFrom = pcOriginalReadPosition;
  4138 00:0CEC: A5 0D        	lda	<L211+pcOriginalReadPosition_1
  4139 00:0CEE: A0 0C 00     	ldy	#$c
  4140 00:0CF1: 97 11        	sta	[<L211+pxQueue_1],Y
  4141 00:0CF3: A5 0F        	lda	<L211+pcOriginalReadPosition_1+2
  4142 00:0CF5: C8           	iny
  4143 00:0CF6: C8           	iny
  4144 00:0CF7: 97 11        	sta	[<L211+pxQueue_1],Y
  4145                        ;
  4146                        ;                /* The data is being left in the queue, so see if there are
  4147                        ;                 * any other tasks waiting for the data. */
  4148                        ;                if( listLIST_IS_EMPTY( &( pxQueue->xTasksWaitingToReceive ) ) == pdFALSE )
  4149                        ;                {
  4150 00:0CF9: A0 22 00     	ldy	#$22
  4151 00:0CFC: B7 11        	lda	[<L211+pxQueue_1],Y
  4152 00:0CFE: F0 03        	beq	*+5
  4153 00:0D00: 82 F8 FE     	brl	L219
  4154 00:0D03: A9 01 00     	lda	#$1
  4155 00:0D06: 82 F5 FE     	brl	L221
  4156                        L10458:
  4157                        ;        {
  4158                        ;            /* The timeout has expired.  If there is still no data in the queue
  4159                        ;             * exit, otherwise go back and try to read the data again. */
  4160                        ;            prvUnlockQueue( pxQueue );
  4161 00:0D09: D4 13        	pei	<L211+pxQueue_1+2
  4162 00:0D0B: D4 11        	pei	<L211+pxQueue_1
  4163 00:0D0D: 20 xx xx     	jsr	_~prvUnlockQueue
  4164                        ;            ( void ) xTaskResumeAll();
  4165 00:0D10: 20 xx xx     	jsr	_~xTaskResumeAll
  4166                        ;
  4167                        ;            if( prvIsQueueEmpty( pxQueue ) != pdFALSE )
  4168                        ;            {
  4169 00:0D13: D4 13        	pei	<L211+pxQueue_1+2
  4170 00:0D15: D4 11        	pei	<L211+pxQueue_1
  4171 00:0D17: 20 xx xx     	jsr	_~prvIsQueueEmpty
  4172 00:0D1A: AA           	tax
  4173 00:0D1B: F0 A6        	beq	L10431
  4174                        ;                traceQUEUE_PEEK_FAILED( pxQueue );
  4175                        ;                traceRETURN_xQueuePeek( errQUEUE_EMPTY );
  Mon Sep 14 2026  7:48                                                                                                    Page 74


  4176                        ;
  4177                        ;                return errQUEUE_EMPTY;
  4178                        L20010:
  4179                        ;                    /* The queue was empty and no block time is specified (or
  4180                        ;                     * the block time has expired) so leave now. */
  4181                        ;                    taskEXIT_CRITICAL();
  4182                        ;
  4183                        ;                    traceQUEUE_PEEK_FAILED( pxQueue );
  4184                        ;                    traceRETURN_xQueuePeek( errQUEUE_EMPTY );
  4185                        ;
  4186                        ;                    return errQUEUE_EMPTY;
  4187 00:0D1D: A9 00 00     	lda	#$0
  4188                        L224:
  4189 00:0D20: A8           	tay
  4190 00:0D21: A5 17        	lda	<L210+1
  4191 00:0D23: 85 23        	sta	<L210+1+12
  4192 00:0D25: 2B           	pld
  4193 00:0D26: 3B           	tsc
  4194 00:0D27: 18           	clc
  4195 00:0D28: 69 22 00     	adc	#L210+12
  4196 00:0D2B: 1B           	tcs
  4197 00:0D2C: 98           	tya
  4198 00:0D2D: 60           	rts
  4199                        ;            }
  4200                        ;            else
  4201                        ;            {
  4202                        ;                mtCOVERAGE_TEST_MARKER();
  4203                        ;            }
  4204                        ;        }
  4205                        ;    }
  4206                        ;}
  4207             00000016   L210	equ	22
  4208             00000005   L211	equ	5
  4209                        	ends
  4210                        	efunc
  4211                        ;/*-----------------------------------------------------------*/
  4212                        ;
  4213                        ;BaseType_t xQueueReceiveFromISR( QueueHandle_t xQueue,
  4214                        ;                                 void * const pvBuffer,
  4215                        ;                                 BaseType_t * const pxHigherPriorityTaskWoken )
  4216                        ;{
  4217                        	code
  4218                        	xdef	_~xQueueReceiveFromISR
  4219                        	func
  4220                        _~xQueueReceiveFromISR:
  4221                        	longa	on
  4222                        	longi	on
  4223 00:0D2E: 3B           	tsc
  4224 00:0D2F: 38           	sec
  4225 00:0D30: E9 11 00     	sbc	#L233
  4226 00:0D33: 1B           	tcs
  4227 00:0D34: 0B           	phd
  4228 00:0D35: 5B           	tcd
  4229             00000003   xQueue_0	set	3
  4230             00000007   pvBuffer_0	set	7
  4231             0000000B   pxHigherPriorityTaskWoken_0	set	11
  4232                        ;    BaseType_t xReturn;
  4233                        ;    UBaseType_t uxSavedInterruptStatus;
  Mon Sep 14 2026  7:48                                                                                                    Page 75


  4234                        ;    Queue_t * const pxQueue = xQueue;
  4235                        ;
  4236                        ;    traceENTER_xQueueReceiveFromISR( xQueue, pvBuffer, pxHigherPriorityTaskWoken );
  4237             00000000   xReturn_1	set	0
  4238             00000002   uxSavedInterruptStatus_1	set	2
  4239             00000004   pxQueue_1	set	4
  4240 00:0D36: A5 14        	lda	<L233+xQueue_0
  4241 00:0D38: 85 09        	sta	<L234+pxQueue_1
  4242 00:0D3A: A5 16        	lda	<L233+xQueue_0+2
  4243 00:0D3C: 85 0B        	sta	<L234+pxQueue_1+2
  4244                        ;
  4245                        ;    configASSERT( pxQueue );
  4246 00:0D3E: A5 09        	lda	<L234+pxQueue_1
  4247 00:0D40: 05 0B        	ora	<L234+pxQueue_1+2
  4248 00:0D42: D0 02        	bne	L10465
  4249                        L10469:
  4250 00:0D44: 80 FE        	bra	L10469
  4251                        L10465:
  4252                        ;    configASSERT( !( ( pvBuffer == NULL ) && ( pxQueue->uxItemSize != ( UBaseType_t ) 0U ) ) );
  4253 00:0D46: A5 18        	lda	<L233+pvBuffer_0
  4254 00:0D48: 05 1A        	ora	<L233+pvBuffer_0+2
  4255 00:0D4A: D0 09        	bne	L10472
  4256 00:0D4C: A0 38 00     	ldy	#$38
  4257 00:0D4F: B7 09        	lda	[<L234+pxQueue_1],Y
  4258 00:0D51: F0 02        	beq	L10472
  4259                        L10476:
  4260 00:0D53: 80 FE        	bra	L10476
  4261                        L10472:
  4262                        ;
  4263                        ;    /* RTOS ports that support interrupt nesting have the concept of a maximum
  4264                        ;     * system call (or maximum API call) interrupt priority.  Interrupts that are
  4265                        ;     * above the maximum system call priority are kept permanently enabled, even
  4266                        ;     * when the RTOS kernel is in a critical section, but cannot make any calls to
  4267                        ;     * FreeRTOS API functions.  If configASSERT() is defined in FreeRTOSConfig.h
  4268                        ;     * then portASSERT_IF_INTERRUPT_PRIORITY_INVALID() will result in an assertion
  4269                        ;     * failure if a FreeRTOS API function is called from an interrupt that has been
  4270                        ;     * assigned a priority above the configured maximum system call priority.
  4271                        ;     * Only FreeRTOS functions that end in FromISR can be called from interrupts
  4272                        ;     * that have been assigned a priority at or (logically) below the maximum
  4273                        ;     * system call interrupt priority.  FreeRTOS maintains a separate interrupt
  4274                        ;     * safe API to ensure interrupt entry is as fast and as simple as possible.
  4275                        ;     * More information (albeit Cortex-M specific) is provided on the following
  4276                        ;     * link: https://www.FreeRTOS.org/RTOS-Cortex-M3-M4.html */
  4277                        ;    portASSERT_IF_INTERRUPT_PRIORITY_INVALID();
  4278                        ;
  4279                        ;    /* MISRA Ref 4.7.1 [Return value shall be checked] */
  4280                        ;    /* More details at: https://github.com/FreeRTOS/FreeRTOS-Kernel/blob/main/MISRA.md#dir-47 */
  4281                        ;    /* coverity[misra_c_2012_directive_4_7_violation] */
  4282                        ;    uxSavedInterruptStatus = ( UBaseType_t ) taskENTER_CRITICAL_FROM_ISR();
  4283 00:0D55: 64 07        	stz	<L234+uxSavedInterruptStatus_1
  4284                        ;    {
  4285                        ;        const UBaseType_t uxMessagesWaiting = pxQueue->uxMessagesWaiting;
  4286                        ;
  4287                        ;        /* Cannot block in an ISR, so check there is data available. */
  4288                        ;        if( uxMessagesWaiting > ( UBaseType_t ) 0 )
  4289             00000008   uxMessagesWaiting_2	set	8
  4290 00:0D57: A0 34 00     	ldy	#$34
  4291 00:0D5A: B7 09        	lda	[<L234+pxQueue_1],Y
  Mon Sep 14 2026  7:48                                                                                                    Page 76


  4292 00:0D5C: 85 0D        	sta	<L234+uxMessagesWaiting_2
  4293                        ;        {
  4294 00:0D5E: A9 00 00     	lda	#$0
  4295 00:0D61: C5 0D        	cmp	<L234+uxMessagesWaiting_2
  4296 00:0D63: 90 03        	bcc	*+5
  4297 00:0D65: 82 95 00     	brl	L10479
  4298                        ;            const int8_t cRxLock = pxQueue->cRxLock;
  4299                        ;
  4300                        ;            traceQUEUE_RECEIVE_FROM_ISR( pxQueue );
  4301             0000000A   cRxLock_3	set	10
  4302 00:0D68: E2 20        	sep	#$20
  4303                        	longa	off
  4304 00:0D6A: A0 3A 00     	ldy	#$3a
  4305 00:0D6D: B7 09        	lda	[<L234+pxQueue_1],Y
  4306 00:0D6F: 85 0F        	sta	<L234+cRxLock_3
  4307 00:0D71: C2 20        	rep	#$20
  4308                        	longa	on
  4309                        ;
  4310                        ;            prvCopyDataFromQueue( pxQueue, pvBuffer );
  4311 00:0D73: D4 1A        	pei	<L233+pvBuffer_0+2
  4312 00:0D75: D4 18        	pei	<L233+pvBuffer_0
  4313 00:0D77: D4 0B        	pei	<L234+pxQueue_1+2
  4314 00:0D79: D4 09        	pei	<L234+pxQueue_1
  4315 00:0D7B: 20 xx xx     	jsr	_~prvCopyDataFromQueue
  4316                        ;            pxQueue->uxMessagesWaiting = ( UBaseType_t ) ( uxMessagesWaiting - ( UBaseType_t ) 1 );
  4317 00:0D7E: A9 FF FF     	lda	#$ffff
  4318 00:0D81: 18           	clc
  4319 00:0D82: 65 0D        	adc	<L234+uxMessagesWaiting_2
  4320 00:0D84: A0 34 00     	ldy	#$34
  4321 00:0D87: 97 09        	sta	[<L234+pxQueue_1],Y
  4322                        ;
  4323                        ;            /* If the queue is locked the event list will not be modified.
  4324                        ;             * Instead update the lock count so the task that unlocks the queue
  4325                        ;             * will know that an ISR has removed data while the queue was
  4326                        ;             * locked. */
  4327                        ;            if( cRxLock == queueUNLOCKED )
  4328                        ;            {
  4329 00:0D89: E2 20        	sep	#$20
  4330                        	longa	off
  4331 00:0D8B: A5 0F        	lda	<L234+cRxLock_3
  4332 00:0D8D: C9 FF        	cmp	#<$ffffffff
  4333 00:0D8F: C2 20        	rep	#$20
  4334                        	longa	on
  4335 00:0D91: D0 35        	bne	L10490
  4336                        ;                if( listLIST_IS_EMPTY( &( pxQueue->xTasksWaitingToSend ) ) == pdFALSE )
  4337                        ;                {
  4338 00:0D93: A0 10 00     	ldy	#$10
  4339 00:0D96: B7 09        	lda	[<L234+pxQueue_1],Y
  4340 00:0D98: D0 05        	bne	L240
  4341 00:0D9A: A9 01 00     	lda	#$1
  4342 00:0D9D: 80 03        	bra	L242
  4343                        L240:
  4344 00:0D9F: A9 00 00     	lda	#$0
  4345                        L242:
  4346 00:0DA2: AA           	tax
  4347 00:0DA3: D0 51        	bne	L10487
  4348                        ;                    if( xTaskRemoveFromEventList( &( pxQueue->xTasksWaitingToSend ) ) != pdFALSE )
  4349                        ;                    {
  Mon Sep 14 2026  7:48                                                                                                    Page 77


  4350 00:0DA5: A9 10 00     	lda	#$10
  4351 00:0DA8: 18           	clc
  4352 00:0DA9: 65 09        	adc	<L234+pxQueue_1
  4353 00:0DAB: 85 01        	sta	<R0
  4354 00:0DAD: A9 00 00     	lda	#$0
  4355 00:0DB0: 65 0B        	adc	<L234+pxQueue_1+2
  4356 00:0DB2: 48           	pha
  4357 00:0DB3: D4 01        	pei	<R0
  4358 00:0DB5: 20 xx xx     	jsr	_~xTaskRemoveFromEventList
  4359 00:0DB8: AA           	tax
  4360 00:0DB9: F0 3B        	beq	L10487
  4361                        ;                        /* The task waiting has a higher priority than us so
  4362                        ;                         * force a context switch. */
  4363                        ;                        if( pxHigherPriorityTaskWoken != NULL )
  4364                        ;                        {
  4365 00:0DBB: A5 1C        	lda	<L233+pxHigherPriorityTaskWoken_0
  4366 00:0DBD: 05 1E        	ora	<L233+pxHigherPriorityTaskWoken_0+2
  4367 00:0DBF: F0 35        	beq	L10487
  4368                        ;                            *pxHigherPriorityTaskWoken = pdTRUE;
  4369 00:0DC1: A9 01 00     	lda	#$1
  4370 00:0DC4: 87 1C        	sta	[<L233+pxHigherPriorityTaskWoken_0]
  4371                        ;                        }
  4372                        ;                        else
  4373                        ;                }
  4374                        ;                else
  4375 00:0DC6: 80 2E        	bra	L10487
  4376                        ;                        {
  4377                        ;                            mtCOVERAGE_TEST_MARKER();
  4378                        ;                        }
  4379                        ;                    }
  4380                        ;                    else
  4381                        ;                    {
  4382                        ;                        mtCOVERAGE_TEST_MARKER();
  4383                        ;                    }
  4384                        ;                {
  4385                        ;                    mtCOVERAGE_TEST_MARKER();
  4386                        ;                }
  4387                        ;            }
  4388                        ;            else
  4389                        ;            {
  4390                        ;                /* Increment the lock count so the task that unlocks the queue
  4391                        ;                 * knows that data was removed while it was locked. */
  4392                        ;                prvIncrementQueueRxLock( pxQueue, cRxLock );
  4393                        L10490:
  4394             0000000B   uxNumberOfTasks_4	set	11
  4395 00:0DC8: 20 xx xx     	jsr	_~uxTaskGetNumberOfTasks
  4396 00:0DCB: 85 10        	sta	<L234+uxNumberOfTasks_4
  4397 00:0DCD: A5 0F        	lda	<L234+cRxLock_3
  4398 00:0DCF: 29 FF 00     	and	#$ff
  4399 00:0DD2: 89 80 00     	bit	#$80
  4400 00:0DD5: F0 03        	beq	L246
  4401 00:0DD7: 09 00 FF     	ora	#$ff00
  4402                        L246:
  4403 00:0DDA: C5 10        	cmp	<L234+uxNumberOfTasks_4
  4404 00:0DDC: B0 18        	bcs	L10487
  4405 00:0DDE: E2 20        	sep	#$20
  4406                        	longa	off
  4407 00:0DE0: A5 0F        	lda	<L234+cRxLock_3
  Mon Sep 14 2026  7:48                                                                                                    Page 78


  4408 00:0DE2: C9 7F        	cmp	#<$7f
  4409 00:0DE4: C2 20        	rep	#$20
  4410                        	longa	on
  4411 00:0DE6: D0 02        	bne	L10492
  4412                        L10496:
  4413 00:0DE8: 80 FE        	bra	L10496
  4414                        L10492:
  4415 00:0DEA: E2 20        	sep	#$20
  4416                        	longa	off
  4417 00:0DEC: A5 0F        	lda	<L234+cRxLock_3
  4418 00:0DEE: 1A           	ina
  4419 00:0DEF: A0 3A 00     	ldy	#$3a
  4420 00:0DF2: 97 09        	sta	[<L234+pxQueue_1],Y
  4421 00:0DF4: C2 20        	rep	#$20
  4422                        	longa	on
  4423                        ;            }
  4424                        L10487:
  4425                        ;
  4426                        ;            xReturn = pdPASS;
  4427 00:0DF6: A9 01 00     	lda	#$1
  4428 00:0DF9: 85 05        	sta	<L234+xReturn_1
  4429                        ;        }
  4430                        ;        else
  4431 00:0DFB: 80 02        	bra	L10499
  4432                        L10479:
  4433                        ;        {
  4434                        ;            xReturn = pdFAIL;
  4435 00:0DFD: 64 05        	stz	<L234+xReturn_1
  4436                        ;            traceQUEUE_RECEIVE_FROM_ISR_FAILED( pxQueue );
  4437                        ;        }
  4438                        L10499:
  4439                        ;    }
  4440                        ;    taskEXIT_CRITICAL_FROM_ISR( uxSavedInterruptStatus );
  4441                        ;
  4442                        ;    traceRETURN_xQueueReceiveFromISR( xReturn );
  4443                        ;
  4444                        ;    return xReturn;
  4445 00:0DFF: A5 05        	lda	<L234+xReturn_1
  4446 00:0E01: A8           	tay
  4447 00:0E02: A5 12        	lda	<L233+1
  4448 00:0E04: 85 1E        	sta	<L233+1+12
  4449 00:0E06: 2B           	pld
  4450 00:0E07: 3B           	tsc
  4451 00:0E08: 18           	clc
  4452 00:0E09: 69 1D 00     	adc	#L233+12
  4453 00:0E0C: 1B           	tcs
  4454 00:0E0D: 98           	tya
  4455 00:0E0E: 60           	rts
  4456                        ;}
  4457             00000011   L233	equ	17
  4458             00000005   L234	equ	5
  4459                        	ends
  4460                        	efunc
  4461                        ;/*-----------------------------------------------------------*/
  4462                        ;
  4463                        ;BaseType_t xQueuePeekFromISR( QueueHandle_t xQueue,
  4464                        ;                              void * const pvBuffer )
  4465                        ;{
  Mon Sep 14 2026  7:48                                                                                                    Page 79


  4466                        	code
  4467                        	xdef	_~xQueuePeekFromISR
  4468                        	func
  4469                        _~xQueuePeekFromISR:
  4470                        	longa	on
  4471                        	longi	on
  4472 00:0E0F: 3B           	tsc
  4473 00:0E10: 38           	sec
  4474 00:0E11: E9 0C 00     	sbc	#L250
  4475 00:0E14: 1B           	tcs
  4476 00:0E15: 0B           	phd
  4477 00:0E16: 5B           	tcd
  4478             00000003   xQueue_0	set	3
  4479             00000007   pvBuffer_0	set	7
  4480                        ;    BaseType_t xReturn;
  4481                        ;    UBaseType_t uxSavedInterruptStatus;
  4482                        ;    int8_t * pcOriginalReadPosition;
  4483                        ;    Queue_t * const pxQueue = xQueue;
  4484                        ;
  4485                        ;    traceENTER_xQueuePeekFromISR( xQueue, pvBuffer );
  4486             00000000   xReturn_1	set	0
  4487             00000002   uxSavedInterruptStatus_1	set	2
  4488             00000004   pcOriginalReadPosition_1	set	4
  4489             00000008   pxQueue_1	set	8
  4490 00:0E17: A5 0F        	lda	<L250+xQueue_0
  4491 00:0E19: 85 09        	sta	<L251+pxQueue_1
  4492 00:0E1B: A5 11        	lda	<L250+xQueue_0+2
  4493 00:0E1D: 85 0B        	sta	<L251+pxQueue_1+2
  4494                        ;
  4495                        ;    configASSERT( ( pxQueue != NULL ) && !( ( pvBuffer == NULL ) && ( pxQueue->uxItemSize != ( UBaseT
                    ype_t ) 0U ) ) );
  4496 00:0E1F: A5 09        	lda	<L251+pxQueue_1
  4497 00:0E21: 05 0B        	ora	<L251+pxQueue_1+2
  4498 00:0E23: F0 0D        	beq	L10504
  4499 00:0E25: A5 13        	lda	<L250+pvBuffer_0
  4500 00:0E27: 05 15        	ora	<L250+pvBuffer_0+2
  4501 00:0E29: D0 09        	bne	L10500
  4502 00:0E2B: A0 38 00     	ldy	#$38
  4503 00:0E2E: B7 09        	lda	[<L251+pxQueue_1],Y
  4504 00:0E30: F0 02        	beq	L10500
  4505                        L10504:
  4506 00:0E32: 80 FE        	bra	L10504
  4507                        L10500:
  4508                        ;    configASSERT( ( pxQueue != NULL ) && ( pxQueue->uxItemSize != 0 ) ); /* Can't peek a semaphore. *
                    /
  4509 00:0E34: A5 09        	lda	<L251+pxQueue_1
  4510 00:0E36: 05 0B        	ora	<L251+pxQueue_1+2
  4511 00:0E38: F0 07        	beq	L10511
  4512 00:0E3A: A0 38 00     	ldy	#$38
  4513 00:0E3D: B7 09        	lda	[<L251+pxQueue_1],Y
  4514 00:0E3F: D0 02        	bne	L10507
  4515                        L10511:
  4516 00:0E41: 80 FE        	bra	L10511
  4517                        L10507:
  4518                        ;
  4519                        ;    /* RTOS ports that support interrupt nesting have the concept of a maximum
  4520                        ;     * system call (or maximum API call) interrupt priority.  Interrupts that are
  4521                        ;     * above the maximum system call priority are kept permanently enabled, even
  Mon Sep 14 2026  7:48                                                                                                    Page 80


  4522                        ;     * when the RTOS kernel is in a critical section, but cannot make any calls to
  4523                        ;     * FreeRTOS API functions.  If configASSERT() is defined in FreeRTOSConfig.h
  4524                        ;     * then portASSERT_IF_INTERRUPT_PRIORITY_INVALID() will result in an assertion
  4525                        ;     * failure if a FreeRTOS API function is called from an interrupt that has been
  4526                        ;     * assigned a priority above the configured maximum system call priority.
  4527                        ;     * Only FreeRTOS functions that end in FromISR can be called from interrupts
  4528                        ;     * that have been assigned a priority at or (logically) below the maximum
  4529                        ;     * system call interrupt priority.  FreeRTOS maintains a separate interrupt
  4530                        ;     * safe API to ensure interrupt entry is as fast and as simple as possible.
  4531                        ;     * More information (albeit Cortex-M specific) is provided on the following
  4532                        ;     * link: https://www.FreeRTOS.org/RTOS-Cortex-M3-M4.html */
  4533                        ;    portASSERT_IF_INTERRUPT_PRIORITY_INVALID();
  4534                        ;
  4535                        ;    /* MISRA Ref 4.7.1 [Return value shall be checked] */
  4536                        ;    /* More details at: https://github.com/FreeRTOS/FreeRTOS-Kernel/blob/main/MISRA.md#dir-47 */
  4537                        ;    /* coverity[misra_c_2012_directive_4_7_violation] */
  4538                        ;    uxSavedInterruptStatus = ( UBaseType_t ) taskENTER_CRITICAL_FROM_ISR();
  4539 00:0E43: 64 03        	stz	<L251+uxSavedInterruptStatus_1
  4540                        ;    {
  4541                        ;        /* Cannot block in an ISR, so check there is data available. */
  4542                        ;        if( pxQueue->uxMessagesWaiting > ( UBaseType_t ) 0 )
  4543                        ;        {
  4544 00:0E45: A9 00 00     	lda	#$0
  4545 00:0E48: A0 34 00     	ldy	#$34
  4546 00:0E4B: D7 09        	cmp	[<L251+pxQueue_1],Y
  4547 00:0E4D: B0 2C        	bcs	L10514
  4548                        ;            traceQUEUE_PEEK_FROM_ISR( pxQueue );
  4549                        ;
  4550                        ;            /* Remember the read position so it can be reset as nothing is
  4551                        ;             * actually being removed from the queue. */
  4552                        ;            pcOriginalReadPosition = pxQueue->u.xQueue.pcReadFrom;
  4553 00:0E4F: A0 0C 00     	ldy	#$c
  4554 00:0E52: B7 09        	lda	[<L251+pxQueue_1],Y
  4555 00:0E54: 85 05        	sta	<L251+pcOriginalReadPosition_1
  4556 00:0E56: C8           	iny
  4557 00:0E57: C8           	iny
  4558 00:0E58: B7 09        	lda	[<L251+pxQueue_1],Y
  4559 00:0E5A: 85 07        	sta	<L251+pcOriginalReadPosition_1+2
  4560                        ;            prvCopyDataFromQueue( pxQueue, pvBuffer );
  4561 00:0E5C: D4 15        	pei	<L250+pvBuffer_0+2
  4562 00:0E5E: D4 13        	pei	<L250+pvBuffer_0
  4563 00:0E60: D4 0B        	pei	<L251+pxQueue_1+2
  4564 00:0E62: D4 09        	pei	<L251+pxQueue_1
  4565 00:0E64: 20 xx xx     	jsr	_~prvCopyDataFromQueue
  4566                        ;            pxQueue->u.xQueue.pcReadFrom = pcOriginalReadPosition;
  4567 00:0E67: A5 05        	lda	<L251+pcOriginalReadPosition_1
  4568 00:0E69: A0 0C 00     	ldy	#$c
  4569 00:0E6C: 97 09        	sta	[<L251+pxQueue_1],Y
  4570 00:0E6E: A5 07        	lda	<L251+pcOriginalReadPosition_1+2
  4571 00:0E70: C8           	iny
  4572 00:0E71: C8           	iny
  4573 00:0E72: 97 09        	sta	[<L251+pxQueue_1],Y
  4574                        ;
  4575                        ;            xReturn = pdPASS;
  4576 00:0E74: A9 01 00     	lda	#$1
  4577 00:0E77: 85 01        	sta	<L251+xReturn_1
  4578                        ;        }
  4579                        ;        else
  Mon Sep 14 2026  7:48                                                                                                    Page 81


  4580 00:0E79: 80 02        	bra	L10515
  4581                        L10514:
  4582                        ;        {
  4583                        ;            xReturn = pdFAIL;
  4584 00:0E7B: 64 01        	stz	<L251+xReturn_1
  4585                        ;            traceQUEUE_PEEK_FROM_ISR_FAILED( pxQueue );
  4586                        ;        }
  4587                        L10515:
  4588                        ;    }
  4589                        ;    taskEXIT_CRITICAL_FROM_ISR( uxSavedInterruptStatus );
  4590                        ;
  4591                        ;    traceRETURN_xQueuePeekFromISR( xReturn );
  4592                        ;
  4593                        ;    return xReturn;
  4594 00:0E7D: A5 01        	lda	<L251+xReturn_1
  4595 00:0E7F: A8           	tay
  4596 00:0E80: A5 0D        	lda	<L250+1
  4597 00:0E82: 85 15        	sta	<L250+1+8
  4598 00:0E84: 2B           	pld
  4599 00:0E85: 3B           	tsc
  4600 00:0E86: 18           	clc
  4601 00:0E87: 69 14 00     	adc	#L250+8
  4602 00:0E8A: 1B           	tcs
  4603 00:0E8B: 98           	tya
  4604 00:0E8C: 60           	rts
  4605                        ;}
  4606             0000000C   L250	equ	12
  4607             00000001   L251	equ	1
  4608                        	ends
  4609                        	efunc
  4610                        ;/*-----------------------------------------------------------*/
  4611                        ;
  4612                        ;UBaseType_t uxQueueMessagesWaiting( const QueueHandle_t xQueue )
  4613                        ;{
  4614                        	code
  4615                        	xdef	_~uxQueueMessagesWaiting
  4616                        	func
  4617                        _~uxQueueMessagesWaiting:
  4618                        	longa	on
  4619                        	longi	on
  4620 00:0E8D: 3B           	tsc
  4621 00:0E8E: 38           	sec
  4622 00:0E8F: E9 02 00     	sbc	#L261
  4623 00:0E92: 1B           	tcs
  4624 00:0E93: 0B           	phd
  4625 00:0E94: 5B           	tcd
  4626             00000003   xQueue_0	set	3
  4627                        ;    UBaseType_t uxReturn;
  4628                        ;
  4629                        ;    traceENTER_uxQueueMessagesWaiting( xQueue );
  4630             00000000   uxReturn_1	set	0
  4631                        ;
  4632                        ;    configASSERT( xQueue );
  4633 00:0E95: A5 05        	lda	<L261+xQueue_0
  4634 00:0E97: 05 07        	ora	<L261+xQueue_0+2
  4635 00:0E99: D0 02        	bne	L10524
  4636                        L10520:
  4637 00:0E9B: 80 FE        	bra	L10520
  Mon Sep 14 2026  7:48                                                                                                    Page 82


  4638                        ;
  4639                        ;    portBASE_TYPE_ENTER_CRITICAL();
  4640                        L10524:
  4641                        ;    {
  4642                        ;        uxReturn = ( ( Queue_t * ) xQueue )->uxMessagesWaiting;
  4643 00:0E9D: A0 34 00     	ldy	#$34
  4644 00:0EA0: B7 05        	lda	[<L261+xQueue_0],Y
  4645 00:0EA2: 85 01        	sta	<L262+uxReturn_1
  4646                        ;    }
  4647                        ;    portBASE_TYPE_EXIT_CRITICAL();
  4648                        ;
  4649                        ;    traceRETURN_uxQueueMessagesWaiting( uxReturn );
  4650                        ;
  4651                        ;    return uxReturn;
  4652 00:0EA4: A8           	tay
  4653 00:0EA5: A5 03        	lda	<L261+1
  4654 00:0EA7: 85 07        	sta	<L261+1+4
  4655 00:0EA9: 2B           	pld
  4656 00:0EAA: 3B           	tsc
  4657 00:0EAB: 18           	clc
  4658 00:0EAC: 69 06 00     	adc	#L261+4
  4659 00:0EAF: 1B           	tcs
  4660 00:0EB0: 98           	tya
  4661 00:0EB1: 60           	rts
  4662                        ;}
  4663             00000002   L261	equ	2
  4664             00000001   L262	equ	1
  4665                        	ends
  4666                        	efunc
  4667                        ;/*-----------------------------------------------------------*/
  4668                        ;
  4669                        ;UBaseType_t uxQueueSpacesAvailable( const QueueHandle_t xQueue )
  4670                        ;{
  4671                        	code
  4672                        	xdef	_~uxQueueSpacesAvailable
  4673                        	func
  4674                        _~uxQueueSpacesAvailable:
  4675                        	longa	on
  4676                        	longi	on
  4677 00:0EB2: 3B           	tsc
  4678 00:0EB3: 38           	sec
  4679 00:0EB4: E9 06 00     	sbc	#L265
  4680 00:0EB7: 1B           	tcs
  4681 00:0EB8: 0B           	phd
  4682 00:0EB9: 5B           	tcd
  4683             00000003   xQueue_0	set	3
  4684                        ;    UBaseType_t uxReturn;
  4685                        ;    Queue_t * const pxQueue = xQueue;
  4686                        ;
  4687                        ;    traceENTER_uxQueueSpacesAvailable( xQueue );
  4688             00000000   uxReturn_1	set	0
  4689             00000002   pxQueue_1	set	2
  4690 00:0EBA: A5 09        	lda	<L265+xQueue_0
  4691 00:0EBC: 85 03        	sta	<L266+pxQueue_1
  4692 00:0EBE: A5 0B        	lda	<L265+xQueue_0+2
  4693 00:0EC0: 85 05        	sta	<L266+pxQueue_1+2
  4694                        ;
  4695                        ;    configASSERT( pxQueue );
  Mon Sep 14 2026  7:48                                                                                                    Page 83


  4696 00:0EC2: A5 03        	lda	<L266+pxQueue_1
  4697 00:0EC4: 05 05        	ora	<L266+pxQueue_1+2
  4698 00:0EC6: D0 02        	bne	L10537
  4699                        L10533:
  4700 00:0EC8: 80 FE        	bra	L10533
  4701                        ;
  4702                        ;    portBASE_TYPE_ENTER_CRITICAL();
  4703                        L10537:
  4704                        ;    {
  4705                        ;        uxReturn = ( UBaseType_t ) ( pxQueue->uxLength - pxQueue->uxMessagesWaiting );
  4706 00:0ECA: 38           	sec
  4707 00:0ECB: A0 36 00     	ldy	#$36
  4708 00:0ECE: B7 03        	lda	[<L266+pxQueue_1],Y
  4709 00:0ED0: 88           	dey
  4710 00:0ED1: 88           	dey
  4711 00:0ED2: F7 03        	sbc	[<L266+pxQueue_1],Y
  4712 00:0ED4: 85 01        	sta	<L266+uxReturn_1
  4713                        ;    }
  4714                        ;    portBASE_TYPE_EXIT_CRITICAL();
  4715                        ;
  4716                        ;    traceRETURN_uxQueueSpacesAvailable( uxReturn );
  4717                        ;
  4718                        ;    return uxReturn;
  4719 00:0ED6: A8           	tay
  4720 00:0ED7: A5 07        	lda	<L265+1
  4721 00:0ED9: 85 0B        	sta	<L265+1+4
  4722 00:0EDB: 2B           	pld
  4723 00:0EDC: 3B           	tsc
  4724 00:0EDD: 18           	clc
  4725 00:0EDE: 69 0A 00     	adc	#L265+4
  4726 00:0EE1: 1B           	tcs
  4727 00:0EE2: 98           	tya
  4728 00:0EE3: 60           	rts
  4729                        ;}
  4730             00000006   L265	equ	6
  4731             00000001   L266	equ	1
  4732                        	ends
  4733                        	efunc
  4734                        ;/*-----------------------------------------------------------*/
  4735                        ;
  4736                        ;UBaseType_t uxQueueMessagesWaitingFromISR( const QueueHandle_t xQueue )
  4737                        ;{
  4738                        	code
  4739                        	xdef	_~uxQueueMessagesWaitingFromISR
  4740                        	func
  4741                        _~uxQueueMessagesWaitingFromISR:
  4742                        	longa	on
  4743                        	longi	on
  4744 00:0EE4: 3B           	tsc
  4745 00:0EE5: 38           	sec
  4746 00:0EE6: E9 06 00     	sbc	#L269
  4747 00:0EE9: 1B           	tcs
  4748 00:0EEA: 0B           	phd
  4749 00:0EEB: 5B           	tcd
  4750             00000003   xQueue_0	set	3
  4751                        ;    UBaseType_t uxReturn;
  4752                        ;    Queue_t * const pxQueue = xQueue;
  4753                        ;
  Mon Sep 14 2026  7:48                                                                                                    Page 84


  4754                        ;    traceENTER_uxQueueMessagesWaitingFromISR( xQueue );
  4755             00000000   uxReturn_1	set	0
  4756             00000002   pxQueue_1	set	2
  4757 00:0EEC: A5 09        	lda	<L269+xQueue_0
  4758 00:0EEE: 85 03        	sta	<L270+pxQueue_1
  4759 00:0EF0: A5 0B        	lda	<L269+xQueue_0+2
  4760 00:0EF2: 85 05        	sta	<L270+pxQueue_1+2
  4761                        ;
  4762                        ;    configASSERT( pxQueue );
  4763 00:0EF4: A5 03        	lda	<L270+pxQueue_1
  4764 00:0EF6: 05 05        	ora	<L270+pxQueue_1+2
  4765 00:0EF8: D0 02        	bne	L10542
  4766                        L10546:
  4767 00:0EFA: 80 FE        	bra	L10546
  4768                        L10542:
  4769                        ;    uxReturn = pxQueue->uxMessagesWaiting;
  4770 00:0EFC: A0 34 00     	ldy	#$34
  4771 00:0EFF: B7 03        	lda	[<L270+pxQueue_1],Y
  4772 00:0F01: 85 01        	sta	<L270+uxReturn_1
  4773                        ;
  4774                        ;    traceRETURN_uxQueueMessagesWaitingFromISR( uxReturn );
  4775                        ;
  4776                        ;    return uxReturn;
  4777 00:0F03: A8           	tay
  4778 00:0F04: A5 07        	lda	<L269+1
  4779 00:0F06: 85 0B        	sta	<L269+1+4
  4780 00:0F08: 2B           	pld
  4781 00:0F09: 3B           	tsc
  4782 00:0F0A: 18           	clc
  4783 00:0F0B: 69 0A 00     	adc	#L269+4
  4784 00:0F0E: 1B           	tcs
  4785 00:0F0F: 98           	tya
  4786 00:0F10: 60           	rts
  4787                        ;}
  4788             00000006   L269	equ	6
  4789             00000001   L270	equ	1
  4790                        	ends
  4791                        	efunc
  4792                        ;/*-----------------------------------------------------------*/
  4793                        ;
  4794                        ;void vQueueDelete( QueueHandle_t xQueue )
  4795                        ;{
  4796                        	code
  4797                        	xdef	_~vQueueDelete
  4798                        	func
  4799                        _~vQueueDelete:
  4800                        	longa	on
  4801                        	longi	on
  4802 00:0F11: 3B           	tsc
  4803 00:0F12: 38           	sec
  4804 00:0F13: E9 04 00     	sbc	#L273
  4805 00:0F16: 1B           	tcs
  4806 00:0F17: 0B           	phd
  4807 00:0F18: 5B           	tcd
  4808             00000003   xQueue_0	set	3
  4809                        ;    Queue_t * const pxQueue = xQueue;
  4810                        ;
  4811                        ;    traceENTER_vQueueDelete( xQueue );
  Mon Sep 14 2026  7:48                                                                                                    Page 85


  4812             00000000   pxQueue_1	set	0
  4813 00:0F19: A5 07        	lda	<L273+xQueue_0
  4814 00:0F1B: 85 01        	sta	<L274+pxQueue_1
  4815 00:0F1D: A5 09        	lda	<L273+xQueue_0+2
  4816 00:0F1F: 85 03        	sta	<L274+pxQueue_1+2
  4817                        ;
  4818                        ;    configASSERT( pxQueue );
  4819 00:0F21: A5 01        	lda	<L274+pxQueue_1
  4820 00:0F23: 05 03        	ora	<L274+pxQueue_1+2
  4821 00:0F25: D0 02        	bne	L10549
  4822                        L10553:
  4823 00:0F27: 80 FE        	bra	L10553
  4824                        L10549:
  4825                        ;    configASSERT( listLIST_IS_EMPTY( &( pxQueue->xTasksWaitingToSend ) ) );
  4826 00:0F29: A0 10 00     	ldy	#$10
  4827 00:0F2C: B7 01        	lda	[<L274+pxQueue_1],Y
  4828 00:0F2E: D0 05        	bne	L276
  4829 00:0F30: A9 01 00     	lda	#$1
  4830 00:0F33: 80 03        	bra	L278
  4831                        L276:
  4832 00:0F35: A9 00 00     	lda	#$0
  4833                        L278:
  4834 00:0F38: AA           	tax
  4835 00:0F39: D0 02        	bne	L10556
  4836                        L10560:
  4837 00:0F3B: 80 FE        	bra	L10560
  4838                        L10556:
  4839                        ;    configASSERT( listLIST_IS_EMPTY( &( pxQueue->xTasksWaitingToReceive ) ) );
  4840 00:0F3D: A0 22 00     	ldy	#$22
  4841 00:0F40: B7 01        	lda	[<L274+pxQueue_1],Y
  4842 00:0F42: D0 05        	bne	L280
  4843 00:0F44: A9 01 00     	lda	#$1
  4844 00:0F47: 80 03        	bra	L282
  4845                        L280:
  4846 00:0F49: A9 00 00     	lda	#$0
  4847                        L282:
  4848 00:0F4C: AA           	tax
  4849 00:0F4D: D0 02        	bne	L10563
  4850                        L10567:
  4851 00:0F4F: 80 FE        	bra	L10567
  4852                        L10563:
  4853                        ;    traceQUEUE_DELETE( pxQueue );
  4854                        ;
  4855                        ;    #if ( configQUEUE_REGISTRY_SIZE > 0 )
  4856                        ;    {
  4857                        ;        vQueueUnregisterQueue( pxQueue );
  4858                        ;    }
  4859                        ;    #endif
  4860                        ;
  4861                        ;    #if ( ( configSUPPORT_DYNAMIC_ALLOCATION == 1 ) && ( configSUPPORT_STATIC_ALLOCATION == 0 ) )
  4862                        ;    {
  4863                        ;        /* The queue can only have been allocated dynamically - free it
  4864                        ;         * again. */
  4865                        ;        vPortFree( pxQueue );
  4866                        ;    }
  4867                        ;    #elif ( ( configSUPPORT_DYNAMIC_ALLOCATION == 1 ) && ( configSUPPORT_STATIC_ALLOCATION == 1 ) )
  4868                        ;    {
  4869                        ;        /* The queue could have been allocated statically or dynamically, so
  Mon Sep 14 2026  7:48                                                                                                    Page 86


  4870                        ;         * check before attempting to free the memory. */
  4871                        ;        if( pxQueue->ucStaticallyAllocated == ( uint8_t ) pdFALSE )
  4872                        ;        {
  4873 00:0F51: A0 3C 00     	ldy	#$3c
  4874 00:0F54: B7 01        	lda	[<L274+pxQueue_1],Y
  4875 00:0F56: 29 FF 00     	and	#$ff
  4876 00:0F59: D0 07        	bne	L285
  4877                        ;            vPortFree( pxQueue );
  4878 00:0F5B: D4 03        	pei	<L274+pxQueue_1+2
  4879 00:0F5D: D4 01        	pei	<L274+pxQueue_1
  4880 00:0F5F: 20 xx xx     	jsr	_~vPortFree
  4881                        ;        }
  4882                        ;        else
  4883                        ;        {
  4884                        ;            mtCOVERAGE_TEST_MARKER();
  4885                        ;        }
  4886                        ;    }
  4887                        ;    #else /* if ( ( configSUPPORT_DYNAMIC_ALLOCATION == 1 ) && ( configSUPPORT_STATIC_ALLOCATION == 0
                     ) ) */
  4888                        ;    {
  4889                        ;        /* The queue must have been statically allocated, so is not going to be
  4890                        ;         * deleted.  Avoid compiler warnings about the unused parameter. */
  4891                        ;        ( void ) pxQueue;
  4892                        ;    }
  4893                        ;    #endif /* configSUPPORT_DYNAMIC_ALLOCATION */
  4894                        ;
  4895                        ;    traceRETURN_vQueueDelete();
  4896                        ;}
  4897                        L285:
  4898 00:0F62: A5 05        	lda	<L273+1
  4899 00:0F64: 85 09        	sta	<L273+1+4
  4900 00:0F66: 2B           	pld
  4901 00:0F67: 3B           	tsc
  4902 00:0F68: 18           	clc
  4903 00:0F69: 69 08 00     	adc	#L273+4
  4904 00:0F6C: 1B           	tcs
  4905 00:0F6D: 60           	rts
  4906             00000004   L273	equ	4
  4907             00000001   L274	equ	1
  4908                        	ends
  4909                        	efunc
  4910                        ;/*-----------------------------------------------------------*/
  4911                        ;
  4912                        ;#if ( configUSE_TRACE_FACILITY == 1 )
  4913                        ;
  4914                        ;    UBaseType_t uxQueueGetQueueNumber( QueueHandle_t xQueue )
  4915                        ;    {
  4916                        ;        traceENTER_uxQueueGetQueueNumber( xQueue );
  4917                        ;
  4918                        ;        traceRETURN_uxQueueGetQueueNumber( ( ( Queue_t * ) xQueue )->uxQueueNumber );
  4919                        ;
  4920                        ;        return ( ( Queue_t * ) xQueue )->uxQueueNumber;
  4921                        ;    }
  4922                        ;
  4923                        ;#endif /* configUSE_TRACE_FACILITY */
  4924                        ;/*-----------------------------------------------------------*/
  4925                        ;
  4926                        ;#if ( configUSE_TRACE_FACILITY == 1 )
  Mon Sep 14 2026  7:48                                                                                                    Page 87


  4927                        ;
  4928                        ;    void vQueueSetQueueNumber( QueueHandle_t xQueue,
  4929                        ;                               UBaseType_t uxQueueNumber )
  4930                        ;    {
  4931                        ;        traceENTER_vQueueSetQueueNumber( xQueue, uxQueueNumber );
  4932                        ;
  4933                        ;        ( ( Queue_t * ) xQueue )->uxQueueNumber = uxQueueNumber;
  4934                        ;
  4935                        ;        traceRETURN_vQueueSetQueueNumber();
  4936                        ;    }
  4937                        ;
  4938                        ;#endif /* configUSE_TRACE_FACILITY */
  4939                        ;/*-----------------------------------------------------------*/
  4940                        ;
  4941                        ;#if ( configUSE_TRACE_FACILITY == 1 )
  4942                        ;
  4943                        ;    uint8_t ucQueueGetQueueType( QueueHandle_t xQueue )
  4944                        ;    {
  4945                        ;        traceENTER_ucQueueGetQueueType( xQueue );
  4946                        ;
  4947                        ;        traceRETURN_ucQueueGetQueueType( ( ( Queue_t * ) xQueue )->ucQueueType );
  4948                        ;
  4949                        ;        return ( ( Queue_t * ) xQueue )->ucQueueType;
  4950                        ;    }
  4951                        ;
  4952                        ;#endif /* configUSE_TRACE_FACILITY */
  4953                        ;/*-----------------------------------------------------------*/
  4954                        ;
  4955                        ;UBaseType_t uxQueueGetQueueItemSize( QueueHandle_t xQueue ) /* PRIVILEGED_FUNCTION */
  4956                        ;{
  4957                        	code
  4958                        	xdef	_~uxQueueGetQueueItemSize
  4959                        	func
  4960                        _~uxQueueGetQueueItemSize:
  4961                        	longa	on
  4962                        	longi	on
  4963 00:0F6E: 3B           	tsc
  4964 00:0F6F: 38           	sec
  4965 00:0F70: E9 00 00     	sbc	#L286
  4966 00:0F73: 1B           	tcs
  4967 00:0F74: 0B           	phd
  4968 00:0F75: 5B           	tcd
  4969             00000003   xQueue_0	set	3
  4970                        ;    traceENTER_uxQueueGetQueueItemSize( xQueue );
  4971                        ;
  4972                        ;    traceRETURN_uxQueueGetQueueItemSize( ( ( Queue_t * ) xQueue )->uxItemSize );
  4973                        ;
  4974                        ;    return ( ( Queue_t * ) xQueue )->uxItemSize;
  4975 00:0F76: A0 38 00     	ldy	#$38
  4976 00:0F79: B7 03        	lda	[<L286+xQueue_0],Y
  4977 00:0F7B: A8           	tay
  4978 00:0F7C: A5 01        	lda	<L286+1
  4979 00:0F7E: 85 05        	sta	<L286+1+4
  4980 00:0F80: 2B           	pld
  4981 00:0F81: 3B           	tsc
  4982 00:0F82: 18           	clc
  4983 00:0F83: 69 04 00     	adc	#L286+4
  4984 00:0F86: 1B           	tcs
  Mon Sep 14 2026  7:48                                                                                                    Page 88


  4985 00:0F87: 98           	tya
  4986 00:0F88: 60           	rts
  4987                        ;}
  4988             00000000   L286	equ	0
  4989             00000001   L287	equ	1
  4990                        	ends
  4991                        	efunc
  4992                        ;/*-----------------------------------------------------------*/
  4993                        ;
  4994                        ;UBaseType_t uxQueueGetQueueLength( QueueHandle_t xQueue ) /* PRIVILEGED_FUNCTION */
  4995                        ;{
  4996                        	code
  4997                        	xdef	_~uxQueueGetQueueLength
  4998                        	func
  4999                        _~uxQueueGetQueueLength:
  5000                        	longa	on
  5001                        	longi	on
  5002 00:0F89: 3B           	tsc
  5003 00:0F8A: 38           	sec
  5004 00:0F8B: E9 00 00     	sbc	#L289
  5005 00:0F8E: 1B           	tcs
  5006 00:0F8F: 0B           	phd
  5007 00:0F90: 5B           	tcd
  5008             00000003   xQueue_0	set	3
  5009                        ;    traceENTER_uxQueueGetQueueLength( xQueue );
  5010                        ;
  5011                        ;    traceRETURN_uxQueueGetQueueLength( ( ( Queue_t * ) xQueue )->uxLength );
  5012                        ;
  5013                        ;    return ( ( Queue_t * ) xQueue )->uxLength;
  5014 00:0F91: A0 36 00     	ldy	#$36
  5015 00:0F94: B7 03        	lda	[<L289+xQueue_0],Y
  5016 00:0F96: A8           	tay
  5017 00:0F97: A5 01        	lda	<L289+1
  5018 00:0F99: 85 05        	sta	<L289+1+4
  5019 00:0F9B: 2B           	pld
  5020 00:0F9C: 3B           	tsc
  5021 00:0F9D: 18           	clc
  5022 00:0F9E: 69 04 00     	adc	#L289+4
  5023 00:0FA1: 1B           	tcs
  5024 00:0FA2: 98           	tya
  5025 00:0FA3: 60           	rts
  5026                        ;}
  5027             00000000   L289	equ	0
  5028             00000001   L290	equ	1
  5029                        	ends
  5030                        	efunc
  5031                        ;/*-----------------------------------------------------------*/
  5032                        ;
  5033                        ;#if ( configUSE_MUTEXES == 1 )
  5034                        ;
  5035                        ;    static UBaseType_t prvGetHighestPriorityOfWaitToReceiveList( const Queue_t * const pxQueue )
  5036                        ;    {
  5037                        	code
  5038                        	func
  5039                        _~prvGetHighestPriorityOfWaitToReceiveList:
  5040                        	longa	on
  5041                        	longi	on
  5042 00:0FA4: 3B           	tsc
  Mon Sep 14 2026  7:48                                                                                                    Page 89


  5043 00:0FA5: 38           	sec
  5044 00:0FA6: E9 06 00     	sbc	#L292
  5045 00:0FA9: 1B           	tcs
  5046 00:0FAA: 0B           	phd
  5047 00:0FAB: 5B           	tcd
  5048             00000003   pxQueue_0	set	3
  5049                        ;        UBaseType_t uxHighestPriorityOfWaitingTasks;
  5050                        ;
  5051                        ;        /* If a task waiting for a mutex causes the mutex holder to inherit a
  5052                        ;         * priority, but the waiting task times out, then the holder should
  5053                        ;         * disinherit the priority - but only down to the highest priority of any
  5054                        ;         * other tasks that are waiting for the same mutex.  For this purpose,
  5055                        ;         * return the priority of the highest priority task that is waiting for the
  5056                        ;         * mutex. */
  5057                        ;        if( listCURRENT_LIST_LENGTH( &( pxQueue->xTasksWaitingToReceive ) ) > 0U )
  5058             00000000   uxHighestPriorityOfWaitingTasks_1	set	0
  5059                        ;        {
  5060 00:0FAC: A9 00 00     	lda	#$0
  5061 00:0FAF: A0 22 00     	ldy	#$22
  5062 00:0FB2: D7 09        	cmp	[<L292+pxQueue_0],Y
  5063 00:0FB4: B0 17        	bcs	L10572
  5064                        ;            uxHighestPriorityOfWaitingTasks = ( UBaseType_t ) ( ( UBaseType_t ) configMAX_PRIORITIES 
                    - ( UBaseType_t ) listGET_ITEM_VALUE_OF_HEAD_ENTRY( &( pxQueue->xTasksWaitingToReceive ) ) );
  5065 00:0FB6: A0 2C 00     	ldy	#$2c
  5066 00:0FB9: B7 09        	lda	[<L292+pxQueue_0],Y
  5067 00:0FBB: 85 01        	sta	<R0
  5068 00:0FBD: C8           	iny
  5069 00:0FBE: C8           	iny
  5070 00:0FBF: B7 09        	lda	[<L292+pxQueue_0],Y
  5071 00:0FC1: 85 03        	sta	<R0+2
  5072 00:0FC3: 38           	sec
  5073 00:0FC4: A9 05 00     	lda	#$5
  5074 00:0FC7: E7 01        	sbc	[<R0]
  5075 00:0FC9: 85 05        	sta	<L293+uxHighestPriorityOfWaitingTasks_1
  5076                        ;        }
  5077                        ;        else
  5078 00:0FCB: 80 02        	bra	L10573
  5079                        L10572:
  5080                        ;        {
  5081                        ;            uxHighestPriorityOfWaitingTasks = tskIDLE_PRIORITY;
  5082 00:0FCD: 64 05        	stz	<L293+uxHighestPriorityOfWaitingTasks_1
  5083                        ;        }
  5084                        L10573:
  5085                        ;
  5086                        ;        return uxHighestPriorityOfWaitingTasks;
  5087 00:0FCF: A5 05        	lda	<L293+uxHighestPriorityOfWaitingTasks_1
  5088 00:0FD1: A8           	tay
  5089 00:0FD2: A5 07        	lda	<L292+1
  5090 00:0FD4: 85 0B        	sta	<L292+1+4
  5091 00:0FD6: 2B           	pld
  5092 00:0FD7: 3B           	tsc
  5093 00:0FD8: 18           	clc
  5094 00:0FD9: 69 0A 00     	adc	#L292+4
  5095 00:0FDC: 1B           	tcs
  5096 00:0FDD: 98           	tya
  5097 00:0FDE: 60           	rts
  5098                        ;    }
  5099             00000006   L292	equ	6
  Mon Sep 14 2026  7:48                                                                                                    Page 90


  5100             00000005   L293	equ	5
  5101                        	ends
  5102                        	efunc
  5103                        ;
  5104                        ;#endif /* configUSE_MUTEXES */
  5105                        ;/*-----------------------------------------------------------*/
  5106                        ;
  5107                        ;static BaseType_t prvCopyDataToQueue( Queue_t * const pxQueue,
  5108                        ;                                      const void * pvItemToQueue,
  5109                        ;                                      const BaseType_t xPosition )
  5110                        ;{
  5111                        	code
  5112                        	func
  5113                        _~prvCopyDataToQueue:
  5114                        	longa	on
  5115                        	longi	on
  5116 00:0FDF: 3B           	tsc
  5117 00:0FE0: 38           	sec
  5118 00:0FE1: E9 0C 00     	sbc	#L296
  5119 00:0FE4: 1B           	tcs
  5120 00:0FE5: 0B           	phd
  5121 00:0FE6: 5B           	tcd
  5122             00000003   pxQueue_0	set	3
  5123             00000007   pvItemToQueue_0	set	7
  5124             0000000B   xPosition_0	set	11
  5125                        ;    BaseType_t xReturn = pdFALSE;
  5126                        ;    UBaseType_t uxMessagesWaiting;
  5127                        ;
  5128                        ;    /* This function is called from a critical section. */
  5129                        ;
  5130                        ;    uxMessagesWaiting = pxQueue->uxMessagesWaiting;
  5131             00000000   xReturn_1	set	0
  5132             00000002   uxMessagesWaiting_1	set	2
  5133 00:0FE7: 64 09        	stz	<L297+xReturn_1
  5134 00:0FE9: A0 34 00     	ldy	#$34
  5135 00:0FEC: B7 0F        	lda	[<L296+pxQueue_0],Y
  5136 00:0FEE: 85 0B        	sta	<L297+uxMessagesWaiting_1
  5137                        ;
  5138                        ;    if( pxQueue->uxItemSize == ( UBaseType_t ) 0 )
  5139                        ;    {
  5140 00:0FF0: A0 38 00     	ldy	#$38
  5141 00:0FF3: B7 0F        	lda	[<L296+pxQueue_0],Y
  5142 00:0FF5: D0 3D        	bne	L10574
  5143                        ;        #if ( configUSE_MUTEXES == 1 )
  5144                        ;        {
  5145                        ;            if( pxQueue->uxQueueType == queueQUEUE_IS_MUTEX )
  5146                        ;            {
  5147 00:0FF7: A7 0F        	lda	[<L296+pxQueue_0]
  5148 00:0FF9: A0 02 00     	ldy	#$2
  5149 00:0FFC: 17 0F        	ora	[<L296+pxQueue_0],Y
  5150 00:0FFE: D0 1C        	bne	L10577
  5151                        ;                /* The mutex is no longer being held. */
  5152                        ;                xReturn = xTaskPriorityDisinherit( pxQueue->u.xSemaphore.xMutexHolder );
  5153 00:1000: A0 0A 00     	ldy	#$a
  5154 00:1003: B7 0F        	lda	[<L296+pxQueue_0],Y
  5155 00:1005: 48           	pha
  5156 00:1006: 88           	dey
  5157 00:1007: 88           	dey
  Mon Sep 14 2026  7:48                                                                                                    Page 91


  5158 00:1008: B7 0F        	lda	[<L296+pxQueue_0],Y
  5159 00:100A: 48           	pha
  5160 00:100B: 20 xx xx     	jsr	_~xTaskPriorityDisinherit
  5161 00:100E: 85 09        	sta	<L297+xReturn_1
  5162                        ;                pxQueue->u.xSemaphore.xMutexHolder = NULL;
  5163 00:1010: A9 00 00     	lda	#$0
  5164 00:1013: A0 08 00     	ldy	#$8
  5165 00:1016: 97 0F        	sta	[<L296+pxQueue_0],Y
  5166 00:1018: C8           	iny
  5167 00:1019: C8           	iny
  5168                        L20011:
  5169 00:101A: 97 0F        	sta	[<L296+pxQueue_0],Y
  5170                        ;            }
  5171                        ;            else
  5172                        L10577:
  5173                        ;
  5174                        ;    pxQueue->uxMessagesWaiting = ( UBaseType_t ) ( uxMessagesWaiting + ( UBaseType_t ) 1 );
  5175 00:101C: A5 0B        	lda	<L297+uxMessagesWaiting_1
  5176 00:101E: 1A           	ina
  5177 00:101F: A0 34 00     	ldy	#$34
  5178 00:1022: 97 0F        	sta	[<L296+pxQueue_0],Y
  5179                        ;
  5180                        ;    return xReturn;
  5181 00:1024: A5 09        	lda	<L297+xReturn_1
  5182 00:1026: A8           	tay
  5183 00:1027: A5 0D        	lda	<L296+1
  5184 00:1029: 85 17        	sta	<L296+1+10
  5185 00:102B: 2B           	pld
  5186 00:102C: 3B           	tsc
  5187 00:102D: 18           	clc
  5188 00:102E: 69 16 00     	adc	#L296+10
  5189 00:1031: 1B           	tcs
  5190 00:1032: 98           	tya
  5191 00:1033: 60           	rts
  5192                        ;            {
  5193                        ;                mtCOVERAGE_TEST_MARKER();
  5194                        ;            }
  5195                        ;        }
  5196                        ;        #endif /* configUSE_MUTEXES */
  5197                        ;    }
  5198                        ;    else if( xPosition == queueSEND_TO_BACK )
  5199                        L10574:
  5200                        ;    {
  5201 00:1034: A5 17        	lda	<L296+xPosition_0
  5202 00:1036: D0 69        	bne	L10578
  5203                        ;        ( void ) memcpy( ( void * ) pxQueue->pcWriteTo, pvItemToQueue, ( size_t ) pxQueue->uxItemSize
                     );
  5204 00:1038: A0 38 00     	ldy	#$38
  5205 00:103B: B7 0F        	lda	[<L296+pxQueue_0],Y
  5206 00:103D: 48           	pha
  5207 00:103E: D4 15        	pei	<L296+pvItemToQueue_0+2
  5208 00:1040: D4 13        	pei	<L296+pvItemToQueue_0
  5209 00:1042: A0 06 00     	ldy	#$6
  5210 00:1045: B7 0F        	lda	[<L296+pxQueue_0],Y
  5211 00:1047: 48           	pha
  5212 00:1048: 88           	dey
  5213 00:1049: 88           	dey
  5214 00:104A: B7 0F        	lda	[<L296+pxQueue_0],Y
  Mon Sep 14 2026  7:48                                                                                                    Page 92


  5215 00:104C: 48           	pha
  5216 00:104D: 20 xx xx     	jsr	_~memcpy
  5217 00:1050: 85 01        	sta	<R0
  5218 00:1052: 86 03        	stx	<R0+2
  5219                        ;        pxQueue->pcWriteTo += pxQueue->uxItemSize;
  5220 00:1054: A0 38 00     	ldy	#$38
  5221 00:1057: B7 0F        	lda	[<L296+pxQueue_0],Y
  5222 00:1059: 85 01        	sta	<R0
  5223 00:105B: 64 03        	stz	<R0+2
  5224 00:105D: A9 04 00     	lda	#$4
  5225 00:1060: 18           	clc
  5226 00:1061: 65 0F        	adc	<L296+pxQueue_0
  5227 00:1063: 85 05        	sta	<R1
  5228 00:1065: A9 00 00     	lda	#$0
  5229 00:1068: 65 11        	adc	<L296+pxQueue_0+2
  5230 00:106A: 85 07        	sta	<R1+2
  5231 00:106C: A7 05        	lda	[<R1]
  5232 00:106E: 18           	clc
  5233 00:106F: 65 01        	adc	<R0
  5234 00:1071: 87 05        	sta	[<R1]
  5235 00:1073: A0 02 00     	ldy	#$2
  5236 00:1076: B7 05        	lda	[<R1],Y
  5237 00:1078: 65 03        	adc	<R0+2
  5238 00:107A: 97 05        	sta	[<R1],Y
  5239                        ;
  5240                        ;        if( pxQueue->pcWriteTo >= pxQueue->u.xQueue.pcTail )
  5241                        ;        {
  5242 00:107C: C8           	iny
  5243 00:107D: C8           	iny
  5244 00:107E: B7 0F        	lda	[<L296+pxQueue_0],Y
  5245 00:1080: A0 08 00     	ldy	#$8
  5246 00:1083: D7 0F        	cmp	[<L296+pxQueue_0],Y
  5247 00:1085: 88           	dey
  5248 00:1086: 88           	dey
  5249 00:1087: B7 0F        	lda	[<L296+pxQueue_0],Y
  5250 00:1089: A0 0A 00     	ldy	#$a
  5251 00:108C: F7 0F        	sbc	[<L296+pxQueue_0],Y
  5252 00:108E: 90 8C        	bcc	L10577
  5253                        ;            pxQueue->pcWriteTo = pxQueue->pcHead;
  5254 00:1090: A7 0F        	lda	[<L296+pxQueue_0]
  5255 00:1092: A0 04 00     	ldy	#$4
  5256 00:1095: 97 0F        	sta	[<L296+pxQueue_0],Y
  5257 00:1097: 88           	dey
  5258 00:1098: 88           	dey
  5259 00:1099: B7 0F        	lda	[<L296+pxQueue_0],Y
  5260 00:109B: A0 06 00     	ldy	#$6
  5261 00:109E: 82 79 FF     	brl	L20011
  5262                        ;        }
  5263                        ;        else
  5264                        ;        {
  5265                        ;            mtCOVERAGE_TEST_MARKER();
  5266                        ;        }
  5267                        ;    }
  5268                        ;    else
  5269                        L10578:
  5270                        ;    {
  5271                        ;        ( void ) memcpy( ( void * ) pxQueue->u.xQueue.pcReadFrom, pvItemToQueue, ( size_t ) pxQueue->
                    uxItemSize );
  Mon Sep 14 2026  7:48                                                                                                    Page 93


  5272 00:10A1: A0 38 00     	ldy	#$38
  5273 00:10A4: B7 0F        	lda	[<L296+pxQueue_0],Y
  5274 00:10A6: 48           	pha
  5275 00:10A7: D4 15        	pei	<L296+pvItemToQueue_0+2
  5276 00:10A9: D4 13        	pei	<L296+pvItemToQueue_0
  5277 00:10AB: A0 0E 00     	ldy	#$e
  5278 00:10AE: B7 0F        	lda	[<L296+pxQueue_0],Y
  5279 00:10B0: 48           	pha
  5280 00:10B1: 88           	dey
  5281 00:10B2: 88           	dey
  5282 00:10B3: B7 0F        	lda	[<L296+pxQueue_0],Y
  5283 00:10B5: 48           	pha
  5284 00:10B6: 20 xx xx     	jsr	_~memcpy
  5285 00:10B9: 85 01        	sta	<R0
  5286 00:10BB: 86 03        	stx	<R0+2
  5287                        ;        pxQueue->u.xQueue.pcReadFrom -= pxQueue->uxItemSize;
  5288 00:10BD: A0 38 00     	ldy	#$38
  5289 00:10C0: B7 0F        	lda	[<L296+pxQueue_0],Y
  5290 00:10C2: 85 01        	sta	<R0
  5291 00:10C4: 64 03        	stz	<R0+2
  5292 00:10C6: A9 0C 00     	lda	#$c
  5293 00:10C9: 18           	clc
  5294 00:10CA: 65 0F        	adc	<L296+pxQueue_0
  5295 00:10CC: 85 05        	sta	<R1
  5296 00:10CE: A9 00 00     	lda	#$0
  5297 00:10D1: 65 11        	adc	<L296+pxQueue_0+2
  5298 00:10D3: 85 07        	sta	<R1+2
  5299 00:10D5: 38           	sec
  5300 00:10D6: A7 05        	lda	[<R1]
  5301 00:10D8: E5 01        	sbc	<R0
  5302 00:10DA: 87 05        	sta	[<R1]
  5303 00:10DC: A0 02 00     	ldy	#$2
  5304 00:10DF: B7 05        	lda	[<R1],Y
  5305 00:10E1: E5 03        	sbc	<R0+2
  5306 00:10E3: 97 05        	sta	[<R1],Y
  5307                        ;
  5308                        ;        if( pxQueue->u.xQueue.pcReadFrom < pxQueue->pcHead )
  5309                        ;        {
  5310 00:10E5: A0 0C 00     	ldy	#$c
  5311 00:10E8: B7 0F        	lda	[<L296+pxQueue_0],Y
  5312 00:10EA: C7 0F        	cmp	[<L296+pxQueue_0]
  5313 00:10EC: C8           	iny
  5314 00:10ED: C8           	iny
  5315 00:10EE: B7 0F        	lda	[<L296+pxQueue_0],Y
  5316 00:10F0: A0 02 00     	ldy	#$2
  5317 00:10F3: F7 0F        	sbc	[<L296+pxQueue_0],Y
  5318 00:10F5: B0 27        	bcs	L10583
  5319                        ;            pxQueue->u.xQueue.pcReadFrom = ( pxQueue->u.xQueue.pcTail - pxQueue->uxItemSize );
  5320 00:10F7: A0 38 00     	ldy	#$38
  5321 00:10FA: B7 0F        	lda	[<L296+pxQueue_0],Y
  5322 00:10FC: 85 01        	sta	<R0
  5323 00:10FE: 64 03        	stz	<R0+2
  5324 00:1100: 38           	sec
  5325 00:1101: A0 08 00     	ldy	#$8
  5326 00:1104: B7 0F        	lda	[<L296+pxQueue_0],Y
  5327 00:1106: E5 01        	sbc	<R0
  5328 00:1108: 85 05        	sta	<R1
  5329 00:110A: C8           	iny
  Mon Sep 14 2026  7:48                                                                                                    Page 94


  5330 00:110B: C8           	iny
  5331 00:110C: B7 0F        	lda	[<L296+pxQueue_0],Y
  5332 00:110E: E5 03        	sbc	<R0+2
  5333 00:1110: 85 07        	sta	<R1+2
  5334 00:1112: A5 05        	lda	<R1
  5335 00:1114: C8           	iny
  5336 00:1115: C8           	iny
  5337 00:1116: 97 0F        	sta	[<L296+pxQueue_0],Y
  5338 00:1118: A5 07        	lda	<R1+2
  5339 00:111A: C8           	iny
  5340 00:111B: C8           	iny
  5341 00:111C: 97 0F        	sta	[<L296+pxQueue_0],Y
  5342                        ;        }
  5343                        ;        else
  5344                        ;        {
  5345                        ;            mtCOVERAGE_TEST_MARKER();
  5346                        ;        }
  5347                        L10583:
  5348                        ;
  5349                        ;        if( xPosition == queueOVERWRITE )
  5350                        ;        {
  5351 00:111E: A5 17        	lda	<L296+xPosition_0
  5352 00:1120: C9 02 00     	cmp	#<$2
  5353 00:1123: F0 03        	beq	*+5
  5354 00:1125: 82 F4 FE     	brl	L10577
  5355                        ;            if( uxMessagesWaiting > ( UBaseType_t ) 0 )
  5356                        ;            {
  5357 00:1128: A9 00 00     	lda	#$0
  5358 00:112B: C5 0B        	cmp	<L297+uxMessagesWaiting_1
  5359 00:112D: 90 03        	bcc	*+5
  5360 00:112F: 82 EA FE     	brl	L10577
  5361                        ;                /* An item is not being added but overwritten, so subtract
  5362                        ;                 * one from the recorded number of items in the queue so when
  5363                        ;                 * one is added again below the number of recorded items remains
  5364                        ;                 * correct. */
  5365                        ;                --uxMessagesWaiting;
  5366 00:1132: C6 0B        	dec	<L297+uxMessagesWaiting_1
  5367                        ;            }
  5368                        ;            else
  5369 00:1134: 82 E5 FE     	brl	L10577
  5370                        ;            {
  5371                        ;                mtCOVERAGE_TEST_MARKER();
  5372                        ;            }
  5373                        ;        }
  5374                        ;        else
  5375                        ;        {
  5376                        ;            mtCOVERAGE_TEST_MARKER();
  5377                        ;        }
  5378                        ;    }
  5379                        ;}
  5380             0000000C   L296	equ	12
  5381             00000009   L297	equ	9
  5382                        	ends
  5383                        	efunc
  5384                        ;/*-----------------------------------------------------------*/
  5385                        ;
  5386                        ;static void prvCopyDataFromQueue( Queue_t * const pxQueue,
  5387                        ;                                  void * const pvBuffer )
  Mon Sep 14 2026  7:48                                                                                                    Page 95


  5388                        ;{
  5389                        	code
  5390                        	func
  5391                        _~prvCopyDataFromQueue:
  5392                        	longa	on
  5393                        	longi	on
  5394 00:1137: 3B           	tsc
  5395 00:1138: 38           	sec
  5396 00:1139: E9 08 00     	sbc	#L306
  5397 00:113C: 1B           	tcs
  5398 00:113D: 0B           	phd
  5399 00:113E: 5B           	tcd
  5400             00000003   pxQueue_0	set	3
  5401             00000007   pvBuffer_0	set	7
  5402                        ;    if( pxQueue->uxItemSize != ( UBaseType_t ) 0 )
  5403                        ;    {
  5404 00:113F: A0 38 00     	ldy	#$38
  5405 00:1142: B7 0B        	lda	[<L306+pxQueue_0],Y
  5406 00:1144: F0 67        	beq	L310
  5407                        ;        pxQueue->u.xQueue.pcReadFrom += pxQueue->uxItemSize;
  5408 00:1146: B7 0B        	lda	[<L306+pxQueue_0],Y
  5409 00:1148: 85 01        	sta	<R0
  5410 00:114A: 64 03        	stz	<R0+2
  5411 00:114C: A9 0C 00     	lda	#$c
  5412 00:114F: 18           	clc
  5413 00:1150: 65 0B        	adc	<L306+pxQueue_0
  5414 00:1152: 85 05        	sta	<R1
  5415 00:1154: A9 00 00     	lda	#$0
  5416 00:1157: 65 0D        	adc	<L306+pxQueue_0+2
  5417 00:1159: 85 07        	sta	<R1+2
  5418 00:115B: A7 05        	lda	[<R1]
  5419 00:115D: 18           	clc
  5420 00:115E: 65 01        	adc	<R0
  5421 00:1160: 87 05        	sta	[<R1]
  5422 00:1162: A0 02 00     	ldy	#$2
  5423 00:1165: B7 05        	lda	[<R1],Y
  5424 00:1167: 65 03        	adc	<R0+2
  5425 00:1169: 97 05        	sta	[<R1],Y
  5426                        ;
  5427                        ;        if( pxQueue->u.xQueue.pcReadFrom >= pxQueue->u.xQueue.pcTail )
  5428                        ;        {
  5429 00:116B: A0 0C 00     	ldy	#$c
  5430 00:116E: B7 0B        	lda	[<L306+pxQueue_0],Y
  5431 00:1170: A0 08 00     	ldy	#$8
  5432 00:1173: D7 0B        	cmp	[<L306+pxQueue_0],Y
  5433 00:1175: A0 0E 00     	ldy	#$e
  5434 00:1178: B7 0B        	lda	[<L306+pxQueue_0],Y
  5435 00:117A: A0 0A 00     	ldy	#$a
  5436 00:117D: F7 0B        	sbc	[<L306+pxQueue_0],Y
  5437 00:117F: 90 10        	bcc	L10590
  5438                        ;            pxQueue->u.xQueue.pcReadFrom = pxQueue->pcHead;
  5439 00:1181: A7 0B        	lda	[<L306+pxQueue_0]
  5440 00:1183: C8           	iny
  5441 00:1184: C8           	iny
  5442 00:1185: 97 0B        	sta	[<L306+pxQueue_0],Y
  5443 00:1187: A0 02 00     	ldy	#$2
  5444 00:118A: B7 0B        	lda	[<L306+pxQueue_0],Y
  5445 00:118C: A0 0E 00     	ldy	#$e
  Mon Sep 14 2026  7:48                                                                                                    Page 96


  5446 00:118F: 97 0B        	sta	[<L306+pxQueue_0],Y
  5447                        ;        }
  5448                        ;        else
  5449                        ;        {
  5450                        ;            mtCOVERAGE_TEST_MARKER();
  5451                        ;        }
  5452                        L10590:
  5453                        ;
  5454                        ;        ( void ) memcpy( ( void * ) pvBuffer, ( void * ) pxQueue->u.xQueue.pcReadFrom, ( size_t ) pxQ
                    ueue->uxItemSize );
  5455 00:1191: A0 38 00     	ldy	#$38
  5456 00:1194: B7 0B        	lda	[<L306+pxQueue_0],Y
  5457 00:1196: 48           	pha
  5458 00:1197: A0 0E 00     	ldy	#$e
  5459 00:119A: B7 0B        	lda	[<L306+pxQueue_0],Y
  5460 00:119C: 48           	pha
  5461 00:119D: 88           	dey
  5462 00:119E: 88           	dey
  5463 00:119F: B7 0B        	lda	[<L306+pxQueue_0],Y
  5464 00:11A1: 48           	pha
  5465 00:11A2: D4 11        	pei	<L306+pvBuffer_0+2
  5466 00:11A4: D4 0F        	pei	<L306+pvBuffer_0
  5467 00:11A6: 20 xx xx     	jsr	_~memcpy
  5468 00:11A9: 85 01        	sta	<R0
  5469 00:11AB: 86 03        	stx	<R0+2
  5470                        ;    }
  5471                        ;}
  5472                        L310:
  5473 00:11AD: A5 09        	lda	<L306+1
  5474 00:11AF: 85 11        	sta	<L306+1+8
  5475 00:11B1: 2B           	pld
  5476 00:11B2: 3B           	tsc
  5477 00:11B3: 18           	clc
  5478 00:11B4: 69 10 00     	adc	#L306+8
  5479 00:11B7: 1B           	tcs
  5480 00:11B8: 60           	rts
  5481             00000008   L306	equ	8
  5482             00000009   L307	equ	9
  5483                        	ends
  5484                        	efunc
  5485                        ;/*-----------------------------------------------------------*/
  5486                        ;
  5487                        ;static void prvUnlockQueue( Queue_t * const pxQueue )
  5488                        ;{
  5489                        	code
  5490                        	func
  5491                        _~prvUnlockQueue:
  5492                        	longa	on
  5493                        	longi	on
  5494 00:11B9: 3B           	tsc
  5495 00:11BA: 38           	sec
  5496 00:11BB: E9 05 00     	sbc	#L311
  5497 00:11BE: 1B           	tcs
  5498 00:11BF: 0B           	phd
  5499 00:11C0: 5B           	tcd
  5500             00000003   pxQueue_0	set	3
  5501                        ;    /* THIS FUNCTION MUST BE CALLED WITH THE SCHEDULER SUSPENDED. */
  5502                        ;
  Mon Sep 14 2026  7:48                                                                                                    Page 97


  5503                        ;    /* The lock counts contains the number of extra data items placed or
  5504                        ;     * removed from the queue while the queue was locked.  When a queue is
  5505                        ;     * locked items can be added or removed, but the event lists cannot be
  5506                        ;     * updated. */
  5507                        ;    taskENTER_CRITICAL();
  5508                        ;    {
  5509                        ;        int8_t cTxLock = pxQueue->cTxLock;
  5510                        ;
  5511                        ;        /* See if data was added to the queue while it was locked. */
  5512                        ;        while( cTxLock > queueLOCKED_UNMODIFIED )
  5513             00000000   cTxLock_2	set	0
  5514 00:11C1: E2 20        	sep	#$20
  5515                        	longa	off
  5516 00:11C3: A0 3B 00     	ldy	#$3b
  5517 00:11C6: B7 08        	lda	[<L311+pxQueue_0],Y
  5518 00:11C8: 85 05        	sta	<L312+cTxLock_2
  5519 00:11CA: C2 20        	rep	#$20
  5520                        	longa	on
  5521 00:11CC: 80 31        	bra	L10594
  5522                        L20013:
  5523                        ;        {
  5524                        ;            /* Data was posted while the queue was locked.  Are any tasks
  5525                        ;             * blocked waiting for data to become available? */
  5526                        ;            #if ( configUSE_QUEUE_SETS == 1 )
  5527                        ;            {
  5528                        ;                if( pxQueue->pxQueueSetContainer != NULL )
  5529                        ;                {
  5530                        ;                    if( prvNotifyQueueSetContainer( pxQueue ) != pdFALSE )
  5531                        ;                    {
  5532                        ;                        /* The queue is a member of a queue set, and posting to
  5533                        ;                         * the queue set caused a higher priority task to unblock.
  5534                        ;                         * A context switch is required. */
  5535                        ;                        vTaskMissedYield();
  5536                        ;                    }
  5537                        ;                    else
  5538                        ;                    {
  5539                        ;                        mtCOVERAGE_TEST_MARKER();
  5540                        ;                    }
  5541                        ;                }
  5542                        ;                else
  5543                        ;                {
  5544                        ;                    /* Tasks that are removed from the event list will get
  5545                        ;                     * added to the pending ready list as the scheduler is still
  5546                        ;                     * suspended. */
  5547                        ;                    if( listLIST_IS_EMPTY( &( pxQueue->xTasksWaitingToReceive ) ) == pdFALSE )
  5548                        ;                    {
  5549                        ;                        if( xTaskRemoveFromEventList( &( pxQueue->xTasksWaitingToReceive ) ) != pdFAL
                    SE )
  5550                        ;                        {
  5551                        ;                            /* The task waiting has a higher priority so record that a
  5552                        ;                             * context switch is required. */
  5553                        ;                            vTaskMissedYield();
  5554                        ;                        }
  5555                        ;                        else
  5556                        ;                        {
  5557                        ;                            mtCOVERAGE_TEST_MARKER();
  5558                        ;                        }
  5559                        ;                    }
  Mon Sep 14 2026  7:48                                                                                                    Page 98


  5560                        ;                    else
  5561                        ;                    {
  5562                        ;                        break;
  5563                        ;                    }
  5564                        ;                }
  5565                        ;            }
  5566                        ;            #else /* configUSE_QUEUE_SETS */
  5567                        ;            {
  5568                        ;                /* Tasks that are removed from the event list will get added to
  5569                        ;                 * the pending ready list as the scheduler is still suspended. */
  5570                        ;                if( listLIST_IS_EMPTY( &( pxQueue->xTasksWaitingToReceive ) ) == pdFALSE )
  5571                        ;                {
  5572 00:11CE: A0 22 00     	ldy	#$22
  5573 00:11D1: B7 08        	lda	[<L311+pxQueue_0],Y
  5574 00:11D3: D0 05        	bne	L315
  5575 00:11D5: A9 01 00     	lda	#$1
  5576 00:11D8: 80 03        	bra	L317
  5577                        L315:
  5578 00:11DA: A9 00 00     	lda	#$0
  5579                        L317:
  5580 00:11DD: AA           	tax
  5581 00:11DE: D0 32        	bne	L10595
  5582                        ;                    if( xTaskRemoveFromEventList( &( pxQueue->xTasksWaitingToReceive ) ) != pdFALSE )
  5583                        ;                    {
  5584 00:11E0: A9 22 00     	lda	#$22
  5585 00:11E3: 18           	clc
  5586 00:11E4: 65 08        	adc	<L311+pxQueue_0
  5587 00:11E6: 85 01        	sta	<R0
  5588 00:11E8: A9 00 00     	lda	#$0
  5589 00:11EB: 65 0A        	adc	<L311+pxQueue_0+2
  5590 00:11ED: 48           	pha
  5591 00:11EE: D4 01        	pei	<R0
  5592 00:11F0: 20 xx xx     	jsr	_~xTaskRemoveFromEventList
  5593 00:11F3: AA           	tax
  5594 00:11F4: F0 03        	beq	L10599
  5595                        ;                        /* The task waiting has a higher priority so record that
  5596                        ;                         * a context switch is required. */
  5597                        ;                        vTaskMissedYield();
  5598 00:11F6: 20 xx xx     	jsr	_~vTaskMissedYield
  5599                        ;                    }
  5600                        ;                    else
  5601                        L10599:
  5602                        ;            }
  5603                        ;            #endif /* configUSE_QUEUE_SETS */
  5604                        ;
  5605                        ;            --cTxLock;
  5606 00:11F9: E2 20        	sep	#$20
  5607                        	longa	off
  5608 00:11FB: C6 05        	dec	<L312+cTxLock_2
  5609 00:11FD: C2 20        	rep	#$20
  5610                        	longa	on
  5611                        ;        }
  5612                        L10594:
  5613 00:11FF: E2 20        	sep	#$20
  5614                        	longa	off
  5615 00:1201: 38           	sec
  5616 00:1202: A9 00        	lda	#$0
  5617 00:1204: E5 05        	sbc	<L312+cTxLock_2
  Mon Sep 14 2026  7:48                                                                                                    Page 99


  5618 00:1206: C2 20        	rep	#$20
  5619                        	longa	on
  5620 00:1208: 70 06        	bvs	L313
  5621 00:120A: E2 20        	sep	#$20
  5622                        	longa	off
  5623 00:120C: 49 80        	eor	#$80
  5624 00:120E: C2 20        	rep	#$20
  5625                        	longa	on
  5626                        L313:
  5627 00:1210: 10 BC        	bpl	L20013
  5628                        ;                    {
  5629                        ;                        mtCOVERAGE_TEST_MARKER();
  5630                        ;                    }
  5631                        ;                }
  5632                        ;                else
  5633                        ;                {
  5634                        ;                    break;
  5635                        ;                }
  5636                        L10595:
  5637                        ;
  5638                        ;        pxQueue->cTxLock = queueUNLOCKED;
  5639 00:1212: E2 20        	sep	#$20
  5640                        	longa	off
  5641 00:1214: A9 FF        	lda	#$ff
  5642 00:1216: A0 3B 00     	ldy	#$3b
  5643 00:1219: 97 08        	sta	[<L311+pxQueue_0],Y
  5644 00:121B: C2 20        	rep	#$20
  5645                        	longa	on
  5646                        ;    }
  5647                        ;    taskEXIT_CRITICAL();
  5648                        ;
  5649                        ;    /* Do the same for the Rx lock. */
  5650                        ;    taskENTER_CRITICAL();
  5651                        ;    {
  5652                        ;        int8_t cRxLock = pxQueue->cRxLock;
  5653                        ;
  5654                        ;        while( cRxLock > queueLOCKED_UNMODIFIED )
  5655             00000000   cRxLock_3	set	0
  5656 00:121D: E2 20        	sep	#$20
  5657                        	longa	off
  5658 00:121F: 88           	dey
  5659 00:1220: B7 08        	lda	[<L311+pxQueue_0],Y
  5660 00:1222: 85 05        	sta	<L312+cRxLock_3
  5661 00:1224: C2 20        	rep	#$20
  5662                        	longa	on
  5663 00:1226: 80 31        	bra	L10606
  5664                        L20015:
  5665                        ;        {
  5666                        ;            if( listLIST_IS_EMPTY( &( pxQueue->xTasksWaitingToSend ) ) == pdFALSE )
  5667                        ;            {
  5668 00:1228: A0 10 00     	ldy	#$10
  5669 00:122B: B7 08        	lda	[<L311+pxQueue_0],Y
  5670 00:122D: D0 05        	bne	L322
  5671 00:122F: A9 01 00     	lda	#$1
  5672 00:1232: 80 03        	bra	L324
  5673                        L322:
  5674 00:1234: A9 00 00     	lda	#$0
  5675                        L324:
  Mon Sep 14 2026  7:48                                                                                                    Page 100


  5676 00:1237: AA           	tax
  5677 00:1238: D0 32        	bne	L10607
  5678                        ;                if( xTaskRemoveFromEventList( &( pxQueue->xTasksWaitingToSend ) ) != pdFALSE )
  5679                        ;                {
  5680 00:123A: A9 10 00     	lda	#$10
  5681 00:123D: 18           	clc
  5682 00:123E: 65 08        	adc	<L311+pxQueue_0
  5683 00:1240: 85 01        	sta	<R0
  5684 00:1242: A9 00 00     	lda	#$0
  5685 00:1245: 65 0A        	adc	<L311+pxQueue_0+2
  5686 00:1247: 48           	pha
  5687 00:1248: D4 01        	pei	<R0
  5688 00:124A: 20 xx xx     	jsr	_~xTaskRemoveFromEventList
  5689 00:124D: AA           	tax
  5690 00:124E: F0 03        	beq	L10610
  5691                        ;                    vTaskMissedYield();
  5692 00:1250: 20 xx xx     	jsr	_~vTaskMissedYield
  5693                        ;                }
  5694                        ;                else
  5695                        ;                {
  5696                        ;                    mtCOVERAGE_TEST_MARKER();
  5697                        ;                }
  5698                        L10610:
  5699                        ;
  5700                        ;                --cRxLock;
  5701 00:1253: E2 20        	sep	#$20
  5702                        	longa	off
  5703 00:1255: C6 05        	dec	<L312+cRxLock_3
  5704 00:1257: C2 20        	rep	#$20
  5705                        	longa	on
  5706                        ;            }
  5707                        ;            else
  5708                        L10606:
  5709 00:1259: E2 20        	sep	#$20
  5710                        	longa	off
  5711 00:125B: 38           	sec
  5712 00:125C: A9 00        	lda	#$0
  5713 00:125E: E5 05        	sbc	<L312+cRxLock_3
  5714 00:1260: C2 20        	rep	#$20
  5715                        	longa	on
  5716 00:1262: 70 06        	bvs	L320
  5717 00:1264: E2 20        	sep	#$20
  5718                        	longa	off
  5719 00:1266: 49 80        	eor	#$80
  5720 00:1268: C2 20        	rep	#$20
  5721                        	longa	on
  5722                        L320:
  5723 00:126A: 10 BC        	bpl	L20015
  5724                        ;            {
  5725                        ;                break;
  5726                        ;            }
  5727                        ;        }
  5728                        L10607:
  5729                        ;
  5730                        ;        pxQueue->cRxLock = queueUNLOCKED;
  5731 00:126C: E2 20        	sep	#$20
  5732                        	longa	off
  5733 00:126E: A9 FF        	lda	#$ff
  Mon Sep 14 2026  7:48                                                                                                    Page 101


  5734 00:1270: A0 3A 00     	ldy	#$3a
  5735 00:1273: 97 08        	sta	[<L311+pxQueue_0],Y
  5736 00:1275: C2 20        	rep	#$20
  5737                        	longa	on
  5738                        ;    }
  5739                        ;    taskEXIT_CRITICAL();
  5740                        ;}
  5741 00:1277: A5 06        	lda	<L311+1
  5742 00:1279: 85 0A        	sta	<L311+1+4
  5743 00:127B: 2B           	pld
  5744 00:127C: 3B           	tsc
  5745 00:127D: 18           	clc
  5746 00:127E: 69 09 00     	adc	#L311+4
  5747 00:1281: 1B           	tcs
  5748 00:1282: 60           	rts
  5749             00000005   L311	equ	5
  5750             00000005   L312	equ	5
  5751                        	ends
  5752                        	efunc
  5753                        ;/*-----------------------------------------------------------*/
  5754                        ;
  5755                        ;static BaseType_t prvIsQueueEmpty( const Queue_t * pxQueue )
  5756                        ;{
  5757                        	code
  5758                        	func
  5759                        _~prvIsQueueEmpty:
  5760                        	longa	on
  5761                        	longi	on
  5762 00:1283: 3B           	tsc
  5763 00:1284: 38           	sec
  5764 00:1285: E9 02 00     	sbc	#L328
  5765 00:1288: 1B           	tcs
  5766 00:1289: 0B           	phd
  5767 00:128A: 5B           	tcd
  5768             00000003   pxQueue_0	set	3
  5769                        ;    BaseType_t xReturn;
  5770                        ;
  5771                        ;    taskENTER_CRITICAL();
  5772             00000000   xReturn_1	set	0
  5773                        ;    {
  5774                        ;        if( pxQueue->uxMessagesWaiting == ( UBaseType_t ) 0 )
  5775                        ;        {
  5776 00:128B: A0 34 00     	ldy	#$34
  5777 00:128E: B7 05        	lda	[<L328+pxQueue_0],Y
  5778 00:1290: D0 07        	bne	L10618
  5779                        ;            xReturn = pdTRUE;
  5780 00:1292: A9 01 00     	lda	#$1
  5781 00:1295: 85 01        	sta	<L329+xReturn_1
  5782                        ;        }
  5783                        ;        else
  5784 00:1297: 80 02        	bra	L10621
  5785                        L10618:
  5786                        ;        {
  5787                        ;            xReturn = pdFALSE;
  5788 00:1299: 64 01        	stz	<L329+xReturn_1
  5789                        ;        }
  5790                        ;    }
  5791                        ;    taskEXIT_CRITICAL();
  Mon Sep 14 2026  7:48                                                                                                    Page 102


  5792                        L10621:
  5793                        ;
  5794                        ;    return xReturn;
  5795 00:129B: A5 01        	lda	<L329+xReturn_1
  5796 00:129D: A8           	tay
  5797 00:129E: A5 03        	lda	<L328+1
  5798 00:12A0: 85 07        	sta	<L328+1+4
  5799 00:12A2: 2B           	pld
  5800 00:12A3: 3B           	tsc
  5801 00:12A4: 18           	clc
  5802 00:12A5: 69 06 00     	adc	#L328+4
  5803 00:12A8: 1B           	tcs
  5804 00:12A9: 98           	tya
  5805 00:12AA: 60           	rts
  5806                        ;}
  5807             00000002   L328	equ	2
  5808             00000001   L329	equ	1
  5809                        	ends
  5810                        	efunc
  5811                        ;/*-----------------------------------------------------------*/
  5812                        ;
  5813                        ;BaseType_t xQueueIsQueueEmptyFromISR( const QueueHandle_t xQueue )
  5814                        ;{
  5815                        	code
  5816                        	xdef	_~xQueueIsQueueEmptyFromISR
  5817                        	func
  5818                        _~xQueueIsQueueEmptyFromISR:
  5819                        	longa	on
  5820                        	longi	on
  5821 00:12AB: 3B           	tsc
  5822 00:12AC: 38           	sec
  5823 00:12AD: E9 06 00     	sbc	#L332
  5824 00:12B0: 1B           	tcs
  5825 00:12B1: 0B           	phd
  5826 00:12B2: 5B           	tcd
  5827             00000003   xQueue_0	set	3
  5828                        ;    BaseType_t xReturn;
  5829                        ;    Queue_t * const pxQueue = xQueue;
  5830                        ;
  5831                        ;    traceENTER_xQueueIsQueueEmptyFromISR( xQueue );
  5832             00000000   xReturn_1	set	0
  5833             00000002   pxQueue_1	set	2
  5834 00:12B3: A5 09        	lda	<L332+xQueue_0
  5835 00:12B5: 85 03        	sta	<L333+pxQueue_1
  5836 00:12B7: A5 0B        	lda	<L332+xQueue_0+2
  5837 00:12B9: 85 05        	sta	<L333+pxQueue_1+2
  5838                        ;
  5839                        ;    configASSERT( pxQueue );
  5840 00:12BB: A5 03        	lda	<L333+pxQueue_1
  5841 00:12BD: 05 05        	ora	<L333+pxQueue_1+2
  5842 00:12BF: D0 02        	bne	L10623
  5843                        L10627:
  5844 00:12C1: 80 FE        	bra	L10627
  5845                        L10623:
  5846                        ;
  5847                        ;    if( pxQueue->uxMessagesWaiting == ( UBaseType_t ) 0 )
  5848                        ;    {
  5849 00:12C3: A0 34 00     	ldy	#$34
  Mon Sep 14 2026  7:48                                                                                                    Page 103


  5850 00:12C6: B7 03        	lda	[<L333+pxQueue_1],Y
  5851 00:12C8: D0 07        	bne	L10630
  5852                        ;        xReturn = pdTRUE;
  5853 00:12CA: A9 01 00     	lda	#$1
  5854 00:12CD: 85 01        	sta	<L333+xReturn_1
  5855                        ;    }
  5856                        ;    else
  5857 00:12CF: 80 02        	bra	L10631
  5858                        L10630:
  5859                        ;    {
  5860                        ;        xReturn = pdFALSE;
  5861 00:12D1: 64 01        	stz	<L333+xReturn_1
  5862                        ;    }
  5863                        L10631:
  5864                        ;
  5865                        ;    traceRETURN_xQueueIsQueueEmptyFromISR( xReturn );
  5866                        ;
  5867                        ;    return xReturn;
  5868 00:12D3: A5 01        	lda	<L333+xReturn_1
  5869 00:12D5: A8           	tay
  5870 00:12D6: A5 07        	lda	<L332+1
  5871 00:12D8: 85 0B        	sta	<L332+1+4
  5872 00:12DA: 2B           	pld
  5873 00:12DB: 3B           	tsc
  5874 00:12DC: 18           	clc
  5875 00:12DD: 69 0A 00     	adc	#L332+4
  5876 00:12E0: 1B           	tcs
  5877 00:12E1: 98           	tya
  5878 00:12E2: 60           	rts
  5879                        ;}
  5880             00000006   L332	equ	6
  5881             00000001   L333	equ	1
  5882                        	ends
  5883                        	efunc
  5884                        ;/*-----------------------------------------------------------*/
  5885                        ;
  5886                        ;static BaseType_t prvIsQueueFull( const Queue_t * pxQueue )
  5887                        ;{
  5888                        	code
  5889                        	func
  5890                        _~prvIsQueueFull:
  5891                        	longa	on
  5892                        	longi	on
  5893 00:12E3: 3B           	tsc
  5894 00:12E4: 38           	sec
  5895 00:12E5: E9 02 00     	sbc	#L337
  5896 00:12E8: 1B           	tcs
  5897 00:12E9: 0B           	phd
  5898 00:12EA: 5B           	tcd
  5899             00000003   pxQueue_0	set	3
  5900                        ;    BaseType_t xReturn;
  5901                        ;
  5902                        ;    taskENTER_CRITICAL();
  5903             00000000   xReturn_1	set	0
  5904                        ;    {
  5905                        ;        if( pxQueue->uxMessagesWaiting == pxQueue->uxLength )
  5906                        ;        {
  5907 00:12EB: A0 34 00     	ldy	#$34
  Mon Sep 14 2026  7:48                                                                                                    Page 104


  5908 00:12EE: B7 05        	lda	[<L337+pxQueue_0],Y
  5909 00:12F0: C8           	iny
  5910 00:12F1: C8           	iny
  5911 00:12F2: D7 05        	cmp	[<L337+pxQueue_0],Y
  5912 00:12F4: D0 07        	bne	L10635
  5913                        ;            xReturn = pdTRUE;
  5914 00:12F6: A9 01 00     	lda	#$1
  5915 00:12F9: 85 01        	sta	<L338+xReturn_1
  5916                        ;        }
  5917                        ;        else
  5918 00:12FB: 80 02        	bra	L10638
  5919                        L10635:
  5920                        ;        {
  5921                        ;            xReturn = pdFALSE;
  5922 00:12FD: 64 01        	stz	<L338+xReturn_1
  5923                        ;        }
  5924                        ;    }
  5925                        ;    taskEXIT_CRITICAL();
  5926                        L10638:
  5927                        ;
  5928                        ;    return xReturn;
  5929 00:12FF: A5 01        	lda	<L338+xReturn_1
  5930 00:1301: A8           	tay
  5931 00:1302: A5 03        	lda	<L337+1
  5932 00:1304: 85 07        	sta	<L337+1+4
  5933 00:1306: 2B           	pld
  5934 00:1307: 3B           	tsc
  5935 00:1308: 18           	clc
  5936 00:1309: 69 06 00     	adc	#L337+4
  5937 00:130C: 1B           	tcs
  5938 00:130D: 98           	tya
  5939 00:130E: 60           	rts
  5940                        ;}
  5941             00000002   L337	equ	2
  5942             00000001   L338	equ	1
  5943                        	ends
  5944                        	efunc
  5945                        ;/*-----------------------------------------------------------*/
  5946                        ;
  5947                        ;BaseType_t xQueueIsQueueFullFromISR( const QueueHandle_t xQueue )
  5948                        ;{
  5949                        	code
  5950                        	xdef	_~xQueueIsQueueFullFromISR
  5951                        	func
  5952                        _~xQueueIsQueueFullFromISR:
  5953                        	longa	on
  5954                        	longi	on
  5955 00:130F: 3B           	tsc
  5956 00:1310: 38           	sec
  5957 00:1311: E9 06 00     	sbc	#L341
  5958 00:1314: 1B           	tcs
  5959 00:1315: 0B           	phd
  5960 00:1316: 5B           	tcd
  5961             00000003   xQueue_0	set	3
  5962                        ;    BaseType_t xReturn;
  5963                        ;    Queue_t * const pxQueue = xQueue;
  5964                        ;
  5965                        ;    traceENTER_xQueueIsQueueFullFromISR( xQueue );
  Mon Sep 14 2026  7:48                                                                                                    Page 105


  5966             00000000   xReturn_1	set	0
  5967             00000002   pxQueue_1	set	2
  5968 00:1317: A5 09        	lda	<L341+xQueue_0
  5969 00:1319: 85 03        	sta	<L342+pxQueue_1
  5970 00:131B: A5 0B        	lda	<L341+xQueue_0+2
  5971 00:131D: 85 05        	sta	<L342+pxQueue_1+2
  5972                        ;
  5973                        ;    configASSERT( pxQueue );
  5974 00:131F: A5 03        	lda	<L342+pxQueue_1
  5975 00:1321: 05 05        	ora	<L342+pxQueue_1+2
  5976 00:1323: D0 02        	bne	L10640
  5977                        L10644:
  5978 00:1325: 80 FE        	bra	L10644
  5979                        L10640:
  5980                        ;
  5981                        ;    if( pxQueue->uxMessagesWaiting == pxQueue->uxLength )
  5982                        ;    {
  5983 00:1327: A0 34 00     	ldy	#$34
  5984 00:132A: B7 03        	lda	[<L342+pxQueue_1],Y
  5985 00:132C: C8           	iny
  5986 00:132D: C8           	iny
  5987 00:132E: D7 03        	cmp	[<L342+pxQueue_1],Y
  5988 00:1330: D0 07        	bne	L10647
  5989                        ;        xReturn = pdTRUE;
  5990 00:1332: A9 01 00     	lda	#$1
  5991 00:1335: 85 01        	sta	<L342+xReturn_1
  5992                        ;    }
  5993                        ;    else
  5994 00:1337: 80 02        	bra	L10648
  5995                        L10647:
  5996                        ;    {
  5997                        ;        xReturn = pdFALSE;
  5998 00:1339: 64 01        	stz	<L342+xReturn_1
  5999                        ;    }
  6000                        L10648:
  6001                        ;
  6002                        ;    traceRETURN_xQueueIsQueueFullFromISR( xReturn );
  6003                        ;
  6004                        ;    return xReturn;
  6005 00:133B: A5 01        	lda	<L342+xReturn_1
  6006 00:133D: A8           	tay
  6007 00:133E: A5 07        	lda	<L341+1
  6008 00:1340: 85 0B        	sta	<L341+1+4
  6009 00:1342: 2B           	pld
  6010 00:1343: 3B           	tsc
  6011 00:1344: 18           	clc
  6012 00:1345: 69 0A 00     	adc	#L341+4
  6013 00:1348: 1B           	tcs
  6014 00:1349: 98           	tya
  6015 00:134A: 60           	rts
  6016                        ;}
  6017             00000006   L341	equ	6
  6018             00000001   L342	equ	1
  6019                        	ends
  6020                        	efunc
  6021                        ;/*-----------------------------------------------------------*/
  6022                        ;
  6023                        ;#if ( configUSE_CO_ROUTINES == 1 )
  Mon Sep 14 2026  7:48                                                                                                    Page 106


  6024                        ;
  6025                        ;    BaseType_t xQueueCRSend( QueueHandle_t xQueue,
  6026                        ;                             const void * pvItemToQueue,
  6027                        ;                             TickType_t xTicksToWait )
  6028                        ;    {
  6029                        ;        BaseType_t xReturn;
  6030                        ;        Queue_t * const pxQueue = xQueue;
  6031                        ;
  6032                        ;        traceENTER_xQueueCRSend( xQueue, pvItemToQueue, xTicksToWait );
  6033                        ;
  6034                        ;        /* If the queue is already full we may have to block.  A critical section
  6035                        ;         * is required to prevent an interrupt removing something from the queue
  6036                        ;         * between the check to see if the queue is full and blocking on the queue. */
  6037                        ;        portDISABLE_INTERRUPTS();
  6038                        ;        {
  6039                        ;            if( prvIsQueueFull( pxQueue ) != pdFALSE )
  6040                        ;            {
  6041                        ;                /* The queue is full - do we want to block or just leave without
  6042                        ;                 * posting? */
  6043                        ;                if( xTicksToWait > ( TickType_t ) 0 )
  6044                        ;                {
  6045                        ;                    /* As this is called from a coroutine we cannot block directly, but
  6046                        ;                     * return indicating that we need to block. */
  6047                        ;                    vCoRoutineAddToDelayedList( xTicksToWait, &( pxQueue->xTasksWaitingToSend ) );
  6048                        ;                    portENABLE_INTERRUPTS();
  6049                        ;                    return errQUEUE_BLOCKED;
  6050                        ;                }
  6051                        ;                else
  6052                        ;                {
  6053                        ;                    portENABLE_INTERRUPTS();
  6054                        ;                    return errQUEUE_FULL;
  6055                        ;                }
  6056                        ;            }
  6057                        ;        }
  6058                        ;        portENABLE_INTERRUPTS();
  6059                        ;
  6060                        ;        portDISABLE_INTERRUPTS();
  6061                        ;        {
  6062                        ;            if( pxQueue->uxMessagesWaiting < pxQueue->uxLength )
  6063                        ;            {
  6064                        ;                /* There is room in the queue, copy the data into the queue. */
  6065                        ;                prvCopyDataToQueue( pxQueue, pvItemToQueue, queueSEND_TO_BACK );
  6066                        ;                xReturn = pdPASS;
  6067                        ;
  6068                        ;                /* Were any co-routines waiting for data to become available? */
  6069                        ;                if( listLIST_IS_EMPTY( &( pxQueue->xTasksWaitingToReceive ) ) == pdFALSE )
  6070                        ;                {
  6071                        ;                    /* In this instance the co-routine could be placed directly
  6072                        ;                     * into the ready list as we are within a critical section.
  6073                        ;                     * Instead the same pending ready list mechanism is used as if
  6074                        ;                     * the event were caused from within an interrupt. */
  6075                        ;                    if( xCoRoutineRemoveFromEventList( &( pxQueue->xTasksWaitingToReceive ) ) != pdFA
                    LSE )
  6076                        ;                    {
  6077                        ;                        /* The co-routine waiting has a higher priority so record
  6078                        ;                         * that a yield might be appropriate. */
  6079                        ;                        xReturn = errQUEUE_YIELD;
  6080                        ;                    }
  Mon Sep 14 2026  7:48                                                                                                    Page 107


  6081                        ;                    else
  6082                        ;                    {
  6083                        ;                        mtCOVERAGE_TEST_MARKER();
  6084                        ;                    }
  6085                        ;                }
  6086                        ;                else
  6087                        ;                {
  6088                        ;                    mtCOVERAGE_TEST_MARKER();
  6089                        ;                }
  6090                        ;            }
  6091                        ;            else
  6092                        ;            {
  6093                        ;                xReturn = errQUEUE_FULL;
  6094                        ;            }
  6095                        ;        }
  6096                        ;        portENABLE_INTERRUPTS();
  6097                        ;
  6098                        ;        traceRETURN_xQueueCRSend( xReturn );
  6099                        ;
  6100                        ;        return xReturn;
  6101                        ;    }
  6102                        ;
  6103                        ;#endif /* configUSE_CO_ROUTINES */
  6104                        ;/*-----------------------------------------------------------*/
  6105                        ;
  6106                        ;#if ( configUSE_CO_ROUTINES == 1 )
  6107                        ;
  6108                        ;    BaseType_t xQueueCRReceive( QueueHandle_t xQueue,
  6109                        ;                                void * pvBuffer,
  6110                        ;                                TickType_t xTicksToWait )
  6111                        ;    {
  6112                        ;        BaseType_t xReturn;
  6113                        ;        Queue_t * const pxQueue = xQueue;
  6114                        ;
  6115                        ;        traceENTER_xQueueCRReceive( xQueue, pvBuffer, xTicksToWait );
  6116                        ;
  6117                        ;        /* If the queue is already empty we may have to block.  A critical section
  6118                        ;         * is required to prevent an interrupt adding something to the queue
  6119                        ;         * between the check to see if the queue is empty and blocking on the queue. */
  6120                        ;        portDISABLE_INTERRUPTS();
  6121                        ;        {
  6122                        ;            if( pxQueue->uxMessagesWaiting == ( UBaseType_t ) 0 )
  6123                        ;            {
  6124                        ;                /* There are no messages in the queue, do we want to block or just
  6125                        ;                 * leave with nothing? */
  6126                        ;                if( xTicksToWait > ( TickType_t ) 0 )
  6127                        ;                {
  6128                        ;                    /* As this is a co-routine we cannot block directly, but return
  6129                        ;                     * indicating that we need to block. */
  6130                        ;                    vCoRoutineAddToDelayedList( xTicksToWait, &( pxQueue->xTasksWaitingToReceive ) );
  6131                        ;                    portENABLE_INTERRUPTS();
  6132                        ;                    return errQUEUE_BLOCKED;
  6133                        ;                }
  6134                        ;                else
  6135                        ;                {
  6136                        ;                    portENABLE_INTERRUPTS();
  6137                        ;                    return errQUEUE_FULL;
  6138                        ;                }
  Mon Sep 14 2026  7:48                                                                                                    Page 108


  6139                        ;            }
  6140                        ;            else
  6141                        ;            {
  6142                        ;                mtCOVERAGE_TEST_MARKER();
  6143                        ;            }
  6144                        ;        }
  6145                        ;        portENABLE_INTERRUPTS();
  6146                        ;
  6147                        ;        portDISABLE_INTERRUPTS();
  6148                        ;        {
  6149                        ;            if( pxQueue->uxMessagesWaiting > ( UBaseType_t ) 0 )
  6150                        ;            {
  6151                        ;                /* Data is available from the queue. */
  6152                        ;                pxQueue->u.xQueue.pcReadFrom += pxQueue->uxItemSize;
  6153                        ;
  6154                        ;                if( pxQueue->u.xQueue.pcReadFrom >= pxQueue->u.xQueue.pcTail )
  6155                        ;                {
  6156                        ;                    pxQueue->u.xQueue.pcReadFrom = pxQueue->pcHead;
  6157                        ;                }
  6158                        ;                else
  6159                        ;                {
  6160                        ;                    mtCOVERAGE_TEST_MARKER();
  6161                        ;                }
  6162                        ;
  6163                        ;                --( pxQueue->uxMessagesWaiting );
  6164                        ;                ( void ) memcpy( ( void * ) pvBuffer, ( void * ) pxQueue->u.xQueue.pcReadFrom, ( unsi
                    gned ) pxQueue->uxItemSize );
  6165                        ;
  6166                        ;                xReturn = pdPASS;
  6167                        ;
  6168                        ;                /* Were any co-routines waiting for space to become available? */
  6169                        ;                if( listLIST_IS_EMPTY( &( pxQueue->xTasksWaitingToSend ) ) == pdFALSE )
  6170                        ;                {
  6171                        ;                    /* In this instance the co-routine could be placed directly
  6172                        ;                     * into the ready list as we are within a critical section.
  6173                        ;                     * Instead the same pending ready list mechanism is used as if
  6174                        ;                     * the event were caused from within an interrupt. */
  6175                        ;                    if( xCoRoutineRemoveFromEventList( &( pxQueue->xTasksWaitingToSend ) ) != pdFALSE
                     )
  6176                        ;                    {
  6177                        ;                        xReturn = errQUEUE_YIELD;
  6178                        ;                    }
  6179                        ;                    else
  6180                        ;                    {
  6181                        ;                        mtCOVERAGE_TEST_MARKER();
  6182                        ;                    }
  6183                        ;                }
  6184                        ;                else
  6185                        ;                {
  6186                        ;                    mtCOVERAGE_TEST_MARKER();
  6187                        ;                }
  6188                        ;            }
  6189                        ;            else
  6190                        ;            {
  6191                        ;                xReturn = pdFAIL;
  6192                        ;            }
  6193                        ;        }
  6194                        ;        portENABLE_INTERRUPTS();
  Mon Sep 14 2026  7:48                                                                                                    Page 109


  6195                        ;
  6196                        ;        traceRETURN_xQueueCRReceive( xReturn );
  6197                        ;
  6198                        ;        return xReturn;
  6199                        ;    }
  6200                        ;
  6201                        ;#endif /* configUSE_CO_ROUTINES */
  6202                        ;/*-----------------------------------------------------------*/
  6203                        ;
  6204                        ;#if ( configUSE_CO_ROUTINES == 1 )
  6205                        ;
  6206                        ;    BaseType_t xQueueCRSendFromISR( QueueHandle_t xQueue,
  6207                        ;                                    const void * pvItemToQueue,
  6208                        ;                                    BaseType_t xCoRoutinePreviouslyWoken )
  6209                        ;    {
  6210                        ;        Queue_t * const pxQueue = xQueue;
  6211                        ;
  6212                        ;        traceENTER_xQueueCRSendFromISR( xQueue, pvItemToQueue, xCoRoutinePreviouslyWoken );
  6213                        ;
  6214                        ;        /* Cannot block within an ISR so if there is no space on the queue then
  6215                        ;         * exit without doing anything. */
  6216                        ;        if( pxQueue->uxMessagesWaiting < pxQueue->uxLength )
  6217                        ;        {
  6218                        ;            prvCopyDataToQueue( pxQueue, pvItemToQueue, queueSEND_TO_BACK );
  6219                        ;
  6220                        ;            /* We only want to wake one co-routine per ISR, so check that a
  6221                        ;             * co-routine has not already been woken. */
  6222                        ;            if( xCoRoutinePreviouslyWoken == pdFALSE )
  6223                        ;            {
  6224                        ;                if( listLIST_IS_EMPTY( &( pxQueue->xTasksWaitingToReceive ) ) == pdFALSE )
  6225                        ;                {
  6226                        ;                    if( xCoRoutineRemoveFromEventList( &( pxQueue->xTasksWaitingToReceive ) ) != pdFA
                    LSE )
  6227                        ;                    {
  6228                        ;                        return pdTRUE;
  6229                        ;                    }
  6230                        ;                    else
  6231                        ;                    {
  6232                        ;                        mtCOVERAGE_TEST_MARKER();
  6233                        ;                    }
  6234                        ;                }
  6235                        ;                else
  6236                        ;                {
  6237                        ;                    mtCOVERAGE_TEST_MARKER();
  6238                        ;                }
  6239                        ;            }
  6240                        ;            else
  6241                        ;            {
  6242                        ;                mtCOVERAGE_TEST_MARKER();
  6243                        ;            }
  6244                        ;        }
  6245                        ;        else
  6246                        ;        {
  6247                        ;            mtCOVERAGE_TEST_MARKER();
  6248                        ;        }
  6249                        ;
  6250                        ;        traceRETURN_xQueueCRSendFromISR( xCoRoutinePreviouslyWoken );
  6251                        ;
  Mon Sep 14 2026  7:48                                                                                                    Page 110


  6252                        ;        return xCoRoutinePreviouslyWoken;
  6253                        ;    }
  6254                        ;
  6255                        ;#endif /* configUSE_CO_ROUTINES */
  6256                        ;/*-----------------------------------------------------------*/
  6257                        ;
  6258                        ;#if ( configUSE_CO_ROUTINES == 1 )
  6259                        ;
  6260                        ;    BaseType_t xQueueCRReceiveFromISR( QueueHandle_t xQueue,
  6261                        ;                                       void * pvBuffer,
  6262                        ;                                       BaseType_t * pxCoRoutineWoken )
  6263                        ;    {
  6264                        ;        BaseType_t xReturn;
  6265                        ;        Queue_t * const pxQueue = xQueue;
  6266                        ;
  6267                        ;        traceENTER_xQueueCRReceiveFromISR( xQueue, pvBuffer, pxCoRoutineWoken );
  6268                        ;
  6269                        ;        /* We cannot block from an ISR, so check there is data available. If
  6270                        ;         * not then just leave without doing anything. */
  6271                        ;        if( pxQueue->uxMessagesWaiting > ( UBaseType_t ) 0 )
  6272                        ;        {
  6273                        ;            /* Copy the data from the queue. */
  6274                        ;            pxQueue->u.xQueue.pcReadFrom += pxQueue->uxItemSize;
  6275                        ;
  6276                        ;            if( pxQueue->u.xQueue.pcReadFrom >= pxQueue->u.xQueue.pcTail )
  6277                        ;            {
  6278                        ;                pxQueue->u.xQueue.pcReadFrom = pxQueue->pcHead;
  6279                        ;            }
  6280                        ;            else
  6281                        ;            {
  6282                        ;                mtCOVERAGE_TEST_MARKER();
  6283                        ;            }
  6284                        ;
  6285                        ;            --( pxQueue->uxMessagesWaiting );
  6286                        ;            ( void ) memcpy( ( void * ) pvBuffer, ( void * ) pxQueue->u.xQueue.pcReadFrom, ( unsigned
                     ) pxQueue->uxItemSize );
  6287                        ;
  6288                        ;            if( ( *pxCoRoutineWoken ) == pdFALSE )
  6289                        ;            {
  6290                        ;                if( listLIST_IS_EMPTY( &( pxQueue->xTasksWaitingToSend ) ) == pdFALSE )
  6291                        ;                {
  6292                        ;                    if( xCoRoutineRemoveFromEventList( &( pxQueue->xTasksWaitingToSend ) ) != pdFALSE
                     )
  6293                        ;                    {
  6294                        ;                        *pxCoRoutineWoken = pdTRUE;
  6295                        ;                    }
  6296                        ;                    else
  6297                        ;                    {
  6298                        ;                        mtCOVERAGE_TEST_MARKER();
  6299                        ;                    }
  6300                        ;                }
  6301                        ;                else
  6302                        ;                {
  6303                        ;                    mtCOVERAGE_TEST_MARKER();
  6304                        ;                }
  6305                        ;            }
  6306                        ;            else
  6307                        ;            {
  Mon Sep 14 2026  7:48                                                                                                    Page 111


  6308                        ;                mtCOVERAGE_TEST_MARKER();
  6309                        ;            }
  6310                        ;
  6311                        ;            xReturn = pdPASS;
  6312                        ;        }
  6313                        ;        else
  6314                        ;        {
  6315                        ;            xReturn = pdFAIL;
  6316                        ;        }
  6317                        ;
  6318                        ;        traceRETURN_xQueueCRReceiveFromISR( xReturn );
  6319                        ;
  6320                        ;        return xReturn;
  6321                        ;    }
  6322                        ;
  6323                        ;#endif /* configUSE_CO_ROUTINES */
  6324                        ;/*-----------------------------------------------------------*/
  6325                        ;
  6326                        ;#if ( configQUEUE_REGISTRY_SIZE > 0 )
  6327                        ;
  6328                        ;    void vQueueAddToRegistry( QueueHandle_t xQueue,
  6329                        ;                              const char * pcQueueName )
  6330                        ;    {
  6331                        ;        UBaseType_t ux;
  6332                        ;        QueueRegistryItem_t * pxEntryToWrite = NULL;
  6333                        ;
  6334                        ;        traceENTER_vQueueAddToRegistry( xQueue, pcQueueName );
  6335                        ;
  6336                        ;        configASSERT( xQueue );
  6337                        ;
  6338                        ;        if( pcQueueName != NULL )
  6339                        ;        {
  6340                        ;            /* See if there is an empty space in the registry.  A NULL name denotes
  6341                        ;             * a free slot. */
  6342                        ;            for( ux = ( UBaseType_t ) 0U; ux < ( UBaseType_t ) configQUEUE_REGISTRY_SIZE; ux++ )
  6343                        ;            {
  6344                        ;                /* Replace an existing entry if the queue is already in the registry. */
  6345                        ;                if( xQueue == xQueueRegistry[ ux ].xHandle )
  6346                        ;                {
  6347                        ;                    pxEntryToWrite = &( xQueueRegistry[ ux ] );
  6348                        ;                    break;
  6349                        ;                }
  6350                        ;                /* Otherwise, store in the next empty location */
  6351                        ;                else if( ( pxEntryToWrite == NULL ) && ( xQueueRegistry[ ux ].pcQueueName == NULL ) )
  6352                        ;                {
  6353                        ;                    pxEntryToWrite = &( xQueueRegistry[ ux ] );
  6354                        ;                }
  6355                        ;                else
  6356                        ;                {
  6357                        ;                    mtCOVERAGE_TEST_MARKER();
  6358                        ;                }
  6359                        ;            }
  6360                        ;        }
  6361                        ;
  6362                        ;        if( pxEntryToWrite != NULL )
  6363                        ;        {
  6364                        ;            /* Store the information on this queue. */
  6365                        ;            pxEntryToWrite->pcQueueName = pcQueueName;
  Mon Sep 14 2026  7:48                                                                                                    Page 112


  6366                        ;            pxEntryToWrite->xHandle = xQueue;
  6367                        ;
  6368                        ;            traceQUEUE_REGISTRY_ADD( xQueue, pcQueueName );
  6369                        ;        }
  6370                        ;
  6371                        ;        traceRETURN_vQueueAddToRegistry();
  6372                        ;    }
  6373                        ;
  6374                        ;#endif /* configQUEUE_REGISTRY_SIZE */
  6375                        ;/*-----------------------------------------------------------*/
  6376                        ;
  6377                        ;#if ( configQUEUE_REGISTRY_SIZE > 0 )
  6378                        ;
  6379                        ;    const char * pcQueueGetName( QueueHandle_t xQueue )
  6380                        ;    {
  6381                        ;        UBaseType_t ux;
  6382                        ;        const char * pcReturn = NULL;
  6383                        ;
  6384                        ;        traceENTER_pcQueueGetName( xQueue );
  6385                        ;
  6386                        ;        configASSERT( xQueue );
  6387                        ;
  6388                        ;        /* Note there is nothing here to protect against another task adding or
  6389                        ;         * removing entries from the registry while it is being searched. */
  6390                        ;
  6391                        ;        for( ux = ( UBaseType_t ) 0U; ux < ( UBaseType_t ) configQUEUE_REGISTRY_SIZE; ux++ )
  6392                        ;        {
  6393                        ;            if( xQueueRegistry[ ux ].xHandle == xQueue )
  6394                        ;            {
  6395                        ;                pcReturn = xQueueRegistry[ ux ].pcQueueName;
  6396                        ;                break;
  6397                        ;            }
  6398                        ;            else
  6399                        ;            {
  6400                        ;                mtCOVERAGE_TEST_MARKER();
  6401                        ;            }
  6402                        ;        }
  6403                        ;
  6404                        ;        traceRETURN_pcQueueGetName( pcReturn );
  6405                        ;
  6406                        ;        return pcReturn;
  6407                        ;    }
  6408                        ;
  6409                        ;#endif /* configQUEUE_REGISTRY_SIZE */
  6410                        ;/*-----------------------------------------------------------*/
  6411                        ;
  6412                        ;#if ( configQUEUE_REGISTRY_SIZE > 0 )
  6413                        ;
  6414                        ;    void vQueueUnregisterQueue( QueueHandle_t xQueue )
  6415                        ;    {
  6416                        ;        UBaseType_t ux;
  6417                        ;
  6418                        ;        traceENTER_vQueueUnregisterQueue( xQueue );
  6419                        ;
  6420                        ;        configASSERT( xQueue );
  6421                        ;
  6422                        ;        /* See if the handle of the queue being unregistered in actually in the
  6423                        ;         * registry. */
  Mon Sep 14 2026  7:48                                                                                                    Page 113


  6424                        ;        for( ux = ( UBaseType_t ) 0U; ux < ( UBaseType_t ) configQUEUE_REGISTRY_SIZE; ux++ )
  6425                        ;        {
  6426                        ;            if( xQueueRegistry[ ux ].xHandle == xQueue )
  6427                        ;            {
  6428                        ;                /* Set the name to NULL to show that this slot if free again. */
  6429                        ;                xQueueRegistry[ ux ].pcQueueName = NULL;
  6430                        ;
  6431                        ;                /* Set the handle to NULL to ensure the same queue handle cannot
  6432                        ;                 * appear in the registry twice if it is added, removed, then
  6433                        ;                 * added again. */
  6434                        ;                xQueueRegistry[ ux ].xHandle = ( QueueHandle_t ) 0;
  6435                        ;                break;
  6436                        ;            }
  6437                        ;            else
  6438                        ;            {
  6439                        ;                mtCOVERAGE_TEST_MARKER();
  6440                        ;            }
  6441                        ;        }
  6442                        ;
  6443                        ;        traceRETURN_vQueueUnregisterQueue();
  6444                        ;    }
  6445                        ;
  6446                        ;#endif /* configQUEUE_REGISTRY_SIZE */
  6447                        ;/*-----------------------------------------------------------*/
  6448                        ;
  6449                        ;#if ( configUSE_TIMERS == 1 )
  6450                        ;
  6451                        ;    void vQueueWaitForMessageRestricted( QueueHandle_t xQueue,
  6452                        ;                                         TickType_t xTicksToWait,
  6453                        ;                                         const BaseType_t xWaitIndefinitely )
  6454                        ;    {
  6455                        	code
  6456                        	xdef	_~vQueueWaitForMessageRestricted
  6457                        	func
  6458                        _~vQueueWaitForMessageRestricted:
  6459                        	longa	on
  6460                        	longi	on
  6461 00:134B: 3B           	tsc
  6462 00:134C: 38           	sec
  6463 00:134D: E9 08 00     	sbc	#L346
  6464 00:1350: 1B           	tcs
  6465 00:1351: 0B           	phd
  6466 00:1352: 5B           	tcd
  6467             00000003   xQueue_0	set	3
  6468             00000007   xTicksToWait_0	set	7
  6469             0000000B   xWaitIndefinitely_0	set	11
  6470                        ;        Queue_t * const pxQueue = xQueue;
  6471                        ;
  6472                        ;        traceENTER_vQueueWaitForMessageRestricted( xQueue, xTicksToWait, xWaitIndefinitely );
  6473             00000000   pxQueue_1	set	0
  6474 00:1353: A5 0B        	lda	<L346+xQueue_0
  6475 00:1355: 85 05        	sta	<L347+pxQueue_1
  6476 00:1357: A5 0D        	lda	<L346+xQueue_0+2
  6477 00:1359: 85 07        	sta	<L347+pxQueue_1+2
  6478                        ;
  6479                        ;        /* This function should not be called by application code hence the
  6480                        ;         * 'Restricted' in its name.  It is not part of the public API.  It is
  6481                        ;         * designed for use by kernel code, and has special calling requirements.
  Mon Sep 14 2026  7:48                                                                                                    Page 114


  6482                        ;         * It can result in vListInsert() being called on a list that can only
  6483                        ;         * possibly ever have one item in it, so the list will be fast, but even
  6484                        ;         * so it should be called with the scheduler locked and not from a critical
  6485                        ;         * section. */
  6486                        ;
  6487                        ;        /* Only do anything if there are no messages in the queue.  This function
  6488                        ;         *  will not actually cause the task to block, just place it on a blocked
  6489                        ;         *  list.  It will not block until the scheduler is unlocked - at which
  6490                        ;         *  time a yield will be performed.  If an item is added to the queue while
  6491                        ;         *  the queue is locked, and the calling task blocks on the queue, then the
  6492                        ;         *  calling task will be immediately unblocked when the queue is unlocked. */
  6493                        ;        prvLockQueue( pxQueue );
  6494 00:135B: E2 20        	sep	#$20
  6495                        	longa	off
  6496 00:135D: A0 3A 00     	ldy	#$3a
  6497 00:1360: B7 05        	lda	[<L347+pxQueue_1],Y
  6498 00:1362: C9 FF        	cmp	#<$ffffffff
  6499 00:1364: C2 20        	rep	#$20
  6500                        	longa	on
  6501 00:1366: D0 08        	bne	L10652
  6502 00:1368: E2 20        	sep	#$20
  6503                        	longa	off
  6504 00:136A: A9 00        	lda	#$0
  6505 00:136C: 97 05        	sta	[<L347+pxQueue_1],Y
  6506 00:136E: C2 20        	rep	#$20
  6507                        	longa	on
  6508                        L10652:
  6509 00:1370: E2 20        	sep	#$20
  6510                        	longa	off
  6511 00:1372: A0 3B 00     	ldy	#$3b
  6512 00:1375: B7 05        	lda	[<L347+pxQueue_1],Y
  6513 00:1377: C9 FF        	cmp	#<$ffffffff
  6514 00:1379: C2 20        	rep	#$20
  6515                        	longa	on
  6516 00:137B: D0 08        	bne	L10655
  6517 00:137D: E2 20        	sep	#$20
  6518                        	longa	off
  6519 00:137F: A9 00        	lda	#$0
  6520 00:1381: 97 05        	sta	[<L347+pxQueue_1],Y
  6521 00:1383: C2 20        	rep	#$20
  6522                        	longa	on
  6523                        L10655:
  6524                        ;
  6525                        ;        if( pxQueue->uxMessagesWaiting == ( UBaseType_t ) 0U )
  6526                        ;        {
  6527 00:1385: A0 34 00     	ldy	#$34
  6528 00:1388: B7 05        	lda	[<L347+pxQueue_1],Y
  6529 00:138A: D0 19        	bne	L10658
  6530                        ;            /* There is nothing in the queue, block for the specified period. */
  6531                        ;            vTaskPlaceOnEventListRestricted( &( pxQueue->xTasksWaitingToReceive ), xTicksToWait, xWai
                    tIndefinitely );
  6532 00:138C: D4 13        	pei	<L346+xWaitIndefinitely_0
  6533 00:138E: D4 11        	pei	<L346+xTicksToWait_0+2
  6534 00:1390: D4 0F        	pei	<L346+xTicksToWait_0
  6535 00:1392: A9 22 00     	lda	#$22
  6536 00:1395: 18           	clc
  6537 00:1396: 65 05        	adc	<L347+pxQueue_1
  6538 00:1398: 85 01        	sta	<R0
  Mon Sep 14 2026  7:48                                                                                                    Page 115


  6539 00:139A: A9 00 00     	lda	#$0
  6540 00:139D: 65 07        	adc	<L347+pxQueue_1+2
  6541 00:139F: 48           	pha
  6542 00:13A0: D4 01        	pei	<R0
  6543 00:13A2: 20 xx xx     	jsr	_~vTaskPlaceOnEventListRestricted
  6544                        ;        }
  6545                        ;        else
  6546                        ;        {
  6547                        ;            mtCOVERAGE_TEST_MARKER();
  6548                        ;        }
  6549                        L10658:
  6550                        ;
  6551                        ;        prvUnlockQueue( pxQueue );
  6552 00:13A5: D4 07        	pei	<L347+pxQueue_1+2
  6553 00:13A7: D4 05        	pei	<L347+pxQueue_1
  6554 00:13A9: 20 xx xx     	jsr	_~prvUnlockQueue
  6555                        ;
  6556                        ;        traceRETURN_vQueueWaitForMessageRestricted();
  6557                        ;    }
  6558 00:13AC: A5 09        	lda	<L346+1
  6559 00:13AE: 85 13        	sta	<L346+1+10
  6560 00:13B0: 2B           	pld
  6561 00:13B1: 3B           	tsc
  6562 00:13B2: 18           	clc
  6563 00:13B3: 69 12 00     	adc	#L346+10
  6564 00:13B6: 1B           	tcs
  6565 00:13B7: 60           	rts
  6566             00000008   L346	equ	8
  6567             00000005   L347	equ	5
  6568                        	ends
  6569                        	efunc
  6570                        ;
  6571                        ;#endif /* configUSE_TIMERS */
  6572                        ;/*-----------------------------------------------------------*/
  6573                        ;
  6574                        ;#if ( ( configUSE_QUEUE_SETS == 1 ) && ( configSUPPORT_DYNAMIC_ALLOCATION == 1 ) )
  6575                        ;
  6576                        ;    QueueSetHandle_t xQueueCreateSet( const UBaseType_t uxEventQueueLength )
  6577                        ;    {
  6578                        ;        QueueSetHandle_t pxQueue;
  6579                        ;
  6580                        ;        traceENTER_xQueueCreateSet( uxEventQueueLength );
  6581                        ;
  6582                        ;        pxQueue = xQueueGenericCreate( uxEventQueueLength, ( UBaseType_t ) sizeof( Queue_t * ), queue
                    QUEUE_TYPE_SET );
  6583                        ;
  6584                        ;        traceRETURN_xQueueCreateSet( pxQueue );
  6585                        ;
  6586                        ;        return pxQueue;
  6587                        ;    }
  6588                        ;
  6589                        ;#endif /* #if ( ( configUSE_QUEUE_SETS == 1 ) && ( configSUPPORT_DYNAMIC_ALLOCATION == 1 ) ) */
  6590                        ;/*-----------------------------------------------------------*/
  6591                        ;
  6592                        ;#if ( ( configUSE_QUEUE_SETS == 1 ) && ( configSUPPORT_STATIC_ALLOCATION == 1 ) )
  6593                        ;
  6594                        ;    QueueSetHandle_t xQueueCreateSetStatic( const UBaseType_t uxEventQueueLength,
  6595                        ;                                            uint8_t * pucQueueStorage,
  Mon Sep 14 2026  7:48                                                                                                    Page 116


  6596                        ;                                            StaticQueue_t * pxStaticQueue )
  6597                        ;    {
  6598                        ;        QueueSetHandle_t pxQueue;
  6599                        ;
  6600                        ;        traceENTER_xQueueCreateSetStatic( uxEventQueueLength );
  6601                        ;
  6602                        ;        pxQueue = xQueueGenericCreateStatic( uxEventQueueLength, ( UBaseType_t ) sizeof( Queue_t * ),
                     pucQueueStorage, pxStaticQueue, queueQUEUE_TYPE_SET );
  6603                        ;
  6604                        ;        traceRETURN_xQueueCreateSetStatic( pxQueue );
  6605                        ;
  6606                        ;        return pxQueue;
  6607                        ;    }
  6608                        ;
  6609                        ;#endif /* #if ( ( configUSE_QUEUE_SETS == 1 ) && ( configSUPPORT_STATIC_ALLOCATION == 1 ) ) */
  6610                        ;/*-----------------------------------------------------------*/
  6611                        ;
  6612                        ;#if ( configUSE_QUEUE_SETS == 1 )
  6613                        ;
  6614                        ;    BaseType_t xQueueAddToSet( QueueSetMemberHandle_t xQueueOrSemaphore,
  6615                        ;                               QueueSetHandle_t xQueueSet )
  6616                        ;    {
  6617                        ;        BaseType_t xReturn;
  6618                        ;
  6619                        ;        traceENTER_xQueueAddToSet( xQueueOrSemaphore, xQueueSet );
  6620                        ;
  6621                        ;        taskENTER_CRITICAL();
  6622                        ;        {
  6623                        ;            if( ( ( Queue_t * ) xQueueSet )->uxItemSize != ( UBaseType_t ) sizeof( Queue_t * ) )
  6624                        ;            {
  6625                        ;                /* The object passed as the queue set is not a queue set. A queue
  6626                        ;                 * set always has an item size of sizeof( Queue_t * ). Reject any
  6627                        ;                 * other object to prevent a type confusion in which
  6628                        ;                 * prvNotifyQueueSetContainer() would later copy uxItemSize bytes
  6629                        ;                 * from a single pointer on the stack. */
  6630                        ;                xReturn = pdFAIL;
  6631                        ;            }
  6632                        ;            else if( ( ( Queue_t * ) xQueueOrSemaphore )->pxQueueSetContainer != NULL )
  6633                        ;            {
  6634                        ;                /* Cannot add a queue/semaphore to more than one queue set. */
  6635                        ;                xReturn = pdFAIL;
  6636                        ;            }
  6637                        ;            else if( ( ( Queue_t * ) xQueueOrSemaphore )->uxMessagesWaiting != ( UBaseType_t ) 0 )
  6638                        ;            {
  6639                        ;                /* Cannot add a queue/semaphore to a queue set if there are already
  6640                        ;                 * items in the queue/semaphore. */
  6641                        ;                xReturn = pdFAIL;
  6642                        ;            }
  6643                        ;            else
  6644                        ;            {
  6645                        ;                ( ( Queue_t * ) xQueueOrSemaphore )->pxQueueSetContainer = xQueueSet;
  6646                        ;                xReturn = pdPASS;
  6647                        ;            }
  6648                        ;        }
  6649                        ;        taskEXIT_CRITICAL();
  6650                        ;
  6651                        ;        traceRETURN_xQueueAddToSet( xReturn );
  6652                        ;
  Mon Sep 14 2026  7:48                                                                                                    Page 117


  6653                        ;        return xReturn;
  6654                        ;    }
  6655                        ;
  6656                        ;#endif /* configUSE_QUEUE_SETS */
  6657                        ;/*-----------------------------------------------------------*/
  6658                        ;
  6659                        ;#if ( configUSE_QUEUE_SETS == 1 )
  6660                        ;
  6661                        ;    BaseType_t xQueueRemoveFromSet( QueueSetMemberHandle_t xQueueOrSemaphore,
  6662                        ;                                    QueueSetHandle_t xQueueSet )
  6663                        ;    {
  6664                        ;        BaseType_t xReturn;
  6665                        ;        Queue_t * const pxQueueOrSemaphore = ( Queue_t * ) xQueueOrSemaphore;
  6666                        ;
  6667                        ;        traceENTER_xQueueRemoveFromSet( xQueueOrSemaphore, xQueueSet );
  6668                        ;
  6669                        ;        if( pxQueueOrSemaphore->pxQueueSetContainer != xQueueSet )
  6670                        ;        {
  6671                        ;            /* The queue was not a member of the set. */
  6672                        ;            xReturn = pdFAIL;
  6673                        ;        }
  6674                        ;        else if( pxQueueOrSemaphore->uxMessagesWaiting != ( UBaseType_t ) 0 )
  6675                        ;        {
  6676                        ;            /* It is dangerous to remove a queue from a set when the queue is
  6677                        ;             * not empty because the queue set will still hold pending events for
  6678                        ;             * the queue. */
  6679                        ;            xReturn = pdFAIL;
  6680                        ;        }
  6681                        ;        else
  6682                        ;        {
  6683                        ;            taskENTER_CRITICAL();
  6684                        ;            {
  6685                        ;                /* The queue is no longer contained in the set. */
  6686                        ;                pxQueueOrSemaphore->pxQueueSetContainer = NULL;
  6687                        ;            }
  6688                        ;            taskEXIT_CRITICAL();
  6689                        ;            xReturn = pdPASS;
  6690                        ;        }
  6691                        ;
  6692                        ;        traceRETURN_xQueueRemoveFromSet( xReturn );
  6693                        ;
  6694                        ;        return xReturn;
  6695                        ;    }
  6696                        ;
  6697                        ;#endif /* configUSE_QUEUE_SETS */
  6698                        ;/*-----------------------------------------------------------*/
  6699                        ;
  6700                        ;#if ( configUSE_QUEUE_SETS == 1 )
  6701                        ;
  6702                        ;    QueueSetMemberHandle_t xQueueSelectFromSet( QueueSetHandle_t xQueueSet,
  6703                        ;                                                TickType_t const xTicksToWait )
  6704                        ;    {
  6705                        ;        QueueSetMemberHandle_t xReturn = NULL;
  6706                        ;
  6707                        ;        traceENTER_xQueueSelectFromSet( xQueueSet, xTicksToWait );
  6708                        ;
  6709                        ;        ( void ) xQueueReceive( ( QueueHandle_t ) xQueueSet, &xReturn, xTicksToWait );
  6710                        ;
  Mon Sep 14 2026  7:48                                                                                                    Page 118


  6711                        ;        traceRETURN_xQueueSelectFromSet( xReturn );
  6712                        ;
  6713                        ;        return xReturn;
  6714                        ;    }
  6715                        ;
  6716                        ;#endif /* configUSE_QUEUE_SETS */
  6717                        ;/*-----------------------------------------------------------*/
  6718                        ;
  6719                        ;#if ( configUSE_QUEUE_SETS == 1 )
  6720                        ;
  6721                        ;    QueueSetMemberHandle_t xQueueSelectFromSetFromISR( QueueSetHandle_t xQueueSet )
  6722                        ;    {
  6723                        ;        QueueSetMemberHandle_t xReturn = NULL;
  6724                        ;
  6725                        ;        traceENTER_xQueueSelectFromSetFromISR( xQueueSet );
  6726                        ;
  6727                        ;        ( void ) xQueueReceiveFromISR( ( QueueHandle_t ) xQueueSet, &xReturn, NULL );
  6728                        ;
  6729                        ;        traceRETURN_xQueueSelectFromSetFromISR( xReturn );
  6730                        ;
  6731                        ;        return xReturn;
  6732                        ;    }
  6733                        ;
  6734                        ;#endif /* configUSE_QUEUE_SETS */
  6735                        ;/*-----------------------------------------------------------*/
  6736                        ;
  6737                        ;#if ( configUSE_QUEUE_SETS == 1 )
  6738                        ;
  6739                        ;    static BaseType_t prvNotifyQueueSetContainer( const Queue_t * const pxQueue )
  6740                        ;    {
  6741                        ;        Queue_t * pxQueueSetContainer = pxQueue->pxQueueSetContainer;
  6742                        ;        BaseType_t xReturn = pdFALSE;
  6743                        ;
  6744                        ;        /* This function must be called form a critical section. */
  6745                        ;
  6746                        ;        /* The following line is not reachable in unit tests because every call
  6747                        ;         * to prvNotifyQueueSetContainer is preceded by a check that
  6748                        ;         * pxQueueSetContainer != NULL */
  6749                        ;        configASSERT( pxQueueSetContainer ); /* LCOV_EXCL_BR_LINE */
  6750                        ;        configASSERT( pxQueueSetContainer->uxMessagesWaiting < pxQueueSetContainer->uxLength );
  6751                        ;
  6752                        ;        /* pxQueue->pxQueueSetContainer is verified to be non-null by caller. */
  6753                        ;        /* coverity[dereference] */
  6754                        ;        if( pxQueueSetContainer->uxMessagesWaiting < pxQueueSetContainer->uxLength )
  6755                        ;        {
  6756                        ;            const int8_t cTxLock = pxQueueSetContainer->cTxLock;
  6757                        ;
  6758                        ;            traceQUEUE_SET_SEND( pxQueueSetContainer );
  6759                        ;
  6760                        ;            /* The data copied is the handle of the queue that contains data. */
  6761                        ;            xReturn = prvCopyDataToQueue( pxQueueSetContainer, &pxQueue, queueSEND_TO_BACK );
  6762                        ;
  6763                        ;            if( cTxLock == queueUNLOCKED )
  6764                        ;            {
  6765                        ;                if( listLIST_IS_EMPTY( &( pxQueueSetContainer->xTasksWaitingToReceive ) ) == pdFALSE 
                    )
  6766                        ;                {
  6767                        ;                    if( xTaskRemoveFromEventList( &( pxQueueSetContainer->xTasksWaitingToReceive ) ) 
  Mon Sep 14 2026  7:48                                                                                                    Page 119


                    != pdFALSE )
  6768                        ;                    {
  6769                        ;                        /* The task waiting has a higher priority. */
  6770                        ;                        xReturn = pdTRUE;
  6771                        ;                    }
  6772                        ;                    else
  6773                        ;                    {
  6774                        ;                        mtCOVERAGE_TEST_MARKER();
  6775                        ;                    }
  6776                        ;                }
  6777                        ;                else
  6778                        ;                {
  6779                        ;                    mtCOVERAGE_TEST_MARKER();
  6780                        ;                }
  6781                        ;            }
  6782                        ;            else
  6783                        ;            {
  6784                        ;                prvIncrementQueueTxLock( pxQueueSetContainer, cTxLock );
  6785                        ;            }
  6786                        ;        }
  6787                        ;        else
  6788                        ;        {
  6789                        ;            mtCOVERAGE_TEST_MARKER();
  6790                        ;        }
  6791                        ;
  6792                        ;        return xReturn;
  6793                        ;    }
  6794                        ;
  6795                        ;#endif /* configUSE_QUEUE_SETS */
  6796                        ;
  6797                        	xref	_~vTaskInternalSetTimeOutState
  6798                        	xref	_~pvTaskIncrementMutexHeldCount
  6799                        	xref	_~vTaskPriorityDisinheritAfterTimeout
  6800                        	xref	_~xTaskPriorityDisinherit
  6801                        	xref	_~xTaskPriorityInherit
  6802                        	xref	_~xTaskGetSchedulerState
  6803                        	xref	_~vTaskMissedYield
  6804                        	xref	_~xTaskGetCurrentTaskHandle
  6805                        	xref	_~xTaskRemoveFromEventList
  6806                        	xref	_~vTaskPlaceOnEventListRestricted
  6807                        	xref	_~vTaskPlaceOnEventList
  6808                        	xref	_~xTaskCheckForTimeOut
  6809                        	xref	_~uxTaskGetNumberOfTasks
  6810                        	xref	_~xTaskResumeAll
  6811                        	xref	_~vTaskSuspendAll
  6812                        	xref	_~vListInitialise
  6813                        	xref	_~vPortFree
  6814                        	xref	_~pvPortMalloc
  6815                        	xref	_~vPortYield
  6816                        	xref	_~memcpy


      Lines assembled: 6816
      Errors: 0
