  Mon Sep 14 2026  7:48                                                                                                    Page 1


                                               ***************************************
                                               **      WDC 65C816 Macro Assembler   **
                                               **                                   **
                                               **     Version 3.49.1- Feb  6 2006    **
                                               ***************************************

     1                        ;:ts=8
     2             00000001   R0	equ	1
     3             00000005   R1	equ	5
     4             00000009   R2	equ	9
     5             0000000D   R3	equ	13
     6                        ;/*
     7                        ; * FreeRTOS Kernel V11.3.1
     8                        ; * Copyright (C) 2021 Amazon.com, Inc. or its affiliates. All Rights Reserved.
     9                        ; *
    10                        ; * SPDX-License-Identifier: MIT
    11                        ; *
    12                        ; * Permission is hereby granted, free of charge, to any person obtaining a copy of
    13                        ; * this software and associated documentation files (the "Software"), to deal in
    14                        ; * the Software without restriction, including without limitation the rights to
    15                        ; * use, copy, modify, merge, publish, distribute, sublicense, and/or sell copies of
    16                        ; * the Software, and to permit persons to whom the Software is furnished to do so,
    17                        ; * subject to the following conditions:
    18                        ; *
    19                        ; * The above copyright notice and this permission notice shall be included in all
    20                        ; * copies or substantial portions of the Software.
    21                        ; *
    22                        ; * THE SOFTWARE IS PROVIDED "AS IS", WITHOUT WARRANTY OF ANY KIND, EXPRESS OR
    23                        ; * IMPLIED, INCLUDING BUT NOT LIMITED TO THE WARRANTIES OF MERCHANTABILITY, FITNESS
    24                        ; * FOR A PARTICULAR PURPOSE AND NONINFRINGEMENT. IN NO EVENT SHALL THE AUTHORS OR
    25                        ; * COPYRIGHT HOLDERS BE LIABLE FOR ANY CLAIM, DAMAGES OR OTHER LIABILITY, WHETHER
    26                        ; * IN AN ACTION OF CONTRACT, TORT OR OTHERWISE, ARISING FROM, OUT OF OR IN
    27                        ; * CONNECTION WITH THE SOFTWARE OR THE USE OR OTHER DEALINGS IN THE SOFTWARE.
    28                        ; *
    29                        ; * https://www.FreeRTOS.org
    30                        ; * https://github.com/FreeRTOS
    31                        ; *
    32                        ; */
    33                        ;
    34                        ;/* Standard includes. */
    35                        ;#include <string.h>
    36                        ;
    37                        ;/* Defining MPU_WRAPPERS_INCLUDED_FROM_API_FILE prevents task.h from redefining
    38                        ; * all the API functions to use the MPU wrappers.  That should only be done when
    39                        ; * task.h is included from an application file. */
    40                        ;#define MPU_WRAPPERS_INCLUDED_FROM_API_FILE
    41                        ;
    42                        ;/* FreeRTOS includes. */
    43                        ;#include "FreeRTOS.h"
    44                        ;#include "task.h"
    45                        ;#include "stream_buffer.h"
    46                        ;
    47                        ;/* The MPU ports require MPU_WRAPPERS_INCLUDED_FROM_API_FILE to be defined
    48                        ; * for the header files above, but not in this file, in order to generate the
    49                        ; * correct privileged Vs unprivileged linkage and placement. */
    50                        ;#undef MPU_WRAPPERS_INCLUDED_FROM_API_FILE
    51                        ;
    52                        ;/* This entire source file will be skipped if the application is not configured
  Mon Sep 14 2026  7:48                                                                                                    Page 2


    53                        ; * to include stream buffer functionality. This #if is closed at the very bottom
    54                        ; * of this file. If you want to include stream buffers then ensure
    55                        ; * configUSE_STREAM_BUFFERS is set to 1 in FreeRTOSConfig.h. */
    56                        ;#if ( configUSE_STREAM_BUFFERS == 1 )
    57                        ;
    58                        ;    #if ( configUSE_TASK_NOTIFICATIONS != 1 )
    59                        ;        #error configUSE_TASK_NOTIFICATIONS must be set to 1 to build stream_buffer.c
    60                        ;    #endif
    61                        ;
    62                        ;    #if ( INCLUDE_xTaskGetCurrentTaskHandle != 1 )
    63                        ;        #error INCLUDE_xTaskGetCurrentTaskHandle must be set to 1 to build stream_buffer.c
    64                        ;    #endif
    65                        ;
    66                        ;/* If the user has not provided application specific Rx notification macros,
    67                        ; * or #defined the notification macros away, then provide default implementations
    68                        ; * that uses task notifications. */
    69                        ;    #ifndef sbRECEIVE_COMPLETED
    70                        ;        #define sbRECEIVE_COMPLETED( pxStreamBuffer )                                 \
    71                        ;    do                                                                                \
    72                        ;    {                                                                                 \
    73                        ;        vTaskSuspendAll();                                                            \
    74                        ;        {                                                                             \
    75                        ;            if( ( pxStreamBuffer )->xTaskWaitingToSend != NULL )                      \
    76                        ;            {                                                                         \
    77                        ;                ( void ) xTaskNotifyIndexed( ( pxStreamBuffer )->xTaskWaitingToSend,  \
    78                        ;                                             ( pxStreamBuffer )->uxNotificationIndex, \
    79                        ;                                             ( uint32_t ) 0,                          \
    80                        ;                                             eNoAction );                             \
    81                        ;                ( pxStreamBuffer )->xTaskWaitingToSend = NULL;                        \
    82                        ;            }                                                                         \
    83                        ;        }                                                                             \
    84                        ;        ( void ) xTaskResumeAll();                                                    \
    85                        ;    } while( 0 )
    86                        ;    #endif /* sbRECEIVE_COMPLETED */
    87                        ;
    88                        ;/* If user has provided a per-instance receive complete callback, then
    89                        ; * invoke the callback else use the receive complete macro which is provided by default for all insta
                    nces.
    90                        ; */
    91                        ;    #if ( configUSE_SB_COMPLETED_CALLBACK == 1 )
    92                        ;        #define prvRECEIVE_COMPLETED( pxStreamBuffer )                                           \
    93                        ;    do {                                                                                         \
    94                        ;        if( ( pxStreamBuffer )->pxReceiveCompletedCallback != NULL )                             \
    95                        ;        {                                                                                        \
    96                        ;            ( pxStreamBuffer )->pxReceiveCompletedCallback( ( pxStreamBuffer ), pdFALSE, NULL ); \
    97                        ;        }                                                                                        \
    98                        ;        else                                                                                     \
    99                        ;        {                                                                                        \
   100                        ;            sbRECEIVE_COMPLETED( ( pxStreamBuffer ) );                                           \
   101                        ;        }                                                                                        \
   102                        ;    } while( 0 )
   103                        ;    #else /* if ( configUSE_SB_COMPLETED_CALLBACK == 1 ) */
   104                        ;        #define prvRECEIVE_COMPLETED( pxStreamBuffer )    sbRECEIVE_COMPLETED( ( pxStreamBuffer ) )
   105                        ;    #endif /* if ( configUSE_SB_COMPLETED_CALLBACK == 1 ) */
   106                        ;
   107                        ;    #ifndef sbRECEIVE_COMPLETED_FROM_ISR
   108                        ;        #define sbRECEIVE_COMPLETED_FROM_ISR( pxStreamBuffer,                                \
   109                        ;                                              pxHigherPriorityTaskWoken )                    \
  Mon Sep 14 2026  7:48                                                                                                    Page 3


   110                        ;    do {                                                                                     \
   111                        ;        UBaseType_t uxSavedInterruptStatus;                                                  \
   112                        ;                                                                                             \
   113                        ;        uxSavedInterruptStatus = taskENTER_CRITICAL_FROM_ISR();                              \
   114                        ;        {                                                                                    \
   115                        ;            if( ( pxStreamBuffer )->xTaskWaitingToSend != NULL )                             \
   116                        ;            {                                                                                \
   117                        ;                ( void ) xTaskNotifyIndexedFromISR( ( pxStreamBuffer )->xTaskWaitingToSend,  \
   118                        ;                                                    ( pxStreamBuffer )->uxNotificationIndex, \
   119                        ;                                                    ( uint32_t ) 0,                          \
   120                        ;                                                    eNoAction,                               \
   121                        ;                                                    ( pxHigherPriorityTaskWoken ) );         \
   122                        ;                ( pxStreamBuffer )->xTaskWaitingToSend = NULL;                               \
   123                        ;            }                                                                                \
   124                        ;        }                                                                                    \
   125                        ;        taskEXIT_CRITICAL_FROM_ISR( uxSavedInterruptStatus );                                \
   126                        ;    } while( 0 )
   127                        ;    #endif /* sbRECEIVE_COMPLETED_FROM_ISR */
   128                        ;
   129                        ;    #if ( configUSE_SB_COMPLETED_CALLBACK == 1 )
   130                        ;        #define prvRECEIVE_COMPLETED_FROM_ISR( pxStreamBuffer,                                       
                                        \
   131                        ;                                               pxHigherPriorityTaskWoken )                           
                                        \
   132                        ;    do {                                                                                             
                                        \
   133                        ;        if( ( pxStreamBuffer )->pxReceiveCompletedCallback != NULL )                                 
                                        \
   134                        ;        {                                                                                            
                                        \
   135                        ;            ( pxStreamBuffer )->pxReceiveCompletedCallback( ( pxStreamBuffer ), pdTRUE, ( pxHigherPri
                    orityTaskWoken ) ); \
   136                        ;        }                                                                                            
                                        \
   137                        ;        else                                                                                         
                                        \
   138                        ;        {                                                                                            
                                        \
   139                        ;            sbRECEIVE_COMPLETED_FROM_ISR( ( pxStreamBuffer ), ( pxHigherPriorityTaskWoken ) );       
                                        \
   140                        ;        }                                                                                            
                                        \
   141                        ;    } while( 0 )
   142                        ;    #else /* if ( configUSE_SB_COMPLETED_CALLBACK == 1 ) */
   143                        ;        #define prvRECEIVE_COMPLETED_FROM_ISR( pxStreamBuffer, pxHigherPriorityTaskWoken ) \
   144                        ;    sbRECEIVE_COMPLETED_FROM_ISR( ( pxStreamBuffer ), ( pxHigherPriorityTaskWoken ) )
   145                        ;    #endif /* if ( configUSE_SB_COMPLETED_CALLBACK == 1 ) */
   146                        ;
   147                        ;/* If the user has not provided an application specific Tx notification macro,
   148                        ; * or #defined the notification macro away, then provide a default
   149                        ; * implementation that uses task notifications.
   150                        ; */
   151                        ;    #ifndef sbSEND_COMPLETED
   152                        ;        #define sbSEND_COMPLETED( pxStreamBuffer )                                  \
   153                        ;    vTaskSuspendAll();                                                              \
   154                        ;    {                                                                               \
   155                        ;        if( ( pxStreamBuffer )->xTaskWaitingToReceive != NULL )                     \
   156                        ;        {                                                                           \
  Mon Sep 14 2026  7:48                                                                                                    Page 4


   157                        ;            ( void ) xTaskNotifyIndexed( ( pxStreamBuffer )->xTaskWaitingToReceive, \
   158                        ;                                         ( pxStreamBuffer )->uxNotificationIndex,   \
   159                        ;                                         ( uint32_t ) 0,                            \
   160                        ;                                         eNoAction );                               \
   161                        ;            ( pxStreamBuffer )->xTaskWaitingToReceive = NULL;                       \
   162                        ;        }                                                                           \
   163                        ;    }                                                                               \
   164                        ;    ( void ) xTaskResumeAll()
   165                        ;    #endif /* sbSEND_COMPLETED */
   166                        ;
   167                        ;/* If user has provided a per-instance send completed callback, then
   168                        ; * invoke the callback else use the send complete macro which is provided by default for all instance
                    s.
   169                        ; */
   170                        ;    #if ( configUSE_SB_COMPLETED_CALLBACK == 1 )
   171                        ;        #define prvSEND_COMPLETED( pxStreamBuffer )                                           \
   172                        ;    do {                                                                                      \
   173                        ;        if( ( pxStreamBuffer )->pxSendCompletedCallback != NULL )                             \
   174                        ;        {                                                                                     \
   175                        ;            ( pxStreamBuffer )->pxSendCompletedCallback( ( pxStreamBuffer ), pdFALSE, NULL ); \
   176                        ;        }                                                                                     \
   177                        ;        else                                                                                  \
   178                        ;        {                                                                                     \
   179                        ;            sbSEND_COMPLETED( ( pxStreamBuffer ) );                                           \
   180                        ;        }                                                                                     \
   181                        ;    } while( 0 )
   182                        ;    #else /* if ( configUSE_SB_COMPLETED_CALLBACK == 1 ) */
   183                        ;        #define prvSEND_COMPLETED( pxStreamBuffer )    sbSEND_COMPLETED( ( pxStreamBuffer ) )
   184                        ;    #endif /* if ( configUSE_SB_COMPLETED_CALLBACK == 1 ) */
   185                        ;
   186                        ;
   187                        ;    #ifndef sbSEND_COMPLETE_FROM_ISR
   188                        ;        #define sbSEND_COMPLETE_FROM_ISR( pxStreamBuffer, pxHigherPriorityTaskWoken )          \
   189                        ;    do {                                                                                       \
   190                        ;        UBaseType_t uxSavedInterruptStatus;                                                    \
   191                        ;                                                                                               \
   192                        ;        uxSavedInterruptStatus = taskENTER_CRITICAL_FROM_ISR();                                \
   193                        ;        {                                                                                      \
   194                        ;            if( ( pxStreamBuffer )->xTaskWaitingToReceive != NULL )                            \
   195                        ;            {                                                                                  \
   196                        ;                ( void ) xTaskNotifyIndexedFromISR( ( pxStreamBuffer )->xTaskWaitingToReceive, \
   197                        ;                                                    ( pxStreamBuffer )->uxNotificationIndex,   \
   198                        ;                                                    ( uint32_t ) 0,                            \
   199                        ;                                                    eNoAction,                                 \
   200                        ;                                                    ( pxHigherPriorityTaskWoken ) );           \
   201                        ;                ( pxStreamBuffer )->xTaskWaitingToReceive = NULL;                              \
   202                        ;            }                                                                                  \
   203                        ;        }                                                                                      \
   204                        ;        taskEXIT_CRITICAL_FROM_ISR( uxSavedInterruptStatus );                                  \
   205                        ;    } while( 0 )
   206                        ;    #endif /* sbSEND_COMPLETE_FROM_ISR */
   207                        ;
   208                        ;
   209                        ;    #if ( configUSE_SB_COMPLETED_CALLBACK == 1 )
   210                        ;        #define prvSEND_COMPLETE_FROM_ISR( pxStreamBuffer, pxHigherPriorityTaskWoken )               
                                     \
   211                        ;    do {                                                                                             
                                     \
  Mon Sep 14 2026  7:48                                                                                                    Page 5


   212                        ;        if( ( pxStreamBuffer )->pxSendCompletedCallback != NULL )                                    
                                     \
   213                        ;        {                                                                                            
                                     \
   214                        ;            ( pxStreamBuffer )->pxSendCompletedCallback( ( pxStreamBuffer ), pdTRUE, ( pxHigherPriori
                    tyTaskWoken ) ); \
   215                        ;        }                                                                                            
                                     \
   216                        ;        else                                                                                         
                                     \
   217                        ;        {                                                                                            
                                     \
   218                        ;            sbSEND_COMPLETE_FROM_ISR( ( pxStreamBuffer ), ( pxHigherPriorityTaskWoken ) );           
                                     \
   219                        ;        }                                                                                            
                                     \
   220                        ;    } while( 0 )
   221                        ;    #else /* if ( configUSE_SB_COMPLETED_CALLBACK == 1 ) */
   222                        ;        #define prvSEND_COMPLETE_FROM_ISR( pxStreamBuffer, pxHigherPriorityTaskWoken ) \
   223                        ;    sbSEND_COMPLETE_FROM_ISR( ( pxStreamBuffer ), ( pxHigherPriorityTaskWoken ) )
   224                        ;    #endif /* if ( configUSE_SB_COMPLETED_CALLBACK == 1 ) */
   225                        ;
   226                        ;/* The number of bytes used to hold the length of a message in the buffer. */
   227                        ;    #define sbBYTES_TO_STORE_MESSAGE_LENGTH    ( sizeof( configMESSAGE_BUFFER_LENGTH_TYPE ) )
   228                        ;
   229                        ;/* Bits stored in the ucFlags field of the stream buffer. */
   230                        ;    #define sbFLAGS_IS_MESSAGE_BUFFER          ( ( uint8_t ) 1 ) /* Set if the stream buffer was crea
                    ted as a message buffer, in which case it holds discrete messages rather than a stream. */
   231                        ;    #define sbFLAGS_IS_STATICALLY_ALLOCATED    ( ( uint8_t ) 2 ) /* Set if the stream buffer was crea
                    ted using statically allocated memory. */
   232                        ;    #define sbFLAGS_IS_BATCHING_BUFFER         ( ( uint8_t ) 4 ) /* Set if the stream buffer was crea
                    ted as a batching buffer, meaning the receiver task will only unblock when the trigger level exceededs. */
   233                        ;
   234                        ;/*-----------------------------------------------------------*/
   235                        ;
   236                        ;/* Structure that hold state information on the buffer. */
   237                        ;typedef struct StreamBufferDef_t
   238                        ;{
   239                        ;    volatile size_t xTail;                       /* Index to the next item to read within the buffer.
                     */
   240                        ;    volatile size_t xHead;                       /* Index to the next item to write within the buffer
                    . */
   241                        ;    size_t xLength;                              /* The length of the buffer pointed to by pucBuffer.
                     */
   242                        ;    size_t xTriggerLevelBytes;                   /* The number of bytes that must be in the stream bu
                    ffer before a task that is waiting for data is unblocked. */
   243                        ;    volatile TaskHandle_t xTaskWaitingToReceive; /* Holds the handle of a task waiting for data, or N
                    ULL if no tasks are waiting. */
   244                        ;    volatile TaskHandle_t xTaskWaitingToSend;    /* Holds the handle of a task waiting to send data t
                    o a message buffer that is full. */
   245                        ;    uint8_t * pucBuffer;                         /* Points to the buffer itself - that is - the RAM t
                    hat stores the data passed through the buffer. */
   246                        ;    uint8_t ucFlags;
   247                        ;
   248                        ;    #if ( configUSE_TRACE_FACILITY == 1 )
   249                        ;        UBaseType_t uxStreamBufferNumber; /* Used for tracing purposes. */
   250                        ;    #endif
   251                        ;
  Mon Sep 14 2026  7:48                                                                                                    Page 6


   252                        ;    #if ( configUSE_SB_COMPLETED_CALLBACK == 1 )
   253                        ;        StreamBufferCallbackFunction_t pxSendCompletedCallback;    /* Optional callback called on sen
                    d complete. sbSEND_COMPLETED is called if this is NULL. */
   254                        ;        StreamBufferCallbackFunction_t pxReceiveCompletedCallback; /* Optional callback called on rec
                    eive complete.  sbRECEIVE_COMPLETED is called if this is NULL. */
   255                        ;    #endif
   256                        ;    UBaseType_t uxNotificationIndex;                               /* The index we are using for noti
                    fication, by default tskDEFAULT_INDEX_TO_NOTIFY. */
   257                        ;} StreamBuffer_t;
   258                        ;
   259                        ;/*
   260                        ; * The number of bytes available to be read from the buffer.
   261                        ; */
   262                        ;static size_t prvBytesInBuffer( const StreamBuffer_t * const pxStreamBuffer ) PRIVILEGED_FUNCTION;
   263                        ;
   264                        ;/*
   265                        ; * Returns pdTRUE when the amount of buffered data should unblock a task that
   266                        ; * is waiting to receive data. Stream batching buffers require the buffered
   267                        ; * data to exceed the trigger level, whereas stream and message buffers unblock
   268                        ; * when the trigger level is reached.
   269                        ; */
   270                        ;static BaseType_t prvBytesInBufferMeetTriggerLevel( const StreamBuffer_t * const pxStreamBuffer,
   271                        ;                                                    size_t xBytesInBuffer ) PRIVILEGED_FUNCTION;
   272                        ;
   273                        ;/*
   274                        ; * Add xCount bytes from pucData into the pxStreamBuffer's data storage area.
   275                        ; * This function does not update the buffer's xHead pointer, so multiple writes
   276                        ; * may be chained together "atomically". This is useful for Message Buffers where
   277                        ; * the length and data bytes are written in two separate chunks, and we don't want
   278                        ; * the reader to see the buffer as having grown until after all data is copied over.
   279                        ; * This function takes a custom xHead value to indicate where to write to (necessary
   280                        ; * for chaining) and returns the resulting xHead position.
   281                        ; * To mark the write as complete, manually set the buffer's xHead field with the
   282                        ; * returned xHead from this function.
   283                        ; */
   284                        ;static size_t prvWriteBytesToBuffer( StreamBuffer_t * const pxStreamBuffer,
   285                        ;                                     const uint8_t * pucData,
   286                        ;                                     size_t xCount,
   287                        ;                                     size_t xHead ) PRIVILEGED_FUNCTION;
   288                        ;
   289                        ;/*
   290                        ; * If the stream buffer is being used as a message buffer, then reads an entire
   291                        ; * message out of the buffer.  If the stream buffer is being used as a stream
   292                        ; * buffer then read as many bytes as possible from the buffer.
   293                        ; * prvReadBytesFromBuffer() is called to actually extract the bytes from the
   294                        ; * buffer's data storage area.
   295                        ; */
   296                        ;static size_t prvReadMessageFromBuffer( StreamBuffer_t * pxStreamBuffer,
   297                        ;                                        void * pvRxData,
   298                        ;                                        size_t xBufferLengthBytes,
   299                        ;                                        size_t xBytesAvailable ) PRIVILEGED_FUNCTION;
   300                        ;
   301                        ;/*
   302                        ; * If the stream buffer is being used as a message buffer, then writes an entire
   303                        ; * message to the buffer.  If the stream buffer is being used as a stream
   304                        ; * buffer then write as many bytes as possible to the buffer.
   305                        ; * prvWriteBytestoBuffer() is called to actually send the bytes to the buffer's
   306                        ; * data storage area.
  Mon Sep 14 2026  7:48                                                                                                    Page 7


   307                        ; */
   308                        ;static size_t prvWriteMessageToBuffer( StreamBuffer_t * const pxStreamBuffer,
   309                        ;                                       const void * pvTxData,
   310                        ;                                       size_t xDataLengthBytes,
   311                        ;                                       size_t xSpace,
   312                        ;                                       size_t xRequiredSpace ) PRIVILEGED_FUNCTION;
   313                        ;
   314                        ;/*
   315                        ; * Copies xCount bytes from the pxStreamBuffer's data storage area to pucData.
   316                        ; * This function does not update the buffer's xTail pointer, so multiple reads
   317                        ; * may be chained together "atomically". This is useful for Message Buffers where
   318                        ; * the length and data bytes are read in two separate chunks, and we don't want
   319                        ; * the writer to see the buffer as having more free space until after all data is
   320                        ; * copied over, especially if we have to abort the read due to insufficient receiving space.
   321                        ; * This function takes a custom xTail value to indicate where to read from (necessary
   322                        ; * for chaining) and returns the resulting xTail position.
   323                        ; * To mark the read as complete, manually set the buffer's xTail field with the
   324                        ; * returned xTail from this function.
   325                        ; */
   326                        ;static size_t prvReadBytesFromBuffer( StreamBuffer_t * pxStreamBuffer,
   327                        ;                                      uint8_t * pucData,
   328                        ;                                      size_t xCount,
   329                        ;                                      size_t xTail ) PRIVILEGED_FUNCTION;
   330                        ;
   331                        ;/*
   332                        ; * Called by both pxStreamBufferCreate() and pxStreamBufferCreateStatic() to
   333                        ; * initialise the members of the newly created stream buffer structure.
   334                        ; */
   335                        ;static void prvInitialiseNewStreamBuffer( StreamBuffer_t * const pxStreamBuffer,
   336                        ;                                          uint8_t * const pucBuffer,
   337                        ;                                          size_t xBufferSizeBytes,
   338                        ;                                          size_t xTriggerLevelBytes,
   339                        ;                                          uint8_t ucFlags,
   340                        ;                                          StreamBufferCallbackFunction_t pxSendCompletedCallback,
   341                        ;                                          StreamBufferCallbackFunction_t pxReceiveCompletedCallback )
                     PRIVILEGED_FUNCTION;
   342                        ;
   343                        ;/*-----------------------------------------------------------*/
   344                        ;    #if ( configSUPPORT_DYNAMIC_ALLOCATION == 1 )
   345                        ;    StreamBufferHandle_t xStreamBufferGenericCreate( size_t xBufferSizeBytes,
   346                        ;                                                     size_t xTriggerLevelBytes,
   347                        ;                                                     BaseType_t xStreamBufferType,
   348                        ;                                                     StreamBufferCallbackFunction_t pxSendCompletedCa
                    llback,
   349                        ;                                                     StreamBufferCallbackFunction_t pxReceiveComplete
                    dCallback )
   350                        ;    {
   351                        	code
   352                        	xdef	_~xStreamBufferGenericCreate
   353                        	func
   354                        _~xStreamBufferGenericCreate:
   355                        	longa	on
   356                        	longi	on
   357 00:0000: 3B           	tsc
   358 00:0001: 38           	sec
   359 00:0002: E9 09 00     	sbc	#L2
   360 00:0005: 1B           	tcs
   361 00:0006: 0B           	phd
  Mon Sep 14 2026  7:48                                                                                                    Page 8


   362 00:0007: 5B           	tcd
   363             00000003   xBufferSizeBytes_0	set	3
   364             00000005   xTriggerLevelBytes_0	set	5
   365             00000007   xStreamBufferType_0	set	7
   366             00000009   pxSendCompletedCallback_0	set	9
   367             0000000B   pxReceiveCompletedCallback_0	set	11
   368                        ;        void * pvAllocatedMemory;
   369                        ;        uint8_t ucFlags;
   370                        ;
   371                        ;        traceENTER_xStreamBufferGenericCreate( xBufferSizeBytes, xTriggerLevelBytes, xStreamBufferTyp
                    e, pxSendCompletedCallback, pxReceiveCompletedCallback );
   372             00000000   pvAllocatedMemory_1	set	0
   373             00000004   ucFlags_1	set	4
   374                        ;
   375                        ;        /* In case the stream buffer is going to be used as a message buffer
   376                        ;         * (that is, it will hold discrete messages with a little meta data that
   377                        ;         * says how big the next message is) check the buffer will be large enough
   378                        ;         * to hold at least one message. */
   379                        ;        if( xStreamBufferType == sbTYPE_MESSAGE_BUFFER )
   380                        ;        {
   381 00:0008: A5 10        	lda	<L2+xStreamBufferType_0
   382 00:000A: C9 01 00     	cmp	#<$1
   383 00:000D: D0 11        	bne	L10001
   384                        ;            /* Is a message buffer but not statically allocated. */
   385                        ;            ucFlags = sbFLAGS_IS_MESSAGE_BUFFER;
   386 00:000F: E2 20        	sep	#$20
   387                        	longa	off
   388 00:0011: A9 01        	lda	#$1
   389 00:0013: 85 09        	sta	<L3+ucFlags_1
   390 00:0015: C2 20        	rep	#$20
   391                        	longa	on
   392                        ;            configASSERT( xBufferSizeBytes > sbBYTES_TO_STORE_MESSAGE_LENGTH );
   393 00:0017: A9 02 00     	lda	#$2
   394 00:001A: C5 0C        	cmp	<L2+xBufferSizeBytes_0
   395 00:001C: 90 1A        	bcc	L10009
   396                        L10006:
   397 00:001E: 80 FE        	bra	L10006
   398                        L10001:
   399                        ;        {
   400 00:0020: A5 10        	lda	<L2+xStreamBufferType_0
   401 00:0022: C9 02 00     	cmp	#<$2
   402 00:0025: D0 1D        	bne	L10010
   403                        ;            /* Is a batching buffer but not statically allocated. */
   404                        ;            ucFlags = sbFLAGS_IS_BATCHING_BUFFER;
   405 00:0027: E2 20        	sep	#$20
   406                        	longa	off
   407 00:0029: A9 04        	lda	#$4
   408 00:002B: 85 09        	sta	<L3+ucFlags_1
   409 00:002D: C2 20        	rep	#$20
   410                        	longa	on
   411                        ;            configASSERT( xBufferSizeBytes > 0 );
   412 00:002F: A9 00 00     	lda	#$0
   413 00:0032: C5 0C        	cmp	<L2+xBufferSizeBytes_0
   414 00:0034: 90 02        	bcc	L10009
   415                        L10015:
   416 00:0036: 80 FE        	bra	L10015
   417                        ;        }
   418                        ;        else
  Mon Sep 14 2026  7:48                                                                                                    Page 9


   419                        ;        }
   420                        ;        else if( xStreamBufferType == sbTYPE_STREAM_BATCHING_BUFFER )
   421                        L10009:
   422                        ;
   423                        ;        configASSERT( xTriggerLevelBytes <= xBufferSizeBytes );
   424 00:0038: A5 0C        	lda	<L2+xBufferSizeBytes_0
   425 00:003A: C5 0E        	cmp	<L2+xTriggerLevelBytes_0
   426 00:003C: 90 15        	bcc	L10030
   427                        ;
   428                        ;        /* A trigger level of 0 would cause a waiting task to unblock even when
   429                        ;         * the buffer was empty. */
   430                        ;        if( xTriggerLevelBytes == ( size_t ) 0 )
   431                        ;        {
   432 00:003E: A5 0E        	lda	<L2+xTriggerLevelBytes_0
   433 00:0040: F0 13        	beq	L10
   434 00:0042: 80 16        	bra	L10033
   435                        L10010:
   436                        ;        {
   437                        ;            /* Not a message buffer and not statically allocated. */
   438                        ;            ucFlags = 0;
   439 00:0044: E2 20        	sep	#$20
   440                        	longa	off
   441 00:0046: 64 09        	stz	<L3+ucFlags_1
   442 00:0048: C2 20        	rep	#$20
   443                        	longa	on
   444                        ;            configASSERT( xBufferSizeBytes > 0 );
   445 00:004A: A9 00 00     	lda	#$0
   446 00:004D: C5 0C        	cmp	<L2+xBufferSizeBytes_0
   447 00:004F: 90 E7        	bcc	L10009
   448                        L10023:
   449 00:0051: 80 FE        	bra	L10023
   450                        ;        }
   451                        L10030:
   452 00:0053: 80 FE        	bra	L10030
   453                        L10:
   454                        ;            xTriggerLevelBytes = ( size_t ) 1;
   455 00:0055: A9 01 00     	lda	#$1
   456 00:0058: 85 0E        	sta	<L2+xTriggerLevelBytes_0
   457                        ;        }
   458                        ;
   459                        ;        /* A stream buffer requires a StreamBuffer_t structure and a buffer.
   460                        ;         * Both are allocated in a single call to pvPortMalloc().  The
   461                        ;         * StreamBuffer_t structure is placed at the start of the allocated memory
   462                        ;         * and the buffer follows immediately after.  The requested size is
   463                        ;         * incremented so the free space is returned as the user would expect -
   464                        ;         * this is a quirk of the implementation that means otherwise the free
   465                        ;         * space would be reported as one byte smaller than would be logically
   466                        ;         * expected. */
   467                        ;        if( xBufferSizeBytes < ( xBufferSizeBytes + 1U + sizeof( StreamBuffer_t ) ) )
   468                        L10033:
   469                        ;        {
   470 00:005A: A9 18 00     	lda	#$18
   471 00:005D: 18           	clc
   472 00:005E: 65 0C        	adc	<L2+xBufferSizeBytes_0
   473 00:0060: 85 01        	sta	<R0
   474 00:0062: A5 0C        	lda	<L2+xBufferSizeBytes_0
   475 00:0064: C5 01        	cmp	<R0
   476 00:0066: B0 12        	bcs	L10034
  Mon Sep 14 2026  7:48                                                                                                    Page 10


   477                        ;            xBufferSizeBytes++;
   478 00:0068: E6 0C        	inc	<L2+xBufferSizeBytes_0
   479                        ;            pvAllocatedMemory = pvPortMalloc( xBufferSizeBytes + sizeof( StreamBuffer_t ) );
   480 00:006A: A9 17 00     	lda	#$17
   481 00:006D: 18           	clc
   482 00:006E: 65 0C        	adc	<L2+xBufferSizeBytes_0
   483 00:0070: 48           	pha
   484 00:0071: 20 xx xx     	jsr	_~pvPortMalloc
   485 00:0074: 85 05        	sta	<L3+pvAllocatedMemory_1
   486 00:0076: 86 07        	stx	<L3+pvAllocatedMemory_1+2
   487                        ;        }
   488                        ;        else
   489 00:0078: 80 04        	bra	L10035
   490                        L10034:
   491                        ;        {
   492                        ;            pvAllocatedMemory = NULL;
   493 00:007A: 64 05        	stz	<L3+pvAllocatedMemory_1
   494 00:007C: 64 07        	stz	<L3+pvAllocatedMemory_1+2
   495                        ;        }
   496                        L10035:
   497                        ;
   498                        ;        if( pvAllocatedMemory != NULL )
   499                        ;        {
   500 00:007E: A5 05        	lda	<L3+pvAllocatedMemory_1
   501 00:0080: 05 07        	ora	<L3+pvAllocatedMemory_1+2
   502 00:0082: F0 21        	beq	L10037
   503                        ;            /* MISRA Ref 11.5.1 [Malloc memory assignment] */
   504                        ;            /* More details at: https://github.com/FreeRTOS/FreeRTOS-Kernel/blob/main/MISRA.md#rule-1
                    15 */
   505                        ;            /* coverity[misra_c_2012_rule_11_5_violation] */
   506                        ;            prvInitialiseNewStreamBuffer( ( StreamBuffer_t * ) pvAllocatedMemory,                    
                         /* Structure at the start of the allocated memory. */
   507                        ;                                                                                                     
                         /* MISRA Ref 11.5.1 [Malloc memory assignment] */
   508                        ;                                                                                                     
                         /* More details at: https://github.com/FreeRTOS/FreeRTOS-Kernel/blob/main/MISRA.md#rule-115 */
   509                        ;                                                                                                     
                         /* coverity[misra_c_2012_rule_11_5_violation] */
   510                        ;                                          ( ( uint8_t * ) pvAllocatedMemory ) + sizeof( StreamBuffer_
                    t ), /* Storage area follows. */
   511                        ;                                          xBufferSizeBytes,
   512                        ;                                          xTriggerLevelBytes,
   513                        ;                                          ucFlags,
   514                        ;                                          pxSendCompletedCallback,
   515                        ;                                          pxReceiveCompletedCallback );
   516 00:0084: D4 14        	pei	<L2+pxReceiveCompletedCallback_0
   517 00:0086: D4 12        	pei	<L2+pxSendCompletedCallback_0
   518 00:0088: D4 09        	pei	<L3+ucFlags_1
   519 00:008A: D4 0E        	pei	<L2+xTriggerLevelBytes_0
   520 00:008C: D4 0C        	pei	<L2+xBufferSizeBytes_0
   521 00:008E: A9 17 00     	lda	#$17
   522 00:0091: 18           	clc
   523 00:0092: 65 05        	adc	<L3+pvAllocatedMemory_1
   524 00:0094: 85 01        	sta	<R0
   525 00:0096: A9 00 00     	lda	#$0
   526 00:0099: 65 07        	adc	<L3+pvAllocatedMemory_1+2
   527 00:009B: 48           	pha
   528 00:009C: D4 01        	pei	<R0
  Mon Sep 14 2026  7:48                                                                                                    Page 11


   529 00:009E: D4 07        	pei	<L3+pvAllocatedMemory_1+2
   530 00:00A0: D4 05        	pei	<L3+pvAllocatedMemory_1
   531 00:00A2: 20 xx xx     	jsr	_~prvInitialiseNewStreamBuffer
   532                        ;
   533                        ;            traceSTREAM_BUFFER_CREATE( ( ( StreamBuffer_t * ) pvAllocatedMemory ), xStreamBufferType 
                    );
   534                        ;        }
   535                        ;        else
   536                        ;        {
   537                        ;            traceSTREAM_BUFFER_CREATE_FAILED( xStreamBufferType );
   538                        ;        }
   539                        L10037:
   540                        ;
   541                        ;        traceRETURN_xStreamBufferGenericCreate( pvAllocatedMemory );
   542                        ;
   543                        ;        /* MISRA Ref 11.5.1 [Malloc memory assignment] */
   544                        ;        /* More details at: https://github.com/FreeRTOS/FreeRTOS-Kernel/blob/main/MISRA.md#rule-115 *
                    /
   545                        ;        /* coverity[misra_c_2012_rule_11_5_violation] */
   546                        ;        return ( StreamBufferHandle_t ) pvAllocatedMemory;
   547 00:00A5: A6 07        	ldx	<L3+pvAllocatedMemory_1+2
   548 00:00A7: A5 05        	lda	<L3+pvAllocatedMemory_1
   549 00:00A9: A8           	tay
   550 00:00AA: A5 0A        	lda	<L2+1
   551 00:00AC: 85 14        	sta	<L2+1+10
   552 00:00AE: 2B           	pld
   553 00:00AF: 3B           	tsc
   554 00:00B0: 18           	clc
   555 00:00B1: 69 13 00     	adc	#L2+10
   556 00:00B4: 1B           	tcs
   557 00:00B5: 98           	tya
   558 00:00B6: 60           	rts
   559                        ;    }
   560             00000009   L2	equ	9
   561             00000005   L3	equ	5
   562                        	ends
   563                        	efunc
   564                        ;    #endif /* configSUPPORT_DYNAMIC_ALLOCATION */
   565                        ;/*-----------------------------------------------------------*/
   566                        ;
   567                        ;    #if ( configSUPPORT_STATIC_ALLOCATION == 1 )
   568                        ;
   569                        ;    StreamBufferHandle_t xStreamBufferGenericCreateStatic( size_t xBufferSizeBytes,
   570                        ;                                                           size_t xTriggerLevelBytes,
   571                        ;                                                           BaseType_t xStreamBufferType,
   572                        ;                                                           uint8_t * const pucStreamBufferStorageArea
                    ,
   573                        ;                                                           StaticStreamBuffer_t * const pxStaticStrea
                    mBuffer,
   574                        ;                                                           StreamBufferCallbackFunction_t pxSendCompl
                    etedCallback,
   575                        ;                                                           StreamBufferCallbackFunction_t pxReceiveCo
                    mpletedCallback )
   576                        ;    {
   577                        	code
   578                        	xdef	_~xStreamBufferGenericCreateStatic
   579                        	func
   580                        _~xStreamBufferGenericCreateStatic:
  Mon Sep 14 2026  7:48                                                                                                    Page 12


   581                        	longa	on
   582                        	longi	on
   583 00:00B7: 3B           	tsc
   584 00:00B8: 38           	sec
   585 00:00B9: E9 0F 00     	sbc	#L14
   586 00:00BC: 1B           	tcs
   587 00:00BD: 0B           	phd
   588 00:00BE: 5B           	tcd
   589             00000003   xBufferSizeBytes_0	set	3
   590             00000005   xTriggerLevelBytes_0	set	5
   591             00000007   xStreamBufferType_0	set	7
   592             00000009   pucStreamBufferStorageArea_0	set	9
   593             0000000D   pxStaticStreamBuffer_0	set	13
   594             00000011   pxSendCompletedCallback_0	set	17
   595             00000013   pxReceiveCompletedCallback_0	set	19
   596                        ;        /* MISRA Ref 11.3.1 [Misaligned access] */
   597                        ;        /* More details at: https://github.com/FreeRTOS/FreeRTOS-Kernel/blob/main/MISRA.md#rule-113 *
                    /
   598                        ;        /* coverity[misra_c_2012_rule_11_3_violation] */
   599                        ;        StreamBuffer_t * const pxStreamBuffer = ( StreamBuffer_t * ) pxStaticStreamBuffer;
   600                        ;        StreamBufferHandle_t xReturn;
   601                        ;        uint8_t ucFlags;
   602                        ;
   603                        ;        traceENTER_xStreamBufferGenericCreateStatic( xBufferSizeBytes, xTriggerLevelBytes, xStreamBuf
                    ferType, pucStreamBufferStorageArea, pxStaticStreamBuffer, pxSendCompletedCallback, pxReceiveCompletedCallback )
                    ;
   604             00000000   pxStreamBuffer_1	set	0
   605             00000004   xReturn_1	set	4
   606             00000008   ucFlags_1	set	8
   607 00:00BF: A5 1C        	lda	<L14+pxStaticStreamBuffer_0
   608 00:00C1: 85 05        	sta	<L15+pxStreamBuffer_1
   609 00:00C3: A5 1E        	lda	<L14+pxStaticStreamBuffer_0+2
   610 00:00C5: 85 07        	sta	<L15+pxStreamBuffer_1+2
   611                        ;
   612                        ;        configASSERT( pucStreamBufferStorageArea );
   613 00:00C7: A5 18        	lda	<L14+pucStreamBufferStorageArea_0
   614 00:00C9: 05 1A        	ora	<L14+pucStreamBufferStorageArea_0+2
   615 00:00CB: D0 02        	bne	L10038
   616                        L10042:
   617 00:00CD: 80 FE        	bra	L10042
   618                        L10038:
   619                        ;        configASSERT( pxStaticStreamBuffer );
   620 00:00CF: A5 1C        	lda	<L14+pxStaticStreamBuffer_0
   621 00:00D1: 05 1E        	ora	<L14+pxStaticStreamBuffer_0+2
   622 00:00D3: D0 02        	bne	L10045
   623                        L10049:
   624 00:00D5: 80 FE        	bra	L10049
   625                        L10045:
   626                        ;        configASSERT( xTriggerLevelBytes <= xBufferSizeBytes );
   627 00:00D7: A5 12        	lda	<L14+xBufferSizeBytes_0
   628 00:00D9: C5 14        	cmp	<L14+xTriggerLevelBytes_0
   629 00:00DB: B0 02        	bcs	L10052
   630                        L10056:
   631 00:00DD: 80 FE        	bra	L10056
   632                        L10052:
   633                        ;
   634                        ;        /* A trigger level of 0 would cause a waiting task to unblock even when
   635                        ;         * the buffer was empty. */
  Mon Sep 14 2026  7:48                                                                                                    Page 13


   636                        ;        if( xTriggerLevelBytes == ( size_t ) 0 )
   637                        ;        {
   638 00:00DF: A5 14        	lda	<L14+xTriggerLevelBytes_0
   639 00:00E1: D0 05        	bne	L10059
   640                        ;            xTriggerLevelBytes = ( size_t ) 1;
   641 00:00E3: A9 01 00     	lda	#$1
   642 00:00E6: 85 14        	sta	<L14+xTriggerLevelBytes_0
   643                        ;        }
   644                        ;
   645                        ;        /* In case the stream buffer is going to be used as a message buffer
   646                        ;         * (that is, it will hold discrete messages with a little meta data that
   647                        ;         * says how big the next message is) check the buffer will be large enough
   648                        ;         * to hold at least one message. */
   649                        ;
   650                        ;        if( xStreamBufferType == sbTYPE_MESSAGE_BUFFER )
   651                        L10059:
   652                        ;        {
   653 00:00E8: A5 16        	lda	<L14+xStreamBufferType_0
   654 00:00EA: C9 01 00     	cmp	#<$1
   655 00:00ED: D0 11        	bne	L10060
   656                        ;            /* Statically allocated message buffer. */
   657                        ;            ucFlags = sbFLAGS_IS_MESSAGE_BUFFER | sbFLAGS_IS_STATICALLY_ALLOCATED;
   658 00:00EF: E2 20        	sep	#$20
   659                        	longa	off
   660 00:00F1: A9 03        	lda	#$3
   661 00:00F3: 85 0D        	sta	<L15+ucFlags_1
   662 00:00F5: C2 20        	rep	#$20
   663                        	longa	on
   664                        ;            configASSERT( xBufferSizeBytes > sbBYTES_TO_STORE_MESSAGE_LENGTH );
   665 00:00F7: A9 02 00     	lda	#$2
   666 00:00FA: C5 12        	cmp	<L14+xBufferSizeBytes_0
   667 00:00FC: 90 22        	bcc	L10068
   668                        L10065:
   669 00:00FE: 80 FE        	bra	L10065
   670                        ;        }
   671                        ;        else if( xStreamBufferType == sbTYPE_STREAM_BATCHING_BUFFER )
   672                        L10060:
   673                        ;        {
   674 00:0100: A5 16        	lda	<L14+xStreamBufferType_0
   675 00:0102: C9 02 00     	cmp	#<$2
   676 00:0105: D0 11        	bne	L10069
   677                        ;            /* Statically allocated batching buffer. */
   678                        ;            ucFlags = sbFLAGS_IS_BATCHING_BUFFER | sbFLAGS_IS_STATICALLY_ALLOCATED;
   679 00:0107: E2 20        	sep	#$20
   680                        	longa	off
   681 00:0109: A9 06        	lda	#$6
   682 00:010B: 85 0D        	sta	<L15+ucFlags_1
   683 00:010D: C2 20        	rep	#$20
   684                        	longa	on
   685                        ;            configASSERT( xBufferSizeBytes > 0 );
   686 00:010F: A9 00 00     	lda	#$0
   687 00:0112: C5 12        	cmp	<L14+xBufferSizeBytes_0
   688 00:0114: 90 0A        	bcc	L10068
   689                        L10074:
   690 00:0116: 80 FE        	bra	L10074
   691                        ;        }
   692                        ;        else
   693                        L10069:
  Mon Sep 14 2026  7:48                                                                                                    Page 14


   694                        ;        {
   695                        ;            /* Statically allocated stream buffer. */
   696                        ;            ucFlags = sbFLAGS_IS_STATICALLY_ALLOCATED;
   697 00:0118: E2 20        	sep	#$20
   698                        	longa	off
   699 00:011A: A9 02        	lda	#$2
   700 00:011C: 85 0D        	sta	<L15+ucFlags_1
   701 00:011E: C2 20        	rep	#$20
   702                        	longa	on
   703                        ;        }
   704                        L10068:
   705                        ;
   706                        ;        #if ( configASSERT_DEFINED == 1 )
   707                        ;        {
   708                        ;            /* Sanity check that the size of the structure used to declare a
   709                        ;             * variable of type StaticStreamBuffer_t equals the size of the real
   710                        ;             * message buffer structure. */
   711                        ;            volatile size_t xSize = sizeof( StaticStreamBuffer_t );
   712                        ;            configASSERT( xSize == sizeof( StreamBuffer_t ) );
   713             00000009   xSize_2	set	9
   714 00:0120: A9 17 00     	lda	#$17
   715 00:0123: 85 0E        	sta	<L15+xSize_2
   716 00:0125: C9 17 00     	cmp	#<$17
   717 00:0128: F0 02        	beq	L10078
   718                        L10082:
   719 00:012A: 80 FE        	bra	L10082
   720                        L10078:
   721                        ;        }
   722                        ;        #endif /* configASSERT_DEFINED */
   723                        ;
   724                        ;        if( ( pucStreamBufferStorageArea != NULL ) && ( pxStaticStreamBuffer != NULL ) )
   725                        ;        {
   726 00:012C: A5 18        	lda	<L14+pucStreamBufferStorageArea_0
   727 00:012E: 05 1A        	ora	<L14+pucStreamBufferStorageArea_0+2
   728 00:0130: F0 3E        	beq	L10085
   729 00:0132: A5 1C        	lda	<L14+pxStaticStreamBuffer_0
   730 00:0134: 05 1E        	ora	<L14+pxStaticStreamBuffer_0+2
   731 00:0136: F0 38        	beq	L10085
   732                        ;            prvInitialiseNewStreamBuffer( pxStreamBuffer,
   733                        ;                                          pucStreamBufferStorageArea,
   734                        ;                                          xBufferSizeBytes,
   735                        ;                                          xTriggerLevelBytes,
   736                        ;                                          ucFlags,
   737                        ;                                          pxSendCompletedCallback,
   738                        ;                                          pxReceiveCompletedCallback );
   739 00:0138: D4 22        	pei	<L14+pxReceiveCompletedCallback_0
   740 00:013A: D4 20        	pei	<L14+pxSendCompletedCallback_0
   741 00:013C: D4 0D        	pei	<L15+ucFlags_1
   742 00:013E: D4 14        	pei	<L14+xTriggerLevelBytes_0
   743 00:0140: D4 12        	pei	<L14+xBufferSizeBytes_0
   744 00:0142: D4 1A        	pei	<L14+pucStreamBufferStorageArea_0+2
   745 00:0144: D4 18        	pei	<L14+pucStreamBufferStorageArea_0
   746 00:0146: D4 07        	pei	<L15+pxStreamBuffer_1+2
   747 00:0148: D4 05        	pei	<L15+pxStreamBuffer_1
   748 00:014A: 20 xx xx     	jsr	_~prvInitialiseNewStreamBuffer
   749                        ;
   750                        ;            /* Remember this was statically allocated in case it is ever deleted
   751                        ;             * again. */
  Mon Sep 14 2026  7:48                                                                                                    Page 15


   752                        ;            pxStreamBuffer->ucFlags |= sbFLAGS_IS_STATICALLY_ALLOCATED;
   753 00:014D: A9 14 00     	lda	#$14
   754 00:0150: 18           	clc
   755 00:0151: 65 05        	adc	<L15+pxStreamBuffer_1
   756 00:0153: 85 01        	sta	<R0
   757 00:0155: A9 00 00     	lda	#$0
   758 00:0158: 65 07        	adc	<L15+pxStreamBuffer_1+2
   759 00:015A: 85 03        	sta	<R0+2
   760 00:015C: E2 20        	sep	#$20
   761                        	longa	off
   762 00:015E: A7 01        	lda	[<R0]
   763 00:0160: 09 02        	ora	#<$2
   764 00:0162: 87 01        	sta	[<R0]
   765 00:0164: C2 20        	rep	#$20
   766                        	longa	on
   767                        ;
   768                        ;            traceSTREAM_BUFFER_CREATE( pxStreamBuffer, xStreamBufferType );
   769                        ;
   770                        ;            /* MISRA Ref 11.3.1 [Misaligned access] */
   771                        ;            /* More details at: https://github.com/FreeRTOS/FreeRTOS-Kernel/blob/main/MISRA.md#rule-1
                    13 */
   772                        ;            /* coverity[misra_c_2012_rule_11_3_violation] */
   773                        ;            xReturn = ( StreamBufferHandle_t ) pxStaticStreamBuffer;
   774 00:0166: A5 1C        	lda	<L14+pxStaticStreamBuffer_0
   775 00:0168: 85 09        	sta	<L15+xReturn_1
   776 00:016A: A5 1E        	lda	<L14+pxStaticStreamBuffer_0+2
   777 00:016C: 85 0B        	sta	<L15+xReturn_1+2
   778                        ;        }
   779                        ;        else
   780 00:016E: 80 04        	bra	L10086
   781                        L10085:
   782                        ;        {
   783                        ;            xReturn = NULL;
   784 00:0170: 64 09        	stz	<L15+xReturn_1
   785 00:0172: 64 0B        	stz	<L15+xReturn_1+2
   786                        ;            traceSTREAM_BUFFER_CREATE_STATIC_FAILED( xReturn, xStreamBufferType );
   787                        ;        }
   788                        L10086:
   789                        ;
   790                        ;        traceRETURN_xStreamBufferGenericCreateStatic( xReturn );
   791                        ;
   792                        ;        return xReturn;
   793 00:0174: A6 0B        	ldx	<L15+xReturn_1+2
   794 00:0176: A5 09        	lda	<L15+xReturn_1
   795 00:0178: A8           	tay
   796 00:0179: A5 10        	lda	<L14+1
   797 00:017B: 85 22        	sta	<L14+1+18
   798 00:017D: 2B           	pld
   799 00:017E: 3B           	tsc
   800 00:017F: 18           	clc
   801 00:0180: 69 21 00     	adc	#L14+18
   802 00:0183: 1B           	tcs
   803 00:0184: 98           	tya
   804 00:0185: 60           	rts
   805                        ;    }
   806             0000000F   L14	equ	15
   807             00000005   L15	equ	5
   808                        	ends
  Mon Sep 14 2026  7:48                                                                                                    Page 16


   809                        	efunc
   810                        ;    #endif /* ( configSUPPORT_STATIC_ALLOCATION == 1 ) */
   811                        ;/*-----------------------------------------------------------*/
   812                        ;
   813                        ;    #if ( configSUPPORT_STATIC_ALLOCATION == 1 )
   814                        ;    BaseType_t xStreamBufferGetStaticBuffers( StreamBufferHandle_t xStreamBuffer,
   815                        ;                                              uint8_t ** ppucStreamBufferStorageArea,
   816                        ;                                              StaticStreamBuffer_t ** ppxStaticStreamBuffer )
   817                        ;    {
   818                        	code
   819                        	xdef	_~xStreamBufferGetStaticBuffers
   820                        	func
   821                        _~xStreamBufferGetStaticBuffers:
   822                        	longa	on
   823                        	longi	on
   824 00:0186: 3B           	tsc
   825 00:0187: 38           	sec
   826 00:0188: E9 06 00     	sbc	#L28
   827 00:018B: 1B           	tcs
   828 00:018C: 0B           	phd
   829 00:018D: 5B           	tcd
   830             00000003   xStreamBuffer_0	set	3
   831             00000007   ppucStreamBufferStorageArea_0	set	7
   832             0000000B   ppxStaticStreamBuffer_0	set	11
   833                        ;        BaseType_t xReturn;
   834                        ;        StreamBuffer_t * const pxStreamBuffer = xStreamBuffer;
   835                        ;
   836                        ;        traceENTER_xStreamBufferGetStaticBuffers( xStreamBuffer, ppucStreamBufferStorageArea, ppxStat
                    icStreamBuffer );
   837             00000000   xReturn_1	set	0
   838             00000002   pxStreamBuffer_1	set	2
   839 00:018E: A5 09        	lda	<L28+xStreamBuffer_0
   840 00:0190: 85 03        	sta	<L29+pxStreamBuffer_1
   841 00:0192: A5 0B        	lda	<L28+xStreamBuffer_0+2
   842 00:0194: 85 05        	sta	<L29+pxStreamBuffer_1+2
   843                        ;
   844                        ;        configASSERT( pxStreamBuffer );
   845 00:0196: A5 03        	lda	<L29+pxStreamBuffer_1
   846 00:0198: 05 05        	ora	<L29+pxStreamBuffer_1+2
   847 00:019A: D0 02        	bne	L10087
   848                        L10091:
   849 00:019C: 80 FE        	bra	L10091
   850                        L10087:
   851                        ;        configASSERT( ppucStreamBufferStorageArea );
   852 00:019E: A5 0D        	lda	<L28+ppucStreamBufferStorageArea_0
   853 00:01A0: 05 0F        	ora	<L28+ppucStreamBufferStorageArea_0+2
   854 00:01A2: D0 02        	bne	L10094
   855                        L10098:
   856 00:01A4: 80 FE        	bra	L10098
   857                        L10094:
   858                        ;        configASSERT( ppxStaticStreamBuffer );
   859 00:01A6: A5 11        	lda	<L28+ppxStaticStreamBuffer_0
   860 00:01A8: 05 13        	ora	<L28+ppxStaticStreamBuffer_0+2
   861 00:01AA: D0 02        	bne	L10101
   862                        L10105:
   863 00:01AC: 80 FE        	bra	L10105
   864                        L10101:
   865                        ;
  Mon Sep 14 2026  7:48                                                                                                    Page 17


   866                        ;        if( ( pxStreamBuffer->ucFlags & sbFLAGS_IS_STATICALLY_ALLOCATED ) != ( uint8_t ) 0 )
   867                        ;        {
   868 00:01AE: E2 20        	sep	#$20
   869                        	longa	off
   870 00:01B0: A0 14 00     	ldy	#$14
   871 00:01B3: B7 03        	lda	[<L29+pxStreamBuffer_1],Y
   872 00:01B5: 29 02        	and	#<$2
   873 00:01B7: C2 20        	rep	#$20
   874                        	longa	on
   875 00:01B9: F0 1F        	beq	L10108
   876                        ;            *ppucStreamBufferStorageArea = pxStreamBuffer->pucBuffer;
   877 00:01BB: A0 10 00     	ldy	#$10
   878 00:01BE: B7 03        	lda	[<L29+pxStreamBuffer_1],Y
   879 00:01C0: 87 0D        	sta	[<L28+ppucStreamBufferStorageArea_0]
   880 00:01C2: C8           	iny
   881 00:01C3: C8           	iny
   882 00:01C4: B7 03        	lda	[<L29+pxStreamBuffer_1],Y
   883 00:01C6: A0 02 00     	ldy	#$2
   884 00:01C9: 97 0D        	sta	[<L28+ppucStreamBufferStorageArea_0],Y
   885                        ;            /* MISRA Ref 11.3.1 [Misaligned access] */
   886                        ;            /* More details at: https://github.com/FreeRTOS/FreeRTOS-Kernel/blob/main/MISRA.md#rule-1
                    13 */
   887                        ;            /* coverity[misra_c_2012_rule_11_3_violation] */
   888                        ;            *ppxStaticStreamBuffer = ( StaticStreamBuffer_t * ) pxStreamBuffer;
   889 00:01CB: A5 03        	lda	<L29+pxStreamBuffer_1
   890 00:01CD: 87 11        	sta	[<L28+ppxStaticStreamBuffer_0]
   891 00:01CF: A5 05        	lda	<L29+pxStreamBuffer_1+2
   892 00:01D1: 97 11        	sta	[<L28+ppxStaticStreamBuffer_0],Y
   893                        ;            xReturn = pdTRUE;
   894 00:01D3: A9 01 00     	lda	#$1
   895 00:01D6: 85 01        	sta	<L29+xReturn_1
   896                        ;        }
   897                        ;        else
   898 00:01D8: 80 02        	bra	L10109
   899                        L10108:
   900                        ;        {
   901                        ;            xReturn = pdFALSE;
   902 00:01DA: 64 01        	stz	<L29+xReturn_1
   903                        ;        }
   904                        L10109:
   905                        ;
   906                        ;        traceRETURN_xStreamBufferGetStaticBuffers( xReturn );
   907                        ;
   908                        ;        return xReturn;
   909 00:01DC: A5 01        	lda	<L29+xReturn_1
   910 00:01DE: A8           	tay
   911 00:01DF: A5 07        	lda	<L28+1
   912 00:01E1: 85 13        	sta	<L28+1+12
   913 00:01E3: 2B           	pld
   914 00:01E4: 3B           	tsc
   915 00:01E5: 18           	clc
   916 00:01E6: 69 12 00     	adc	#L28+12
   917 00:01E9: 1B           	tcs
   918 00:01EA: 98           	tya
   919 00:01EB: 60           	rts
   920                        ;    }
   921             00000006   L28	equ	6
   922             00000001   L29	equ	1
  Mon Sep 14 2026  7:48                                                                                                    Page 18


   923                        	ends
   924                        	efunc
   925                        ;    #endif /* configSUPPORT_STATIC_ALLOCATION */
   926                        ;/*-----------------------------------------------------------*/
   927                        ;
   928                        ;void vStreamBufferDelete( StreamBufferHandle_t xStreamBuffer )
   929                        ;{
   930                        	code
   931                        	xdef	_~vStreamBufferDelete
   932                        	func
   933                        _~vStreamBufferDelete:
   934                        	longa	on
   935                        	longi	on
   936 00:01EC: 3B           	tsc
   937 00:01ED: 38           	sec
   938 00:01EE: E9 08 00     	sbc	#L35
   939 00:01F1: 1B           	tcs
   940 00:01F2: 0B           	phd
   941 00:01F3: 5B           	tcd
   942             00000003   xStreamBuffer_0	set	3
   943                        ;    StreamBuffer_t * pxStreamBuffer = xStreamBuffer;
   944                        ;
   945                        ;    traceENTER_vStreamBufferDelete( xStreamBuffer );
   946             00000000   pxStreamBuffer_1	set	0
   947 00:01F4: A5 0B        	lda	<L35+xStreamBuffer_0
   948 00:01F6: 85 05        	sta	<L36+pxStreamBuffer_1
   949 00:01F8: A5 0D        	lda	<L35+xStreamBuffer_0+2
   950 00:01FA: 85 07        	sta	<L36+pxStreamBuffer_1+2
   951                        ;
   952                        ;    configASSERT( pxStreamBuffer );
   953 00:01FC: A5 05        	lda	<L36+pxStreamBuffer_1
   954 00:01FE: 05 07        	ora	<L36+pxStreamBuffer_1+2
   955 00:0200: D0 02        	bne	L10110
   956                        L10114:
   957 00:0202: 80 FE        	bra	L10114
   958                        L10110:
   959                        ;
   960                        ;    traceSTREAM_BUFFER_DELETE( xStreamBuffer );
   961                        ;
   962                        ;    if( ( pxStreamBuffer->ucFlags & sbFLAGS_IS_STATICALLY_ALLOCATED ) == ( uint8_t ) pdFALSE )
   963                        ;    {
   964 00:0204: E2 20        	sep	#$20
   965                        	longa	off
   966 00:0206: A0 14 00     	ldy	#$14
   967 00:0209: B7 05        	lda	[<L36+pxStreamBuffer_1],Y
   968 00:020B: 29 02        	and	#<$2
   969 00:020D: C2 20        	rep	#$20
   970                        	longa	on
   971 00:020F: D0 09        	bne	L10117
   972                        ;        #if ( configSUPPORT_DYNAMIC_ALLOCATION == 1 )
   973                        ;        {
   974                        ;            /* Both the structure and the buffer were allocated using a single call
   975                        ;            * to pvPortMalloc(), hence only one call to vPortFree() is required. */
   976                        ;            vPortFree( ( void * ) pxStreamBuffer );
   977 00:0211: D4 07        	pei	<L36+pxStreamBuffer_1+2
   978 00:0213: D4 05        	pei	<L36+pxStreamBuffer_1
   979 00:0215: 20 xx xx     	jsr	_~vPortFree
   980                        ;        }
  Mon Sep 14 2026  7:48                                                                                                    Page 19


   981                        ;        #else
   982                        ;        {
   983                        ;            /* Should not be possible to get here, ucFlags must be corrupt.
   984                        ;             * Force an assert. */
   985                        ;            configASSERT( xStreamBuffer == ( StreamBufferHandle_t ) ~0 );
   986                        ;        }
   987                        ;        #endif
   988                        ;    }
   989                        ;    else
   990 00:0218: 80 0D        	bra	L39
   991                        L10117:
   992                        ;    {
   993                        ;        /* The structure and buffer were not allocated dynamically and cannot be
   994                        ;         * freed - just scrub the structure so future use will assert. */
   995                        ;        ( void ) memset( pxStreamBuffer, 0x00, sizeof( StreamBuffer_t ) );
   996 00:021A: F4 17 00     	pea	#<$17
   997 00:021D: F4 00 00     	pea	#<$0
   998 00:0220: D4 07        	pei	<L36+pxStreamBuffer_1+2
   999 00:0222: D4 05        	pei	<L36+pxStreamBuffer_1
  1000 00:0224: 20 xx xx     	jsr	_~memset
  1001                        ;    }
  1002                        ;
  1003                        ;    traceRETURN_vStreamBufferDelete();
  1004                        ;}
  1005                        L39:
  1006 00:0227: A5 09        	lda	<L35+1
  1007 00:0229: 85 0D        	sta	<L35+1+4
  1008 00:022B: 2B           	pld
  1009 00:022C: 3B           	tsc
  1010 00:022D: 18           	clc
  1011 00:022E: 69 0C 00     	adc	#L35+4
  1012 00:0231: 1B           	tcs
  1013 00:0232: 60           	rts
  1014             00000008   L35	equ	8
  1015             00000005   L36	equ	5
  1016                        	ends
  1017                        	efunc
  1018                        ;/*-----------------------------------------------------------*/
  1019                        ;
  1020                        ;BaseType_t xStreamBufferReset( StreamBufferHandle_t xStreamBuffer )
  1021                        ;{
  1022                        	code
  1023                        	xdef	_~xStreamBufferReset
  1024                        	func
  1025                        _~xStreamBufferReset:
  1026                        	longa	on
  1027                        	longi	on
  1028 00:0233: 3B           	tsc
  1029 00:0234: 38           	sec
  1030 00:0235: E9 0A 00     	sbc	#L40
  1031 00:0238: 1B           	tcs
  1032 00:0239: 0B           	phd
  1033 00:023A: 5B           	tcd
  1034             00000003   xStreamBuffer_0	set	3
  1035                        ;    StreamBuffer_t * const pxStreamBuffer = xStreamBuffer;
  1036                        ;    BaseType_t xReturn = pdFAIL;
  1037                        ;    StreamBufferCallbackFunction_t pxSendCallback;
  1038                        ;	StreamBufferCallbackFunction_t pxReceiveCallback;
  Mon Sep 14 2026  7:48                                                                                                    Page 20


  1039                        ;	
  1040                        ;	
  1041                        ;	pxSendCallback = (StreamBufferCallbackFunction_t)0;
  1042             00000000   pxStreamBuffer_1	set	0
  1043             00000004   xReturn_1	set	4
  1044             00000006   pxSendCallback_1	set	6
  1045             00000008   pxReceiveCallback_1	set	8
  1046 00:023B: A5 0D        	lda	<L40+xStreamBuffer_0
  1047 00:023D: 85 01        	sta	<L41+pxStreamBuffer_1
  1048 00:023F: A5 0F        	lda	<L40+xStreamBuffer_0+2
  1049 00:0241: 85 03        	sta	<L41+pxStreamBuffer_1+2
  1050 00:0243: 64 05        	stz	<L41+xReturn_1
  1051 00:0245: 64 07        	stz	<L41+pxSendCallback_1
  1052                        ;	pxReceiveCallback = (StreamBufferCallbackFunction_t)0;
  1053 00:0247: 64 09        	stz	<L41+pxReceiveCallback_1
  1054                        ;	
  1055                        ;    #if ( configUSE_TRACE_FACILITY == 1 )
  1056                        ;        UBaseType_t uxStreamBufferNumber;
  1057                        ;    #endif
  1058                        ;
  1059                        ;    traceENTER_xStreamBufferReset( xStreamBuffer );
  1060                        ;
  1061                        ;    configASSERT( pxStreamBuffer );
  1062 00:0249: A5 01        	lda	<L41+pxStreamBuffer_1
  1063 00:024B: 05 03        	ora	<L41+pxStreamBuffer_1+2
  1064 00:024D: D0 02        	bne	L10127
  1065                        L10123:
  1066 00:024F: 80 FE        	bra	L10123
  1067                        ;
  1068                        ;    #if ( configUSE_TRACE_FACILITY == 1 )
  1069                        ;    {
  1070                        ;        /* Store the stream buffer number so it can be restored after the
  1071                        ;         * reset. */
  1072                        ;        uxStreamBufferNumber = pxStreamBuffer->uxStreamBufferNumber;
  1073                        ;    }
  1074                        ;    #endif
  1075                        ;
  1076                        ;    /* Can only reset a message buffer if there are no tasks blocked on it. */
  1077                        ;    taskENTER_CRITICAL();
  1078                        L10127:
  1079                        ;    {
  1080                        ;        if( ( pxStreamBuffer->xTaskWaitingToReceive == NULL ) && ( pxStreamBuffer->xTaskWaitingToSend
                     == NULL ) )
  1081                        ;        {
  1082 00:0251: A0 08 00     	ldy	#$8
  1083 00:0254: B7 01        	lda	[<L41+pxStreamBuffer_1],Y
  1084 00:0256: C8           	iny
  1085 00:0257: C8           	iny
  1086 00:0258: 17 01        	ora	[<L41+pxStreamBuffer_1],Y
  1087 00:025A: D0 36        	bne	L10131
  1088 00:025C: C8           	iny
  1089 00:025D: C8           	iny
  1090 00:025E: B7 01        	lda	[<L41+pxStreamBuffer_1],Y
  1091 00:0260: C8           	iny
  1092 00:0261: C8           	iny
  1093 00:0262: 17 01        	ora	[<L41+pxStreamBuffer_1],Y
  1094 00:0264: D0 2C        	bne	L10131
  1095                        ;            #if ( configUSE_SB_COMPLETED_CALLBACK == 1 )
  Mon Sep 14 2026  7:48                                                                                                    Page 21


  1096                        ;            {
  1097                        ;                pxSendCallback = pxStreamBuffer->pxSendCompletedCallback;
  1098                        ;                pxReceiveCallback = pxStreamBuffer->pxReceiveCompletedCallback;
  1099                        ;            }
  1100                        ;            #endif
  1101                        ;
  1102                        ;            prvInitialiseNewStreamBuffer( pxStreamBuffer,
  1103                        ;                                          pxStreamBuffer->pucBuffer,
  1104                        ;                                          pxStreamBuffer->xLength,
  1105                        ;                                          pxStreamBuffer->xTriggerLevelBytes,
  1106                        ;                                          pxStreamBuffer->ucFlags,
  1107                        ;                                          pxSendCallback,
  1108                        ;                                          pxReceiveCallback );
  1109 00:0266: D4 09        	pei	<L41+pxReceiveCallback_1
  1110 00:0268: D4 07        	pei	<L41+pxSendCallback_1
  1111 00:026A: A0 14 00     	ldy	#$14
  1112 00:026D: B7 01        	lda	[<L41+pxStreamBuffer_1],Y
  1113 00:026F: 48           	pha
  1114 00:0270: A0 06 00     	ldy	#$6
  1115 00:0273: B7 01        	lda	[<L41+pxStreamBuffer_1],Y
  1116 00:0275: 48           	pha
  1117 00:0276: 88           	dey
  1118 00:0277: 88           	dey
  1119 00:0278: B7 01        	lda	[<L41+pxStreamBuffer_1],Y
  1120 00:027A: 48           	pha
  1121 00:027B: A0 12 00     	ldy	#$12
  1122 00:027E: B7 01        	lda	[<L41+pxStreamBuffer_1],Y
  1123 00:0280: 48           	pha
  1124 00:0281: 88           	dey
  1125 00:0282: 88           	dey
  1126 00:0283: B7 01        	lda	[<L41+pxStreamBuffer_1],Y
  1127 00:0285: 48           	pha
  1128 00:0286: D4 03        	pei	<L41+pxStreamBuffer_1+2
  1129 00:0288: D4 01        	pei	<L41+pxStreamBuffer_1
  1130 00:028A: 20 xx xx     	jsr	_~prvInitialiseNewStreamBuffer
  1131                        ;
  1132                        ;            #if ( configUSE_TRACE_FACILITY == 1 )
  1133                        ;            {
  1134                        ;                pxStreamBuffer->uxStreamBufferNumber = uxStreamBufferNumber;
  1135                        ;            }
  1136                        ;            #endif
  1137                        ;
  1138                        ;            traceSTREAM_BUFFER_RESET( xStreamBuffer );
  1139                        ;
  1140                        ;            xReturn = pdPASS;
  1141 00:028D: A9 01 00     	lda	#$1
  1142 00:0290: 85 05        	sta	<L41+xReturn_1
  1143                        ;        }
  1144                        ;    }
  1145                        ;    taskEXIT_CRITICAL();
  1146                        L10131:
  1147                        ;
  1148                        ;    traceRETURN_xStreamBufferReset( xReturn );
  1149                        ;
  1150                        ;    return xReturn;
  1151 00:0292: A5 05        	lda	<L41+xReturn_1
  1152 00:0294: A8           	tay
  1153 00:0295: A5 0B        	lda	<L40+1
  Mon Sep 14 2026  7:48                                                                                                    Page 22


  1154 00:0297: 85 0F        	sta	<L40+1+4
  1155 00:0299: 2B           	pld
  1156 00:029A: 3B           	tsc
  1157 00:029B: 18           	clc
  1158 00:029C: 69 0E 00     	adc	#L40+4
  1159 00:029F: 1B           	tcs
  1160 00:02A0: 98           	tya
  1161 00:02A1: 60           	rts
  1162                        ;}
  1163             0000000A   L40	equ	10
  1164             00000001   L41	equ	1
  1165                        	ends
  1166                        	efunc
  1167                        ;/*-----------------------------------------------------------*/
  1168                        ;
  1169                        ;BaseType_t xStreamBufferResetFromISR( StreamBufferHandle_t xStreamBuffer )
  1170                        ;{
  1171                        	code
  1172                        	xdef	_~xStreamBufferResetFromISR
  1173                        	func
  1174                        _~xStreamBufferResetFromISR:
  1175                        	longa	on
  1176                        	longi	on
  1177 00:02A2: 3B           	tsc
  1178 00:02A3: 38           	sec
  1179 00:02A4: E9 0C 00     	sbc	#L46
  1180 00:02A7: 1B           	tcs
  1181 00:02A8: 0B           	phd
  1182 00:02A9: 5B           	tcd
  1183             00000003   xStreamBuffer_0	set	3
  1184                        ;    StreamBuffer_t * const pxStreamBuffer = xStreamBuffer;
  1185                        ;    BaseType_t xReturn = pdFAIL;
  1186                        ;//    StreamBufferCallbackFunction_t pxSendCallback = NULL, pxReceiveCallback = NULL;
  1187                        ;    StreamBufferCallbackFunction_t pxSendCallback = 0, pxReceiveCallback = 0;
  1188                        ;    UBaseType_t uxSavedInterruptStatus;
  1189                        ;
  1190                        ;    #if ( configUSE_TRACE_FACILITY == 1 )
  1191                        ;        UBaseType_t uxStreamBufferNumber;
  1192                        ;    #endif
  1193                        ;
  1194                        ;    traceENTER_xStreamBufferResetFromISR( xStreamBuffer );
  1195             00000000   pxStreamBuffer_1	set	0
  1196             00000004   xReturn_1	set	4
  1197             00000006   pxSendCallback_1	set	6
  1198             00000008   pxReceiveCallback_1	set	8
  1199             0000000A   uxSavedInterruptStatus_1	set	10
  1200 00:02AA: A5 0F        	lda	<L46+xStreamBuffer_0
  1201 00:02AC: 85 01        	sta	<L47+pxStreamBuffer_1
  1202 00:02AE: A5 11        	lda	<L46+xStreamBuffer_0+2
  1203 00:02B0: 85 03        	sta	<L47+pxStreamBuffer_1+2
  1204 00:02B2: 64 05        	stz	<L47+xReturn_1
  1205 00:02B4: 64 07        	stz	<L47+pxSendCallback_1
  1206 00:02B6: 64 09        	stz	<L47+pxReceiveCallback_1
  1207                        ;
  1208                        ;    configASSERT( pxStreamBuffer );
  1209 00:02B8: A5 01        	lda	<L47+pxStreamBuffer_1
  1210 00:02BA: 05 03        	ora	<L47+pxStreamBuffer_1+2
  1211 00:02BC: D0 02        	bne	L10133
  Mon Sep 14 2026  7:48                                                                                                    Page 23


  1212                        L10137:
  1213 00:02BE: 80 FE        	bra	L10137
  1214                        L10133:
  1215                        ;
  1216                        ;    #if ( configUSE_TRACE_FACILITY == 1 )
  1217                        ;    {
  1218                        ;        /* Store the stream buffer number so it can be restored after the
  1219                        ;         * reset. */
  1220                        ;        uxStreamBufferNumber = pxStreamBuffer->uxStreamBufferNumber;
  1221                        ;    }
  1222                        ;    #endif
  1223                        ;
  1224                        ;    /* Can only reset a message buffer if there are no tasks blocked on it. */
  1225                        ;    /* MISRA Ref 4.7.1 [Return value shall be checked] */
  1226                        ;    /* More details at: https://github.com/FreeRTOS/FreeRTOS-Kernel/blob/main/MISRA.md#dir-47 */
  1227                        ;    /* coverity[misra_c_2012_directive_4_7_violation] */
  1228                        ;    uxSavedInterruptStatus = taskENTER_CRITICAL_FROM_ISR();
  1229 00:02C0: 64 0B        	stz	<L47+uxSavedInterruptStatus_1
  1230                        ;    {
  1231                        ;        if( ( pxStreamBuffer->xTaskWaitingToReceive == NULL ) && ( pxStreamBuffer->xTaskWaitingToSend
                     == NULL ) )
  1232                        ;        {
  1233 00:02C2: A0 08 00     	ldy	#$8
  1234 00:02C5: B7 01        	lda	[<L47+pxStreamBuffer_1],Y
  1235 00:02C7: C8           	iny
  1236 00:02C8: C8           	iny
  1237 00:02C9: 17 01        	ora	[<L47+pxStreamBuffer_1],Y
  1238 00:02CB: D0 36        	bne	L10140
  1239 00:02CD: C8           	iny
  1240 00:02CE: C8           	iny
  1241 00:02CF: B7 01        	lda	[<L47+pxStreamBuffer_1],Y
  1242 00:02D1: C8           	iny
  1243 00:02D2: C8           	iny
  1244 00:02D3: 17 01        	ora	[<L47+pxStreamBuffer_1],Y
  1245 00:02D5: D0 2C        	bne	L10140
  1246                        ;            #if ( configUSE_SB_COMPLETED_CALLBACK == 1 )
  1247                        ;            {
  1248                        ;                pxSendCallback = pxStreamBuffer->pxSendCompletedCallback;
  1249                        ;                pxReceiveCallback = pxStreamBuffer->pxReceiveCompletedCallback;
  1250                        ;            }
  1251                        ;            #endif
  1252                        ;
  1253                        ;            prvInitialiseNewStreamBuffer( pxStreamBuffer,
  1254                        ;                                          pxStreamBuffer->pucBuffer,
  1255                        ;                                          pxStreamBuffer->xLength,
  1256                        ;                                          pxStreamBuffer->xTriggerLevelBytes,
  1257                        ;                                          pxStreamBuffer->ucFlags,
  1258                        ;                                          pxSendCallback,
  1259                        ;                                          pxReceiveCallback );
  1260 00:02D7: D4 09        	pei	<L47+pxReceiveCallback_1
  1261 00:02D9: D4 07        	pei	<L47+pxSendCallback_1
  1262 00:02DB: A0 14 00     	ldy	#$14
  1263 00:02DE: B7 01        	lda	[<L47+pxStreamBuffer_1],Y
  1264 00:02E0: 48           	pha
  1265 00:02E1: A0 06 00     	ldy	#$6
  1266 00:02E4: B7 01        	lda	[<L47+pxStreamBuffer_1],Y
  1267 00:02E6: 48           	pha
  1268 00:02E7: 88           	dey
  Mon Sep 14 2026  7:48                                                                                                    Page 24


  1269 00:02E8: 88           	dey
  1270 00:02E9: B7 01        	lda	[<L47+pxStreamBuffer_1],Y
  1271 00:02EB: 48           	pha
  1272 00:02EC: A0 12 00     	ldy	#$12
  1273 00:02EF: B7 01        	lda	[<L47+pxStreamBuffer_1],Y
  1274 00:02F1: 48           	pha
  1275 00:02F2: 88           	dey
  1276 00:02F3: 88           	dey
  1277 00:02F4: B7 01        	lda	[<L47+pxStreamBuffer_1],Y
  1278 00:02F6: 48           	pha
  1279 00:02F7: D4 03        	pei	<L47+pxStreamBuffer_1+2
  1280 00:02F9: D4 01        	pei	<L47+pxStreamBuffer_1
  1281 00:02FB: 20 xx xx     	jsr	_~prvInitialiseNewStreamBuffer
  1282                        ;
  1283                        ;            #if ( configUSE_TRACE_FACILITY == 1 )
  1284                        ;            {
  1285                        ;                pxStreamBuffer->uxStreamBufferNumber = uxStreamBufferNumber;
  1286                        ;            }
  1287                        ;            #endif
  1288                        ;
  1289                        ;            traceSTREAM_BUFFER_RESET_FROM_ISR( xStreamBuffer );
  1290                        ;
  1291                        ;            xReturn = pdPASS;
  1292 00:02FE: A9 01 00     	lda	#$1
  1293 00:0301: 85 05        	sta	<L47+xReturn_1
  1294                        ;        }
  1295                        ;    }
  1296                        L10140:
  1297                        ;    taskEXIT_CRITICAL_FROM_ISR( uxSavedInterruptStatus );
  1298                        ;
  1299                        ;    traceRETURN_xStreamBufferResetFromISR( xReturn );
  1300                        ;
  1301                        ;    return xReturn;
  1302 00:0303: A5 05        	lda	<L47+xReturn_1
  1303 00:0305: A8           	tay
  1304 00:0306: A5 0D        	lda	<L46+1
  1305 00:0308: 85 11        	sta	<L46+1+4
  1306 00:030A: 2B           	pld
  1307 00:030B: 3B           	tsc
  1308 00:030C: 18           	clc
  1309 00:030D: 69 10 00     	adc	#L46+4
  1310 00:0310: 1B           	tcs
  1311 00:0311: 98           	tya
  1312 00:0312: 60           	rts
  1313                        ;}
  1314             0000000C   L46	equ	12
  1315             00000001   L47	equ	1
  1316                        	ends
  1317                        	efunc
  1318                        ;/*-----------------------------------------------------------*/
  1319                        ;
  1320                        ;BaseType_t xStreamBufferSetTriggerLevel( StreamBufferHandle_t xStreamBuffer,
  1321                        ;                                         size_t xTriggerLevel )
  1322                        ;{
  1323                        	code
  1324                        	xdef	_~xStreamBufferSetTriggerLevel
  1325                        	func
  1326                        _~xStreamBufferSetTriggerLevel:
  Mon Sep 14 2026  7:48                                                                                                    Page 25


  1327                        	longa	on
  1328                        	longi	on
  1329 00:0313: 3B           	tsc
  1330 00:0314: 38           	sec
  1331 00:0315: E9 06 00     	sbc	#L52
  1332 00:0318: 1B           	tcs
  1333 00:0319: 0B           	phd
  1334 00:031A: 5B           	tcd
  1335             00000003   xStreamBuffer_0	set	3
  1336             00000007   xTriggerLevel_0	set	7
  1337                        ;    StreamBuffer_t * const pxStreamBuffer = xStreamBuffer;
  1338                        ;    BaseType_t xReturn;
  1339                        ;
  1340                        ;    traceENTER_xStreamBufferSetTriggerLevel( xStreamBuffer, xTriggerLevel );
  1341             00000000   pxStreamBuffer_1	set	0
  1342             00000004   xReturn_1	set	4
  1343 00:031B: A5 09        	lda	<L52+xStreamBuffer_0
  1344 00:031D: 85 01        	sta	<L53+pxStreamBuffer_1
  1345 00:031F: A5 0B        	lda	<L52+xStreamBuffer_0+2
  1346 00:0321: 85 03        	sta	<L53+pxStreamBuffer_1+2
  1347                        ;
  1348                        ;    configASSERT( pxStreamBuffer );
  1349 00:0323: A5 01        	lda	<L53+pxStreamBuffer_1
  1350 00:0325: 05 03        	ora	<L53+pxStreamBuffer_1+2
  1351 00:0327: D0 02        	bne	L10141
  1352                        L10145:
  1353 00:0329: 80 FE        	bra	L10145
  1354                        L10141:
  1355                        ;
  1356                        ;    /* It is not valid for the trigger level to be 0. */
  1357                        ;    if( xTriggerLevel == ( size_t ) 0 )
  1358                        ;    {
  1359 00:032B: A5 0D        	lda	<L52+xTriggerLevel_0
  1360 00:032D: D0 05        	bne	L10148
  1361                        ;        xTriggerLevel = ( size_t ) 1;
  1362 00:032F: A9 01 00     	lda	#$1
  1363 00:0332: 85 0D        	sta	<L52+xTriggerLevel_0
  1364                        ;    }
  1365                        ;
  1366                        ;    /* The trigger level is the number of bytes that must be in the stream
  1367                        ;     * buffer before a task that is waiting for data is unblocked. */
  1368                        ;    if( xTriggerLevel < pxStreamBuffer->xLength )
  1369                        L10148:
  1370                        ;    {
  1371 00:0334: A5 0D        	lda	<L52+xTriggerLevel_0
  1372 00:0336: A0 04 00     	ldy	#$4
  1373 00:0339: D7 01        	cmp	[<L53+pxStreamBuffer_1],Y
  1374 00:033B: B0 0D        	bcs	L10149
  1375                        ;        pxStreamBuffer->xTriggerLevelBytes = xTriggerLevel;
  1376 00:033D: A5 0D        	lda	<L52+xTriggerLevel_0
  1377 00:033F: C8           	iny
  1378 00:0340: C8           	iny
  1379 00:0341: 97 01        	sta	[<L53+pxStreamBuffer_1],Y
  1380                        ;        xReturn = pdPASS;
  1381 00:0343: A9 01 00     	lda	#$1
  1382 00:0346: 85 05        	sta	<L53+xReturn_1
  1383                        ;    }
  1384                        ;    else
  Mon Sep 14 2026  7:48                                                                                                    Page 26


  1385 00:0348: 80 02        	bra	L10150
  1386                        L10149:
  1387                        ;    {
  1388                        ;        xReturn = pdFALSE;
  1389 00:034A: 64 05        	stz	<L53+xReturn_1
  1390                        ;    }
  1391                        L10150:
  1392                        ;
  1393                        ;    traceRETURN_xStreamBufferSetTriggerLevel( xReturn );
  1394                        ;
  1395                        ;    return xReturn;
  1396 00:034C: A5 05        	lda	<L53+xReturn_1
  1397 00:034E: A8           	tay
  1398 00:034F: A5 07        	lda	<L52+1
  1399 00:0351: 85 0D        	sta	<L52+1+6
  1400 00:0353: 2B           	pld
  1401 00:0354: 3B           	tsc
  1402 00:0355: 18           	clc
  1403 00:0356: 69 0C 00     	adc	#L52+6
  1404 00:0359: 1B           	tcs
  1405 00:035A: 98           	tya
  1406 00:035B: 60           	rts
  1407                        ;}
  1408             00000006   L52	equ	6
  1409             00000001   L53	equ	1
  1410                        	ends
  1411                        	efunc
  1412                        ;/*-----------------------------------------------------------*/
  1413                        ;
  1414                        ;size_t xStreamBufferSpacesAvailable( StreamBufferHandle_t xStreamBuffer )
  1415                        ;{
  1416                        	code
  1417                        	xdef	_~xStreamBufferSpacesAvailable
  1418                        	func
  1419                        _~xStreamBufferSpacesAvailable:
  1420                        	longa	on
  1421                        	longi	on
  1422 00:035C: 3B           	tsc
  1423 00:035D: 38           	sec
  1424 00:035E: E9 08 00     	sbc	#L58
  1425 00:0361: 1B           	tcs
  1426 00:0362: 0B           	phd
  1427 00:0363: 5B           	tcd
  1428             00000003   xStreamBuffer_0	set	3
  1429                        ;    const StreamBuffer_t * const pxStreamBuffer = xStreamBuffer;
  1430                        ;    size_t xSpace;
  1431                        ;    size_t xOriginalTail;
  1432                        ;
  1433                        ;    traceENTER_xStreamBufferSpacesAvailable( xStreamBuffer );
  1434             00000000   pxStreamBuffer_1	set	0
  1435             00000004   xSpace_1	set	4
  1436             00000006   xOriginalTail_1	set	6
  1437 00:0364: A5 0B        	lda	<L58+xStreamBuffer_0
  1438 00:0366: 85 01        	sta	<L59+pxStreamBuffer_1
  1439 00:0368: A5 0D        	lda	<L58+xStreamBuffer_0+2
  1440 00:036A: 85 03        	sta	<L59+pxStreamBuffer_1+2
  1441                        ;
  1442                        ;    configASSERT( pxStreamBuffer );
  Mon Sep 14 2026  7:48                                                                                                    Page 27


  1443 00:036C: A5 01        	lda	<L59+pxStreamBuffer_1
  1444 00:036E: 05 03        	ora	<L59+pxStreamBuffer_1+2
  1445 00:0370: D0 02        	bne	L10160
  1446                        L10155:
  1447 00:0372: 80 FE        	bra	L10155
  1448                        ;
  1449                        ;    /* The code below reads xTail and then xHead.  This is safe if the stream
  1450                        ;     * buffer is updated once between the two reads - but not if the stream buffer
  1451                        ;     * is updated more than once between the two reads - hence the loop. */
  1452                        ;    do
  1453                        L10160:
  1454                        ;    {
  1455                        ;        xOriginalTail = pxStreamBuffer->xTail;
  1456 00:0374: A7 01        	lda	[<L59+pxStreamBuffer_1]
  1457 00:0376: 85 07        	sta	<L59+xOriginalTail_1
  1458                        ;        xSpace = pxStreamBuffer->xLength + pxStreamBuffer->xTail;
  1459 00:0378: 18           	clc
  1460 00:0379: A0 04 00     	ldy	#$4
  1461 00:037C: B7 01        	lda	[<L59+pxStreamBuffer_1],Y
  1462 00:037E: 67 01        	adc	[<L59+pxStreamBuffer_1]
  1463 00:0380: 85 05        	sta	<L59+xSpace_1
  1464                        ;        xSpace -= pxStreamBuffer->xHead;
  1465 00:0382: 38           	sec
  1466 00:0383: 88           	dey
  1467 00:0384: 88           	dey
  1468 00:0385: F7 01        	sbc	[<L59+pxStreamBuffer_1],Y
  1469 00:0387: 85 05        	sta	<L59+xSpace_1
  1470                        ;    } while( xOriginalTail != pxStreamBuffer->xTail );
  1471 00:0389: A5 07        	lda	<L59+xOriginalTail_1
  1472 00:038B: C7 01        	cmp	[<L59+pxStreamBuffer_1]
  1473 00:038D: D0 E5        	bne	L10160
  1474                        ;
  1475                        ;    xSpace -= ( size_t ) 1;
  1476 00:038F: C6 05        	dec	<L59+xSpace_1
  1477                        ;
  1478                        ;    if( xSpace >= pxStreamBuffer->xLength )
  1479                        ;    {
  1480 00:0391: A5 05        	lda	<L59+xSpace_1
  1481 00:0393: C8           	iny
  1482 00:0394: C8           	iny
  1483 00:0395: D7 01        	cmp	[<L59+pxStreamBuffer_1],Y
  1484 00:0397: 90 07        	bcc	L10162
  1485                        ;        xSpace -= pxStreamBuffer->xLength;
  1486 00:0399: 38           	sec
  1487 00:039A: A5 05        	lda	<L59+xSpace_1
  1488 00:039C: F7 01        	sbc	[<L59+pxStreamBuffer_1],Y
  1489 00:039E: 85 05        	sta	<L59+xSpace_1
  1490                        ;    }
  1491                        ;    else
  1492                        ;    {
  1493                        ;        mtCOVERAGE_TEST_MARKER();
  1494                        ;    }
  1495                        L10162:
  1496                        ;
  1497                        ;    traceRETURN_xStreamBufferSpacesAvailable( xSpace );
  1498                        ;
  1499                        ;    return xSpace;
  1500 00:03A0: A5 05        	lda	<L59+xSpace_1
  Mon Sep 14 2026  7:48                                                                                                    Page 28


  1501 00:03A2: A8           	tay
  1502 00:03A3: A5 09        	lda	<L58+1
  1503 00:03A5: 85 0D        	sta	<L58+1+4
  1504 00:03A7: 2B           	pld
  1505 00:03A8: 3B           	tsc
  1506 00:03A9: 18           	clc
  1507 00:03AA: 69 0C 00     	adc	#L58+4
  1508 00:03AD: 1B           	tcs
  1509 00:03AE: 98           	tya
  1510 00:03AF: 60           	rts
  1511                        ;}
  1512             00000008   L58	equ	8
  1513             00000001   L59	equ	1
  1514                        	ends
  1515                        	efunc
  1516                        ;/*-----------------------------------------------------------*/
  1517                        ;
  1518                        ;size_t xStreamBufferBytesAvailable( StreamBufferHandle_t xStreamBuffer )
  1519                        ;{
  1520                        	code
  1521                        	xdef	_~xStreamBufferBytesAvailable
  1522                        	func
  1523                        _~xStreamBufferBytesAvailable:
  1524                        	longa	on
  1525                        	longi	on
  1526 00:03B0: 3B           	tsc
  1527 00:03B1: 38           	sec
  1528 00:03B2: E9 06 00     	sbc	#L64
  1529 00:03B5: 1B           	tcs
  1530 00:03B6: 0B           	phd
  1531 00:03B7: 5B           	tcd
  1532             00000003   xStreamBuffer_0	set	3
  1533                        ;    const StreamBuffer_t * const pxStreamBuffer = xStreamBuffer;
  1534                        ;    size_t xReturn;
  1535                        ;
  1536                        ;    traceENTER_xStreamBufferBytesAvailable( xStreamBuffer );
  1537             00000000   pxStreamBuffer_1	set	0
  1538             00000004   xReturn_1	set	4
  1539 00:03B8: A5 09        	lda	<L64+xStreamBuffer_0
  1540 00:03BA: 85 01        	sta	<L65+pxStreamBuffer_1
  1541 00:03BC: A5 0B        	lda	<L64+xStreamBuffer_0+2
  1542 00:03BE: 85 03        	sta	<L65+pxStreamBuffer_1+2
  1543                        ;
  1544                        ;    configASSERT( pxStreamBuffer );
  1545 00:03C0: A5 01        	lda	<L65+pxStreamBuffer_1
  1546 00:03C2: 05 03        	ora	<L65+pxStreamBuffer_1+2
  1547 00:03C4: D0 02        	bne	L10163
  1548                        L10167:
  1549 00:03C6: 80 FE        	bra	L10167
  1550                        L10163:
  1551                        ;
  1552                        ;    xReturn = prvBytesInBuffer( pxStreamBuffer );
  1553 00:03C8: D4 03        	pei	<L65+pxStreamBuffer_1+2
  1554 00:03CA: D4 01        	pei	<L65+pxStreamBuffer_1
  1555 00:03CC: 20 xx xx     	jsr	_~prvBytesInBuffer
  1556 00:03CF: 85 05        	sta	<L65+xReturn_1
  1557                        ;
  1558                        ;    traceRETURN_xStreamBufferBytesAvailable( xReturn );
  Mon Sep 14 2026  7:48                                                                                                    Page 29


  1559                        ;
  1560                        ;    return xReturn;
  1561 00:03D1: A8           	tay
  1562 00:03D2: A5 07        	lda	<L64+1
  1563 00:03D4: 85 0B        	sta	<L64+1+4
  1564 00:03D6: 2B           	pld
  1565 00:03D7: 3B           	tsc
  1566 00:03D8: 18           	clc
  1567 00:03D9: 69 0A 00     	adc	#L64+4
  1568 00:03DC: 1B           	tcs
  1569 00:03DD: 98           	tya
  1570 00:03DE: 60           	rts
  1571                        ;}
  1572             00000006   L64	equ	6
  1573             00000001   L65	equ	1
  1574                        	ends
  1575                        	efunc
  1576                        ;/*-----------------------------------------------------------*/
  1577                        ;
  1578                        ;size_t xStreamBufferSend( StreamBufferHandle_t xStreamBuffer,
  1579                        ;                          const void * pvTxData,
  1580                        ;                          size_t xDataLengthBytes,
  1581                        ;                          TickType_t xTicksToWait )
  1582                        ;{
  1583                        	code
  1584                        	xdef	_~xStreamBufferSend
  1585                        	func
  1586                        _~xStreamBufferSend:
  1587                        	longa	on
  1588                        	longi	on
  1589 00:03DF: 3B           	tsc
  1590 00:03E0: 38           	sec
  1591 00:03E1: E9 16 00     	sbc	#L68
  1592 00:03E4: 1B           	tcs
  1593 00:03E5: 0B           	phd
  1594 00:03E6: 5B           	tcd
  1595             00000003   xStreamBuffer_0	set	3
  1596             00000007   pvTxData_0	set	7
  1597             0000000B   xDataLengthBytes_0	set	11
  1598             0000000D   xTicksToWait_0	set	13
  1599                        ;    StreamBuffer_t * const pxStreamBuffer = xStreamBuffer;
  1600                        ;    size_t xReturn, xSpace = 0;
  1601                        ;    size_t xRequiredSpace = xDataLengthBytes;
  1602                        ;    TimeOut_t xTimeOut;
  1603                        ;    size_t xMaxReportedSpace = 0;
  1604                        ;
  1605                        ;    traceENTER_xStreamBufferSend( xStreamBuffer, pvTxData, xDataLengthBytes, xTicksToWait );
  1606             00000000   pxStreamBuffer_1	set	0
  1607             00000004   xReturn_1	set	4
  1608             00000006   xSpace_1	set	6
  1609             00000008   xRequiredSpace_1	set	8
  1610             0000000A   xTimeOut_1	set	10
  1611             00000010   xMaxReportedSpace_1	set	16
  1612 00:03E7: A5 19        	lda	<L68+xStreamBuffer_0
  1613 00:03E9: 85 05        	sta	<L69+pxStreamBuffer_1
  1614 00:03EB: A5 1B        	lda	<L68+xStreamBuffer_0+2
  1615 00:03ED: 85 07        	sta	<L69+pxStreamBuffer_1+2
  1616 00:03EF: 64 0B        	stz	<L69+xSpace_1
  Mon Sep 14 2026  7:48                                                                                                    Page 30


  1617 00:03F1: A5 21        	lda	<L68+xDataLengthBytes_0
  1618 00:03F3: 85 0D        	sta	<L69+xRequiredSpace_1
  1619 00:03F5: 64 15        	stz	<L69+xMaxReportedSpace_1
  1620                        ;
  1621                        ;    configASSERT( pvTxData );
  1622 00:03F7: A5 1D        	lda	<L68+pvTxData_0
  1623 00:03F9: 05 1F        	ora	<L68+pvTxData_0+2
  1624 00:03FB: D0 02        	bne	L10170
  1625                        L10174:
  1626 00:03FD: 80 FE        	bra	L10174
  1627                        L10170:
  1628                        ;    configASSERT( pxStreamBuffer );
  1629 00:03FF: A5 05        	lda	<L69+pxStreamBuffer_1
  1630 00:0401: 05 07        	ora	<L69+pxStreamBuffer_1+2
  1631 00:0403: D0 02        	bne	L10177
  1632                        L10181:
  1633 00:0405: 80 FE        	bra	L10181
  1634                        L10177:
  1635                        ;
  1636                        ;    /* The maximum amount of space a stream buffer will ever report is its length
  1637                        ;     * minus 1. */
  1638                        ;    xMaxReportedSpace = pxStreamBuffer->xLength - ( size_t ) 1;
  1639 00:0407: 18           	clc
  1640 00:0408: A9 FF FF     	lda	#$ffff
  1641 00:040B: A0 04 00     	ldy	#$4
  1642 00:040E: 77 05        	adc	[<L69+pxStreamBuffer_1],Y
  1643 00:0410: 85 15        	sta	<L69+xMaxReportedSpace_1
  1644                        ;
  1645                        ;    /* This send function is used to write to both message buffers and stream
  1646                        ;     * buffers.  If this is a message buffer then the space needed must be
  1647                        ;     * increased by the amount of bytes needed to store the length of the
  1648                        ;     * message. */
  1649                        ;    if( ( pxStreamBuffer->ucFlags & sbFLAGS_IS_MESSAGE_BUFFER ) != ( uint8_t ) 0 )
  1650                        ;    {
  1651 00:0412: E2 20        	sep	#$20
  1652                        	longa	off
  1653 00:0414: A0 14 00     	ldy	#$14
  1654 00:0417: B7 05        	lda	[<L69+pxStreamBuffer_1],Y
  1655 00:0419: 29 01        	and	#<$1
  1656 00:041B: C2 20        	rep	#$20
  1657                        	longa	on
  1658 00:041D: F0 18        	beq	L10184
  1659                        ;        xRequiredSpace += sbBYTES_TO_STORE_MESSAGE_LENGTH;
  1660 00:041F: E6 0D        	inc	<L69+xRequiredSpace_1
  1661 00:0421: E6 0D        	inc	<L69+xRequiredSpace_1
  1662                        ;
  1663                        ;        /* Overflow? */
  1664                        ;        configASSERT( xRequiredSpace > xDataLengthBytes );
  1665 00:0423: A5 21        	lda	<L68+xDataLengthBytes_0
  1666 00:0425: C5 0D        	cmp	<L69+xRequiredSpace_1
  1667 00:0427: 90 02        	bcc	L10185
  1668                        L10189:
  1669 00:0429: 80 FE        	bra	L10189
  1670                        L10185:
  1671                        ;
  1672                        ;        /* If this is a message buffer then it must be possible to write the
  1673                        ;         * whole message. */
  1674                        ;        if( xRequiredSpace > xMaxReportedSpace )
  Mon Sep 14 2026  7:48                                                                                                    Page 31


  1675                        ;        {
  1676 00:042B: A5 15        	lda	<L69+xMaxReportedSpace_1
  1677 00:042D: C5 0D        	cmp	<L69+xRequiredSpace_1
  1678 00:042F: B0 10        	bcs	L10194
  1679                        ;            /* The message would not fit even if the entire buffer was empty,
  1680                        ;             * so don't wait for space. */
  1681                        ;            xTicksToWait = ( TickType_t ) 0;
  1682 00:0431: 64 23        	stz	<L68+xTicksToWait_0
  1683 00:0433: 64 25        	stz	<L68+xTicksToWait_0+2
  1684                        ;        }
  1685                        ;        else
  1686 00:0435: 80 0A        	bra	L10194
  1687                        ;        {
  1688                        ;            mtCOVERAGE_TEST_MARKER();
  1689                        ;        }
  1690                        ;    }
  1691                        ;    else
  1692                        L10184:
  1693                        ;    {
  1694                        ;        /* If this is a stream buffer then it is acceptable to write only part
  1695                        ;         * of the message to the buffer.  Cap the length to the total length of
  1696                        ;         * the buffer. */
  1697                        ;        if( xRequiredSpace > xMaxReportedSpace )
  1698                        ;        {
  1699 00:0437: A5 15        	lda	<L69+xMaxReportedSpace_1
  1700 00:0439: C5 0D        	cmp	<L69+xRequiredSpace_1
  1701 00:043B: B0 04        	bcs	L10194
  1702                        ;            xRequiredSpace = xMaxReportedSpace;
  1703 00:043D: A5 15        	lda	<L69+xMaxReportedSpace_1
  1704 00:043F: 85 0D        	sta	<L69+xRequiredSpace_1
  1705                        ;        }
  1706                        ;        else
  1707                        L10194:
  1708                        ;
  1709                        ;    if( xTicksToWait != ( TickType_t ) 0 )
  1710                        ;    {
  1711 00:0441: A5 23        	lda	<L68+xTicksToWait_0
  1712 00:0443: 05 25        	ora	<L68+xTicksToWait_0+2
  1713 00:0445: D0 03        	bne	*+5
  1714 00:0447: 82 91 00     	brl	L10219
  1715                        ;        {
  1716                        ;            mtCOVERAGE_TEST_MARKER();
  1717                        ;        }
  1718                        ;    }
  1719                        ;        vTaskSetTimeOutState( &xTimeOut );
  1720 00:044A: F4 00 00     	pea	#0
  1721 00:044D: 18           	clc
  1722 00:044E: 7B           	tdc
  1723 00:044F: 69 0F 00     	adc	#<L69+xTimeOut_1
  1724 00:0452: 48           	pha
  1725 00:0453: 20 xx xx     	jsr	_~vTaskSetTimeOutState
  1726                        ;
  1727                        ;        do
  1728                        ;        {
  1729                        ;            /* Wait until the required number of bytes are free in the message
  1730                        ;             * buffer. */
  1731                        ;            taskENTER_CRITICAL();
  1732 00:0456: 80 73        	bra	L10202
  Mon Sep 14 2026  7:48                                                                                                    Page 32


  1733                        L20002:
  1734                        ;                    /* Clear notification state as going to wait for space. */
  1735                        ;                    ( void ) xTaskNotifyStateClearIndexed( NULL, pxStreamBuffer->uxNotificationIndex 
                    );
  1736 00:0458: A0 15 00     	ldy	#$15
  1737 00:045B: B7 05        	lda	[<L69+pxStreamBuffer_1],Y
  1738 00:045D: 48           	pha
  1739 00:045E: F4 00 00     	pea	#^$0
  1740 00:0461: F4 00 00     	pea	#<$0
  1741 00:0464: 20 xx xx     	jsr	_~xTaskGenericNotifyStateClear
  1742 00:0467: 85 01        	sta	<R0
  1743                        ;
  1744                        ;                    /* Should only be one writer. */
  1745                        ;                    configASSERT( pxStreamBuffer->xTaskWaitingToSend == NULL );
  1746 00:0469: A0 0C 00     	ldy	#$c
  1747 00:046C: B7 05        	lda	[<L69+pxStreamBuffer_1],Y
  1748 00:046E: C8           	iny
  1749 00:046F: C8           	iny
  1750 00:0470: 17 05        	ora	[<L69+pxStreamBuffer_1],Y
  1751 00:0472: F0 02        	beq	L10205
  1752                        L10209:
  1753 00:0474: 80 FE        	bra	L10209
  1754                        L10205:
  1755                        ;                    pxStreamBuffer->xTaskWaitingToSend = xTaskGetCurrentTaskHandle();
  1756 00:0476: 20 xx xx     	jsr	_~xTaskGetCurrentTaskHandle
  1757 00:0479: 86 03        	stx	<R0+2
  1758 00:047B: A0 0C 00     	ldy	#$c
  1759 00:047E: 97 05        	sta	[<L69+pxStreamBuffer_1],Y
  1760 00:0480: A5 03        	lda	<R0+2
  1761 00:0482: C8           	iny
  1762 00:0483: C8           	iny
  1763 00:0484: 97 05        	sta	[<L69+pxStreamBuffer_1],Y
  1764                        ;                }
  1765                        ;                else
  1766                        ;
  1767                        ;            traceBLOCKING_ON_STREAM_BUFFER_SEND( xStreamBuffer );
  1768                        ;            ( void ) xTaskNotifyWaitIndexed( pxStreamBuffer->uxNotificationIndex, ( uint32_t ) 0, ( u
                    int32_t ) 0, NULL, xTicksToWait );
  1769 00:0486: D4 25        	pei	<L68+xTicksToWait_0+2
  1770 00:0488: D4 23        	pei	<L68+xTicksToWait_0
  1771 00:048A: F4 00 00     	pea	#^$0
  1772 00:048D: F4 00 00     	pea	#<$0
  1773 00:0490: F4 00 00     	pea	#^$0
  1774 00:0493: F4 00 00     	pea	#<$0
  1775 00:0496: F4 00 00     	pea	#^$0
  1776 00:0499: F4 00 00     	pea	#<$0
  1777 00:049C: A0 15 00     	ldy	#$15
  1778 00:049F: B7 05        	lda	[<L69+pxStreamBuffer_1],Y
  1779 00:04A1: 48           	pha
  1780 00:04A2: 20 xx xx     	jsr	_~xTaskGenericNotifyWait
  1781 00:04A5: 85 01        	sta	<R0
  1782                        ;            pxStreamBuffer->xTaskWaitingToSend = NULL;
  1783 00:04A7: A9 00 00     	lda	#$0
  1784 00:04AA: A0 0C 00     	ldy	#$c
  1785 00:04AD: 97 05        	sta	[<L69+pxStreamBuffer_1],Y
  1786 00:04AF: C8           	iny
  1787 00:04B0: C8           	iny
  1788 00:04B1: 97 05        	sta	[<L69+pxStreamBuffer_1],Y
  Mon Sep 14 2026  7:48                                                                                                    Page 33


  1789                        ;        } while( xTaskCheckForTimeOut( &xTimeOut, &xTicksToWait ) == pdFALSE );
  1790 00:04B3: F4 00 00     	pea	#0
  1791 00:04B6: 18           	clc
  1792 00:04B7: 7B           	tdc
  1793 00:04B8: 69 23 00     	adc	#<L68+xTicksToWait_0
  1794 00:04BB: 48           	pha
  1795 00:04BC: F4 00 00     	pea	#0
  1796 00:04BF: 18           	clc
  1797 00:04C0: 7B           	tdc
  1798 00:04C1: 69 0F 00     	adc	#<L69+xTimeOut_1
  1799 00:04C4: 48           	pha
  1800 00:04C5: 20 xx xx     	jsr	_~xTaskCheckForTimeOut
  1801 00:04C8: AA           	tax
  1802 00:04C9: D0 10        	bne	L10219
  1803                        L10202:
  1804                        ;            {
  1805                        ;                xSpace = xStreamBufferSpacesAvailable( pxStreamBuffer );
  1806 00:04CB: D4 07        	pei	<L69+pxStreamBuffer_1+2
  1807 00:04CD: D4 05        	pei	<L69+pxStreamBuffer_1
  1808 00:04CF: 20 xx xx     	jsr	_~xStreamBufferSpacesAvailable
  1809 00:04D2: 85 0B        	sta	<L69+xSpace_1
  1810                        ;
  1811                        ;                if( xSpace < xRequiredSpace )
  1812                        ;                {
  1813 00:04D4: C5 0D        	cmp	<L69+xRequiredSpace_1
  1814 00:04D6: B0 03        	bcs	*+5
  1815 00:04D8: 82 7D FF     	brl	L20002
  1816                        ;                {
  1817                        ;                    taskEXIT_CRITICAL();
  1818                        ;                    break;
  1819                        L10219:
  1820                        ;
  1821                        ;    if( xSpace == ( size_t ) 0 )
  1822                        ;    {
  1823 00:04DB: A5 0B        	lda	<L69+xSpace_1
  1824 00:04DD: D0 09        	bne	L10221
  1825                        ;                }
  1826                        ;            }
  1827                        ;            taskEXIT_CRITICAL();
  1828                        ;    }
  1829                        ;    else
  1830                        ;    {
  1831                        ;        mtCOVERAGE_TEST_MARKER();
  1832                        ;    }
  1833                        ;        xSpace = xStreamBufferSpacesAvailable( pxStreamBuffer );
  1834 00:04DF: D4 07        	pei	<L69+pxStreamBuffer_1+2
  1835 00:04E1: D4 05        	pei	<L69+pxStreamBuffer_1
  1836 00:04E3: 20 xx xx     	jsr	_~xStreamBufferSpacesAvailable
  1837 00:04E6: 85 0B        	sta	<L69+xSpace_1
  1838                        ;    }
  1839                        ;    else
  1840                        L10221:
  1841                        ;
  1842                        ;    xReturn = prvWriteMessageToBuffer( pxStreamBuffer, pvTxData, xDataLengthBytes, xSpace, xRequiredS
                    pace );
  1843 00:04E8: D4 0D        	pei	<L69+xRequiredSpace_1
  1844 00:04EA: D4 0B        	pei	<L69+xSpace_1
  1845 00:04EC: D4 21        	pei	<L68+xDataLengthBytes_0
  Mon Sep 14 2026  7:48                                                                                                    Page 34


  1846 00:04EE: D4 1F        	pei	<L68+pvTxData_0+2
  1847 00:04F0: D4 1D        	pei	<L68+pvTxData_0
  1848 00:04F2: D4 07        	pei	<L69+pxStreamBuffer_1+2
  1849 00:04F4: D4 05        	pei	<L69+pxStreamBuffer_1
  1850 00:04F6: 20 xx xx     	jsr	_~prvWriteMessageToBuffer
  1851 00:04F9: 85 09        	sta	<L69+xReturn_1
  1852                        ;
  1853                        ;    if( xReturn > ( size_t ) 0 )
  1854                        ;    {
  1855 00:04FB: A9 00 00     	lda	#$0
  1856 00:04FE: C5 09        	cmp	<L69+xReturn_1
  1857 00:0500: B0 54        	bcs	L10226
  1858                        ;    {
  1859                        ;        mtCOVERAGE_TEST_MARKER();
  1860                        ;    }
  1861                        ;        traceSTREAM_BUFFER_SEND( xStreamBuffer, xReturn );
  1862                        ;
  1863                        ;        /* Was a task waiting for the data? */
  1864                        ;        if( prvBytesInBufferMeetTriggerLevel( pxStreamBuffer, prvBytesInBuffer( pxStreamBuffer ) ) !=
                     pdFALSE )
  1865                        ;        {
  1866 00:0502: D4 07        	pei	<L69+pxStreamBuffer_1+2
  1867 00:0504: D4 05        	pei	<L69+pxStreamBuffer_1
  1868 00:0506: 20 xx xx     	jsr	_~prvBytesInBuffer
  1869 00:0509: 48           	pha
  1870 00:050A: D4 07        	pei	<L69+pxStreamBuffer_1+2
  1871 00:050C: D4 05        	pei	<L69+pxStreamBuffer_1
  1872 00:050E: 20 xx xx     	jsr	_~prvBytesInBufferMeetTriggerLevel
  1873 00:0511: AA           	tax
  1874 00:0512: F0 42        	beq	L10226
  1875                        ;            prvSEND_COMPLETED( pxStreamBuffer );
  1876 00:0514: 20 xx xx     	jsr	_~vTaskSuspendAll
  1877 00:0517: A0 08 00     	ldy	#$8
  1878 00:051A: B7 05        	lda	[<L69+pxStreamBuffer_1],Y
  1879 00:051C: C8           	iny
  1880 00:051D: C8           	iny
  1881 00:051E: 17 05        	ora	[<L69+pxStreamBuffer_1],Y
  1882 00:0520: F0 31        	beq	L10224
  1883 00:0522: F4 00 00     	pea	#^$0
  1884 00:0525: F4 00 00     	pea	#<$0
  1885 00:0528: F4 00 00     	pea	#<$0
  1886 00:052B: F4 00 00     	pea	#^$0
  1887 00:052E: F4 00 00     	pea	#<$0
  1888 00:0531: A0 15 00     	ldy	#$15
  1889 00:0534: B7 05        	lda	[<L69+pxStreamBuffer_1],Y
  1890 00:0536: 48           	pha
  1891 00:0537: A0 0A 00     	ldy	#$a
  1892 00:053A: B7 05        	lda	[<L69+pxStreamBuffer_1],Y
  1893 00:053C: 48           	pha
  1894 00:053D: 88           	dey
  1895 00:053E: 88           	dey
  1896 00:053F: B7 05        	lda	[<L69+pxStreamBuffer_1],Y
  1897 00:0541: 48           	pha
  1898 00:0542: 20 xx xx     	jsr	_~xTaskGenericNotify
  1899 00:0545: 85 01        	sta	<R0
  1900 00:0547: A9 00 00     	lda	#$0
  1901 00:054A: A0 08 00     	ldy	#$8
  1902 00:054D: 97 05        	sta	[<L69+pxStreamBuffer_1],Y
  Mon Sep 14 2026  7:48                                                                                                    Page 35


  1903 00:054F: C8           	iny
  1904 00:0550: C8           	iny
  1905 00:0551: 97 05        	sta	[<L69+pxStreamBuffer_1],Y
  1906                        L10224:
  1907 00:0553: 20 xx xx     	jsr	_~xTaskResumeAll
  1908                        ;        }
  1909                        ;        else
  1910                        L10226:
  1911                        ;
  1912                        ;    traceRETURN_xStreamBufferSend( xReturn );
  1913                        ;
  1914                        ;    return xReturn;
  1915 00:0556: A5 09        	lda	<L69+xReturn_1
  1916 00:0558: A8           	tay
  1917 00:0559: A5 17        	lda	<L68+1
  1918 00:055B: 85 25        	sta	<L68+1+14
  1919 00:055D: 2B           	pld
  1920 00:055E: 3B           	tsc
  1921 00:055F: 18           	clc
  1922 00:0560: 69 24 00     	adc	#L68+14
  1923 00:0563: 1B           	tcs
  1924 00:0564: 98           	tya
  1925 00:0565: 60           	rts
  1926                        ;        {
  1927                        ;            mtCOVERAGE_TEST_MARKER();
  1928                        ;        }
  1929                        ;    }
  1930                        ;    else
  1931                        ;    {
  1932                        ;        mtCOVERAGE_TEST_MARKER();
  1933                        ;        traceSTREAM_BUFFER_SEND_FAILED( xStreamBuffer );
  1934                        ;    }
  1935                        ;}
  1936             00000016   L68	equ	22
  1937             00000005   L69	equ	5
  1938                        	ends
  1939                        	efunc
  1940                        ;/*-----------------------------------------------------------*/
  1941                        ;
  1942                        ;size_t xStreamBufferSendFromISR( StreamBufferHandle_t xStreamBuffer,
  1943                        ;                                 const void * pvTxData,
  1944                        ;                                 size_t xDataLengthBytes,
  1945                        ;                                 BaseType_t * const pxHigherPriorityTaskWoken )
  1946                        ;{
  1947                        	code
  1948                        	xdef	_~xStreamBufferSendFromISR
  1949                        	func
  1950                        _~xStreamBufferSendFromISR:
  1951                        	longa	on
  1952                        	longi	on
  1953 00:0566: 3B           	tsc
  1954 00:0567: 38           	sec
  1955 00:0568: E9 10 00     	sbc	#L85
  1956 00:056B: 1B           	tcs
  1957 00:056C: 0B           	phd
  1958 00:056D: 5B           	tcd
  1959             00000003   xStreamBuffer_0	set	3
  1960             00000007   pvTxData_0	set	7
  Mon Sep 14 2026  7:48                                                                                                    Page 36


  1961             0000000B   xDataLengthBytes_0	set	11
  1962             0000000D   pxHigherPriorityTaskWoken_0	set	13
  1963                        ;    StreamBuffer_t * const pxStreamBuffer = xStreamBuffer;
  1964                        ;    size_t xReturn, xSpace;
  1965                        ;    size_t xRequiredSpace = xDataLengthBytes;
  1966                        ;
  1967                        ;    traceENTER_xStreamBufferSendFromISR( xStreamBuffer, pvTxData, xDataLengthBytes, pxHigherPriorityT
                    askWoken );
  1968             00000000   pxStreamBuffer_1	set	0
  1969             00000004   xReturn_1	set	4
  1970             00000006   xSpace_1	set	6
  1971             00000008   xRequiredSpace_1	set	8
  1972 00:056E: A5 13        	lda	<L85+xStreamBuffer_0
  1973 00:0570: 85 05        	sta	<L86+pxStreamBuffer_1
  1974 00:0572: A5 15        	lda	<L85+xStreamBuffer_0+2
  1975 00:0574: 85 07        	sta	<L86+pxStreamBuffer_1+2
  1976 00:0576: A5 1B        	lda	<L85+xDataLengthBytes_0
  1977 00:0578: 85 0D        	sta	<L86+xRequiredSpace_1
  1978                        ;
  1979                        ;    configASSERT( pvTxData );
  1980 00:057A: A5 17        	lda	<L85+pvTxData_0
  1981 00:057C: 05 19        	ora	<L85+pvTxData_0+2
  1982 00:057E: D0 02        	bne	L10227
  1983                        L10231:
  1984 00:0580: 80 FE        	bra	L10231
  1985                        L10227:
  1986                        ;    configASSERT( pxStreamBuffer );
  1987 00:0582: A5 05        	lda	<L86+pxStreamBuffer_1
  1988 00:0584: 05 07        	ora	<L86+pxStreamBuffer_1+2
  1989 00:0586: D0 02        	bne	L10234
  1990                        L10238:
  1991 00:0588: 80 FE        	bra	L10238
  1992                        L10234:
  1993                        ;
  1994                        ;    /* This send function is used to write to both message buffers and stream
  1995                        ;     * buffers.  If this is a message buffer then the space needed must be
  1996                        ;     * increased by the amount of bytes needed to store the length of the
  1997                        ;     * message. */
  1998                        ;    if( ( pxStreamBuffer->ucFlags & sbFLAGS_IS_MESSAGE_BUFFER ) != ( uint8_t ) 0 )
  1999                        ;    {
  2000 00:058A: E2 20        	sep	#$20
  2001                        	longa	off
  2002 00:058C: A0 14 00     	ldy	#$14
  2003 00:058F: B7 05        	lda	[<L86+pxStreamBuffer_1],Y
  2004 00:0591: 29 01        	and	#<$1
  2005 00:0593: C2 20        	rep	#$20
  2006                        	longa	on
  2007 00:0595: F0 0C        	beq	L10249
  2008                        ;        xRequiredSpace += sbBYTES_TO_STORE_MESSAGE_LENGTH;
  2009 00:0597: E6 0D        	inc	<L86+xRequiredSpace_1
  2010 00:0599: E6 0D        	inc	<L86+xRequiredSpace_1
  2011                        ;
  2012                        ;        /* Overflow? */
  2013                        ;        configASSERT( xRequiredSpace > xDataLengthBytes );
  2014 00:059B: A5 1B        	lda	<L85+xDataLengthBytes_0
  2015 00:059D: C5 0D        	cmp	<L86+xRequiredSpace_1
  2016 00:059F: 90 02        	bcc	L10249
  2017                        L10246:
  Mon Sep 14 2026  7:48                                                                                                    Page 37


  2018 00:05A1: 80 FE        	bra	L10246
  2019                        ;    }
  2020                        ;    else
  2021                        ;    {
  2022                        ;        mtCOVERAGE_TEST_MARKER();
  2023                        ;    }
  2024                        L10249:
  2025                        ;
  2026                        ;    xSpace = xStreamBufferSpacesAvailable( pxStreamBuffer );
  2027 00:05A3: D4 07        	pei	<L86+pxStreamBuffer_1+2
  2028 00:05A5: D4 05        	pei	<L86+pxStreamBuffer_1
  2029 00:05A7: 20 xx xx     	jsr	_~xStreamBufferSpacesAvailable
  2030 00:05AA: 85 0B        	sta	<L86+xSpace_1
  2031                        ;    xReturn = prvWriteMessageToBuffer( pxStreamBuffer, pvTxData, xDataLengthBytes, xSpace, xRequiredS
                    pace );
  2032 00:05AC: D4 0D        	pei	<L86+xRequiredSpace_1
  2033 00:05AE: D4 0B        	pei	<L86+xSpace_1
  2034 00:05B0: D4 1B        	pei	<L85+xDataLengthBytes_0
  2035 00:05B2: D4 19        	pei	<L85+pvTxData_0+2
  2036 00:05B4: D4 17        	pei	<L85+pvTxData_0
  2037 00:05B6: D4 07        	pei	<L86+pxStreamBuffer_1+2
  2038 00:05B8: D4 05        	pei	<L86+pxStreamBuffer_1
  2039 00:05BA: 20 xx xx     	jsr	_~prvWriteMessageToBuffer
  2040 00:05BD: 85 09        	sta	<L86+xReturn_1
  2041                        ;
  2042                        ;    if( xReturn > ( size_t ) 0 )
  2043                        ;    {
  2044 00:05BF: A9 00 00     	lda	#$0
  2045 00:05C2: C5 09        	cmp	<L86+xReturn_1
  2046 00:05C4: B0 54        	bcs	L10257
  2047                        ;        /* Was a task waiting for the data? */
  2048                        ;        if( prvBytesInBufferMeetTriggerLevel( pxStreamBuffer, prvBytesInBuffer( pxStreamBuffer ) ) !=
                     pdFALSE )
  2049                        ;        {
  2050 00:05C6: D4 07        	pei	<L86+pxStreamBuffer_1+2
  2051 00:05C8: D4 05        	pei	<L86+pxStreamBuffer_1
  2052 00:05CA: 20 xx xx     	jsr	_~prvBytesInBuffer
  2053 00:05CD: 48           	pha
  2054 00:05CE: D4 07        	pei	<L86+pxStreamBuffer_1+2
  2055 00:05D0: D4 05        	pei	<L86+pxStreamBuffer_1
  2056 00:05D2: 20 xx xx     	jsr	_~prvBytesInBufferMeetTriggerLevel
  2057 00:05D5: AA           	tax
  2058 00:05D6: F0 42        	beq	L10257
  2059                        ;            /* MISRA Ref 4.7.1 [Return value shall be checked] */
  2060                        ;            /* More details at: https://github.com/FreeRTOS/FreeRTOS-Kernel/blob/main/MISRA.md#dir-47
                     */
  2061                        ;            /* coverity[misra_c_2012_directive_4_7_violation] */
  2062                        ;            prvSEND_COMPLETE_FROM_ISR( pxStreamBuffer, pxHigherPriorityTaskWoken );
  2063             0000000A   uxSavedInterruptStatus_2	set	10
  2064 00:05D8: 64 0F        	stz	<L86+uxSavedInterruptStatus_2
  2065 00:05DA: A0 08 00     	ldy	#$8
  2066 00:05DD: B7 05        	lda	[<L86+pxStreamBuffer_1],Y
  2067 00:05DF: C8           	iny
  2068 00:05E0: C8           	iny
  2069 00:05E1: 17 05        	ora	[<L86+pxStreamBuffer_1],Y
  2070 00:05E3: F0 35        	beq	L10257
  2071 00:05E5: D4 1F        	pei	<L85+pxHigherPriorityTaskWoken_0+2
  2072 00:05E7: D4 1D        	pei	<L85+pxHigherPriorityTaskWoken_0
  Mon Sep 14 2026  7:48                                                                                                    Page 38


  2073 00:05E9: F4 00 00     	pea	#^$0
  2074 00:05EC: F4 00 00     	pea	#<$0
  2075 00:05EF: F4 00 00     	pea	#<$0
  2076 00:05F2: F4 00 00     	pea	#^$0
  2077 00:05F5: F4 00 00     	pea	#<$0
  2078 00:05F8: A0 15 00     	ldy	#$15
  2079 00:05FB: B7 05        	lda	[<L86+pxStreamBuffer_1],Y
  2080 00:05FD: 48           	pha
  2081 00:05FE: A0 0A 00     	ldy	#$a
  2082 00:0601: B7 05        	lda	[<L86+pxStreamBuffer_1],Y
  2083 00:0603: 48           	pha
  2084 00:0604: 88           	dey
  2085 00:0605: 88           	dey
  2086 00:0606: B7 05        	lda	[<L86+pxStreamBuffer_1],Y
  2087 00:0608: 48           	pha
  2088 00:0609: 20 xx xx     	jsr	_~xTaskGenericNotifyFromISR
  2089 00:060C: 85 01        	sta	<R0
  2090 00:060E: A9 00 00     	lda	#$0
  2091 00:0611: A0 08 00     	ldy	#$8
  2092 00:0614: 97 05        	sta	[<L86+pxStreamBuffer_1],Y
  2093 00:0616: C8           	iny
  2094 00:0617: C8           	iny
  2095 00:0618: 97 05        	sta	[<L86+pxStreamBuffer_1],Y
  2096                        ;        }
  2097                        ;        else
  2098                        L10257:
  2099                        ;
  2100                        ;    traceSTREAM_BUFFER_SEND_FROM_ISR( xStreamBuffer, xReturn );
  2101                        ;    traceRETURN_xStreamBufferSendFromISR( xReturn );
  2102                        ;
  2103                        ;    return xReturn;
  2104 00:061A: A5 09        	lda	<L86+xReturn_1
  2105 00:061C: A8           	tay
  2106 00:061D: A5 11        	lda	<L85+1
  2107 00:061F: 85 1F        	sta	<L85+1+14
  2108 00:0621: 2B           	pld
  2109 00:0622: 3B           	tsc
  2110 00:0623: 18           	clc
  2111 00:0624: 69 1E 00     	adc	#L85+14
  2112 00:0627: 1B           	tcs
  2113 00:0628: 98           	tya
  2114 00:0629: 60           	rts
  2115                        ;        {
  2116                        ;            mtCOVERAGE_TEST_MARKER();
  2117                        ;        }
  2118                        ;    }
  2119                        ;    else
  2120                        ;    {
  2121                        ;        mtCOVERAGE_TEST_MARKER();
  2122                        ;    }
  2123                        ;}
  2124             00000010   L85	equ	16
  2125             00000005   L86	equ	5
  2126                        	ends
  2127                        	efunc
  2128                        ;/*-----------------------------------------------------------*/
  2129                        ;
  2130                        ;static size_t prvWriteMessageToBuffer( StreamBuffer_t * const pxStreamBuffer,
  Mon Sep 14 2026  7:48                                                                                                    Page 39


  2131                        ;                                       const void * pvTxData,
  2132                        ;                                       size_t xDataLengthBytes,
  2133                        ;                                       size_t xSpace,
  2134                        ;                                       size_t xRequiredSpace )
  2135                        ;{
  2136                        	code
  2137                        	func
  2138                        _~prvWriteMessageToBuffer:
  2139                        	longa	on
  2140                        	longi	on
  2141 00:062A: 3B           	tsc
  2142 00:062B: 38           	sec
  2143 00:062C: E9 04 00     	sbc	#L95
  2144 00:062F: 1B           	tcs
  2145 00:0630: 0B           	phd
  2146 00:0631: 5B           	tcd
  2147             00000003   pxStreamBuffer_0	set	3
  2148             00000007   pvTxData_0	set	7
  2149             0000000B   xDataLengthBytes_0	set	11
  2150             0000000D   xSpace_0	set	13
  2151             0000000F   xRequiredSpace_0	set	15
  2152                        ;    size_t xNextHead = pxStreamBuffer->xHead;
  2153                        ;    configMESSAGE_BUFFER_LENGTH_TYPE xMessageLength;
  2154                        ;
  2155                        ;    if( ( pxStreamBuffer->ucFlags & sbFLAGS_IS_MESSAGE_BUFFER ) != ( uint8_t ) 0 )
  2156             00000000   xNextHead_1	set	0
  2157             00000002   xMessageLength_1	set	2
  2158 00:0632: A0 02 00     	ldy	#$2
  2159 00:0635: B7 07        	lda	[<L95+pxStreamBuffer_0],Y
  2160 00:0637: 85 01        	sta	<L96+xNextHead_1
  2161                        ;    {
  2162 00:0639: E2 20        	sep	#$20
  2163                        	longa	off
  2164 00:063B: A0 14 00     	ldy	#$14
  2165 00:063E: B7 07        	lda	[<L95+pxStreamBuffer_0],Y
  2166 00:0640: 29 01        	and	#<$1
  2167 00:0642: C2 20        	rep	#$20
  2168                        	longa	on
  2169 00:0644: F0 2D        	beq	L10258
  2170                        ;        /* This is a message buffer, as opposed to a stream buffer. */
  2171                        ;
  2172                        ;        /* Convert xDataLengthBytes to the message length type. */
  2173                        ;        xMessageLength = ( configMESSAGE_BUFFER_LENGTH_TYPE ) xDataLengthBytes;
  2174 00:0646: A5 0F        	lda	<L95+xDataLengthBytes_0
  2175 00:0648: 85 03        	sta	<L96+xMessageLength_1
  2176                        ;
  2177                        ;        /* Ensure the data length given fits within configMESSAGE_BUFFER_LENGTH_TYPE. */
  2178                        ;        configASSERT( ( size_t ) xMessageLength == xDataLengthBytes );
  2179 00:064A: C5 0F        	cmp	<L95+xDataLengthBytes_0
  2180 00:064C: F0 02        	beq	L10259
  2181                        L10263:
  2182 00:064E: 80 FE        	bra	L10263
  2183                        L10259:
  2184                        ;
  2185                        ;        if( xSpace >= xRequiredSpace )
  2186                        ;        {
  2187 00:0650: A5 11        	lda	<L95+xSpace_0
  2188 00:0652: C5 13        	cmp	<L95+xRequiredSpace_0
  Mon Sep 14 2026  7:48                                                                                                    Page 40


  2189 00:0654: 90 19        	bcc	L10266
  2190                        ;            /* There is enough space to write both the message length and the message
  2191                        ;             * itself into the buffer.  Start by writing the length of the data, the data
  2192                        ;             * itself will be written later in this function. */
  2193                        ;            xNextHead = prvWriteBytesToBuffer( pxStreamBuffer, ( const uint8_t * ) &( xMessageLength 
                    ), sbBYTES_TO_STORE_MESSAGE_LENGTH, xNextHead );
  2194 00:0656: D4 01        	pei	<L96+xNextHead_1
  2195 00:0658: F4 02 00     	pea	#<$2
  2196 00:065B: F4 00 00     	pea	#0
  2197 00:065E: 18           	clc
  2198 00:065F: 7B           	tdc
  2199 00:0660: 69 03 00     	adc	#<L96+xMessageLength_1
  2200 00:0663: 48           	pha
  2201 00:0664: D4 09        	pei	<L95+pxStreamBuffer_0+2
  2202 00:0666: D4 07        	pei	<L95+pxStreamBuffer_0
  2203 00:0668: 20 xx xx     	jsr	_~prvWriteBytesToBuffer
  2204 00:066B: 85 01        	sta	<L96+xNextHead_1
  2205                        ;        }
  2206                        ;        else
  2207 00:066D: 80 12        	bra	L10268
  2208                        L10266:
  2209                        ;        {
  2210                        ;            /* Not enough space, so do not write data to the buffer. */
  2211                        ;            xDataLengthBytes = 0;
  2212 00:066F: 64 0F        	stz	<L95+xDataLengthBytes_0
  2213                        ;        }
  2214                        ;    }
  2215                        ;    else
  2216 00:0671: 80 0E        	bra	L10268
  2217                        L10258:
  2218                        ;    {
  2219                        ;        /* This is a stream buffer, as opposed to a message buffer, so writing a
  2220                        ;         * stream of bytes rather than discrete messages.  Plan to write as many
  2221                        ;         * bytes as possible. */
  2222                        ;        xDataLengthBytes = configMIN( xDataLengthBytes, xSpace );
  2223 00:0673: A5 0F        	lda	<L95+xDataLengthBytes_0
  2224 00:0675: C5 11        	cmp	<L95+xSpace_0
  2225 00:0677: B0 04        	bcs	L100
  2226 00:0679: A5 0F        	lda	<L95+xDataLengthBytes_0
  2227 00:067B: 80 02        	bra	L102
  2228                        L100:
  2229 00:067D: A5 11        	lda	<L95+xSpace_0
  2230                        L102:
  2231 00:067F: 85 0F        	sta	<L95+xDataLengthBytes_0
  2232                        ;    }
  2233                        L10268:
  2234                        ;
  2235                        ;    if( xDataLengthBytes != ( size_t ) 0 )
  2236                        ;    {
  2237 00:0681: A5 0F        	lda	<L95+xDataLengthBytes_0
  2238 00:0683: F0 14        	beq	L10269
  2239                        ;        /* Write the data to the buffer. */
  2240                        ;        /* MISRA Ref 11.5.5 [Void pointer assignment] */
  2241                        ;        /* More details at: https://github.com/FreeRTOS/FreeRTOS-Kernel/blob/main/MISRA.md#rule-115 *
                    /
  2242                        ;        /* coverity[misra_c_2012_rule_11_5_violation] */
  2243                        ;        pxStreamBuffer->xHead = prvWriteBytesToBuffer( pxStreamBuffer, ( const uint8_t * ) pvTxData, 
                    xDataLengthBytes, xNextHead );
  Mon Sep 14 2026  7:48                                                                                                    Page 41


  2244 00:0685: D4 01        	pei	<L96+xNextHead_1
  2245 00:0687: D4 0F        	pei	<L95+xDataLengthBytes_0
  2246 00:0689: D4 0D        	pei	<L95+pvTxData_0+2
  2247 00:068B: D4 0B        	pei	<L95+pvTxData_0
  2248 00:068D: D4 09        	pei	<L95+pxStreamBuffer_0+2
  2249 00:068F: D4 07        	pei	<L95+pxStreamBuffer_0
  2250 00:0691: 20 xx xx     	jsr	_~prvWriteBytesToBuffer
  2251 00:0694: A0 02 00     	ldy	#$2
  2252 00:0697: 97 07        	sta	[<L95+pxStreamBuffer_0],Y
  2253                        ;    }
  2254                        ;
  2255                        ;    return xDataLengthBytes;
  2256                        L10269:
  2257 00:0699: A5 0F        	lda	<L95+xDataLengthBytes_0
  2258 00:069B: A8           	tay
  2259 00:069C: A5 05        	lda	<L95+1
  2260 00:069E: 85 13        	sta	<L95+1+14
  2261 00:06A0: 2B           	pld
  2262 00:06A1: 3B           	tsc
  2263 00:06A2: 18           	clc
  2264 00:06A3: 69 12 00     	adc	#L95+14
  2265 00:06A6: 1B           	tcs
  2266 00:06A7: 98           	tya
  2267 00:06A8: 60           	rts
  2268                        ;}
  2269             00000004   L95	equ	4
  2270             00000001   L96	equ	1
  2271                        	ends
  2272                        	efunc
  2273                        ;/*-----------------------------------------------------------*/
  2274                        ;
  2275                        ;size_t xStreamBufferReceive( StreamBufferHandle_t xStreamBuffer,
  2276                        ;                             void * pvRxData,
  2277                        ;                             size_t xBufferLengthBytes,
  2278                        ;                             TickType_t xTicksToWait )
  2279                        ;{
  2280                        	code
  2281                        	xdef	_~xStreamBufferReceive
  2282                        	func
  2283                        _~xStreamBufferReceive:
  2284                        	longa	on
  2285                        	longi	on
  2286 00:06A9: 3B           	tsc
  2287 00:06AA: 38           	sec
  2288 00:06AB: E9 0E 00     	sbc	#L105
  2289 00:06AE: 1B           	tcs
  2290 00:06AF: 0B           	phd
  2291 00:06B0: 5B           	tcd
  2292             00000003   xStreamBuffer_0	set	3
  2293             00000007   pvRxData_0	set	7
  2294             0000000B   xBufferLengthBytes_0	set	11
  2295             0000000D   xTicksToWait_0	set	13
  2296                        ;    StreamBuffer_t * const pxStreamBuffer = xStreamBuffer;
  2297                        ;    size_t xReceivedLength = 0, xBytesAvailable, xBytesToStoreMessageLength;
  2298                        ;
  2299                        ;    traceENTER_xStreamBufferReceive( xStreamBuffer, pvRxData, xBufferLengthBytes, xTicksToWait );
  2300             00000000   pxStreamBuffer_1	set	0
  2301             00000004   xReceivedLength_1	set	4
  Mon Sep 14 2026  7:48                                                                                                    Page 42


  2302             00000006   xBytesAvailable_1	set	6
  2303             00000008   xBytesToStoreMessageLength_1	set	8
  2304 00:06B1: A5 11        	lda	<L105+xStreamBuffer_0
  2305 00:06B3: 85 05        	sta	<L106+pxStreamBuffer_1
  2306 00:06B5: A5 13        	lda	<L105+xStreamBuffer_0+2
  2307 00:06B7: 85 07        	sta	<L106+pxStreamBuffer_1+2
  2308 00:06B9: 64 09        	stz	<L106+xReceivedLength_1
  2309                        ;
  2310                        ;    configASSERT( pvRxData );
  2311 00:06BB: A5 15        	lda	<L105+pvRxData_0
  2312 00:06BD: 05 17        	ora	<L105+pvRxData_0+2
  2313 00:06BF: D0 02        	bne	L10270
  2314                        L10274:
  2315 00:06C1: 80 FE        	bra	L10274
  2316                        L10270:
  2317                        ;    configASSERT( pxStreamBuffer );
  2318 00:06C3: A5 05        	lda	<L106+pxStreamBuffer_1
  2319 00:06C5: 05 07        	ora	<L106+pxStreamBuffer_1+2
  2320 00:06C7: D0 02        	bne	L10277
  2321                        L10281:
  2322 00:06C9: 80 FE        	bra	L10281
  2323                        L10277:
  2324                        ;
  2325                        ;    /* This receive function is used by both message buffers, which store
  2326                        ;     * discrete messages, and stream buffers, which store a continuous stream of
  2327                        ;     * bytes.  Discrete messages include an additional
  2328                        ;     * sbBYTES_TO_STORE_MESSAGE_LENGTH bytes that hold the length of the
  2329                        ;     * message. */
  2330                        ;    if( ( pxStreamBuffer->ucFlags & sbFLAGS_IS_MESSAGE_BUFFER ) != ( uint8_t ) 0 )
  2331                        ;    {
  2332 00:06CB: E2 20        	sep	#$20
  2333                        	longa	off
  2334 00:06CD: A0 14 00     	ldy	#$14
  2335 00:06D0: B7 05        	lda	[<L106+pxStreamBuffer_1],Y
  2336 00:06D2: 29 01        	and	#<$1
  2337 00:06D4: C2 20        	rep	#$20
  2338                        	longa	on
  2339 00:06D6: F0 0E        	beq	L10284
  2340                        ;        xBytesToStoreMessageLength = sbBYTES_TO_STORE_MESSAGE_LENGTH;
  2341 00:06D8: A9 02 00     	lda	#$2
  2342 00:06DB: 80 05        	bra	L20007
  2343                        L20009:
  2344                        ;        /* Force task to block if the batching buffer contains less bytes than
  2345                        ;         * the trigger level. */
  2346                        ;        xBytesToStoreMessageLength = pxStreamBuffer->xTriggerLevelBytes;
  2347 00:06DD: A0 06 00     	ldy	#$6
  2348 00:06E0: B7 05        	lda	[<L106+pxStreamBuffer_1],Y
  2349                        ;    }
  2350                        ;    else
  2351                        L20007:
  2352 00:06E2: 85 0D        	sta	<L106+xBytesToStoreMessageLength_1
  2353                        ;    }
  2354                        ;    else if( ( pxStreamBuffer->ucFlags & sbFLAGS_IS_BATCHING_BUFFER ) != ( uint8_t ) 0 )
  2355 00:06E4: 80 0F        	bra	L10285
  2356                        L10284:
  2357                        ;    {
  2358 00:06E6: E2 20        	sep	#$20
  2359                        	longa	off
  Mon Sep 14 2026  7:48                                                                                                    Page 43


  2360 00:06E8: A0 14 00     	ldy	#$14
  2361 00:06EB: B7 05        	lda	[<L106+pxStreamBuffer_1],Y
  2362 00:06ED: 29 04        	and	#<$4
  2363 00:06EF: C2 20        	rep	#$20
  2364                        	longa	on
  2365 00:06F1: D0 EA        	bne	L20009
  2366                        ;    {
  2367                        ;        xBytesToStoreMessageLength = 0;
  2368 00:06F3: 64 0D        	stz	<L106+xBytesToStoreMessageLength_1
  2369                        ;    }
  2370                        L10285:
  2371                        ;
  2372                        ;    if( xTicksToWait != ( TickType_t ) 0 )
  2373                        ;    {
  2374 00:06F5: A5 1B        	lda	<L105+xTicksToWait_0
  2375 00:06F7: 05 1D        	ora	<L105+xTicksToWait_0+2
  2376 00:06F9: F0 70        	beq	L10288
  2377                        ;        /* Checking if there is data and clearing the notification state must be
  2378                        ;         * performed atomically. */
  2379                        ;        taskENTER_CRITICAL();
  2380                        ;        {
  2381                        ;            xBytesAvailable = prvBytesInBuffer( pxStreamBuffer );
  2382 00:06FB: D4 07        	pei	<L106+pxStreamBuffer_1+2
  2383 00:06FD: D4 05        	pei	<L106+pxStreamBuffer_1
  2384 00:06FF: 20 xx xx     	jsr	_~prvBytesInBuffer
  2385 00:0702: 85 0B        	sta	<L106+xBytesAvailable_1
  2386                        ;
  2387                        ;            /* If this function was invoked by a message buffer read then
  2388                        ;             * xBytesToStoreMessageLength holds the number of bytes used to hold
  2389                        ;             * the length of the next discrete message.  If this function was
  2390                        ;             * invoked by a stream buffer read then xBytesToStoreMessageLength will
  2391                        ;             * be 0. If this function was invoked by a stream batch buffer read
  2392                        ;             * then xBytesToStoreMessageLength will be xTriggerLevelBytes value
  2393                        ;             * for the buffer.*/
  2394                        ;            if( xBytesAvailable <= xBytesToStoreMessageLength )
  2395                        ;            {
  2396 00:0704: A5 0D        	lda	<L106+xBytesToStoreMessageLength_1
  2397 00:0706: C5 0B        	cmp	<L106+xBytesAvailable_1
  2398 00:0708: 90 2E        	bcc	L10302
  2399                        ;                /* Clear notification state as going to wait for data. */
  2400                        ;                ( void ) xTaskNotifyStateClearIndexed( NULL, pxStreamBuffer->uxNotificationIndex );
  2401 00:070A: A0 15 00     	ldy	#$15
  2402 00:070D: B7 05        	lda	[<L106+pxStreamBuffer_1],Y
  2403 00:070F: 48           	pha
  2404 00:0710: F4 00 00     	pea	#^$0
  2405 00:0713: F4 00 00     	pea	#<$0
  2406 00:0716: 20 xx xx     	jsr	_~xTaskGenericNotifyStateClear
  2407 00:0719: 85 01        	sta	<R0
  2408                        ;
  2409                        ;                /* Should only be one reader. */
  2410                        ;                configASSERT( pxStreamBuffer->xTaskWaitingToReceive == NULL );
  2411 00:071B: A0 08 00     	ldy	#$8
  2412 00:071E: B7 05        	lda	[<L106+pxStreamBuffer_1],Y
  2413 00:0720: C8           	iny
  2414 00:0721: C8           	iny
  2415 00:0722: 17 05        	ora	[<L106+pxStreamBuffer_1],Y
  2416 00:0724: F0 02        	beq	L10293
  2417                        L10297:
  Mon Sep 14 2026  7:48                                                                                                    Page 44


  2418 00:0726: 80 FE        	bra	L10297
  2419                        L10293:
  2420                        ;                pxStreamBuffer->xTaskWaitingToReceive = xTaskGetCurrentTaskHandle();
  2421 00:0728: 20 xx xx     	jsr	_~xTaskGetCurrentTaskHandle
  2422 00:072B: 86 03        	stx	<R0+2
  2423 00:072D: A0 08 00     	ldy	#$8
  2424 00:0730: 97 05        	sta	[<L106+pxStreamBuffer_1],Y
  2425 00:0732: A5 03        	lda	<R0+2
  2426 00:0734: C8           	iny
  2427 00:0735: C8           	iny
  2428 00:0736: 97 05        	sta	[<L106+pxStreamBuffer_1],Y
  2429                        ;            }
  2430                        ;            else
  2431                        ;            {
  2432                        ;                mtCOVERAGE_TEST_MARKER();
  2433                        ;            }
  2434                        ;        }
  2435                        ;        taskEXIT_CRITICAL();
  2436                        L10302:
  2437                        ;
  2438                        ;        if( xBytesAvailable <= xBytesToStoreMessageLength )
  2439                        ;        {
  2440 00:0738: A5 0D        	lda	<L106+xBytesToStoreMessageLength_1
  2441 00:073A: C5 0B        	cmp	<L106+xBytesAvailable_1
  2442 00:073C: 90 36        	bcc	L10306
  2443                        ;            /* Wait for data to be available. */
  2444                        ;            traceBLOCKING_ON_STREAM_BUFFER_RECEIVE( xStreamBuffer );
  2445                        ;            ( void ) xTaskNotifyWaitIndexed( pxStreamBuffer->uxNotificationIndex, ( uint32_t ) 0, ( u
                    int32_t ) 0, NULL, xTicksToWait );
  2446 00:073E: D4 1D        	pei	<L105+xTicksToWait_0+2
  2447 00:0740: D4 1B        	pei	<L105+xTicksToWait_0
  2448 00:0742: F4 00 00     	pea	#^$0
  2449 00:0745: F4 00 00     	pea	#<$0
  2450 00:0748: F4 00 00     	pea	#^$0
  2451 00:074B: F4 00 00     	pea	#<$0
  2452 00:074E: F4 00 00     	pea	#^$0
  2453 00:0751: F4 00 00     	pea	#<$0
  2454 00:0754: A0 15 00     	ldy	#$15
  2455 00:0757: B7 05        	lda	[<L106+pxStreamBuffer_1],Y
  2456 00:0759: 48           	pha
  2457 00:075A: 20 xx xx     	jsr	_~xTaskGenericNotifyWait
  2458 00:075D: 85 01        	sta	<R0
  2459                        ;            pxStreamBuffer->xTaskWaitingToReceive = NULL;
  2460 00:075F: A9 00 00     	lda	#$0
  2461 00:0762: A0 08 00     	ldy	#$8
  2462 00:0765: 97 05        	sta	[<L106+pxStreamBuffer_1],Y
  2463 00:0767: C8           	iny
  2464 00:0768: C8           	iny
  2465 00:0769: 97 05        	sta	[<L106+pxStreamBuffer_1],Y
  2466                        ;
  2467                        ;            /* Recheck the data available after blocking. */
  2468                        ;            xBytesAvailable = prvBytesInBuffer( pxStreamBuffer );
  2469                        ;        }
  2470                        ;        else
  2471                        ;        {
  2472                        ;            mtCOVERAGE_TEST_MARKER();
  2473                        ;        }
  2474                        ;    }
  Mon Sep 14 2026  7:48                                                                                                    Page 45


  2475                        ;    else
  2476                        L10288:
  2477                        ;    {
  2478                        ;        xBytesAvailable = prvBytesInBuffer( pxStreamBuffer );
  2479 00:076B: D4 07        	pei	<L106+pxStreamBuffer_1+2
  2480 00:076D: D4 05        	pei	<L106+pxStreamBuffer_1
  2481 00:076F: 20 xx xx     	jsr	_~prvBytesInBuffer
  2482 00:0772: 85 0B        	sta	<L106+xBytesAvailable_1
  2483                        ;    }
  2484                        L10306:
  2485                        ;
  2486                        ;    /* Whether receiving a discrete message (where xBytesToStoreMessageLength
  2487                        ;     * holds the number of bytes used to store the message length) or a stream of
  2488                        ;     * bytes (where xBytesToStoreMessageLength is zero), the number of bytes
  2489                        ;     * available must be greater than xBytesToStoreMessageLength to be able to
  2490                        ;     * read bytes from the buffer. */
  2491                        ;    if( xBytesAvailable > xBytesToStoreMessageLength )
  2492                        ;    {
  2493 00:0774: A5 0D        	lda	<L106+xBytesToStoreMessageLength_1
  2494 00:0776: C5 0B        	cmp	<L106+xBytesAvailable_1
  2495 00:0778: B0 57        	bcs	L10314
  2496                        ;        xReceivedLength = prvReadMessageFromBuffer( pxStreamBuffer, pvRxData, xBufferLengthBytes, xBy
                    tesAvailable );
  2497 00:077A: D4 0B        	pei	<L106+xBytesAvailable_1
  2498 00:077C: D4 19        	pei	<L105+xBufferLengthBytes_0
  2499 00:077E: D4 17        	pei	<L105+pvRxData_0+2
  2500 00:0780: D4 15        	pei	<L105+pvRxData_0
  2501 00:0782: D4 07        	pei	<L106+pxStreamBuffer_1+2
  2502 00:0784: D4 05        	pei	<L106+pxStreamBuffer_1
  2503 00:0786: 20 xx xx     	jsr	_~prvReadMessageFromBuffer
  2504 00:0789: 85 09        	sta	<L106+xReceivedLength_1
  2505                        ;
  2506                        ;        /* Was a task waiting for space in the buffer? */
  2507                        ;        if( xReceivedLength != ( size_t ) 0 )
  2508                        ;        {
  2509 00:078B: A5 09        	lda	<L106+xReceivedLength_1
  2510 00:078D: F0 42        	beq	L10314
  2511                        ;            traceSTREAM_BUFFER_RECEIVE( xStreamBuffer, xReceivedLength );
  2512                        ;            prvRECEIVE_COMPLETED( xStreamBuffer );
  2513 00:078F: 20 xx xx     	jsr	_~vTaskSuspendAll
  2514 00:0792: A0 0C 00     	ldy	#$c
  2515 00:0795: B7 11        	lda	[<L105+xStreamBuffer_0],Y
  2516 00:0797: C8           	iny
  2517 00:0798: C8           	iny
  2518 00:0799: 17 11        	ora	[<L105+xStreamBuffer_0],Y
  2519 00:079B: F0 31        	beq	L10312
  2520 00:079D: F4 00 00     	pea	#^$0
  2521 00:07A0: F4 00 00     	pea	#<$0
  2522 00:07A3: F4 00 00     	pea	#<$0
  2523 00:07A6: F4 00 00     	pea	#^$0
  2524 00:07A9: F4 00 00     	pea	#<$0
  2525 00:07AC: A0 15 00     	ldy	#$15
  2526 00:07AF: B7 11        	lda	[<L105+xStreamBuffer_0],Y
  2527 00:07B1: 48           	pha
  2528 00:07B2: A0 0E 00     	ldy	#$e
  2529 00:07B5: B7 11        	lda	[<L105+xStreamBuffer_0],Y
  2530 00:07B7: 48           	pha
  2531 00:07B8: 88           	dey
  Mon Sep 14 2026  7:48                                                                                                    Page 46


  2532 00:07B9: 88           	dey
  2533 00:07BA: B7 11        	lda	[<L105+xStreamBuffer_0],Y
  2534 00:07BC: 48           	pha
  2535 00:07BD: 20 xx xx     	jsr	_~xTaskGenericNotify
  2536 00:07C0: 85 01        	sta	<R0
  2537 00:07C2: A9 00 00     	lda	#$0
  2538 00:07C5: A0 0C 00     	ldy	#$c
  2539 00:07C8: 97 11        	sta	[<L105+xStreamBuffer_0],Y
  2540 00:07CA: C8           	iny
  2541 00:07CB: C8           	iny
  2542 00:07CC: 97 11        	sta	[<L105+xStreamBuffer_0],Y
  2543                        L10312:
  2544 00:07CE: 20 xx xx     	jsr	_~xTaskResumeAll
  2545                        ;        }
  2546                        ;        else
  2547                        L10314:
  2548                        ;
  2549                        ;    traceRETURN_xStreamBufferReceive( xReceivedLength );
  2550                        ;
  2551                        ;    return xReceivedLength;
  2552 00:07D1: A5 09        	lda	<L106+xReceivedLength_1
  2553 00:07D3: A8           	tay
  2554 00:07D4: A5 0F        	lda	<L105+1
  2555 00:07D6: 85 1D        	sta	<L105+1+14
  2556 00:07D8: 2B           	pld
  2557 00:07D9: 3B           	tsc
  2558 00:07DA: 18           	clc
  2559 00:07DB: 69 1C 00     	adc	#L105+14
  2560 00:07DE: 1B           	tcs
  2561 00:07DF: 98           	tya
  2562 00:07E0: 60           	rts
  2563                        ;        {
  2564                        ;            mtCOVERAGE_TEST_MARKER();
  2565                        ;        }
  2566                        ;    }
  2567                        ;    else
  2568                        ;    {
  2569                        ;        traceSTREAM_BUFFER_RECEIVE_FAILED( xStreamBuffer );
  2570                        ;        mtCOVERAGE_TEST_MARKER();
  2571                        ;    }
  2572                        ;}
  2573             0000000E   L105	equ	14
  2574             00000005   L106	equ	5
  2575                        	ends
  2576                        	efunc
  2577                        ;/*-----------------------------------------------------------*/
  2578                        ;
  2579                        ;size_t xStreamBufferNextMessageLengthBytes( StreamBufferHandle_t xStreamBuffer )
  2580                        ;{
  2581                        	code
  2582                        	xdef	_~xStreamBufferNextMessageLengthBytes
  2583                        	func
  2584                        _~xStreamBufferNextMessageLengthBytes:
  2585                        	longa	on
  2586                        	longi	on
  2587 00:07E1: 3B           	tsc
  2588 00:07E2: 38           	sec
  2589 00:07E3: E9 0E 00     	sbc	#L119
  Mon Sep 14 2026  7:48                                                                                                    Page 47


  2590 00:07E6: 1B           	tcs
  2591 00:07E7: 0B           	phd
  2592 00:07E8: 5B           	tcd
  2593             00000003   xStreamBuffer_0	set	3
  2594                        ;    StreamBuffer_t * const pxStreamBuffer = xStreamBuffer;
  2595                        ;    size_t xReturn, xBytesAvailable;
  2596                        ;    configMESSAGE_BUFFER_LENGTH_TYPE xTempReturn;
  2597                        ;
  2598                        ;    traceENTER_xStreamBufferNextMessageLengthBytes( xStreamBuffer );
  2599             00000000   pxStreamBuffer_1	set	0
  2600             00000004   xReturn_1	set	4
  2601             00000006   xBytesAvailable_1	set	6
  2602             00000008   xTempReturn_1	set	8
  2603 00:07E9: A5 11        	lda	<L119+xStreamBuffer_0
  2604 00:07EB: 85 05        	sta	<L120+pxStreamBuffer_1
  2605 00:07ED: A5 13        	lda	<L119+xStreamBuffer_0+2
  2606 00:07EF: 85 07        	sta	<L120+pxStreamBuffer_1+2
  2607                        ;
  2608                        ;    configASSERT( pxStreamBuffer );
  2609 00:07F1: A5 05        	lda	<L120+pxStreamBuffer_1
  2610 00:07F3: 05 07        	ora	<L120+pxStreamBuffer_1+2
  2611 00:07F5: D0 02        	bne	L10315
  2612                        L10319:
  2613 00:07F7: 80 FE        	bra	L10319
  2614                        L10315:
  2615                        ;
  2616                        ;    /* Ensure the stream buffer is being used as a message buffer. */
  2617                        ;    if( ( pxStreamBuffer->ucFlags & sbFLAGS_IS_MESSAGE_BUFFER ) != ( uint8_t ) 0 )
  2618                        ;    {
  2619 00:07F9: E2 20        	sep	#$20
  2620                        	longa	off
  2621 00:07FB: A0 14 00     	ldy	#$14
  2622 00:07FE: B7 05        	lda	[<L120+pxStreamBuffer_1],Y
  2623 00:0800: 29 01        	and	#<$1
  2624 00:0802: C2 20        	rep	#$20
  2625                        	longa	on
  2626 00:0804: F0 34        	beq	L10322
  2627                        ;        xBytesAvailable = prvBytesInBuffer( pxStreamBuffer );
  2628 00:0806: D4 07        	pei	<L120+pxStreamBuffer_1+2
  2629 00:0808: D4 05        	pei	<L120+pxStreamBuffer_1
  2630 00:080A: 20 xx xx     	jsr	_~prvBytesInBuffer
  2631 00:080D: 85 0B        	sta	<L120+xBytesAvailable_1
  2632                        ;
  2633                        ;        if( xBytesAvailable > sbBYTES_TO_STORE_MESSAGE_LENGTH )
  2634                        ;        {
  2635 00:080F: A9 02 00     	lda	#$2
  2636 00:0812: C5 0B        	cmp	<L120+xBytesAvailable_1
  2637 00:0814: B0 1E        	bcs	L10323
  2638                        ;            /* The number of bytes available is greater than the number of bytes
  2639                        ;             * required to hold the length of the next message, so another message
  2640                        ;             * is available. */
  2641                        ;            ( void ) prvReadBytesFromBuffer( pxStreamBuffer, ( uint8_t * ) &xTempReturn, sbBYTES_TO_S
                    TORE_MESSAGE_LENGTH, pxStreamBuffer->xTail );
  2642 00:0816: A7 05        	lda	[<L120+pxStreamBuffer_1]
  2643 00:0818: 48           	pha
  2644 00:0819: F4 02 00     	pea	#<$2
  2645 00:081C: F4 00 00     	pea	#0
  2646 00:081F: 18           	clc
  Mon Sep 14 2026  7:48                                                                                                    Page 48


  2647 00:0820: 7B           	tdc
  2648 00:0821: 69 0D 00     	adc	#<L120+xTempReturn_1
  2649 00:0824: 48           	pha
  2650 00:0825: D4 07        	pei	<L120+pxStreamBuffer_1+2
  2651 00:0827: D4 05        	pei	<L120+pxStreamBuffer_1
  2652 00:0829: 20 xx xx     	jsr	_~prvReadBytesFromBuffer
  2653 00:082C: 85 01        	sta	<R0
  2654                        ;            xReturn = ( size_t ) xTempReturn;
  2655 00:082E: A5 0D        	lda	<L120+xTempReturn_1
  2656 00:0830: 85 09        	sta	<L120+xReturn_1
  2657                        ;        }
  2658                        ;        else
  2659 00:0832: 80 08        	bra	L10332
  2660                        L10323:
  2661                        ;        {
  2662                        ;            /* The minimum amount of bytes in a message buffer is
  2663                        ;             * ( sbBYTES_TO_STORE_MESSAGE_LENGTH + 1 ), so if xBytesAvailable is
  2664                        ;             * less than sbBYTES_TO_STORE_MESSAGE_LENGTH the only other valid
  2665                        ;             * value is 0. */
  2666                        ;            configASSERT( xBytesAvailable == 0 );
  2667 00:0834: A5 0B        	lda	<L120+xBytesAvailable_1
  2668 00:0836: F0 02        	beq	L10322
  2669                        L10329:
  2670 00:0838: 80 FE        	bra	L10329
  2671                        ;            xReturn = 0;
  2672                        ;        }
  2673                        ;    }
  2674                        ;    else
  2675                        L10322:
  2676                        ;    {
  2677                        ;        xReturn = 0;
  2678 00:083A: 64 09        	stz	<L120+xReturn_1
  2679                        ;    }
  2680                        L10332:
  2681                        ;
  2682                        ;    traceRETURN_xStreamBufferNextMessageLengthBytes( xReturn );
  2683                        ;
  2684                        ;    return xReturn;
  2685 00:083C: A5 09        	lda	<L120+xReturn_1
  2686 00:083E: A8           	tay
  2687 00:083F: A5 0F        	lda	<L119+1
  2688 00:0841: 85 13        	sta	<L119+1+4
  2689 00:0843: 2B           	pld
  2690 00:0844: 3B           	tsc
  2691 00:0845: 18           	clc
  2692 00:0846: 69 12 00     	adc	#L119+4
  2693 00:0849: 1B           	tcs
  2694 00:084A: 98           	tya
  2695 00:084B: 60           	rts
  2696                        ;}
  2697             0000000E   L119	equ	14
  2698             00000005   L120	equ	5
  2699                        	ends
  2700                        	efunc
  2701                        ;/*-----------------------------------------------------------*/
  2702                        ;
  2703                        ;size_t xStreamBufferReceiveFromISR( StreamBufferHandle_t xStreamBuffer,
  2704                        ;                                    void * pvRxData,
  Mon Sep 14 2026  7:48                                                                                                    Page 49


  2705                        ;                                    size_t xBufferLengthBytes,
  2706                        ;                                    BaseType_t * const pxHigherPriorityTaskWoken )
  2707                        ;{
  2708                        	code
  2709                        	xdef	_~xStreamBufferReceiveFromISR
  2710                        	func
  2711                        _~xStreamBufferReceiveFromISR:
  2712                        	longa	on
  2713                        	longi	on
  2714 00:084C: 3B           	tsc
  2715 00:084D: 38           	sec
  2716 00:084E: E9 10 00     	sbc	#L126
  2717 00:0851: 1B           	tcs
  2718 00:0852: 0B           	phd
  2719 00:0853: 5B           	tcd
  2720             00000003   xStreamBuffer_0	set	3
  2721             00000007   pvRxData_0	set	7
  2722             0000000B   xBufferLengthBytes_0	set	11
  2723             0000000D   pxHigherPriorityTaskWoken_0	set	13
  2724                        ;    StreamBuffer_t * const pxStreamBuffer = xStreamBuffer;
  2725                        ;    size_t xReceivedLength = 0, xBytesAvailable, xBytesToStoreMessageLength;
  2726                        ;
  2727                        ;    traceENTER_xStreamBufferReceiveFromISR( xStreamBuffer, pvRxData, xBufferLengthBytes, pxHigherPrio
                    rityTaskWoken );
  2728             00000000   pxStreamBuffer_1	set	0
  2729             00000004   xReceivedLength_1	set	4
  2730             00000006   xBytesAvailable_1	set	6
  2731             00000008   xBytesToStoreMessageLength_1	set	8
  2732 00:0854: A5 13        	lda	<L126+xStreamBuffer_0
  2733 00:0856: 85 05        	sta	<L127+pxStreamBuffer_1
  2734 00:0858: A5 15        	lda	<L126+xStreamBuffer_0+2
  2735 00:085A: 85 07        	sta	<L127+pxStreamBuffer_1+2
  2736 00:085C: 64 09        	stz	<L127+xReceivedLength_1
  2737                        ;
  2738                        ;    configASSERT( pvRxData );
  2739 00:085E: A5 17        	lda	<L126+pvRxData_0
  2740 00:0860: 05 19        	ora	<L126+pvRxData_0+2
  2741 00:0862: D0 02        	bne	L10333
  2742                        L10337:
  2743 00:0864: 80 FE        	bra	L10337
  2744                        L10333:
  2745                        ;    configASSERT( pxStreamBuffer );
  2746 00:0866: A5 05        	lda	<L127+pxStreamBuffer_1
  2747 00:0868: 05 07        	ora	<L127+pxStreamBuffer_1+2
  2748 00:086A: D0 02        	bne	L10340
  2749                        L10344:
  2750 00:086C: 80 FE        	bra	L10344
  2751                        L10340:
  2752                        ;
  2753                        ;    /* This receive function is used by both message buffers, which store
  2754                        ;     * discrete messages, and stream buffers, which store a continuous stream of
  2755                        ;     * bytes.  Discrete messages include an additional
  2756                        ;     * sbBYTES_TO_STORE_MESSAGE_LENGTH bytes that hold the length of the
  2757                        ;     * message. */
  2758                        ;    if( ( pxStreamBuffer->ucFlags & sbFLAGS_IS_MESSAGE_BUFFER ) != ( uint8_t ) 0 )
  2759                        ;    {
  2760 00:086E: E2 20        	sep	#$20
  2761                        	longa	off
  Mon Sep 14 2026  7:48                                                                                                    Page 50


  2762 00:0870: A0 14 00     	ldy	#$14
  2763 00:0873: B7 05        	lda	[<L127+pxStreamBuffer_1],Y
  2764 00:0875: 29 01        	and	#<$1
  2765 00:0877: C2 20        	rep	#$20
  2766                        	longa	on
  2767 00:0879: F0 07        	beq	L10347
  2768                        ;        xBytesToStoreMessageLength = sbBYTES_TO_STORE_MESSAGE_LENGTH;
  2769 00:087B: A9 02 00     	lda	#$2
  2770 00:087E: 85 0D        	sta	<L127+xBytesToStoreMessageLength_1
  2771                        ;    }
  2772                        ;    else
  2773 00:0880: 80 02        	bra	L10348
  2774                        L10347:
  2775                        ;    {
  2776                        ;        xBytesToStoreMessageLength = 0;
  2777 00:0882: 64 0D        	stz	<L127+xBytesToStoreMessageLength_1
  2778                        ;    }
  2779                        L10348:
  2780                        ;
  2781                        ;    xBytesAvailable = prvBytesInBuffer( pxStreamBuffer );
  2782 00:0884: D4 07        	pei	<L127+pxStreamBuffer_1+2
  2783 00:0886: D4 05        	pei	<L127+pxStreamBuffer_1
  2784 00:0888: 20 xx xx     	jsr	_~prvBytesInBuffer
  2785 00:088B: 85 0B        	sta	<L127+xBytesAvailable_1
  2786                        ;
  2787                        ;    /* Whether receiving a discrete message (where xBytesToStoreMessageLength
  2788                        ;     * holds the number of bytes used to store the message length) or a stream of
  2789                        ;     * bytes (where xBytesToStoreMessageLength is zero), the number of bytes
  2790                        ;     * available must be greater than xBytesToStoreMessageLength to be able to
  2791                        ;     * read bytes from the buffer. */
  2792                        ;    if( xBytesAvailable > xBytesToStoreMessageLength )
  2793                        ;    {
  2794 00:088D: A5 0D        	lda	<L127+xBytesToStoreMessageLength_1
  2795 00:088F: C5 0B        	cmp	<L127+xBytesAvailable_1
  2796 00:0891: B0 57        	bcs	L10356
  2797                        ;        xReceivedLength = prvReadMessageFromBuffer( pxStreamBuffer, pvRxData, xBufferLengthBytes, xBy
                    tesAvailable );
  2798 00:0893: D4 0B        	pei	<L127+xBytesAvailable_1
  2799 00:0895: D4 1B        	pei	<L126+xBufferLengthBytes_0
  2800 00:0897: D4 19        	pei	<L126+pvRxData_0+2
  2801 00:0899: D4 17        	pei	<L126+pvRxData_0
  2802 00:089B: D4 07        	pei	<L127+pxStreamBuffer_1+2
  2803 00:089D: D4 05        	pei	<L127+pxStreamBuffer_1
  2804 00:089F: 20 xx xx     	jsr	_~prvReadMessageFromBuffer
  2805 00:08A2: 85 09        	sta	<L127+xReceivedLength_1
  2806                        ;
  2807                        ;        /* Was a task waiting for space in the buffer? */
  2808                        ;        if( xReceivedLength != ( size_t ) 0 )
  2809                        ;        {
  2810 00:08A4: A5 09        	lda	<L127+xReceivedLength_1
  2811 00:08A6: F0 42        	beq	L10356
  2812                        ;            /* MISRA Ref 4.7.1 [Return value shall be checked] */
  2813                        ;            /* More details at: https://github.com/FreeRTOS/FreeRTOS-Kernel/blob/main/MISRA.md#dir-47
                     */
  2814                        ;            /* coverity[misra_c_2012_directive_4_7_violation] */
  2815                        ;            prvRECEIVE_COMPLETED_FROM_ISR( pxStreamBuffer, pxHigherPriorityTaskWoken );
  2816             0000000A   uxSavedInterruptStatus_2	set	10
  2817 00:08A8: 64 0F        	stz	<L127+uxSavedInterruptStatus_2
  Mon Sep 14 2026  7:48                                                                                                    Page 51


  2818 00:08AA: A0 0C 00     	ldy	#$c
  2819 00:08AD: B7 05        	lda	[<L127+pxStreamBuffer_1],Y
  2820 00:08AF: C8           	iny
  2821 00:08B0: C8           	iny
  2822 00:08B1: 17 05        	ora	[<L127+pxStreamBuffer_1],Y
  2823 00:08B3: F0 35        	beq	L10356
  2824 00:08B5: D4 1F        	pei	<L126+pxHigherPriorityTaskWoken_0+2
  2825 00:08B7: D4 1D        	pei	<L126+pxHigherPriorityTaskWoken_0
  2826 00:08B9: F4 00 00     	pea	#^$0
  2827 00:08BC: F4 00 00     	pea	#<$0
  2828 00:08BF: F4 00 00     	pea	#<$0
  2829 00:08C2: F4 00 00     	pea	#^$0
  2830 00:08C5: F4 00 00     	pea	#<$0
  2831 00:08C8: A0 15 00     	ldy	#$15
  2832 00:08CB: B7 05        	lda	[<L127+pxStreamBuffer_1],Y
  2833 00:08CD: 48           	pha
  2834 00:08CE: A0 0E 00     	ldy	#$e
  2835 00:08D1: B7 05        	lda	[<L127+pxStreamBuffer_1],Y
  2836 00:08D3: 48           	pha
  2837 00:08D4: 88           	dey
  2838 00:08D5: 88           	dey
  2839 00:08D6: B7 05        	lda	[<L127+pxStreamBuffer_1],Y
  2840 00:08D8: 48           	pha
  2841 00:08D9: 20 xx xx     	jsr	_~xTaskGenericNotifyFromISR
  2842 00:08DC: 85 01        	sta	<R0
  2843 00:08DE: A9 00 00     	lda	#$0
  2844 00:08E1: A0 0C 00     	ldy	#$c
  2845 00:08E4: 97 05        	sta	[<L127+pxStreamBuffer_1],Y
  2846 00:08E6: C8           	iny
  2847 00:08E7: C8           	iny
  2848 00:08E8: 97 05        	sta	[<L127+pxStreamBuffer_1],Y
  2849                        ;        }
  2850                        ;        else
  2851                        L10356:
  2852                        ;
  2853                        ;    traceSTREAM_BUFFER_RECEIVE_FROM_ISR( xStreamBuffer, xReceivedLength );
  2854                        ;    traceRETURN_xStreamBufferReceiveFromISR( xReceivedLength );
  2855                        ;
  2856                        ;    return xReceivedLength;
  2857 00:08EA: A5 09        	lda	<L127+xReceivedLength_1
  2858 00:08EC: A8           	tay
  2859 00:08ED: A5 11        	lda	<L126+1
  2860 00:08EF: 85 1F        	sta	<L126+1+14
  2861 00:08F1: 2B           	pld
  2862 00:08F2: 3B           	tsc
  2863 00:08F3: 18           	clc
  2864 00:08F4: 69 1E 00     	adc	#L126+14
  2865 00:08F7: 1B           	tcs
  2866 00:08F8: 98           	tya
  2867 00:08F9: 60           	rts
  2868                        ;        {
  2869                        ;            mtCOVERAGE_TEST_MARKER();
  2870                        ;        }
  2871                        ;    }
  2872                        ;    else
  2873                        ;    {
  2874                        ;        mtCOVERAGE_TEST_MARKER();
  2875                        ;    }
  Mon Sep 14 2026  7:48                                                                                                    Page 52


  2876                        ;}
  2877             00000010   L126	equ	16
  2878             00000005   L127	equ	5
  2879                        	ends
  2880                        	efunc
  2881                        ;/*-----------------------------------------------------------*/
  2882                        ;
  2883                        ;static size_t prvReadMessageFromBuffer( StreamBuffer_t * pxStreamBuffer,
  2884                        ;                                        void * pvRxData,
  2885                        ;                                        size_t xBufferLengthBytes,
  2886                        ;                                        size_t xBytesAvailable )
  2887                        ;{
  2888                        	code
  2889                        	func
  2890                        _~prvReadMessageFromBuffer:
  2891                        	longa	on
  2892                        	longi	on
  2893 00:08FA: 3B           	tsc
  2894 00:08FB: 38           	sec
  2895 00:08FC: E9 08 00     	sbc	#L135
  2896 00:08FF: 1B           	tcs
  2897 00:0900: 0B           	phd
  2898 00:0901: 5B           	tcd
  2899             00000003   pxStreamBuffer_0	set	3
  2900             00000007   pvRxData_0	set	7
  2901             0000000B   xBufferLengthBytes_0	set	11
  2902             0000000D   xBytesAvailable_0	set	13
  2903                        ;    size_t xCount, xNextMessageLength;
  2904                        ;    configMESSAGE_BUFFER_LENGTH_TYPE xTempNextMessageLength;
  2905                        ;    size_t xNextTail = pxStreamBuffer->xTail;
  2906                        ;
  2907                        ;    if( ( pxStreamBuffer->ucFlags & sbFLAGS_IS_MESSAGE_BUFFER ) != ( uint8_t ) 0 )
  2908             00000000   xCount_1	set	0
  2909             00000002   xNextMessageLength_1	set	2
  2910             00000004   xTempNextMessageLength_1	set	4
  2911             00000006   xNextTail_1	set	6
  2912 00:0902: A7 0B        	lda	[<L135+pxStreamBuffer_0]
  2913 00:0904: 85 07        	sta	<L136+xNextTail_1
  2914                        ;    {
  2915 00:0906: E2 20        	sep	#$20
  2916                        	longa	off
  2917 00:0908: A0 14 00     	ldy	#$14
  2918 00:090B: B7 0B        	lda	[<L135+pxStreamBuffer_0],Y
  2919 00:090D: 29 01        	and	#<$1
  2920 00:090F: C2 20        	rep	#$20
  2921                        	longa	on
  2922 00:0911: F0 29        	beq	L10357
  2923                        ;        /* A discrete message is being received.  First receive the length
  2924                        ;         * of the message. */
  2925                        ;        xNextTail = prvReadBytesFromBuffer( pxStreamBuffer, ( uint8_t * ) &xTempNextMessageLength, sb
                    BYTES_TO_STORE_MESSAGE_LENGTH, xNextTail );
  2926 00:0913: D4 07        	pei	<L136+xNextTail_1
  2927 00:0915: F4 02 00     	pea	#<$2
  2928 00:0918: F4 00 00     	pea	#0
  2929 00:091B: 18           	clc
  2930 00:091C: 7B           	tdc
  2931 00:091D: 69 05 00     	adc	#<L136+xTempNextMessageLength_1
  2932 00:0920: 48           	pha
  Mon Sep 14 2026  7:48                                                                                                    Page 53


  2933 00:0921: D4 0D        	pei	<L135+pxStreamBuffer_0+2
  2934 00:0923: D4 0B        	pei	<L135+pxStreamBuffer_0
  2935 00:0925: 20 xx xx     	jsr	_~prvReadBytesFromBuffer
  2936 00:0928: 85 07        	sta	<L136+xNextTail_1
  2937                        ;        xNextMessageLength = ( size_t ) xTempNextMessageLength;
  2938 00:092A: A5 05        	lda	<L136+xTempNextMessageLength_1
  2939 00:092C: 85 03        	sta	<L136+xNextMessageLength_1
  2940                        ;
  2941                        ;        /* Reduce the number of bytes available by the number of bytes just
  2942                        ;         * read out. */
  2943                        ;        xBytesAvailable -= sbBYTES_TO_STORE_MESSAGE_LENGTH;
  2944 00:092E: C6 15        	dec	<L135+xBytesAvailable_0
  2945 00:0930: C6 15        	dec	<L135+xBytesAvailable_0
  2946                        ;
  2947                        ;        /* Check there is enough space in the buffer provided by the
  2948                        ;         * user. */
  2949                        ;        if( xNextMessageLength > xBufferLengthBytes )
  2950                        ;        {
  2951 00:0932: A5 13        	lda	<L135+xBufferLengthBytes_0
  2952 00:0934: C5 03        	cmp	<L136+xNextMessageLength_1
  2953 00:0936: B0 08        	bcs	L10360
  2954                        ;            /* The user has provided insufficient space to read the message. */
  2955                        ;            xNextMessageLength = 0;
  2956 00:0938: 64 03        	stz	<L136+xNextMessageLength_1
  2957                        ;        }
  2958                        ;        else
  2959 00:093A: 80 04        	bra	L10360
  2960                        ;        {
  2961                        ;            mtCOVERAGE_TEST_MARKER();
  2962                        ;        }
  2963                        ;    }
  2964                        ;    else
  2965                        L10357:
  2966                        ;    {
  2967                        ;        /* A stream of bytes is being received (as opposed to a discrete
  2968                        ;         * message), so read as many bytes as possible. */
  2969                        ;        xNextMessageLength = xBufferLengthBytes;
  2970 00:093C: A5 13        	lda	<L135+xBufferLengthBytes_0
  2971 00:093E: 85 03        	sta	<L136+xNextMessageLength_1
  2972                        ;    }
  2973                        L10360:
  2974                        ;
  2975                        ;    /* Use the minimum of the wanted bytes and the available bytes. */
  2976                        ;    xCount = configMIN( xNextMessageLength, xBytesAvailable );
  2977 00:0940: A5 03        	lda	<L136+xNextMessageLength_1
  2978 00:0942: C5 15        	cmp	<L135+xBytesAvailable_0
  2979 00:0944: B0 04        	bcs	L139
  2980 00:0946: A5 03        	lda	<L136+xNextMessageLength_1
  2981 00:0948: 80 02        	bra	L141
  2982                        L139:
  2983 00:094A: A5 15        	lda	<L135+xBytesAvailable_0
  2984                        L141:
  2985 00:094C: 85 01        	sta	<L136+xCount_1
  2986                        ;
  2987                        ;    if( xCount != ( size_t ) 0 )
  2988                        ;    {
  2989 00:094E: A5 01        	lda	<L136+xCount_1
  2990 00:0950: F0 11        	beq	L10361
  Mon Sep 14 2026  7:48                                                                                                    Page 54


  2991                        ;        /* Read the actual data and update the tail to mark the data as officially consumed. */
  2992                        ;        /* MISRA Ref 11.5.5 [Void pointer assignment] */
  2993                        ;        /* More details at: https://github.com/FreeRTOS/FreeRTOS-Kernel/blob/main/MISRA.md#rule-115 *
                    /
  2994                        ;        /* coverity[misra_c_2012_rule_11_5_violation] */
  2995                        ;        pxStreamBuffer->xTail = prvReadBytesFromBuffer( pxStreamBuffer, ( uint8_t * ) pvRxData, xCoun
                    t, xNextTail );
  2996 00:0952: D4 07        	pei	<L136+xNextTail_1
  2997 00:0954: D4 01        	pei	<L136+xCount_1
  2998 00:0956: D4 11        	pei	<L135+pvRxData_0+2
  2999 00:0958: D4 0F        	pei	<L135+pvRxData_0
  3000 00:095A: D4 0D        	pei	<L135+pxStreamBuffer_0+2
  3001 00:095C: D4 0B        	pei	<L135+pxStreamBuffer_0
  3002 00:095E: 20 xx xx     	jsr	_~prvReadBytesFromBuffer
  3003 00:0961: 87 0B        	sta	[<L135+pxStreamBuffer_0]
  3004                        ;    }
  3005                        ;
  3006                        ;    return xCount;
  3007                        L10361:
  3008 00:0963: A5 01        	lda	<L136+xCount_1
  3009 00:0965: A8           	tay
  3010 00:0966: A5 09        	lda	<L135+1
  3011 00:0968: 85 15        	sta	<L135+1+12
  3012 00:096A: 2B           	pld
  3013 00:096B: 3B           	tsc
  3014 00:096C: 18           	clc
  3015 00:096D: 69 14 00     	adc	#L135+12
  3016 00:0970: 1B           	tcs
  3017 00:0971: 98           	tya
  3018 00:0972: 60           	rts
  3019                        ;}
  3020             00000008   L135	equ	8
  3021             00000001   L136	equ	1
  3022                        	ends
  3023                        	efunc
  3024                        ;/*-----------------------------------------------------------*/
  3025                        ;
  3026                        ;BaseType_t xStreamBufferIsEmpty( StreamBufferHandle_t xStreamBuffer )
  3027                        ;{
  3028                        	code
  3029                        	xdef	_~xStreamBufferIsEmpty
  3030                        	func
  3031                        _~xStreamBufferIsEmpty:
  3032                        	longa	on
  3033                        	longi	on
  3034 00:0973: 3B           	tsc
  3035 00:0974: 38           	sec
  3036 00:0975: E9 08 00     	sbc	#L144
  3037 00:0978: 1B           	tcs
  3038 00:0979: 0B           	phd
  3039 00:097A: 5B           	tcd
  3040             00000003   xStreamBuffer_0	set	3
  3041                        ;    const StreamBuffer_t * const pxStreamBuffer = xStreamBuffer;
  3042                        ;    BaseType_t xReturn;
  3043                        ;    size_t xTail;
  3044                        ;
  3045                        ;    traceENTER_xStreamBufferIsEmpty( xStreamBuffer );
  3046             00000000   pxStreamBuffer_1	set	0
  Mon Sep 14 2026  7:48                                                                                                    Page 55


  3047             00000004   xReturn_1	set	4
  3048             00000006   xTail_1	set	6
  3049 00:097B: A5 0B        	lda	<L144+xStreamBuffer_0
  3050 00:097D: 85 01        	sta	<L145+pxStreamBuffer_1
  3051 00:097F: A5 0D        	lda	<L144+xStreamBuffer_0+2
  3052 00:0981: 85 03        	sta	<L145+pxStreamBuffer_1+2
  3053                        ;
  3054                        ;    configASSERT( pxStreamBuffer );
  3055 00:0983: A5 01        	lda	<L145+pxStreamBuffer_1
  3056 00:0985: 05 03        	ora	<L145+pxStreamBuffer_1+2
  3057 00:0987: D0 02        	bne	L10362
  3058                        L10366:
  3059 00:0989: 80 FE        	bra	L10366
  3060                        L10362:
  3061                        ;
  3062                        ;    /* True if no bytes are available. */
  3063                        ;    xTail = pxStreamBuffer->xTail;
  3064 00:098B: A7 01        	lda	[<L145+pxStreamBuffer_1]
  3065 00:098D: 85 07        	sta	<L145+xTail_1
  3066                        ;
  3067                        ;    if( pxStreamBuffer->xHead == xTail )
  3068                        ;    {
  3069 00:098F: A0 02 00     	ldy	#$2
  3070 00:0992: B7 01        	lda	[<L145+pxStreamBuffer_1],Y
  3071 00:0994: C5 07        	cmp	<L145+xTail_1
  3072 00:0996: D0 07        	bne	L10369
  3073                        ;        xReturn = pdTRUE;
  3074 00:0998: A9 01 00     	lda	#$1
  3075 00:099B: 85 05        	sta	<L145+xReturn_1
  3076                        ;    }
  3077                        ;    else
  3078 00:099D: 80 02        	bra	L10370
  3079                        L10369:
  3080                        ;    {
  3081                        ;        xReturn = pdFALSE;
  3082 00:099F: 64 05        	stz	<L145+xReturn_1
  3083                        ;    }
  3084                        L10370:
  3085                        ;
  3086                        ;    traceRETURN_xStreamBufferIsEmpty( xReturn );
  3087                        ;
  3088                        ;    return xReturn;
  3089 00:09A1: A5 05        	lda	<L145+xReturn_1
  3090 00:09A3: A8           	tay
  3091 00:09A4: A5 09        	lda	<L144+1
  3092 00:09A6: 85 0D        	sta	<L144+1+4
  3093 00:09A8: 2B           	pld
  3094 00:09A9: 3B           	tsc
  3095 00:09AA: 18           	clc
  3096 00:09AB: 69 0C 00     	adc	#L144+4
  3097 00:09AE: 1B           	tcs
  3098 00:09AF: 98           	tya
  3099 00:09B0: 60           	rts
  3100                        ;}
  3101             00000008   L144	equ	8
  3102             00000001   L145	equ	1
  3103                        	ends
  3104                        	efunc
  Mon Sep 14 2026  7:48                                                                                                    Page 56


  3105                        ;/*-----------------------------------------------------------*/
  3106                        ;
  3107                        ;BaseType_t xStreamBufferIsFull( StreamBufferHandle_t xStreamBuffer )
  3108                        ;{
  3109                        	code
  3110                        	xdef	_~xStreamBufferIsFull
  3111                        	func
  3112                        _~xStreamBufferIsFull:
  3113                        	longa	on
  3114                        	longi	on
  3115 00:09B1: 3B           	tsc
  3116 00:09B2: 38           	sec
  3117 00:09B3: E9 0C 00     	sbc	#L149
  3118 00:09B6: 1B           	tcs
  3119 00:09B7: 0B           	phd
  3120 00:09B8: 5B           	tcd
  3121             00000003   xStreamBuffer_0	set	3
  3122                        ;    BaseType_t xReturn;
  3123                        ;    size_t xBytesToStoreMessageLength;
  3124                        ;    const StreamBuffer_t * const pxStreamBuffer = xStreamBuffer;
  3125                        ;
  3126                        ;    traceENTER_xStreamBufferIsFull( xStreamBuffer );
  3127             00000000   xReturn_1	set	0
  3128             00000002   xBytesToStoreMessageLength_1	set	2
  3129             00000004   pxStreamBuffer_1	set	4
  3130 00:09B9: A5 0F        	lda	<L149+xStreamBuffer_0
  3131 00:09BB: 85 09        	sta	<L150+pxStreamBuffer_1
  3132 00:09BD: A5 11        	lda	<L149+xStreamBuffer_0+2
  3133 00:09BF: 85 0B        	sta	<L150+pxStreamBuffer_1+2
  3134                        ;
  3135                        ;    configASSERT( pxStreamBuffer );
  3136 00:09C1: A5 09        	lda	<L150+pxStreamBuffer_1
  3137 00:09C3: 05 0B        	ora	<L150+pxStreamBuffer_1+2
  3138 00:09C5: D0 02        	bne	L10371
  3139                        L10375:
  3140 00:09C7: 80 FE        	bra	L10375
  3141                        L10371:
  3142                        ;
  3143                        ;    /* This generic version of the receive function is used by both message
  3144                        ;     * buffers, which store discrete messages, and stream buffers, which store a
  3145                        ;     * continuous stream of bytes.  Discrete messages include an additional
  3146                        ;     * sbBYTES_TO_STORE_MESSAGE_LENGTH bytes that hold the length of the message. */
  3147                        ;    if( ( pxStreamBuffer->ucFlags & sbFLAGS_IS_MESSAGE_BUFFER ) != ( uint8_t ) 0 )
  3148                        ;    {
  3149 00:09C9: E2 20        	sep	#$20
  3150                        	longa	off
  3151 00:09CB: A0 14 00     	ldy	#$14
  3152 00:09CE: B7 09        	lda	[<L150+pxStreamBuffer_1],Y
  3153 00:09D0: 29 01        	and	#<$1
  3154 00:09D2: C2 20        	rep	#$20
  3155                        	longa	on
  3156 00:09D4: F0 07        	beq	L10378
  3157                        ;        xBytesToStoreMessageLength = sbBYTES_TO_STORE_MESSAGE_LENGTH;
  3158 00:09D6: A9 02 00     	lda	#$2
  3159 00:09D9: 85 07        	sta	<L150+xBytesToStoreMessageLength_1
  3160                        ;    }
  3161                        ;    else
  3162 00:09DB: 80 02        	bra	L10379
  Mon Sep 14 2026  7:48                                                                                                    Page 57


  3163                        L10378:
  3164                        ;    {
  3165                        ;        xBytesToStoreMessageLength = 0;
  3166 00:09DD: 64 07        	stz	<L150+xBytesToStoreMessageLength_1
  3167                        ;    }
  3168                        L10379:
  3169                        ;
  3170                        ;    /* True if the available space equals zero. */
  3171                        ;    if( xStreamBufferSpacesAvailable( xStreamBuffer ) <= xBytesToStoreMessageLength )
  3172                        ;    {
  3173 00:09DF: D4 11        	pei	<L149+xStreamBuffer_0+2
  3174 00:09E1: D4 0F        	pei	<L149+xStreamBuffer_0
  3175 00:09E3: 20 xx xx     	jsr	_~xStreamBufferSpacesAvailable
  3176 00:09E6: 85 01        	sta	<R0
  3177 00:09E8: A5 07        	lda	<L150+xBytesToStoreMessageLength_1
  3178 00:09EA: C5 01        	cmp	<R0
  3179 00:09EC: 90 07        	bcc	L10380
  3180                        ;        xReturn = pdTRUE;
  3181 00:09EE: A9 01 00     	lda	#$1
  3182 00:09F1: 85 05        	sta	<L150+xReturn_1
  3183                        ;    }
  3184                        ;    else
  3185 00:09F3: 80 02        	bra	L10381
  3186                        L10380:
  3187                        ;    {
  3188                        ;        xReturn = pdFALSE;
  3189 00:09F5: 64 05        	stz	<L150+xReturn_1
  3190                        ;    }
  3191                        L10381:
  3192                        ;
  3193                        ;    traceRETURN_xStreamBufferIsFull( xReturn );
  3194                        ;
  3195                        ;    return xReturn;
  3196 00:09F7: A5 05        	lda	<L150+xReturn_1
  3197 00:09F9: A8           	tay
  3198 00:09FA: A5 0D        	lda	<L149+1
  3199 00:09FC: 85 11        	sta	<L149+1+4
  3200 00:09FE: 2B           	pld
  3201 00:09FF: 3B           	tsc
  3202 00:0A00: 18           	clc
  3203 00:0A01: 69 10 00     	adc	#L149+4
  3204 00:0A04: 1B           	tcs
  3205 00:0A05: 98           	tya
  3206 00:0A06: 60           	rts
  3207                        ;}
  3208             0000000C   L149	equ	12
  3209             00000005   L150	equ	5
  3210                        	ends
  3211                        	efunc
  3212                        ;/*-----------------------------------------------------------*/
  3213                        ;
  3214                        ;BaseType_t xStreamBufferSendCompletedFromISR( StreamBufferHandle_t xStreamBuffer,
  3215                        ;                                              BaseType_t * pxHigherPriorityTaskWoken )
  3216                        ;{
  3217                        	code
  3218                        	xdef	_~xStreamBufferSendCompletedFromISR
  3219                        	func
  3220                        _~xStreamBufferSendCompletedFromISR:
  Mon Sep 14 2026  7:48                                                                                                    Page 58


  3221                        	longa	on
  3222                        	longi	on
  3223 00:0A07: 3B           	tsc
  3224 00:0A08: 38           	sec
  3225 00:0A09: E9 0C 00     	sbc	#L155
  3226 00:0A0C: 1B           	tcs
  3227 00:0A0D: 0B           	phd
  3228 00:0A0E: 5B           	tcd
  3229             00000003   xStreamBuffer_0	set	3
  3230             00000007   pxHigherPriorityTaskWoken_0	set	7
  3231                        ;    StreamBuffer_t * const pxStreamBuffer = xStreamBuffer;
  3232                        ;    BaseType_t xReturn;
  3233                        ;    UBaseType_t uxSavedInterruptStatus;
  3234                        ;
  3235                        ;    traceENTER_xStreamBufferSendCompletedFromISR( xStreamBuffer, pxHigherPriorityTaskWoken );
  3236             00000000   pxStreamBuffer_1	set	0
  3237             00000004   xReturn_1	set	4
  3238             00000006   uxSavedInterruptStatus_1	set	6
  3239 00:0A0F: A5 0F        	lda	<L155+xStreamBuffer_0
  3240 00:0A11: 85 05        	sta	<L156+pxStreamBuffer_1
  3241 00:0A13: A5 11        	lda	<L155+xStreamBuffer_0+2
  3242 00:0A15: 85 07        	sta	<L156+pxStreamBuffer_1+2
  3243                        ;
  3244                        ;    configASSERT( pxStreamBuffer );
  3245 00:0A17: A5 05        	lda	<L156+pxStreamBuffer_1
  3246 00:0A19: 05 07        	ora	<L156+pxStreamBuffer_1+2
  3247 00:0A1B: D0 02        	bne	L10382
  3248                        L10386:
  3249 00:0A1D: 80 FE        	bra	L10386
  3250                        L10382:
  3251                        ;
  3252                        ;    /* MISRA Ref 4.7.1 [Return value shall be checked] */
  3253                        ;    /* More details at: https://github.com/FreeRTOS/FreeRTOS-Kernel/blob/main/MISRA.md#dir-47 */
  3254                        ;    /* coverity[misra_c_2012_directive_4_7_violation] */
  3255                        ;    uxSavedInterruptStatus = taskENTER_CRITICAL_FROM_ISR();
  3256 00:0A1F: 64 0B        	stz	<L156+uxSavedInterruptStatus_1
  3257                        ;    {
  3258                        ;        if( ( pxStreamBuffer )->xTaskWaitingToReceive != NULL )
  3259                        ;        {
  3260 00:0A21: A0 08 00     	ldy	#$8
  3261 00:0A24: B7 05        	lda	[<L156+pxStreamBuffer_1],Y
  3262 00:0A26: C8           	iny
  3263 00:0A27: C8           	iny
  3264 00:0A28: 17 05        	ora	[<L156+pxStreamBuffer_1],Y
  3265 00:0A2A: F0 3A        	beq	L10389
  3266                        ;            ( void ) xTaskNotifyIndexedFromISR( ( pxStreamBuffer )->xTaskWaitingToReceive,
  3267                        ;                                                ( pxStreamBuffer )->uxNotificationIndex,
  3268                        ;                                                ( uint32_t ) 0,
  3269                        ;                                                eNoAction,
  3270                        ;                                                pxHigherPriorityTaskWoken );
  3271 00:0A2C: D4 15        	pei	<L155+pxHigherPriorityTaskWoken_0+2
  3272 00:0A2E: D4 13        	pei	<L155+pxHigherPriorityTaskWoken_0
  3273 00:0A30: F4 00 00     	pea	#^$0
  3274 00:0A33: F4 00 00     	pea	#<$0
  3275 00:0A36: F4 00 00     	pea	#<$0
  3276 00:0A39: F4 00 00     	pea	#^$0
  3277 00:0A3C: F4 00 00     	pea	#<$0
  3278 00:0A3F: A0 15 00     	ldy	#$15
  Mon Sep 14 2026  7:48                                                                                                    Page 59


  3279 00:0A42: B7 05        	lda	[<L156+pxStreamBuffer_1],Y
  3280 00:0A44: 48           	pha
  3281 00:0A45: A0 0A 00     	ldy	#$a
  3282 00:0A48: B7 05        	lda	[<L156+pxStreamBuffer_1],Y
  3283 00:0A4A: 48           	pha
  3284 00:0A4B: 88           	dey
  3285 00:0A4C: 88           	dey
  3286 00:0A4D: B7 05        	lda	[<L156+pxStreamBuffer_1],Y
  3287 00:0A4F: 48           	pha
  3288 00:0A50: 20 xx xx     	jsr	_~xTaskGenericNotifyFromISR
  3289 00:0A53: 85 01        	sta	<R0
  3290                        ;            ( pxStreamBuffer )->xTaskWaitingToReceive = NULL;
  3291 00:0A55: A9 00 00     	lda	#$0
  3292 00:0A58: A0 08 00     	ldy	#$8
  3293 00:0A5B: 97 05        	sta	[<L156+pxStreamBuffer_1],Y
  3294 00:0A5D: C8           	iny
  3295 00:0A5E: C8           	iny
  3296 00:0A5F: 97 05        	sta	[<L156+pxStreamBuffer_1],Y
  3297                        ;            xReturn = pdTRUE;
  3298 00:0A61: 1A           	ina
  3299 00:0A62: 85 09        	sta	<L156+xReturn_1
  3300                        ;        }
  3301                        ;        else
  3302 00:0A64: 80 02        	bra	L10390
  3303                        L10389:
  3304                        ;        {
  3305                        ;            xReturn = pdFALSE;
  3306 00:0A66: 64 09        	stz	<L156+xReturn_1
  3307                        ;        }
  3308                        L10390:
  3309                        ;    }
  3310                        ;    taskEXIT_CRITICAL_FROM_ISR( uxSavedInterruptStatus );
  3311                        ;
  3312                        ;    traceRETURN_xStreamBufferSendCompletedFromISR( xReturn );
  3313                        ;
  3314                        ;    return xReturn;
  3315 00:0A68: A5 09        	lda	<L156+xReturn_1
  3316 00:0A6A: A8           	tay
  3317 00:0A6B: A5 0D        	lda	<L155+1
  3318 00:0A6D: 85 15        	sta	<L155+1+8
  3319 00:0A6F: 2B           	pld
  3320 00:0A70: 3B           	tsc
  3321 00:0A71: 18           	clc
  3322 00:0A72: 69 14 00     	adc	#L155+8
  3323 00:0A75: 1B           	tcs
  3324 00:0A76: 98           	tya
  3325 00:0A77: 60           	rts
  3326                        ;}
  3327             0000000C   L155	equ	12
  3328             00000005   L156	equ	5
  3329                        	ends
  3330                        	efunc
  3331                        ;/*-----------------------------------------------------------*/
  3332                        ;
  3333                        ;BaseType_t xStreamBufferReceiveCompletedFromISR( StreamBufferHandle_t xStreamBuffer,
  3334                        ;                                                 BaseType_t * pxHigherPriorityTaskWoken )
  3335                        ;{
  3336                        	code
  Mon Sep 14 2026  7:48                                                                                                    Page 60


  3337                        	xdef	_~xStreamBufferReceiveCompletedFromISR
  3338                        	func
  3339                        _~xStreamBufferReceiveCompletedFromISR:
  3340                        	longa	on
  3341                        	longi	on
  3342 00:0A78: 3B           	tsc
  3343 00:0A79: 38           	sec
  3344 00:0A7A: E9 0C 00     	sbc	#L160
  3345 00:0A7D: 1B           	tcs
  3346 00:0A7E: 0B           	phd
  3347 00:0A7F: 5B           	tcd
  3348             00000003   xStreamBuffer_0	set	3
  3349             00000007   pxHigherPriorityTaskWoken_0	set	7
  3350                        ;    StreamBuffer_t * const pxStreamBuffer = xStreamBuffer;
  3351                        ;    BaseType_t xReturn;
  3352                        ;    UBaseType_t uxSavedInterruptStatus;
  3353                        ;
  3354                        ;    traceENTER_xStreamBufferReceiveCompletedFromISR( xStreamBuffer, pxHigherPriorityTaskWoken );
  3355             00000000   pxStreamBuffer_1	set	0
  3356             00000004   xReturn_1	set	4
  3357             00000006   uxSavedInterruptStatus_1	set	6
  3358 00:0A80: A5 0F        	lda	<L160+xStreamBuffer_0
  3359 00:0A82: 85 05        	sta	<L161+pxStreamBuffer_1
  3360 00:0A84: A5 11        	lda	<L160+xStreamBuffer_0+2
  3361 00:0A86: 85 07        	sta	<L161+pxStreamBuffer_1+2
  3362                        ;
  3363                        ;    configASSERT( pxStreamBuffer );
  3364 00:0A88: A5 05        	lda	<L161+pxStreamBuffer_1
  3365 00:0A8A: 05 07        	ora	<L161+pxStreamBuffer_1+2
  3366 00:0A8C: D0 02        	bne	L10391
  3367                        L10395:
  3368 00:0A8E: 80 FE        	bra	L10395
  3369                        L10391:
  3370                        ;
  3371                        ;    /* MISRA Ref 4.7.1 [Return value shall be checked] */
  3372                        ;    /* More details at: https://github.com/FreeRTOS/FreeRTOS-Kernel/blob/main/MISRA.md#dir-47 */
  3373                        ;    /* coverity[misra_c_2012_directive_4_7_violation] */
  3374                        ;    uxSavedInterruptStatus = taskENTER_CRITICAL_FROM_ISR();
  3375 00:0A90: 64 0B        	stz	<L161+uxSavedInterruptStatus_1
  3376                        ;    {
  3377                        ;        if( ( pxStreamBuffer )->xTaskWaitingToSend != NULL )
  3378                        ;        {
  3379 00:0A92: A0 0C 00     	ldy	#$c
  3380 00:0A95: B7 05        	lda	[<L161+pxStreamBuffer_1],Y
  3381 00:0A97: C8           	iny
  3382 00:0A98: C8           	iny
  3383 00:0A99: 17 05        	ora	[<L161+pxStreamBuffer_1],Y
  3384 00:0A9B: F0 3A        	beq	L10398
  3385                        ;            ( void ) xTaskNotifyIndexedFromISR( ( pxStreamBuffer )->xTaskWaitingToSend,
  3386                        ;                                                ( pxStreamBuffer )->uxNotificationIndex,
  3387                        ;                                                ( uint32_t ) 0,
  3388                        ;                                                eNoAction,
  3389                        ;                                                pxHigherPriorityTaskWoken );
  3390 00:0A9D: D4 15        	pei	<L160+pxHigherPriorityTaskWoken_0+2
  3391 00:0A9F: D4 13        	pei	<L160+pxHigherPriorityTaskWoken_0
  3392 00:0AA1: F4 00 00     	pea	#^$0
  3393 00:0AA4: F4 00 00     	pea	#<$0
  3394 00:0AA7: F4 00 00     	pea	#<$0
  Mon Sep 14 2026  7:48                                                                                                    Page 61


  3395 00:0AAA: F4 00 00     	pea	#^$0
  3396 00:0AAD: F4 00 00     	pea	#<$0
  3397 00:0AB0: A0 15 00     	ldy	#$15
  3398 00:0AB3: B7 05        	lda	[<L161+pxStreamBuffer_1],Y
  3399 00:0AB5: 48           	pha
  3400 00:0AB6: A0 0E 00     	ldy	#$e
  3401 00:0AB9: B7 05        	lda	[<L161+pxStreamBuffer_1],Y
  3402 00:0ABB: 48           	pha
  3403 00:0ABC: 88           	dey
  3404 00:0ABD: 88           	dey
  3405 00:0ABE: B7 05        	lda	[<L161+pxStreamBuffer_1],Y
  3406 00:0AC0: 48           	pha
  3407 00:0AC1: 20 xx xx     	jsr	_~xTaskGenericNotifyFromISR
  3408 00:0AC4: 85 01        	sta	<R0
  3409                        ;            ( pxStreamBuffer )->xTaskWaitingToSend = NULL;
  3410 00:0AC6: A9 00 00     	lda	#$0
  3411 00:0AC9: A0 0C 00     	ldy	#$c
  3412 00:0ACC: 97 05        	sta	[<L161+pxStreamBuffer_1],Y
  3413 00:0ACE: C8           	iny
  3414 00:0ACF: C8           	iny
  3415 00:0AD0: 97 05        	sta	[<L161+pxStreamBuffer_1],Y
  3416                        ;            xReturn = pdTRUE;
  3417 00:0AD2: 1A           	ina
  3418 00:0AD3: 85 09        	sta	<L161+xReturn_1
  3419                        ;        }
  3420                        ;        else
  3421 00:0AD5: 80 02        	bra	L10399
  3422                        L10398:
  3423                        ;        {
  3424                        ;            xReturn = pdFALSE;
  3425 00:0AD7: 64 09        	stz	<L161+xReturn_1
  3426                        ;        }
  3427                        L10399:
  3428                        ;    }
  3429                        ;    taskEXIT_CRITICAL_FROM_ISR( uxSavedInterruptStatus );
  3430                        ;
  3431                        ;    traceRETURN_xStreamBufferReceiveCompletedFromISR( xReturn );
  3432                        ;
  3433                        ;    return xReturn;
  3434 00:0AD9: A5 09        	lda	<L161+xReturn_1
  3435 00:0ADB: A8           	tay
  3436 00:0ADC: A5 0D        	lda	<L160+1
  3437 00:0ADE: 85 15        	sta	<L160+1+8
  3438 00:0AE0: 2B           	pld
  3439 00:0AE1: 3B           	tsc
  3440 00:0AE2: 18           	clc
  3441 00:0AE3: 69 14 00     	adc	#L160+8
  3442 00:0AE6: 1B           	tcs
  3443 00:0AE7: 98           	tya
  3444 00:0AE8: 60           	rts
  3445                        ;}
  3446             0000000C   L160	equ	12
  3447             00000005   L161	equ	5
  3448                        	ends
  3449                        	efunc
  3450                        ;/*-----------------------------------------------------------*/
  3451                        ;
  3452                        ;static size_t prvWriteBytesToBuffer( StreamBuffer_t * const pxStreamBuffer,
  Mon Sep 14 2026  7:48                                                                                                    Page 62


  3453                        ;                                     const uint8_t * pucData,
  3454                        ;                                     size_t xCount,
  3455                        ;                                     size_t xHead )
  3456                        ;{
  3457                        	code
  3458                        	func
  3459                        _~prvWriteBytesToBuffer:
  3460                        	longa	on
  3461                        	longi	on
  3462 00:0AE9: 3B           	tsc
  3463 00:0AEA: 38           	sec
  3464 00:0AEB: E9 0A 00     	sbc	#L165
  3465 00:0AEE: 1B           	tcs
  3466 00:0AEF: 0B           	phd
  3467 00:0AF0: 5B           	tcd
  3468             00000003   pxStreamBuffer_0	set	3
  3469             00000007   pucData_0	set	7
  3470             0000000B   xCount_0	set	11
  3471             0000000D   xHead_0	set	13
  3472                        ;    size_t xFirstLength;
  3473                        ;
  3474                        ;    configASSERT( xCount > ( size_t ) 0 );
  3475             00000000   xFirstLength_1	set	0
  3476 00:0AF1: A9 00 00     	lda	#$0
  3477 00:0AF4: C5 15        	cmp	<L165+xCount_0
  3478 00:0AF6: 90 02        	bcc	L10400
  3479                        L10404:
  3480 00:0AF8: 80 FE        	bra	L10404
  3481                        L10400:
  3482                        ;
  3483                        ;    /* Calculate the number of bytes that can be added in the first write -
  3484                        ;     * which may be less than the total number of bytes that need to be added if
  3485                        ;     * the buffer will wrap back to the beginning. */
  3486                        ;    xFirstLength = configMIN( pxStreamBuffer->xLength - xHead, xCount );
  3487 00:0AFA: 38           	sec
  3488 00:0AFB: A0 04 00     	ldy	#$4
  3489 00:0AFE: B7 0D        	lda	[<L165+pxStreamBuffer_0],Y
  3490 00:0B00: E5 17        	sbc	<L165+xHead_0
  3491 00:0B02: C5 15        	cmp	<L165+xCount_0
  3492 00:0B04: B0 07        	bcs	L168
  3493 00:0B06: 38           	sec
  3494 00:0B07: B7 0D        	lda	[<L165+pxStreamBuffer_0],Y
  3495 00:0B09: E5 17        	sbc	<L165+xHead_0
  3496 00:0B0B: 80 02        	bra	L170
  3497                        L168:
  3498 00:0B0D: A5 15        	lda	<L165+xCount_0
  3499                        L170:
  3500 00:0B0F: 85 09        	sta	<L166+xFirstLength_1
  3501 00:0B11: 18           	clc
  3502 00:0B12: 65 17        	adc	<L165+xHead_0
  3503 00:0B14: 85 01        	sta	<R0
  3504 00:0B16: A0 04 00     	ldy	#$4
  3505 00:0B19: B7 0D        	lda	[<L165+pxStreamBuffer_0],Y
  3506 00:0B1B: C5 01        	cmp	<R0
  3507 00:0B1D: B0 02        	bcs	L10407
  3508                        L10411:
  3509 00:0B1F: 80 FE        	bra	L10411
  3510                        L10407:
  Mon Sep 14 2026  7:48                                                                                                    Page 63


  3511                        ;    ( void ) memcpy( ( void * ) ( &( pxStreamBuffer->pucBuffer[ xHead ] ) ), ( const void * ) pucData
                    , xFirstLength );
  3512 00:0B21: D4 09        	pei	<L166+xFirstLength_1
  3513 00:0B23: D4 13        	pei	<L165+pucData_0+2
  3514 00:0B25: D4 11        	pei	<L165+pucData_0
  3515 00:0B27: A5 17        	lda	<L165+xHead_0
  3516 00:0B29: 85 01        	sta	<R0
  3517 00:0B2B: 64 03        	stz	<R0+2
  3518 00:0B2D: 18           	clc
  3519 00:0B2E: A0 10 00     	ldy	#$10
  3520 00:0B31: B7 0D        	lda	[<L165+pxStreamBuffer_0],Y
  3521 00:0B33: 65 01        	adc	<R0
  3522 00:0B35: 85 05        	sta	<R1
  3523 00:0B37: C8           	iny
  3524 00:0B38: C8           	iny
  3525 00:0B39: B7 0D        	lda	[<L165+pxStreamBuffer_0],Y
  3526 00:0B3B: 65 03        	adc	<R0+2
  3527 00:0B3D: 48           	pha
  3528 00:0B3E: D4 05        	pei	<R1
  3529 00:0B40: 20 xx xx     	jsr	_~memcpy
  3530 00:0B43: 85 01        	sta	<R0
  3531 00:0B45: 86 03        	stx	<R0+2
  3532                        ;
  3533                        ;    /* If the number of bytes written was less than the number that could be
  3534                        ;     * written in the first write... */
  3535                        ;    if( xCount > xFirstLength )
  3536                        ;    {
  3537 00:0B47: A5 09        	lda	<L166+xFirstLength_1
  3538 00:0B49: C5 15        	cmp	<L165+xCount_0
  3539 00:0B4B: B0 3E        	bcs	L10422
  3540                        ;        /* ...then write the remaining bytes to the start of the buffer. */
  3541                        ;        configASSERT( ( xCount - xFirstLength ) <= pxStreamBuffer->xLength );
  3542 00:0B4D: 38           	sec
  3543 00:0B4E: A5 15        	lda	<L165+xCount_0
  3544 00:0B50: E5 09        	sbc	<L166+xFirstLength_1
  3545 00:0B52: 85 01        	sta	<R0
  3546 00:0B54: A0 04 00     	ldy	#$4
  3547 00:0B57: B7 0D        	lda	[<L165+pxStreamBuffer_0],Y
  3548 00:0B59: C5 01        	cmp	<R0
  3549 00:0B5B: B0 02        	bcs	L10415
  3550                        L10419:
  3551 00:0B5D: 80 FE        	bra	L10419
  3552                        L10415:
  3553                        ;        ( void ) memcpy( ( void * ) pxStreamBuffer->pucBuffer, ( const void * ) &( pucData[ xFirstLen
                    gth ] ), xCount - xFirstLength );
  3554 00:0B5F: 38           	sec
  3555 00:0B60: A5 15        	lda	<L165+xCount_0
  3556 00:0B62: E5 09        	sbc	<L166+xFirstLength_1
  3557 00:0B64: 48           	pha
  3558 00:0B65: A5 09        	lda	<L166+xFirstLength_1
  3559 00:0B67: 85 01        	sta	<R0
  3560 00:0B69: 64 03        	stz	<R0+2
  3561 00:0B6B: A5 11        	lda	<L165+pucData_0
  3562 00:0B6D: 18           	clc
  3563 00:0B6E: 65 01        	adc	<R0
  3564 00:0B70: 85 05        	sta	<R1
  3565 00:0B72: A5 13        	lda	<L165+pucData_0+2
  3566 00:0B74: 65 03        	adc	<R0+2
  Mon Sep 14 2026  7:48                                                                                                    Page 64


  3567 00:0B76: 48           	pha
  3568 00:0B77: D4 05        	pei	<R1
  3569 00:0B79: A0 12 00     	ldy	#$12
  3570 00:0B7C: B7 0D        	lda	[<L165+pxStreamBuffer_0],Y
  3571 00:0B7E: 48           	pha
  3572 00:0B7F: 88           	dey
  3573 00:0B80: 88           	dey
  3574 00:0B81: B7 0D        	lda	[<L165+pxStreamBuffer_0],Y
  3575 00:0B83: 48           	pha
  3576 00:0B84: 20 xx xx     	jsr	_~memcpy
  3577 00:0B87: 85 01        	sta	<R0
  3578 00:0B89: 86 03        	stx	<R0+2
  3579                        ;    }
  3580                        ;    else
  3581                        ;    {
  3582                        ;        mtCOVERAGE_TEST_MARKER();
  3583                        ;    }
  3584                        L10422:
  3585                        ;
  3586                        ;    xHead += xCount;
  3587 00:0B8B: A5 17        	lda	<L165+xHead_0
  3588 00:0B8D: 18           	clc
  3589 00:0B8E: 65 15        	adc	<L165+xCount_0
  3590 00:0B90: 85 17        	sta	<L165+xHead_0
  3591                        ;
  3592                        ;    if( xHead >= pxStreamBuffer->xLength )
  3593                        ;    {
  3594 00:0B92: A0 04 00     	ldy	#$4
  3595 00:0B95: D7 0D        	cmp	[<L165+pxStreamBuffer_0],Y
  3596 00:0B97: 90 07        	bcc	L10424
  3597                        ;        xHead -= pxStreamBuffer->xLength;
  3598 00:0B99: 38           	sec
  3599 00:0B9A: A5 17        	lda	<L165+xHead_0
  3600 00:0B9C: F7 0D        	sbc	[<L165+pxStreamBuffer_0],Y
  3601 00:0B9E: 85 17        	sta	<L165+xHead_0
  3602                        ;    }
  3603                        ;    else
  3604                        ;    {
  3605                        ;        mtCOVERAGE_TEST_MARKER();
  3606                        ;    }
  3607                        L10424:
  3608                        ;
  3609                        ;    return xHead;
  3610 00:0BA0: A5 17        	lda	<L165+xHead_0
  3611 00:0BA2: A8           	tay
  3612 00:0BA3: A5 0B        	lda	<L165+1
  3613 00:0BA5: 85 17        	sta	<L165+1+12
  3614 00:0BA7: 2B           	pld
  3615 00:0BA8: 3B           	tsc
  3616 00:0BA9: 18           	clc
  3617 00:0BAA: 69 16 00     	adc	#L165+12
  3618 00:0BAD: 1B           	tcs
  3619 00:0BAE: 98           	tya
  3620 00:0BAF: 60           	rts
  3621                        ;}
  3622             0000000A   L165	equ	10
  3623             00000009   L166	equ	9
  3624                        	ends
  Mon Sep 14 2026  7:48                                                                                                    Page 65


  3625                        	efunc
  3626                        ;/*-----------------------------------------------------------*/
  3627                        ;
  3628                        ;static size_t prvReadBytesFromBuffer( StreamBuffer_t * pxStreamBuffer,
  3629                        ;                                      uint8_t * pucData,
  3630                        ;                                      size_t xCount,
  3631                        ;                                      size_t xTail )
  3632                        ;{
  3633                        	code
  3634                        	func
  3635                        _~prvReadBytesFromBuffer:
  3636                        	longa	on
  3637                        	longi	on
  3638 00:0BB0: 3B           	tsc
  3639 00:0BB1: 38           	sec
  3640 00:0BB2: E9 0A 00     	sbc	#L176
  3641 00:0BB5: 1B           	tcs
  3642 00:0BB6: 0B           	phd
  3643 00:0BB7: 5B           	tcd
  3644             00000003   pxStreamBuffer_0	set	3
  3645             00000007   pucData_0	set	7
  3646             0000000B   xCount_0	set	11
  3647             0000000D   xTail_0	set	13
  3648                        ;    size_t xFirstLength;
  3649                        ;
  3650                        ;    configASSERT( xCount != ( size_t ) 0 );
  3651             00000000   xFirstLength_1	set	0
  3652 00:0BB8: A5 15        	lda	<L176+xCount_0
  3653 00:0BBA: D0 02        	bne	L10425
  3654                        L10429:
  3655 00:0BBC: 80 FE        	bra	L10429
  3656                        L10425:
  3657                        ;
  3658                        ;    /* Calculate the number of bytes that can be read - which may be
  3659                        ;     * less than the number wanted if the data wraps around to the start of
  3660                        ;     * the buffer. */
  3661                        ;    xFirstLength = configMIN( pxStreamBuffer->xLength - xTail, xCount );
  3662 00:0BBE: 38           	sec
  3663 00:0BBF: A0 04 00     	ldy	#$4
  3664 00:0BC2: B7 0D        	lda	[<L176+pxStreamBuffer_0],Y
  3665 00:0BC4: E5 17        	sbc	<L176+xTail_0
  3666 00:0BC6: C5 15        	cmp	<L176+xCount_0
  3667 00:0BC8: B0 07        	bcs	L179
  3668 00:0BCA: 38           	sec
  3669 00:0BCB: B7 0D        	lda	[<L176+pxStreamBuffer_0],Y
  3670 00:0BCD: E5 17        	sbc	<L176+xTail_0
  3671 00:0BCF: 80 02        	bra	L181
  3672                        L179:
  3673 00:0BD1: A5 15        	lda	<L176+xCount_0
  3674                        L181:
  3675 00:0BD3: 85 09        	sta	<L177+xFirstLength_1
  3676                        ;
  3677                        ;    /* Obtain the number of bytes it is possible to obtain in the first
  3678                        ;     * read.  Asserts check bounds of read and write. */
  3679                        ;    configASSERT( xFirstLength <= xCount );
  3680 00:0BD5: A5 15        	lda	<L176+xCount_0
  3681 00:0BD7: C5 09        	cmp	<L177+xFirstLength_1
  3682 00:0BD9: B0 02        	bcs	L10432
  Mon Sep 14 2026  7:48                                                                                                    Page 66


  3683                        L10436:
  3684 00:0BDB: 80 FE        	bra	L10436
  3685                        L10432:
  3686                        ;    configASSERT( ( xTail + xFirstLength ) <= pxStreamBuffer->xLength );
  3687 00:0BDD: A5 17        	lda	<L176+xTail_0
  3688 00:0BDF: 18           	clc
  3689 00:0BE0: 65 09        	adc	<L177+xFirstLength_1
  3690 00:0BE2: 85 01        	sta	<R0
  3691 00:0BE4: A0 04 00     	ldy	#$4
  3692 00:0BE7: B7 0D        	lda	[<L176+pxStreamBuffer_0],Y
  3693 00:0BE9: C5 01        	cmp	<R0
  3694 00:0BEB: B0 02        	bcs	L10439
  3695                        L10443:
  3696 00:0BED: 80 FE        	bra	L10443
  3697                        L10439:
  3698                        ;    ( void ) memcpy( ( void * ) pucData, ( const void * ) &( pxStreamBuffer->pucBuffer[ xTail ] ), xF
                    irstLength );
  3699 00:0BEF: D4 09        	pei	<L177+xFirstLength_1
  3700 00:0BF1: A5 17        	lda	<L176+xTail_0
  3701 00:0BF3: 85 01        	sta	<R0
  3702 00:0BF5: 64 03        	stz	<R0+2
  3703 00:0BF7: 18           	clc
  3704 00:0BF8: A0 10 00     	ldy	#$10
  3705 00:0BFB: B7 0D        	lda	[<L176+pxStreamBuffer_0],Y
  3706 00:0BFD: 65 01        	adc	<R0
  3707 00:0BFF: 85 05        	sta	<R1
  3708 00:0C01: C8           	iny
  3709 00:0C02: C8           	iny
  3710 00:0C03: B7 0D        	lda	[<L176+pxStreamBuffer_0],Y
  3711 00:0C05: 65 03        	adc	<R0+2
  3712 00:0C07: 48           	pha
  3713 00:0C08: D4 05        	pei	<R1
  3714 00:0C0A: D4 13        	pei	<L176+pucData_0+2
  3715 00:0C0C: D4 11        	pei	<L176+pucData_0
  3716 00:0C0E: 20 xx xx     	jsr	_~memcpy
  3717 00:0C11: 85 01        	sta	<R0
  3718 00:0C13: 86 03        	stx	<R0+2
  3719                        ;
  3720                        ;    /* If the total number of wanted bytes is greater than the number
  3721                        ;     * that could be read in the first read... */
  3722                        ;    if( xCount > xFirstLength )
  3723                        ;    {
  3724 00:0C15: A5 09        	lda	<L177+xFirstLength_1
  3725 00:0C17: C5 15        	cmp	<L176+xCount_0
  3726 00:0C19: B0 2C        	bcs	L10447
  3727                        ;        /* ...then read the remaining bytes from the start of the buffer. */
  3728                        ;        ( void ) memcpy( ( void * ) &( pucData[ xFirstLength ] ), ( void * ) ( pxStreamBuffer->pucBuf
                    fer ), xCount - xFirstLength );
  3729 00:0C1B: 38           	sec
  3730 00:0C1C: A5 15        	lda	<L176+xCount_0
  3731 00:0C1E: E5 09        	sbc	<L177+xFirstLength_1
  3732 00:0C20: 48           	pha
  3733 00:0C21: A0 12 00     	ldy	#$12
  3734 00:0C24: B7 0D        	lda	[<L176+pxStreamBuffer_0],Y
  3735 00:0C26: 48           	pha
  3736 00:0C27: 88           	dey
  3737 00:0C28: 88           	dey
  3738 00:0C29: B7 0D        	lda	[<L176+pxStreamBuffer_0],Y
  Mon Sep 14 2026  7:48                                                                                                    Page 67


  3739 00:0C2B: 48           	pha
  3740 00:0C2C: A5 09        	lda	<L177+xFirstLength_1
  3741 00:0C2E: 85 01        	sta	<R0
  3742 00:0C30: 64 03        	stz	<R0+2
  3743 00:0C32: A5 11        	lda	<L176+pucData_0
  3744 00:0C34: 18           	clc
  3745 00:0C35: 65 01        	adc	<R0
  3746 00:0C37: 85 05        	sta	<R1
  3747 00:0C39: A5 13        	lda	<L176+pucData_0+2
  3748 00:0C3B: 65 03        	adc	<R0+2
  3749 00:0C3D: 48           	pha
  3750 00:0C3E: D4 05        	pei	<R1
  3751 00:0C40: 20 xx xx     	jsr	_~memcpy
  3752 00:0C43: 85 01        	sta	<R0
  3753 00:0C45: 86 03        	stx	<R0+2
  3754                        ;    }
  3755                        ;    else
  3756                        ;    {
  3757                        ;        mtCOVERAGE_TEST_MARKER();
  3758                        ;    }
  3759                        L10447:
  3760                        ;
  3761                        ;    /* Move the tail pointer to effectively remove the data read from the buffer. */
  3762                        ;    xTail += xCount;
  3763 00:0C47: A5 17        	lda	<L176+xTail_0
  3764 00:0C49: 18           	clc
  3765 00:0C4A: 65 15        	adc	<L176+xCount_0
  3766 00:0C4C: 85 17        	sta	<L176+xTail_0
  3767                        ;
  3768                        ;    if( xTail >= pxStreamBuffer->xLength )
  3769                        ;    {
  3770 00:0C4E: A0 04 00     	ldy	#$4
  3771 00:0C51: D7 0D        	cmp	[<L176+pxStreamBuffer_0],Y
  3772 00:0C53: 90 07        	bcc	L10448
  3773                        ;        xTail -= pxStreamBuffer->xLength;
  3774 00:0C55: 38           	sec
  3775 00:0C56: A5 17        	lda	<L176+xTail_0
  3776 00:0C58: F7 0D        	sbc	[<L176+pxStreamBuffer_0],Y
  3777 00:0C5A: 85 17        	sta	<L176+xTail_0
  3778                        ;    }
  3779                        ;
  3780                        ;    return xTail;
  3781                        L10448:
  3782 00:0C5C: A5 17        	lda	<L176+xTail_0
  3783 00:0C5E: A8           	tay
  3784 00:0C5F: A5 0B        	lda	<L176+1
  3785 00:0C61: 85 17        	sta	<L176+1+12
  3786 00:0C63: 2B           	pld
  3787 00:0C64: 3B           	tsc
  3788 00:0C65: 18           	clc
  3789 00:0C66: 69 16 00     	adc	#L176+12
  3790 00:0C69: 1B           	tcs
  3791 00:0C6A: 98           	tya
  3792 00:0C6B: 60           	rts
  3793                        ;}
  3794             0000000A   L176	equ	10
  3795             00000009   L177	equ	9
  3796                        	ends
  Mon Sep 14 2026  7:48                                                                                                    Page 68


  3797                        	efunc
  3798                        ;/*-----------------------------------------------------------*/
  3799                        ;
  3800                        ;static size_t prvBytesInBuffer( const StreamBuffer_t * const pxStreamBuffer )
  3801                        ;{
  3802                        	code
  3803                        	func
  3804                        _~prvBytesInBuffer:
  3805                        	longa	on
  3806                        	longi	on
  3807 00:0C6C: 3B           	tsc
  3808 00:0C6D: 38           	sec
  3809 00:0C6E: E9 02 00     	sbc	#L187
  3810 00:0C71: 1B           	tcs
  3811 00:0C72: 0B           	phd
  3812 00:0C73: 5B           	tcd
  3813             00000003   pxStreamBuffer_0	set	3
  3814                        ;    /* Returns the distance between xTail and xHead. */
  3815                        ;    size_t xCount;
  3816                        ;
  3817                        ;    xCount = pxStreamBuffer->xLength + pxStreamBuffer->xHead;
  3818             00000000   xCount_1	set	0
  3819 00:0C74: 18           	clc
  3820 00:0C75: A0 04 00     	ldy	#$4
  3821 00:0C78: B7 05        	lda	[<L187+pxStreamBuffer_0],Y
  3822 00:0C7A: 88           	dey
  3823 00:0C7B: 88           	dey
  3824 00:0C7C: 77 05        	adc	[<L187+pxStreamBuffer_0],Y
  3825 00:0C7E: 85 01        	sta	<L188+xCount_1
  3826                        ;    xCount -= pxStreamBuffer->xTail;
  3827 00:0C80: 38           	sec
  3828 00:0C81: E7 05        	sbc	[<L187+pxStreamBuffer_0]
  3829 00:0C83: 85 01        	sta	<L188+xCount_1
  3830                        ;
  3831                        ;    if( xCount >= pxStreamBuffer->xLength )
  3832                        ;    {
  3833 00:0C85: C8           	iny
  3834 00:0C86: C8           	iny
  3835 00:0C87: D7 05        	cmp	[<L187+pxStreamBuffer_0],Y
  3836 00:0C89: 90 07        	bcc	L10450
  3837                        ;        xCount -= pxStreamBuffer->xLength;
  3838 00:0C8B: 38           	sec
  3839 00:0C8C: A5 01        	lda	<L188+xCount_1
  3840 00:0C8E: F7 05        	sbc	[<L187+pxStreamBuffer_0],Y
  3841 00:0C90: 85 01        	sta	<L188+xCount_1
  3842                        ;    }
  3843                        ;    else
  3844                        ;    {
  3845                        ;        mtCOVERAGE_TEST_MARKER();
  3846                        ;    }
  3847                        L10450:
  3848                        ;
  3849                        ;    return xCount;
  3850 00:0C92: A5 01        	lda	<L188+xCount_1
  3851 00:0C94: A8           	tay
  3852 00:0C95: A5 03        	lda	<L187+1
  3853 00:0C97: 85 07        	sta	<L187+1+4
  3854 00:0C99: 2B           	pld
  Mon Sep 14 2026  7:48                                                                                                    Page 69


  3855 00:0C9A: 3B           	tsc
  3856 00:0C9B: 18           	clc
  3857 00:0C9C: 69 06 00     	adc	#L187+4
  3858 00:0C9F: 1B           	tcs
  3859 00:0CA0: 98           	tya
  3860 00:0CA1: 60           	rts
  3861                        ;}
  3862             00000002   L187	equ	2
  3863             00000001   L188	equ	1
  3864                        	ends
  3865                        	efunc
  3866                        ;/*-----------------------------------------------------------*/
  3867                        ;
  3868                        ;static BaseType_t prvBytesInBufferMeetTriggerLevel( const StreamBuffer_t * const pxStreamBuffer,
  3869                        ;                                                    size_t xBytesInBuffer )
  3870                        ;{
  3871                        	code
  3872                        	func
  3873                        _~prvBytesInBufferMeetTriggerLevel:
  3874                        	longa	on
  3875                        	longi	on
  3876 00:0CA2: 3B           	tsc
  3877 00:0CA3: 38           	sec
  3878 00:0CA4: E9 02 00     	sbc	#L191
  3879 00:0CA7: 1B           	tcs
  3880 00:0CA8: 0B           	phd
  3881 00:0CA9: 5B           	tcd
  3882             00000003   pxStreamBuffer_0	set	3
  3883             00000007   xBytesInBuffer_0	set	7
  3884                        ;    BaseType_t xReturn = pdFALSE;
  3885                        ;
  3886                        ;    if( ( pxStreamBuffer->ucFlags & sbFLAGS_IS_BATCHING_BUFFER ) != ( uint8_t ) 0 )
  3887             00000000   xReturn_1	set	0
  3888 00:0CAA: 64 01        	stz	<L192+xReturn_1
  3889                        ;    {
  3890 00:0CAC: E2 20        	sep	#$20
  3891                        	longa	off
  3892 00:0CAE: A0 14 00     	ldy	#$14
  3893 00:0CB1: B7 05        	lda	[<L191+pxStreamBuffer_0],Y
  3894 00:0CB3: 29 04        	and	#<$4
  3895 00:0CB5: C2 20        	rep	#$20
  3896                        	longa	on
  3897 00:0CB7: F0 1E        	beq	L10451
  3898                        ;        if( xBytesInBuffer > pxStreamBuffer->xTriggerLevelBytes )
  3899                        ;        {
  3900 00:0CB9: A0 06 00     	ldy	#$6
  3901 00:0CBC: B7 05        	lda	[<L191+pxStreamBuffer_0],Y
  3902 00:0CBE: C5 09        	cmp	<L191+xBytesInBuffer_0
  3903 00:0CC0: B0 05        	bcs	L10454
  3904                        ;            xReturn = pdTRUE;
  3905                        L20011:
  3906 00:0CC2: A9 01 00     	lda	#$1
  3907 00:0CC5: 85 01        	sta	<L192+xReturn_1
  3908                        ;        }
  3909                        ;        else
  3910                        L10454:
  3911                        ;
  3912                        ;    return xReturn;
  Mon Sep 14 2026  7:48                                                                                                    Page 70


  3913 00:0CC7: A5 01        	lda	<L192+xReturn_1
  3914 00:0CC9: A8           	tay
  3915 00:0CCA: A5 03        	lda	<L191+1
  3916 00:0CCC: 85 09        	sta	<L191+1+6
  3917 00:0CCE: 2B           	pld
  3918 00:0CCF: 3B           	tsc
  3919 00:0CD0: 18           	clc
  3920 00:0CD1: 69 08 00     	adc	#L191+6
  3921 00:0CD4: 1B           	tcs
  3922 00:0CD5: 98           	tya
  3923 00:0CD6: 60           	rts
  3924                        ;        {
  3925                        ;            mtCOVERAGE_TEST_MARKER();
  3926                        ;        }
  3927                        ;    }
  3928                        ;    else if( xBytesInBuffer >= pxStreamBuffer->xTriggerLevelBytes )
  3929                        L10451:
  3930                        ;    {
  3931 00:0CD7: A5 09        	lda	<L191+xBytesInBuffer_0
  3932 00:0CD9: A0 06 00     	ldy	#$6
  3933 00:0CDC: D7 05        	cmp	[<L191+pxStreamBuffer_0],Y
  3934 00:0CDE: 90 E7        	bcc	L10454
  3935                        ;        xReturn = pdTRUE;
  3936 00:0CE0: 80 E0        	bra	L20011
  3937                        ;    }
  3938                        ;    else
  3939                        ;    {
  3940                        ;        mtCOVERAGE_TEST_MARKER();
  3941                        ;    }
  3942                        ;}
  3943             00000002   L191	equ	2
  3944             00000001   L192	equ	1
  3945                        	ends
  3946                        	efunc
  3947                        ;/*-----------------------------------------------------------*/
  3948                        ;
  3949                        ;static void prvInitialiseNewStreamBuffer( StreamBuffer_t * const pxStreamBuffer,
  3950                        ;                                          uint8_t * const pucBuffer,
  3951                        ;                                          size_t xBufferSizeBytes,
  3952                        ;                                          size_t xTriggerLevelBytes,
  3953                        ;                                          uint8_t ucFlags,
  3954                        ;                                          StreamBufferCallbackFunction_t pxSendCompletedCallback,
  3955                        ;                                          StreamBufferCallbackFunction_t pxReceiveCompletedCallback )
  3956                        ;{
  3957                        	code
  3958                        	func
  3959                        _~prvInitialiseNewStreamBuffer:
  3960                        	longa	on
  3961                        	longi	on
  3962 00:0CE2: 3B           	tsc
  3963 00:0CE3: 38           	sec
  3964 00:0CE4: E9 04 00     	sbc	#L197
  3965 00:0CE7: 1B           	tcs
  3966 00:0CE8: 0B           	phd
  3967 00:0CE9: 5B           	tcd
  3968             00000003   pxStreamBuffer_0	set	3
  3969             00000007   pucBuffer_0	set	7
  3970             0000000B   xBufferSizeBytes_0	set	11
  Mon Sep 14 2026  7:48                                                                                                    Page 71


  3971             0000000D   xTriggerLevelBytes_0	set	13
  3972             0000000F   ucFlags_0	set	15
  3973             00000011   pxSendCompletedCallback_0	set	17
  3974             00000013   pxReceiveCompletedCallback_0	set	19
  3975                        ;    /* Assert here is deliberately writing to the entire buffer to ensure it can
  3976                        ;     * be written to without generating exceptions, and is setting the buffer to a
  3977                        ;     * known value to assist in development/debugging. */
  3978                        ;    #if ( configASSERT_DEFINED == 1 )
  3979                        ;    {
  3980                        ;        /* The value written just has to be identifiable when looking at the
  3981                        ;         * memory.  Don't use 0xA5 as that is the stack fill value and could
  3982                        ;         * result in confusion as to what is actually being observed. */
  3983                        ;        #define STREAM_BUFFER_BUFFER_WRITE_VALUE    ( 0x55 )
  3984                        ;        configASSERT( memset( pucBuffer, ( int ) STREAM_BUFFER_BUFFER_WRITE_VALUE, xBufferSizeBytes )
                     == pucBuffer );
  3985 00:0CEA: D4 0F        	pei	<L197+xBufferSizeBytes_0
  3986 00:0CEC: F4 55 00     	pea	#<$55
  3987 00:0CEF: D4 0D        	pei	<L197+pucBuffer_0+2
  3988 00:0CF1: D4 0B        	pei	<L197+pucBuffer_0
  3989 00:0CF3: 20 xx xx     	jsr	_~memset
  3990 00:0CF6: 86 03        	stx	<R0+2
  3991 00:0CF8: C5 0B        	cmp	<L197+pucBuffer_0
  3992 00:0CFA: D0 04        	bne	L199
  3993 00:0CFC: A5 03        	lda	<R0+2
  3994 00:0CFE: C5 0D        	cmp	<L197+pucBuffer_0+2
  3995                        L199:
  3996 00:0D00: F0 02        	beq	L10457
  3997                        L10461:
  3998 00:0D02: 80 FE        	bra	L10461
  3999                        L10457:
  4000                        ;    }
  4001                        ;    #endif
  4002                        ;
  4003                        ;    ( void ) memset( ( void * ) pxStreamBuffer, 0x00, sizeof( StreamBuffer_t ) );
  4004 00:0D04: F4 17 00     	pea	#<$17
  4005 00:0D07: F4 00 00     	pea	#<$0
  4006 00:0D0A: D4 09        	pei	<L197+pxStreamBuffer_0+2
  4007 00:0D0C: D4 07        	pei	<L197+pxStreamBuffer_0
  4008 00:0D0E: 20 xx xx     	jsr	_~memset
  4009                        ;    pxStreamBuffer->pucBuffer = pucBuffer;
  4010 00:0D11: A5 0B        	lda	<L197+pucBuffer_0
  4011 00:0D13: A0 10 00     	ldy	#$10
  4012 00:0D16: 97 07        	sta	[<L197+pxStreamBuffer_0],Y
  4013 00:0D18: A5 0D        	lda	<L197+pucBuffer_0+2
  4014 00:0D1A: C8           	iny
  4015 00:0D1B: C8           	iny
  4016 00:0D1C: 97 07        	sta	[<L197+pxStreamBuffer_0],Y
  4017                        ;    pxStreamBuffer->xLength = xBufferSizeBytes;
  4018 00:0D1E: A5 0F        	lda	<L197+xBufferSizeBytes_0
  4019 00:0D20: A0 04 00     	ldy	#$4
  4020 00:0D23: 97 07        	sta	[<L197+pxStreamBuffer_0],Y
  4021                        ;    pxStreamBuffer->xTriggerLevelBytes = xTriggerLevelBytes;
  4022 00:0D25: A5 11        	lda	<L197+xTriggerLevelBytes_0
  4023 00:0D27: C8           	iny
  4024 00:0D28: C8           	iny
  4025 00:0D29: 97 07        	sta	[<L197+pxStreamBuffer_0],Y
  4026                        ;    pxStreamBuffer->ucFlags = ucFlags;
  4027 00:0D2B: E2 20        	sep	#$20
  Mon Sep 14 2026  7:48                                                                                                    Page 72


  4028                        	longa	off
  4029 00:0D2D: A5 13        	lda	<L197+ucFlags_0
  4030 00:0D2F: A0 14 00     	ldy	#$14
  4031 00:0D32: 97 07        	sta	[<L197+pxStreamBuffer_0],Y
  4032 00:0D34: C2 20        	rep	#$20
  4033                        	longa	on
  4034                        ;    pxStreamBuffer->uxNotificationIndex = tskDEFAULT_INDEX_TO_NOTIFY;
  4035 00:0D36: A9 00 00     	lda	#$0
  4036 00:0D39: C8           	iny
  4037 00:0D3A: 97 07        	sta	[<L197+pxStreamBuffer_0],Y
  4038                        ;    #if ( configUSE_SB_COMPLETED_CALLBACK == 1 )
  4039                        ;    {
  4040                        ;        pxStreamBuffer->pxSendCompletedCallback = pxSendCompletedCallback;
  4041                        ;        pxStreamBuffer->pxReceiveCompletedCallback = pxReceiveCompletedCallback;
  4042                        ;    }
  4043                        ;    #else
  4044                        ;    {
  4045                        ;        /* MISRA Ref 11.1.1 [Object type casting] */
  4046                        ;        /* More details at: https://github.com/FreeRTOS/FreeRTOS-Kernel/blob/main/MISRA.md#rule-111 *
                    /
  4047                        ;        /* coverity[misra_c_2012_rule_11_1_violation] */
  4048                        ;        ( void ) pxSendCompletedCallback;
  4049                        ;
  4050                        ;        /* MISRA Ref 11.1.1 [Object type casting] */
  4051                        ;        /* More details at: https://github.com/FreeRTOS/FreeRTOS-Kernel/blob/main/MISRA.md#rule-111 *
                    /
  4052                        ;        /* coverity[misra_c_2012_rule_11_1_violation] */
  4053                        ;        ( void ) pxReceiveCompletedCallback;
  4054                        ;    }
  4055                        ;    #endif /* if ( configUSE_SB_COMPLETED_CALLBACK == 1 ) */
  4056                        ;}
  4057 00:0D3C: A5 05        	lda	<L197+1
  4058 00:0D3E: 85 17        	sta	<L197+1+18
  4059 00:0D40: 2B           	pld
  4060 00:0D41: 3B           	tsc
  4061 00:0D42: 18           	clc
  4062 00:0D43: 69 16 00     	adc	#L197+18
  4063 00:0D46: 1B           	tcs
  4064 00:0D47: 60           	rts
  4065             00000004   L197	equ	4
  4066             00000005   L198	equ	5
  4067                        	ends
  4068                        	efunc
  4069                        ;/*-----------------------------------------------------------*/
  4070                        ;
  4071                        ;UBaseType_t uxStreamBufferGetStreamBufferNotificationIndex( StreamBufferHandle_t xStreamBuffer )
  4072                        ;{
  4073                        	code
  4074                        	xdef	_~uxStreamBufferGetStreamBufferNotificationIndex
  4075                        	func
  4076                        _~uxStreamBufferGetStreamBufferNotificationIndex:
  4077                        	longa	on
  4078                        	longi	on
  4079 00:0D48: 3B           	tsc
  4080 00:0D49: 38           	sec
  4081 00:0D4A: E9 04 00     	sbc	#L202
  4082 00:0D4D: 1B           	tcs
  4083 00:0D4E: 0B           	phd
  Mon Sep 14 2026  7:48                                                                                                    Page 73


  4084 00:0D4F: 5B           	tcd
  4085             00000003   xStreamBuffer_0	set	3
  4086                        ;    StreamBuffer_t * const pxStreamBuffer = xStreamBuffer;
  4087                        ;
  4088                        ;    traceENTER_uxStreamBufferGetStreamBufferNotificationIndex( xStreamBuffer );
  4089             00000000   pxStreamBuffer_1	set	0
  4090 00:0D50: A5 07        	lda	<L202+xStreamBuffer_0
  4091 00:0D52: 85 01        	sta	<L203+pxStreamBuffer_1
  4092 00:0D54: A5 09        	lda	<L202+xStreamBuffer_0+2
  4093 00:0D56: 85 03        	sta	<L203+pxStreamBuffer_1+2
  4094                        ;
  4095                        ;    configASSERT( pxStreamBuffer );
  4096 00:0D58: A5 01        	lda	<L203+pxStreamBuffer_1
  4097 00:0D5A: 05 03        	ora	<L203+pxStreamBuffer_1+2
  4098 00:0D5C: D0 02        	bne	L10464
  4099                        L10468:
  4100 00:0D5E: 80 FE        	bra	L10468
  4101                        L10464:
  4102                        ;
  4103                        ;    traceRETURN_uxStreamBufferGetStreamBufferNotificationIndex( pxStreamBuffer->uxNotificationIndex )
                    ;
  4104                        ;
  4105                        ;    return pxStreamBuffer->uxNotificationIndex;
  4106 00:0D60: A0 15 00     	ldy	#$15
  4107 00:0D63: B7 01        	lda	[<L203+pxStreamBuffer_1],Y
  4108 00:0D65: A8           	tay
  4109 00:0D66: A5 05        	lda	<L202+1
  4110 00:0D68: 85 09        	sta	<L202+1+4
  4111 00:0D6A: 2B           	pld
  4112 00:0D6B: 3B           	tsc
  4113 00:0D6C: 18           	clc
  4114 00:0D6D: 69 08 00     	adc	#L202+4
  4115 00:0D70: 1B           	tcs
  4116 00:0D71: 98           	tya
  4117 00:0D72: 60           	rts
  4118                        ;}
  4119             00000004   L202	equ	4
  4120             00000001   L203	equ	1
  4121                        	ends
  4122                        	efunc
  4123                        ;/*-----------------------------------------------------------*/
  4124                        ;
  4125                        ;void vStreamBufferSetStreamBufferNotificationIndex( StreamBufferHandle_t xStreamBuffer,
  4126                        ;                                                    UBaseType_t uxNotificationIndex )
  4127                        ;{
  4128                        	code
  4129                        	xdef	_~vStreamBufferSetStreamBufferNotificationIndex
  4130                        	func
  4131                        _~vStreamBufferSetStreamBufferNotificationIndex:
  4132                        	longa	on
  4133                        	longi	on
  4134 00:0D73: 3B           	tsc
  4135 00:0D74: 38           	sec
  4136 00:0D75: E9 04 00     	sbc	#L206
  4137 00:0D78: 1B           	tcs
  4138 00:0D79: 0B           	phd
  4139 00:0D7A: 5B           	tcd
  4140             00000003   xStreamBuffer_0	set	3
  Mon Sep 14 2026  7:48                                                                                                    Page 74


  4141             00000007   uxNotificationIndex_0	set	7
  4142                        ;    StreamBuffer_t * const pxStreamBuffer = xStreamBuffer;
  4143                        ;
  4144                        ;    traceENTER_vStreamBufferSetStreamBufferNotificationIndex( xStreamBuffer, uxNotificationIndex );
  4145             00000000   pxStreamBuffer_1	set	0
  4146 00:0D7B: A5 07        	lda	<L206+xStreamBuffer_0
  4147 00:0D7D: 85 01        	sta	<L207+pxStreamBuffer_1
  4148 00:0D7F: A5 09        	lda	<L206+xStreamBuffer_0+2
  4149 00:0D81: 85 03        	sta	<L207+pxStreamBuffer_1+2
  4150                        ;
  4151                        ;    /* There should be no task waiting otherwise we'd never resume them. */
  4152                        ;    configASSERT( ( pxStreamBuffer != NULL ) && ( pxStreamBuffer->xTaskWaitingToReceive == NULL ) );
  4153 00:0D83: A5 01        	lda	<L207+pxStreamBuffer_1
  4154 00:0D85: 05 03        	ora	<L207+pxStreamBuffer_1+2
  4155 00:0D87: F0 0B        	beq	L10475
  4156 00:0D89: A0 08 00     	ldy	#$8
  4157 00:0D8C: B7 01        	lda	[<L207+pxStreamBuffer_1],Y
  4158 00:0D8E: C8           	iny
  4159 00:0D8F: C8           	iny
  4160 00:0D90: 17 01        	ora	[<L207+pxStreamBuffer_1],Y
  4161 00:0D92: F0 02        	beq	L10471
  4162                        L10475:
  4163 00:0D94: 80 FE        	bra	L10475
  4164                        L10471:
  4165                        ;    configASSERT( ( pxStreamBuffer != NULL ) && ( pxStreamBuffer->xTaskWaitingToSend == NULL ) );
  4166 00:0D96: A5 01        	lda	<L207+pxStreamBuffer_1
  4167 00:0D98: 05 03        	ora	<L207+pxStreamBuffer_1+2
  4168 00:0D9A: F0 0B        	beq	L10482
  4169 00:0D9C: A0 0C 00     	ldy	#$c
  4170 00:0D9F: B7 01        	lda	[<L207+pxStreamBuffer_1],Y
  4171 00:0DA1: C8           	iny
  4172 00:0DA2: C8           	iny
  4173 00:0DA3: 17 01        	ora	[<L207+pxStreamBuffer_1],Y
  4174 00:0DA5: F0 02        	beq	L10478
  4175                        L10482:
  4176 00:0DA7: 80 FE        	bra	L10482
  4177                        L10478:
  4178                        ;
  4179                        ;    /* Check that the task notification index is valid. */
  4180                        ;    configASSERT( uxNotificationIndex < configTASK_NOTIFICATION_ARRAY_ENTRIES );
  4181 00:0DA9: A5 0B        	lda	<L206+uxNotificationIndex_0
  4182 00:0DAB: C9 01 00     	cmp	#<$1
  4183 00:0DAE: 90 02        	bcc	L10485
  4184                        L10489:
  4185 00:0DB0: 80 FE        	bra	L10489
  4186                        L10485:
  4187                        ;
  4188                        ;    pxStreamBuffer->uxNotificationIndex = uxNotificationIndex;
  4189 00:0DB2: A5 0B        	lda	<L206+uxNotificationIndex_0
  4190 00:0DB4: A0 15 00     	ldy	#$15
  4191 00:0DB7: 97 01        	sta	[<L207+pxStreamBuffer_1],Y
  4192                        ;
  4193                        ;    traceRETURN_vStreamBufferSetStreamBufferNotificationIndex();
  4194                        ;}
  4195 00:0DB9: A5 05        	lda	<L206+1
  4196 00:0DBB: 85 0B        	sta	<L206+1+6
  4197 00:0DBD: 2B           	pld
  4198 00:0DBE: 3B           	tsc
  Mon Sep 14 2026  7:48                                                                                                    Page 75


  4199 00:0DBF: 18           	clc
  4200 00:0DC0: 69 0A 00     	adc	#L206+6
  4201 00:0DC3: 1B           	tcs
  4202 00:0DC4: 60           	rts
  4203             00000004   L206	equ	4
  4204             00000001   L207	equ	1
  4205                        	ends
  4206                        	efunc
  4207                        ;/*-----------------------------------------------------------*/
  4208                        ;
  4209                        ;    #if ( configUSE_TRACE_FACILITY == 1 )
  4210                        ;
  4211                        ;    UBaseType_t uxStreamBufferGetStreamBufferNumber( StreamBufferHandle_t xStreamBuffer )
  4212                        ;    {
  4213                        ;        traceENTER_uxStreamBufferGetStreamBufferNumber( xStreamBuffer );
  4214                        ;
  4215                        ;        traceRETURN_uxStreamBufferGetStreamBufferNumber( xStreamBuffer->uxStreamBufferNumber );
  4216                        ;
  4217                        ;        return xStreamBuffer->uxStreamBufferNumber;
  4218                        ;    }
  4219                        ;
  4220                        ;    #endif /* configUSE_TRACE_FACILITY */
  4221                        ;/*-----------------------------------------------------------*/
  4222                        ;
  4223                        ;    #if ( configUSE_TRACE_FACILITY == 1 )
  4224                        ;
  4225                        ;    void vStreamBufferSetStreamBufferNumber( StreamBufferHandle_t xStreamBuffer,
  4226                        ;                                             UBaseType_t uxStreamBufferNumber )
  4227                        ;    {
  4228                        ;        traceENTER_vStreamBufferSetStreamBufferNumber( xStreamBuffer, uxStreamBufferNumber );
  4229                        ;
  4230                        ;        xStreamBuffer->uxStreamBufferNumber = uxStreamBufferNumber;
  4231                        ;
  4232                        ;        traceRETURN_vStreamBufferSetStreamBufferNumber();
  4233                        ;    }
  4234                        ;
  4235                        ;    #endif /* configUSE_TRACE_FACILITY */
  4236                        ;/*-----------------------------------------------------------*/
  4237                        ;
  4238                        ;    #if ( configUSE_TRACE_FACILITY == 1 )
  4239                        ;
  4240                        ;    uint8_t ucStreamBufferGetStreamBufferType( StreamBufferHandle_t xStreamBuffer )
  4241                        ;    {
  4242                        ;        traceENTER_ucStreamBufferGetStreamBufferType( xStreamBuffer );
  4243                        ;
  4244                        ;        traceRETURN_ucStreamBufferGetStreamBufferType( ( uint8_t ) ( xStreamBuffer->ucFlags & sbFLAGS
                    _IS_MESSAGE_BUFFER ) );
  4245                        ;
  4246                        ;        return( ( uint8_t ) ( xStreamBuffer->ucFlags & sbFLAGS_IS_MESSAGE_BUFFER ) );
  4247                        ;    }
  4248                        ;
  4249                        ;    #endif /* configUSE_TRACE_FACILITY */
  4250                        ;/*-----------------------------------------------------------*/
  4251                        ;
  4252                        ;/* This entire source file will be skipped if the application is not configured
  4253                        ; * to include stream buffer functionality. This #if is closed at the very bottom
  4254                        ; * of this file. If you want to include stream buffers then ensure
  4255                        ; * configUSE_STREAM_BUFFERS is set to 1 in FreeRTOSConfig.h. */
  Mon Sep 14 2026  7:48                                                                                                    Page 76


  4256                        ;#endif /* configUSE_STREAM_BUFFERS == 1 */
  4257                        ;
  4258                        	xref	_~xTaskGetCurrentTaskHandle
  4259                        	xref	_~xTaskCheckForTimeOut
  4260                        	xref	_~vTaskSetTimeOutState
  4261                        	xref	_~xTaskGenericNotifyStateClear
  4262                        	xref	_~xTaskGenericNotifyWait
  4263                        	xref	_~xTaskGenericNotifyFromISR
  4264                        	xref	_~xTaskGenericNotify
  4265                        	xref	_~xTaskResumeAll
  4266                        	xref	_~vTaskSuspendAll
  4267                        	xref	_~vPortFree
  4268                        	xref	_~pvPortMalloc
  4269                        	xref	_~memset
  4270                        	xref	_~memcpy


      Lines assembled: 4270
      Errors: 0
