  Tue Sep 15 2026 17:44                                                                                                    Page 1


                                               ***************************************
                                               **      WDC 65C816 Macro Assembler   **
                                               **                                   **
                                               **     Version 3.49.1- Feb  6 2006    **
                                               ***************************************

     1                        ;:ts=8
     2             00000001   R0	equ	1
     3             00000005   R1	equ	5
     4             00000009   R2	equ	9
     5             0000000D   R3	equ	13
     6                        ;/*
     7                        ; * FreeRTOS Kernel V11.3.1
     8                        ; * Copyright (C) 2021 Amazon.com, Inc. or its affiliates. All Rights Reserved.
     9                        ; *
    10                        ; * SPDX-License-Identifier: MIT
    11                        ; *
    12                        ; * Permission is hereby granted, free of charge, to any person obtaining a copy of
    13                        ; * this software and associated documentation files (the "Software"), to deal in
    14                        ; * the Software without restriction, including without limitation the rights to
    15                        ; * use, copy, modify, merge, publish, distribute, sublicense, and/or sell copies of
    16                        ; * the Software, and to permit persons to whom the Software is furnished to do so,
    17                        ; * subject to the following conditions:
    18                        ; *
    19                        ; * The above copyright notice and this permission notice shall be included in all
    20                        ; * copies or substantial portions of the Software.
    21                        ; *
    22                        ; * THE SOFTWARE IS PROVIDED "AS IS", WITHOUT WARRANTY OF ANY KIND, EXPRESS OR
    23                        ; * IMPLIED, INCLUDING BUT NOT LIMITED TO THE WARRANTIES OF MERCHANTABILITY, FITNESS
    24                        ; * FOR A PARTICULAR PURPOSE AND NONINFRINGEMENT. IN NO EVENT SHALL THE AUTHORS OR
    25                        ; * COPYRIGHT HOLDERS BE LIABLE FOR ANY CLAIM, DAMAGES OR OTHER LIABILITY, WHETHER
    26                        ; * IN AN ACTION OF CONTRACT, TORT OR OTHERWISE, ARISING FROM, OUT OF OR IN
    27                        ; * CONNECTION WITH THE SOFTWARE OR THE USE OR OTHER DEALINGS IN THE SOFTWARE.
    28                        ; *
    29                        ; * https://www.FreeRTOS.org
    30                        ; * https://github.com/FreeRTOS
    31                        ; *
    32                        ; */
    33                        ;
    34                        ;/* Standard includes. */
    35                        ;#include <stdlib.h>
    36                        ;
    37                        ;/* Defining MPU_WRAPPERS_INCLUDED_FROM_API_FILE prevents task.h from redefining
    38                        ; * all the API functions to use the MPU wrappers. That should only be done when
    39                        ; * task.h is included from an application file. */
    40                        ;#define MPU_WRAPPERS_INCLUDED_FROM_API_FILE
    41                        ;
    42                        ;/* FreeRTOS includes. */
    43                        ;#include "FreeRTOS.h"
    44                        ;#include "task.h"
    45                        ;#include "timers.h"
    46                        ;#include "event_groups.h"
    47                        ;
    48                        ;/* The MPU ports require MPU_WRAPPERS_INCLUDED_FROM_API_FILE to be defined
    49                        ; * for the header files above, but not in this file, in order to generate the
    50                        ; * correct privileged Vs unprivileged linkage and placement. */
    51                        ;#undef MPU_WRAPPERS_INCLUDED_FROM_API_FILE
    52                        ;
  Tue Sep 15 2026 17:44                                                                                                    Page 2


    53                        ;/* This entire source file will be skipped if the application is not configured
    54                        ; * to include event groups functionality. This #if is closed at the very bottom
    55                        ; * of this file. If you want to include event groups then ensure
    56                        ; * configUSE_EVENT_GROUPS is set to 1 in FreeRTOSConfig.h. */
    57                        ;#if ( configUSE_EVENT_GROUPS == 1 )
    58                        ;
    59                        ;    typedef struct EventGroupDef_t
    60                        ;    {
    61                        ;        EventBits_t uxEventBits;
    62                        ;        List_t xTasksWaitingForBits; /**< List of tasks waiting for a bit to be set. */
    63                        ;
    64                        ;        #if ( configUSE_TRACE_FACILITY == 1 )
    65                        ;            UBaseType_t uxEventGroupNumber;
    66                        ;        #endif
    67                        ;
    68                        ;        #if ( ( configSUPPORT_STATIC_ALLOCATION == 1 ) && ( configSUPPORT_DYNAMIC_ALLOCATION == 1 ) )
    69                        ;            uint8_t ucStaticallyAllocated; /**< Set to pdTRUE if the event group is statically alloca
                    ted to ensure no attempt is made to free the memory. */
    70                        ;        #endif
    71                        ;    } EventGroup_t;
    72                        ;
    73                        ;/*-----------------------------------------------------------*/
    74                        ;
    75                        ;/*
    76                        ; * Test the bits set in uxCurrentEventBits to see if the wait condition is met.
    77                        ; * The wait condition is defined by xWaitForAllBits.  If xWaitForAllBits is
    78                        ; * pdTRUE then the wait condition is met if all the bits set in uxBitsToWaitFor
    79                        ; * are also set in uxCurrentEventBits.  If xWaitForAllBits is pdFALSE then the
    80                        ; * wait condition is met if any of the bits set in uxBitsToWaitFor are also set
    81                        ; * in uxCurrentEventBits.
    82                        ; */
    83                        ;    static BaseType_t prvTestWaitCondition( const EventBits_t uxCurrentEventBits,
    84                        ;                                            const EventBits_t uxBitsToWaitFor,
    85                        ;                                            const BaseType_t xWaitForAllBits ) PRIVILEGED_FUNCTION;
    86                        ;
    87                        ;/*-----------------------------------------------------------*/
    88                        ;
    89                        ;    #if ( configSUPPORT_STATIC_ALLOCATION == 1 )
    90                        ;
    91                        ;        EventGroupHandle_t xEventGroupCreateStatic( StaticEventGroup_t * pxEventGroupBuffer )
    92                        ;        {
    93                        ;            EventGroup_t * pxEventBits;
    94                        ;
    95                        ;            traceENTER_xEventGroupCreateStatic( pxEventGroupBuffer );
    96                        ;
    97                        ;            /* A StaticEventGroup_t object must be provided. */
    98                        ;            configASSERT( pxEventGroupBuffer );
    99                        ;
   100                        ;            #if ( configASSERT_DEFINED == 1 )
   101                        ;            {
   102                        ;                /* Sanity check that the size of the structure used to declare a
   103                        ;                 * variable of type StaticEventGroup_t equals the size of the real
   104                        ;                 * event group structure. */
   105                        ;                volatile size_t xSize = sizeof( StaticEventGroup_t );
   106                        ;                configASSERT( xSize == sizeof( EventGroup_t ) );
   107                        ;            }
   108                        ;            #endif /* configASSERT_DEFINED */
   109                        ;
  Tue Sep 15 2026 17:44                                                                                                    Page 3


   110                        ;            /* The user has provided a statically allocated event group - use it. */
   111                        ;            /* MISRA Ref 11.3.1 [Misaligned access] */
   112                        ;            /* More details at: https://github.com/FreeRTOS/FreeRTOS-Kernel/blob/main/MISRA.md#rule-1
                    13 */
   113                        ;            /* coverity[misra_c_2012_rule_11_3_violation] */
   114                        ;            pxEventBits = ( EventGroup_t * ) pxEventGroupBuffer;
   115                        ;
   116                        ;            if( pxEventBits != NULL )
   117                        ;            {
   118                        ;                pxEventBits->uxEventBits = 0;
   119                        ;                vListInitialise( &( pxEventBits->xTasksWaitingForBits ) );
   120                        ;
   121                        ;                #if ( configSUPPORT_DYNAMIC_ALLOCATION == 1 )
   122                        ;                {
   123                        ;                    /* Both static and dynamic allocation can be used, so note that
   124                        ;                     * this event group was created statically in case the event group
   125                        ;                     * is later deleted. */
   126                        ;                    pxEventBits->ucStaticallyAllocated = pdTRUE;
   127                        ;                }
   128                        ;                #endif /* configSUPPORT_DYNAMIC_ALLOCATION */
   129                        ;
   130                        ;                traceEVENT_GROUP_CREATE( pxEventBits );
   131                        ;            }
   132                        ;            else
   133                        ;            {
   134                        ;                /* xEventGroupCreateStatic should only ever be called with
   135                        ;                 * pxEventGroupBuffer pointing to a pre-allocated (compile time
   136                        ;                 * allocated) StaticEventGroup_t variable. */
   137                        ;                traceEVENT_GROUP_CREATE_FAILED();
   138                        ;            }
   139                        ;
   140                        ;            traceRETURN_xEventGroupCreateStatic( pxEventBits );
   141                        ;
   142                        ;            return pxEventBits;
   143                        ;        }
   144                        ;
   145                        ;    #endif /* configSUPPORT_STATIC_ALLOCATION */
   146                        ;/*-----------------------------------------------------------*/
   147                        ;
   148                        ;    #if ( configSUPPORT_DYNAMIC_ALLOCATION == 1 )
   149                        ;
   150                        ;        EventGroupHandle_t xEventGroupCreate( void )
   151                        ;        {
   152                        	code
   153                        	xdef	_~xEventGroupCreate
   154                        	func
   155                        _~xEventGroupCreate:
   156                        	longa	on
   157                        	longi	on
   158 00:0000: 3B           	tsc
   159 00:0001: 38           	sec
   160 00:0002: E9 08 00     	sbc	#L2
   161 00:0005: 1B           	tcs
   162 00:0006: 0B           	phd
   163 00:0007: 5B           	tcd
   164                        ;            EventGroup_t * pxEventBits;
   165                        ;
   166                        ;            traceENTER_xEventGroupCreate();
  Tue Sep 15 2026 17:44                                                                                                    Page 4


   167             00000000   pxEventBits_1	set	0
   168                        ;
   169                        ;            /* MISRA Ref 11.5.1 [Malloc memory assignment] */
   170                        ;            /* More details at: https://github.com/FreeRTOS/FreeRTOS-Kernel/blob/main/MISRA.md#rule-1
                    15 */
   171                        ;            /* coverity[misra_c_2012_rule_11_5_violation] */
   172                        ;            pxEventBits = ( EventGroup_t * ) pvPortMalloc( sizeof( EventGroup_t ) );
   173 00:0008: F4 16 00     	pea	#<$16
   174 00:000B: 20 xx xx     	jsr	_~pvPortMalloc
   175 00:000E: 85 05        	sta	<L3+pxEventBits_1
   176 00:0010: 86 07        	stx	<L3+pxEventBits_1+2
   177                        ;
   178                        ;            if( pxEventBits != NULL )
   179                        ;            {
   180 00:0012: 05 07        	ora	<L3+pxEventBits_1+2
   181 00:0014: F0 1D        	beq	L10002
   182                        ;                pxEventBits->uxEventBits = 0;
   183 00:0016: A9 00 00     	lda	#$0
   184 00:0019: 87 05        	sta	[<L3+pxEventBits_1]
   185 00:001B: A0 02 00     	ldy	#$2
   186 00:001E: 97 05        	sta	[<L3+pxEventBits_1],Y
   187                        ;                vListInitialise( &( pxEventBits->xTasksWaitingForBits ) );
   188 00:0020: A9 04 00     	lda	#$4
   189 00:0023: 18           	clc
   190 00:0024: 65 05        	adc	<L3+pxEventBits_1
   191 00:0026: 85 01        	sta	<R0
   192 00:0028: A9 00 00     	lda	#$0
   193 00:002B: 65 07        	adc	<L3+pxEventBits_1+2
   194 00:002D: 48           	pha
   195 00:002E: D4 01        	pei	<R0
   196 00:0030: 20 xx xx     	jsr	_~vListInitialise
   197                        ;
   198                        ;                #if ( configSUPPORT_STATIC_ALLOCATION == 1 )
   199                        ;                {
   200                        ;                    /* Both static and dynamic allocation can be used, so note this
   201                        ;                     * event group was allocated statically in case the event group is
   202                        ;                     * later deleted. */
   203                        ;                    pxEventBits->ucStaticallyAllocated = pdFALSE;
   204                        ;                }
   205                        ;                #endif /* configSUPPORT_STATIC_ALLOCATION */
   206                        ;
   207                        ;                traceEVENT_GROUP_CREATE( pxEventBits );
   208                        ;            }
   209                        ;            else
   210                        ;            {
   211                        ;                traceEVENT_GROUP_CREATE_FAILED();
   212                        ;            }
   213                        L10002:
   214                        ;
   215                        ;            traceRETURN_xEventGroupCreate( pxEventBits );
   216                        ;
   217                        ;            return pxEventBits;
   218 00:0033: A6 07        	ldx	<L3+pxEventBits_1+2
   219 00:0035: A5 05        	lda	<L3+pxEventBits_1
   220 00:0037: A8           	tay
   221 00:0038: 2B           	pld
   222 00:0039: 3B           	tsc
   223 00:003A: 18           	clc
  Tue Sep 15 2026 17:44                                                                                                    Page 5


   224 00:003B: 69 08 00     	adc	#L2
   225 00:003E: 1B           	tcs
   226 00:003F: 98           	tya
   227 00:0040: 60           	rts
   228                        ;        }
   229             00000008   L2	equ	8
   230             00000005   L3	equ	5
   231                        	ends
   232                        	efunc
   233                        ;
   234                        ;    #endif /* configSUPPORT_DYNAMIC_ALLOCATION */
   235                        ;/*-----------------------------------------------------------*/
   236                        ;
   237                        ;    EventBits_t xEventGroupSync( EventGroupHandle_t xEventGroup,
   238                        ;                                 const EventBits_t uxBitsToSet,
   239                        ;                                 const EventBits_t uxBitsToWaitFor,
   240                        ;                                 TickType_t xTicksToWait )
   241                        ;    {
   242                        	code
   243                        	xdef	_~xEventGroupSync
   244                        	func
   245                        _~xEventGroupSync:
   246                        	longa	on
   247                        	longi	on
   248 00:0041: 3B           	tsc
   249 00:0042: 38           	sec
   250 00:0043: E9 18 00     	sbc	#L6
   251 00:0046: 1B           	tcs
   252 00:0047: 0B           	phd
   253 00:0048: 5B           	tcd
   254             00000003   xEventGroup_0	set	3
   255             00000007   uxBitsToSet_0	set	7
   256             0000000B   uxBitsToWaitFor_0	set	11
   257             0000000F   xTicksToWait_0	set	15
   258                        ;        EventBits_t uxOriginalBitValue, uxReturn;
   259                        ;        EventGroup_t * pxEventBits = xEventGroup;
   260                        ;        BaseType_t xAlreadyYielded;
   261                        ;        BaseType_t xTimeoutOccurred = pdFALSE;
   262                        ;
   263                        ;        traceENTER_xEventGroupSync( xEventGroup, uxBitsToSet, uxBitsToWaitFor, xTicksToWait );
   264             00000000   uxOriginalBitValue_1	set	0
   265             00000004   uxReturn_1	set	4
   266             00000008   pxEventBits_1	set	8
   267             0000000C   xAlreadyYielded_1	set	12
   268             0000000E   xTimeoutOccurred_1	set	14
   269 00:0049: A5 1B        	lda	<L6+xEventGroup_0
   270 00:004B: 85 11        	sta	<L7+pxEventBits_1
   271 00:004D: A5 1D        	lda	<L6+xEventGroup_0+2
   272 00:004F: 85 13        	sta	<L7+pxEventBits_1+2
   273 00:0051: 64 17        	stz	<L7+xTimeoutOccurred_1
   274                        ;
   275                        ;        configASSERT( ( uxBitsToWaitFor & eventEVENT_BITS_CONTROL_BYTES ) == 0 );
   276 00:0053: A5 25        	lda	<L6+uxBitsToWaitFor_0+2
   277 00:0055: 29 00 FF     	and	#^$ff000000
   278 00:0058: F0 02        	beq	L10003
   279                        L10007:
   280 00:005A: 80 FE        	bra	L10007
   281                        L10003:
  Tue Sep 15 2026 17:44                                                                                                    Page 6


   282                        ;        configASSERT( uxBitsToWaitFor != 0 );
   283 00:005C: A5 23        	lda	<L6+uxBitsToWaitFor_0
   284 00:005E: 05 25        	ora	<L6+uxBitsToWaitFor_0+2
   285 00:0060: D0 02        	bne	L10010
   286                        L10014:
   287 00:0062: 80 FE        	bra	L10014
   288                        L10010:
   289                        ;        #if ( ( INCLUDE_xTaskGetSchedulerState == 1 ) || ( configUSE_TIMERS == 1 ) )
   290                        ;        {
   291                        ;            configASSERT( !( ( xTaskGetSchedulerState() == taskSCHEDULER_SUSPENDED ) && ( xTicksToWai
                    t != 0 ) ) );
   292 00:0064: 20 xx xx     	jsr	_~xTaskGetSchedulerState
   293 00:0067: AA           	tax
   294 00:0068: D0 08        	bne	L10017
   295 00:006A: A5 27        	lda	<L6+xTicksToWait_0
   296 00:006C: 05 29        	ora	<L6+xTicksToWait_0+2
   297 00:006E: F0 02        	beq	L10017
   298                        L10021:
   299 00:0070: 80 FE        	bra	L10021
   300                        L10017:
   301                        ;        }
   302                        ;        #endif
   303                        ;
   304                        ;        vTaskSuspendAll();
   305 00:0072: 20 xx xx     	jsr	_~vTaskSuspendAll
   306                        ;        {
   307                        ;            uxOriginalBitValue = pxEventBits->uxEventBits;
   308 00:0075: A7 11        	lda	[<L7+pxEventBits_1]
   309 00:0077: 85 09        	sta	<L7+uxOriginalBitValue_1
   310 00:0079: A0 02 00     	ldy	#$2
   311 00:007C: B7 11        	lda	[<L7+pxEventBits_1],Y
   312 00:007E: 85 0B        	sta	<L7+uxOriginalBitValue_1+2
   313                        ;
   314                        ;            ( void ) xEventGroupSetBits( xEventGroup, uxBitsToSet );
   315 00:0080: D4 21        	pei	<L6+uxBitsToSet_0+2
   316 00:0082: D4 1F        	pei	<L6+uxBitsToSet_0
   317 00:0084: D4 1D        	pei	<L6+xEventGroup_0+2
   318 00:0086: D4 1B        	pei	<L6+xEventGroup_0
   319 00:0088: 20 xx xx     	jsr	_~xEventGroupSetBits
   320                        ;
   321                        ;            if( ( ( uxOriginalBitValue | uxBitsToSet ) & uxBitsToWaitFor ) == uxBitsToWaitFor )
   322                        ;            {
   323 00:008B: A5 1F        	lda	<L6+uxBitsToSet_0
   324 00:008D: 05 09        	ora	<L7+uxOriginalBitValue_1
   325 00:008F: 85 01        	sta	<R0
   326 00:0091: A5 21        	lda	<L6+uxBitsToSet_0+2
   327 00:0093: 05 0B        	ora	<L7+uxOriginalBitValue_1+2
   328 00:0095: 85 03        	sta	<R0+2
   329 00:0097: A5 23        	lda	<L6+uxBitsToWaitFor_0
   330 00:0099: 25 01        	and	<R0
   331 00:009B: 85 05        	sta	<R1
   332 00:009D: A5 25        	lda	<L6+uxBitsToWaitFor_0+2
   333 00:009F: 25 03        	and	<R0+2
   334 00:00A1: 85 07        	sta	<R1+2
   335 00:00A3: A5 05        	lda	<R1
   336 00:00A5: C5 23        	cmp	<L6+uxBitsToWaitFor_0
   337 00:00A7: D0 04        	bne	L12
   338 00:00A9: A5 07        	lda	<R1+2
  Tue Sep 15 2026 17:44                                                                                                    Page 7


   339 00:00AB: C5 25        	cmp	<L6+uxBitsToWaitFor_0+2
   340                        L12:
   341 00:00AD: D0 2F        	bne	L10024
   342                        ;                /* All the rendezvous bits are now set - no need to block. */
   343                        ;                uxReturn = ( uxOriginalBitValue | uxBitsToSet );
   344 00:00AF: A5 1F        	lda	<L6+uxBitsToSet_0
   345 00:00B1: 05 09        	ora	<L7+uxOriginalBitValue_1
   346 00:00B3: 85 0D        	sta	<L7+uxReturn_1
   347 00:00B5: A5 21        	lda	<L6+uxBitsToSet_0+2
   348 00:00B7: 05 0B        	ora	<L7+uxOriginalBitValue_1+2
   349 00:00B9: 85 0F        	sta	<L7+uxReturn_1+2
   350                        ;
   351                        ;                /* Rendezvous always clear the bits.  They will have been cleared
   352                        ;                 * already unless this is the only task in the rendezvous. */
   353                        ;                pxEventBits->uxEventBits &= ~uxBitsToWaitFor;
   354 00:00BB: A5 23        	lda	<L6+uxBitsToWaitFor_0
   355 00:00BD: 49 FF FF     	eor	#<$ffffffff
   356 00:00C0: 85 01        	sta	<R0
   357 00:00C2: A5 25        	lda	<L6+uxBitsToWaitFor_0+2
   358 00:00C4: 49 FF FF     	eor	#^$ffffffff
   359 00:00C7: 85 03        	sta	<R0+2
   360 00:00C9: A7 11        	lda	[<L7+pxEventBits_1]
   361 00:00CB: 25 01        	and	<R0
   362 00:00CD: 87 11        	sta	[<L7+pxEventBits_1]
   363 00:00CF: A0 02 00     	ldy	#$2
   364 00:00D2: B7 11        	lda	[<L7+pxEventBits_1],Y
   365 00:00D4: 25 03        	and	<R0+2
   366 00:00D6: 97 11        	sta	[<L7+pxEventBits_1],Y
   367                        ;
   368                        ;                xTicksToWait = 0;
   369 00:00D8: 64 27        	stz	<L6+xTicksToWait_0
   370 00:00DA: 64 29        	stz	<L6+xTicksToWait_0+2
   371                        ;            }
   372                        ;            else
   373 00:00DC: 80 3F        	bra	L10025
   374                        L10024:
   375                        ;            {
   376                        ;                if( xTicksToWait != ( TickType_t ) 0 )
   377                        ;                {
   378 00:00DE: A5 27        	lda	<L6+xTicksToWait_0
   379 00:00E0: 05 29        	ora	<L6+xTicksToWait_0+2
   380 00:00E2: F0 29        	beq	L10026
   381                        ;                    traceEVENT_GROUP_SYNC_BLOCK( xEventGroup, uxBitsToSet, uxBitsToWaitFor );
   382                        ;
   383                        ;                    /* Store the bits that the calling task is waiting for in the
   384                        ;                     * task's event list item so the kernel knows when a match is
   385                        ;                     * found.  Then enter the blocked state. */
   386                        ;                    vTaskPlaceOnUnorderedEventList( &( pxEventBits->xTasksWaitingForBits ), ( uxBitsT
                    oWaitFor | eventCLEAR_EVENTS_ON_EXIT_BIT | eventWAIT_FOR_ALL_BITS ), xTicksToWait );
   387 00:00E4: D4 29        	pei	<L6+xTicksToWait_0+2
   388 00:00E6: D4 27        	pei	<L6+xTicksToWait_0
   389 00:00E8: A5 23        	lda	<L6+uxBitsToWaitFor_0
   390 00:00EA: 85 01        	sta	<R0
   391 00:00EC: A5 25        	lda	<L6+uxBitsToWaitFor_0+2
   392 00:00EE: 09 00 05     	ora	#^$5000000
   393 00:00F1: 48           	pha
   394 00:00F2: D4 01        	pei	<R0
   395 00:00F4: A9 04 00     	lda	#$4
  Tue Sep 15 2026 17:44                                                                                                    Page 8


   396 00:00F7: 18           	clc
   397 00:00F8: 65 11        	adc	<L7+pxEventBits_1
   398 00:00FA: 85 05        	sta	<R1
   399 00:00FC: A9 00 00     	lda	#$0
   400 00:00FF: 65 13        	adc	<L7+pxEventBits_1+2
   401 00:0101: 48           	pha
   402 00:0102: D4 05        	pei	<R1
   403 00:0104: 20 xx xx     	jsr	_~vTaskPlaceOnUnorderedEventList
   404                        ;
   405                        ;                    /* This assignment is obsolete as uxReturn will get set after
   406                        ;                     * the task unblocks, but some compilers mistakenly generate a
   407                        ;                     * warning about uxReturn being returned without being set if the
   408                        ;                     * assignment is omitted. */
   409                        ;                    uxReturn = 0;
   410 00:0107: 64 0D        	stz	<L7+uxReturn_1
   411 00:0109: 64 0F        	stz	<L7+uxReturn_1+2
   412                        ;                }
   413                        ;                else
   414 00:010B: 80 10        	bra	L10025
   415                        L10026:
   416                        ;                {
   417                        ;                    /* The rendezvous bits were not set, but no block time was
   418                        ;                     * specified - just return the current event bit value. */
   419                        ;                    uxReturn = pxEventBits->uxEventBits;
   420 00:010D: A7 11        	lda	[<L7+pxEventBits_1]
   421 00:010F: 85 0D        	sta	<L7+uxReturn_1
   422 00:0111: A0 02 00     	ldy	#$2
   423 00:0114: B7 11        	lda	[<L7+pxEventBits_1],Y
   424 00:0116: 85 0F        	sta	<L7+uxReturn_1+2
   425                        ;                    xTimeoutOccurred = pdTRUE;
   426 00:0118: A9 01 00     	lda	#$1
   427 00:011B: 85 17        	sta	<L7+xTimeoutOccurred_1
   428                        ;                }
   429                        ;            }
   430                        L10025:
   431                        ;        }
   432                        ;        xAlreadyYielded = xTaskResumeAll();
   433 00:011D: 20 xx xx     	jsr	_~xTaskResumeAll
   434 00:0120: 85 15        	sta	<L7+xAlreadyYielded_1
   435                        ;
   436                        ;        if( xTicksToWait != ( TickType_t ) 0 )
   437                        ;        {
   438 00:0122: A5 27        	lda	<L6+xTicksToWait_0
   439 00:0124: 05 29        	ora	<L6+xTicksToWait_0+2
   440 00:0126: F0 61        	beq	L10028
   441                        ;            if( xAlreadyYielded == pdFALSE )
   442                        ;            {
   443 00:0128: A5 15        	lda	<L7+xAlreadyYielded_1
   444 00:012A: D0 03        	bne	L10030
   445                        ;                taskYIELD_WITHIN_API();
   446 00:012C: 20 xx xx     	jsr	_~vPortYield
   447                        ;            }
   448                        ;            else
   449                        ;            {
   450                        ;                mtCOVERAGE_TEST_MARKER();
   451                        ;            }
   452                        L10030:
   453                        ;
  Tue Sep 15 2026 17:44                                                                                                    Page 9


   454                        ;            /* The task blocked to wait for its required bits to be set - at this
   455                        ;             * point either the required bits were set or the block time expired.  If
   456                        ;             * the required bits were set they will have been stored in the task's
   457                        ;             * event list item, and they should now be retrieved then cleared. */
   458                        ;            uxReturn = uxTaskResetEventItemValue();
   459 00:012F: 20 xx xx     	jsr	_~uxTaskResetEventItemValue
   460 00:0132: 85 0D        	sta	<L7+uxReturn_1
   461 00:0134: 86 0F        	stx	<L7+uxReturn_1+2
   462                        ;
   463                        ;            if( ( uxReturn & eventUNBLOCKED_DUE_TO_BIT_SET ) == ( EventBits_t ) 0 )
   464                        ;            {
   465 00:0136: A5 0F        	lda	<L7+uxReturn_1+2
   466 00:0138: 29 00 02     	and	#^$2000000
   467 00:013B: D0 45        	bne	L10040
   468                        ;                /* The task timed out, just return the current event bit value. */
   469                        ;                taskENTER_CRITICAL();
   470                        ;                {
   471                        ;                    uxReturn = pxEventBits->uxEventBits;
   472 00:013D: A7 11        	lda	[<L7+pxEventBits_1]
   473 00:013F: 85 0D        	sta	<L7+uxReturn_1
   474 00:0141: A0 02 00     	ldy	#$2
   475 00:0144: B7 11        	lda	[<L7+pxEventBits_1],Y
   476 00:0146: 85 0F        	sta	<L7+uxReturn_1+2
   477                        ;
   478                        ;                    /* Although the task got here because it timed out before the
   479                        ;                     * bits it was waiting for were set, it is possible that since it
   480                        ;                     * unblocked another task has set the bits.  If this is the case
   481                        ;                     * then it needs to clear the bits before exiting. */
   482                        ;                    if( ( uxReturn & uxBitsToWaitFor ) == uxBitsToWaitFor )
   483                        ;                    {
   484 00:0148: A5 23        	lda	<L6+uxBitsToWaitFor_0
   485 00:014A: 25 0D        	and	<L7+uxReturn_1
   486 00:014C: 85 01        	sta	<R0
   487 00:014E: A5 25        	lda	<L6+uxBitsToWaitFor_0+2
   488 00:0150: 25 0F        	and	<L7+uxReturn_1+2
   489 00:0152: 85 03        	sta	<R0+2
   490 00:0154: A5 01        	lda	<R0
   491 00:0156: C5 23        	cmp	<L6+uxBitsToWaitFor_0
   492 00:0158: D0 04        	bne	L18
   493 00:015A: A5 03        	lda	<R0+2
   494 00:015C: C5 25        	cmp	<L6+uxBitsToWaitFor_0+2
   495                        L18:
   496 00:015E: D0 1D        	bne	L10038
   497                        ;                        pxEventBits->uxEventBits &= ~uxBitsToWaitFor;
   498 00:0160: A5 23        	lda	<L6+uxBitsToWaitFor_0
   499 00:0162: 49 FF FF     	eor	#<$ffffffff
   500 00:0165: 85 01        	sta	<R0
   501 00:0167: A5 25        	lda	<L6+uxBitsToWaitFor_0+2
   502 00:0169: 49 FF FF     	eor	#^$ffffffff
   503 00:016C: 85 03        	sta	<R0+2
   504 00:016E: A7 11        	lda	[<L7+pxEventBits_1]
   505 00:0170: 25 01        	and	<R0
   506 00:0172: 87 11        	sta	[<L7+pxEventBits_1]
   507 00:0174: A0 02 00     	ldy	#$2
   508 00:0177: B7 11        	lda	[<L7+pxEventBits_1],Y
   509 00:0179: 25 03        	and	<R0+2
   510 00:017B: 97 11        	sta	[<L7+pxEventBits_1],Y
   511                        ;                    }
  Tue Sep 15 2026 17:44                                                                                                    Page 10


   512                        ;                    else
   513                        ;                    {
   514                        ;                        mtCOVERAGE_TEST_MARKER();
   515                        ;                    }
   516                        ;                }
   517                        ;                taskEXIT_CRITICAL();
   518                        L10038:
   519                        ;
   520                        ;                xTimeoutOccurred = pdTRUE;
   521 00:017D: A9 01 00     	lda	#$1
   522 00:0180: 85 17        	sta	<L7+xTimeoutOccurred_1
   523                        ;            }
   524                        ;            else
   525                        ;            {
   526                        ;                /* The task unblocked because the bits were set. */
   527                        ;            }
   528                        L10040:
   529                        ;
   530                        ;            /* Control bits might be set as the task had blocked should not be
   531                        ;             * returned. */
   532                        ;            uxReturn &= ~eventEVENT_BITS_CONTROL_BYTES;
   533 00:0182: A5 0F        	lda	<L7+uxReturn_1+2
   534 00:0184: 29 FF 00     	and	#^$ffffff
   535 00:0187: 85 0F        	sta	<L7+uxReturn_1+2
   536                        ;        }
   537                        ;
   538                        ;        traceEVENT_GROUP_SYNC_END( xEventGroup, uxBitsToSet, uxBitsToWaitFor, xTimeoutOccurred );
   539                        L10028:
   540                        ;
   541                        ;        /* Prevent compiler warnings when trace macros are not used. */
   542                        ;        ( void ) xTimeoutOccurred;
   543                        ;
   544                        ;        traceRETURN_xEventGroupSync( uxReturn );
   545                        ;
   546                        ;        return uxReturn;
   547 00:0189: A6 0F        	ldx	<L7+uxReturn_1+2
   548 00:018B: A5 0D        	lda	<L7+uxReturn_1
   549 00:018D: A8           	tay
   550 00:018E: A5 19        	lda	<L6+1
   551 00:0190: 85 29        	sta	<L6+1+16
   552 00:0192: 2B           	pld
   553 00:0193: 3B           	tsc
   554 00:0194: 18           	clc
   555 00:0195: 69 28 00     	adc	#L6+16
   556 00:0198: 1B           	tcs
   557 00:0199: 98           	tya
   558 00:019A: 60           	rts
   559                        ;    }
   560             00000018   L6	equ	24
   561             00000009   L7	equ	9
   562                        	ends
   563                        	efunc
   564                        ;/*-----------------------------------------------------------*/
   565                        ;
   566                        ;    EventBits_t xEventGroupWaitBits( EventGroupHandle_t xEventGroup,
   567                        ;                                     const EventBits_t uxBitsToWaitFor,
   568                        ;                                     const BaseType_t xClearOnExit,
   569                        ;                                     const BaseType_t xWaitForAllBits,
  Tue Sep 15 2026 17:44                                                                                                    Page 11


   570                        ;                                     TickType_t xTicksToWait )
   571                        ;    {
   572                        	code
   573                        	xdef	_~xEventGroupWaitBits
   574                        	func
   575                        _~xEventGroupWaitBits:
   576                        	longa	on
   577                        	longi	on
   578 00:019B: 3B           	tsc
   579 00:019C: 38           	sec
   580 00:019D: E9 1E 00     	sbc	#L21
   581 00:01A0: 1B           	tcs
   582 00:01A1: 0B           	phd
   583 00:01A2: 5B           	tcd
   584             00000003   xEventGroup_0	set	3
   585             00000007   uxBitsToWaitFor_0	set	7
   586             0000000B   xClearOnExit_0	set	11
   587             0000000D   xWaitForAllBits_0	set	13
   588             0000000F   xTicksToWait_0	set	15
   589                        ;        EventGroup_t * pxEventBits = xEventGroup;
   590                        ;        EventBits_t uxReturn, uxControlBits = 0;
   591                        ;        BaseType_t xWaitConditionMet, xAlreadyYielded;
   592                        ;        BaseType_t xTimeoutOccurred = pdFALSE;
   593                        ;
   594                        ;        traceENTER_xEventGroupWaitBits( xEventGroup, uxBitsToWaitFor, xClearOnExit, xWaitForAllBits, 
                    xTicksToWait );
   595             00000000   pxEventBits_1	set	0
   596             00000004   uxReturn_1	set	4
   597             00000008   uxControlBits_1	set	8
   598             0000000C   xWaitConditionMet_1	set	12
   599             0000000E   xAlreadyYielded_1	set	14
   600             00000010   xTimeoutOccurred_1	set	16
   601 00:01A3: A5 21        	lda	<L21+xEventGroup_0
   602 00:01A5: 85 09        	sta	<L22+pxEventBits_1
   603 00:01A7: A5 23        	lda	<L21+xEventGroup_0+2
   604 00:01A9: 85 0B        	sta	<L22+pxEventBits_1+2
   605 00:01AB: 64 11        	stz	<L22+uxControlBits_1
   606 00:01AD: 64 13        	stz	<L22+uxControlBits_1+2
   607 00:01AF: 64 19        	stz	<L22+xTimeoutOccurred_1
   608                        ;
   609                        ;        /* Check the user is not attempting to wait on the bits used by the kernel
   610                        ;         * itself, and that at least one bit is being requested. */
   611                        ;        configASSERT( xEventGroup );
   612 00:01B1: A5 21        	lda	<L21+xEventGroup_0
   613 00:01B3: 05 23        	ora	<L21+xEventGroup_0+2
   614 00:01B5: D0 02        	bne	L10041
   615                        L10045:
   616 00:01B7: 80 FE        	bra	L10045
   617                        L10041:
   618                        ;        configASSERT( ( uxBitsToWaitFor & eventEVENT_BITS_CONTROL_BYTES ) == 0 );
   619 00:01B9: A5 27        	lda	<L21+uxBitsToWaitFor_0+2
   620 00:01BB: 29 00 FF     	and	#^$ff000000
   621 00:01BE: F0 02        	beq	L10048
   622                        L10052:
   623 00:01C0: 80 FE        	bra	L10052
   624                        L10048:
   625                        ;        configASSERT( uxBitsToWaitFor != 0 );
   626 00:01C2: A5 25        	lda	<L21+uxBitsToWaitFor_0
  Tue Sep 15 2026 17:44                                                                                                    Page 12


   627 00:01C4: 05 27        	ora	<L21+uxBitsToWaitFor_0+2
   628 00:01C6: D0 02        	bne	L10055
   629                        L10059:
   630 00:01C8: 80 FE        	bra	L10059
   631                        L10055:
   632                        ;        #if ( ( INCLUDE_xTaskGetSchedulerState == 1 ) || ( configUSE_TIMERS == 1 ) )
   633                        ;        {
   634                        ;            configASSERT( !( ( xTaskGetSchedulerState() == taskSCHEDULER_SUSPENDED ) && ( xTicksToWai
                    t != 0 ) ) );
   635 00:01CA: 20 xx xx     	jsr	_~xTaskGetSchedulerState
   636 00:01CD: AA           	tax
   637 00:01CE: D0 08        	bne	L10062
   638 00:01D0: A5 2D        	lda	<L21+xTicksToWait_0
   639 00:01D2: 05 2F        	ora	<L21+xTicksToWait_0+2
   640 00:01D4: F0 02        	beq	L10062
   641                        L10066:
   642 00:01D6: 80 FE        	bra	L10066
   643                        L10062:
   644                        ;        }
   645                        ;        #endif
   646                        ;
   647                        ;        vTaskSuspendAll();
   648 00:01D8: 20 xx xx     	jsr	_~vTaskSuspendAll
   649                        ;        {
   650                        ;            const EventBits_t uxCurrentEventBits = pxEventBits->uxEventBits;
   651                        ;
   652                        ;            /* Check to see if the wait condition is already met or not. */
   653                        ;            xWaitConditionMet = prvTestWaitCondition( uxCurrentEventBits, uxBitsToWaitFor, xWaitForAl
                    lBits );
   654             00000012   uxCurrentEventBits_2	set	18
   655 00:01DB: A7 09        	lda	[<L22+pxEventBits_1]
   656 00:01DD: 85 1B        	sta	<L22+uxCurrentEventBits_2
   657 00:01DF: A0 02 00     	ldy	#$2
   658 00:01E2: B7 09        	lda	[<L22+pxEventBits_1],Y
   659 00:01E4: 85 1D        	sta	<L22+uxCurrentEventBits_2+2
   660 00:01E6: D4 2B        	pei	<L21+xWaitForAllBits_0
   661 00:01E8: D4 27        	pei	<L21+uxBitsToWaitFor_0+2
   662 00:01EA: D4 25        	pei	<L21+uxBitsToWaitFor_0
   663 00:01EC: D4 1D        	pei	<L22+uxCurrentEventBits_2+2
   664 00:01EE: D4 1B        	pei	<L22+uxCurrentEventBits_2
   665 00:01F0: 20 xx xx     	jsr	_~prvTestWaitCondition
   666 00:01F3: 85 15        	sta	<L22+xWaitConditionMet_1
   667                        ;
   668                        ;            if( xWaitConditionMet != pdFALSE )
   669                        ;            {
   670 00:01F5: A5 15        	lda	<L22+xWaitConditionMet_1
   671 00:01F7: F0 2F        	beq	L10069
   672                        ;                /* The wait condition has already been met so there is no need to
   673                        ;                 * block. */
   674                        ;                uxReturn = uxCurrentEventBits;
   675 00:01F9: A5 1B        	lda	<L22+uxCurrentEventBits_2
   676 00:01FB: 85 0D        	sta	<L22+uxReturn_1
   677 00:01FD: A5 1D        	lda	<L22+uxCurrentEventBits_2+2
   678 00:01FF: 85 0F        	sta	<L22+uxReturn_1+2
   679                        ;                xTicksToWait = ( TickType_t ) 0;
   680 00:0201: 64 2D        	stz	<L21+xTicksToWait_0
   681 00:0203: 64 2F        	stz	<L21+xTicksToWait_0+2
   682                        ;
  Tue Sep 15 2026 17:44                                                                                                    Page 13


   683                        ;                /* Clear the wait bits if requested to do so. */
   684                        ;                if( xClearOnExit != pdFALSE )
   685                        ;                {
   686 00:0205: A5 29        	lda	<L21+xClearOnExit_0
   687 00:0207: F0 72        	beq	L10072
   688                        ;                    pxEventBits->uxEventBits &= ~uxBitsToWaitFor;
   689 00:0209: A5 25        	lda	<L21+uxBitsToWaitFor_0
   690 00:020B: 49 FF FF     	eor	#<$ffffffff
   691 00:020E: 85 01        	sta	<R0
   692 00:0210: A5 27        	lda	<L21+uxBitsToWaitFor_0+2
   693 00:0212: 49 FF FF     	eor	#^$ffffffff
   694 00:0215: 85 03        	sta	<R0+2
   695 00:0217: A7 09        	lda	[<L22+pxEventBits_1]
   696 00:0219: 25 01        	and	<R0
   697 00:021B: 87 09        	sta	[<L22+pxEventBits_1]
   698 00:021D: A0 02 00     	ldy	#$2
   699 00:0220: B7 09        	lda	[<L22+pxEventBits_1],Y
   700 00:0222: 25 03        	and	<R0+2
   701 00:0224: 97 09        	sta	[<L22+pxEventBits_1],Y
   702                        ;                }
   703                        ;                else
   704 00:0226: 80 53        	bra	L10072
   705                        ;                {
   706                        ;                    mtCOVERAGE_TEST_MARKER();
   707                        ;                }
   708                        ;            }
   709                        ;            else if( xTicksToWait == ( TickType_t ) 0 )
   710                        L10069:
   711                        ;            {
   712 00:0228: A5 2D        	lda	<L21+xTicksToWait_0
   713 00:022A: 05 2F        	ora	<L21+xTicksToWait_0+2
   714 00:022C: D0 0F        	bne	L10073
   715                        ;                /* The wait condition has not been met, but no block time was
   716                        ;                 * specified, so just return the current value. */
   717                        ;                uxReturn = uxCurrentEventBits;
   718 00:022E: A5 1B        	lda	<L22+uxCurrentEventBits_2
   719 00:0230: 85 0D        	sta	<L22+uxReturn_1
   720 00:0232: A5 1D        	lda	<L22+uxCurrentEventBits_2+2
   721 00:0234: 85 0F        	sta	<L22+uxReturn_1+2
   722                        ;                xTimeoutOccurred = pdTRUE;
   723 00:0236: A9 01 00     	lda	#$1
   724 00:0239: 85 19        	sta	<L22+xTimeoutOccurred_1
   725                        ;            }
   726                        ;            else
   727 00:023B: 80 3E        	bra	L10072
   728                        L10073:
   729                        ;            {
   730                        ;                /* The task is going to block to wait for its required bits to be
   731                        ;                 * set.  uxControlBits are used to remember the specified behaviour of
   732                        ;                 * this call to xEventGroupWaitBits() - for use when the event bits
   733                        ;                 * unblock the task. */
   734                        ;                if( xClearOnExit != pdFALSE )
   735                        ;                {
   736 00:023D: A5 29        	lda	<L21+xClearOnExit_0
   737 00:023F: F0 07        	beq	L10076
   738                        ;                    uxControlBits |= eventCLEAR_EVENTS_ON_EXIT_BIT;
   739 00:0241: A5 13        	lda	<L22+uxControlBits_1+2
   740 00:0243: 09 00 01     	ora	#^$1000000
  Tue Sep 15 2026 17:44                                                                                                    Page 14


   741 00:0246: 85 13        	sta	<L22+uxControlBits_1+2
   742                        ;                }
   743                        ;                else
   744                        ;                {
   745                        ;                    mtCOVERAGE_TEST_MARKER();
   746                        ;                }
   747                        L10076:
   748                        ;
   749                        ;                if( xWaitForAllBits != pdFALSE )
   750                        ;                {
   751 00:0248: A5 2B        	lda	<L21+xWaitForAllBits_0
   752 00:024A: F0 07        	beq	L10078
   753                        ;                    uxControlBits |= eventWAIT_FOR_ALL_BITS;
   754 00:024C: A5 13        	lda	<L22+uxControlBits_1+2
   755 00:024E: 09 00 04     	ora	#^$4000000
   756 00:0251: 85 13        	sta	<L22+uxControlBits_1+2
   757                        ;                }
   758                        ;                else
   759                        ;                {
   760                        ;                    mtCOVERAGE_TEST_MARKER();
   761                        ;                }
   762                        L10078:
   763                        ;
   764                        ;                /* Store the bits that the calling task is waiting for in the
   765                        ;                 * task's event list item so the kernel knows when a match is
   766                        ;                 * found.  Then enter the blocked state. */
   767                        ;                vTaskPlaceOnUnorderedEventList( &( pxEventBits->xTasksWaitingForBits ), ( uxBitsToWai
                    tFor | uxControlBits ), xTicksToWait );
   768 00:0253: D4 2F        	pei	<L21+xTicksToWait_0+2
   769 00:0255: D4 2D        	pei	<L21+xTicksToWait_0
   770 00:0257: A5 11        	lda	<L22+uxControlBits_1
   771 00:0259: 05 25        	ora	<L21+uxBitsToWaitFor_0
   772 00:025B: 85 01        	sta	<R0
   773 00:025D: A5 13        	lda	<L22+uxControlBits_1+2
   774 00:025F: 05 27        	ora	<L21+uxBitsToWaitFor_0+2
   775 00:0261: 48           	pha
   776 00:0262: D4 01        	pei	<R0
   777 00:0264: A9 04 00     	lda	#$4
   778 00:0267: 18           	clc
   779 00:0268: 65 09        	adc	<L22+pxEventBits_1
   780 00:026A: 85 05        	sta	<R1
   781 00:026C: A9 00 00     	lda	#$0
   782 00:026F: 65 0B        	adc	<L22+pxEventBits_1+2
   783 00:0271: 48           	pha
   784 00:0272: D4 05        	pei	<R1
   785 00:0274: 20 xx xx     	jsr	_~vTaskPlaceOnUnorderedEventList
   786                        ;
   787                        ;                /* This is obsolete as it will get set after the task unblocks, but
   788                        ;                 * some compilers mistakenly generate a warning about the variable
   789                        ;                 * being returned without being set if it is not done. */
   790                        ;                uxReturn = 0;
   791 00:0277: 64 0D        	stz	<L22+uxReturn_1
   792 00:0279: 64 0F        	stz	<L22+uxReturn_1+2
   793                        ;
   794                        ;                traceEVENT_GROUP_WAIT_BITS_BLOCK( xEventGroup, uxBitsToWaitFor );
   795                        ;            }
   796                        L10072:
   797                        ;        }
  Tue Sep 15 2026 17:44                                                                                                    Page 15


   798                        ;        xAlreadyYielded = xTaskResumeAll();
   799 00:027B: 20 xx xx     	jsr	_~xTaskResumeAll
   800 00:027E: 85 17        	sta	<L22+xAlreadyYielded_1
   801                        ;
   802                        ;        if( xTicksToWait != ( TickType_t ) 0 )
   803                        ;        {
   804 00:0280: A5 2D        	lda	<L21+xTicksToWait_0
   805 00:0282: 05 2F        	ora	<L21+xTicksToWait_0+2
   806 00:0284: F0 5D        	beq	L10079
   807                        ;            if( xAlreadyYielded == pdFALSE )
   808                        ;            {
   809 00:0286: A5 17        	lda	<L22+xAlreadyYielded_1
   810 00:0288: D0 03        	bne	L10081
   811                        ;                taskYIELD_WITHIN_API();
   812 00:028A: 20 xx xx     	jsr	_~vPortYield
   813                        ;            }
   814                        ;            else
   815                        ;            {
   816                        ;                mtCOVERAGE_TEST_MARKER();
   817                        ;            }
   818                        L10081:
   819                        ;
   820                        ;            /* The task blocked to wait for its required bits to be set - at this
   821                        ;             * point either the required bits were set or the block time expired.  If
   822                        ;             * the required bits were set they will have been stored in the task's
   823                        ;             * event list item, and they should now be retrieved then cleared. */
   824                        ;            uxReturn = uxTaskResetEventItemValue();
   825 00:028D: 20 xx xx     	jsr	_~uxTaskResetEventItemValue
   826 00:0290: 85 0D        	sta	<L22+uxReturn_1
   827 00:0292: 86 0F        	stx	<L22+uxReturn_1+2
   828                        ;
   829                        ;            if( ( uxReturn & eventUNBLOCKED_DUE_TO_BIT_SET ) == ( EventBits_t ) 0 )
   830                        ;            {
   831 00:0294: A5 0F        	lda	<L22+uxReturn_1+2
   832 00:0296: 29 00 02     	and	#^$2000000
   833 00:0299: D0 41        	bne	L10093
   834                        ;                taskENTER_CRITICAL();
   835                        ;                {
   836                        ;                    /* The task timed out, just return the current event bit value. */
   837                        ;                    uxReturn = pxEventBits->uxEventBits;
   838 00:029B: A7 09        	lda	[<L22+pxEventBits_1]
   839 00:029D: 85 0D        	sta	<L22+uxReturn_1
   840 00:029F: A0 02 00     	ldy	#$2
   841 00:02A2: B7 09        	lda	[<L22+pxEventBits_1],Y
   842 00:02A4: 85 0F        	sta	<L22+uxReturn_1+2
   843                        ;
   844                        ;                    /* It is possible that the event bits were updated between this
   845                        ;                     * task leaving the Blocked state and running again. */
   846                        ;                    if( prvTestWaitCondition( uxReturn, uxBitsToWaitFor, xWaitForAllBits ) != pdFALSE
                     )
   847                        ;                    {
   848 00:02A6: D4 2B        	pei	<L21+xWaitForAllBits_0
   849 00:02A8: D4 27        	pei	<L21+uxBitsToWaitFor_0+2
   850 00:02AA: D4 25        	pei	<L21+uxBitsToWaitFor_0
   851 00:02AC: D4 0F        	pei	<L22+uxReturn_1+2
   852 00:02AE: D4 0D        	pei	<L22+uxReturn_1
   853 00:02B0: 20 xx xx     	jsr	_~prvTestWaitCondition
   854 00:02B3: AA           	tax
  Tue Sep 15 2026 17:44                                                                                                    Page 16


   855 00:02B4: F0 21        	beq	L10089
   856                        ;                        if( xClearOnExit != pdFALSE )
   857                        ;                        {
   858 00:02B6: A5 29        	lda	<L21+xClearOnExit_0
   859 00:02B8: F0 1D        	beq	L10089
   860                        ;                            pxEventBits->uxEventBits &= ~uxBitsToWaitFor;
   861 00:02BA: A5 25        	lda	<L21+uxBitsToWaitFor_0
   862 00:02BC: 49 FF FF     	eor	#<$ffffffff
   863 00:02BF: 85 01        	sta	<R0
   864 00:02C1: A5 27        	lda	<L21+uxBitsToWaitFor_0+2
   865 00:02C3: 49 FF FF     	eor	#^$ffffffff
   866 00:02C6: 85 03        	sta	<R0+2
   867 00:02C8: A7 09        	lda	[<L22+pxEventBits_1]
   868 00:02CA: 25 01        	and	<R0
   869 00:02CC: 87 09        	sta	[<L22+pxEventBits_1]
   870 00:02CE: A0 02 00     	ldy	#$2
   871 00:02D1: B7 09        	lda	[<L22+pxEventBits_1],Y
   872 00:02D3: 25 03        	and	<R0+2
   873 00:02D5: 97 09        	sta	[<L22+pxEventBits_1],Y
   874                        ;                        }
   875                        ;                        else
   876                        L10089:
   877                        ;
   878                        ;                    xTimeoutOccurred = pdTRUE;
   879 00:02D7: A9 01 00     	lda	#$1
   880 00:02DA: 85 19        	sta	<L22+xTimeoutOccurred_1
   881                        ;                }
   882                        ;                taskEXIT_CRITICAL();
   883                        ;            }
   884                        ;            else
   885                        L10093:
   886                        ;
   887                        ;            /* The task blocked so control bits may have been set. */
   888                        ;            uxReturn &= ~eventEVENT_BITS_CONTROL_BYTES;
   889 00:02DC: A5 0F        	lda	<L22+uxReturn_1+2
   890 00:02DE: 29 FF 00     	and	#^$ffffff
   891 00:02E1: 85 0F        	sta	<L22+uxReturn_1+2
   892                        ;        }
   893                        ;
   894                        ;        traceEVENT_GROUP_WAIT_BITS_END( xEventGroup, uxBitsToWaitFor, xTimeoutOccurred );
   895                        L10079:
   896                        ;
   897                        ;        /* Prevent compiler warnings when trace macros are not used. */
   898                        ;        ( void ) xTimeoutOccurred;
   899                        ;
   900                        ;        traceRETURN_xEventGroupWaitBits( uxReturn );
   901                        ;
   902                        ;        return uxReturn;
   903 00:02E3: A6 0F        	ldx	<L22+uxReturn_1+2
   904 00:02E5: A5 0D        	lda	<L22+uxReturn_1
   905 00:02E7: A8           	tay
   906 00:02E8: A5 1F        	lda	<L21+1
   907 00:02EA: 85 2F        	sta	<L21+1+16
   908 00:02EC: 2B           	pld
   909 00:02ED: 3B           	tsc
   910 00:02EE: 18           	clc
   911 00:02EF: 69 2E 00     	adc	#L21+16
   912 00:02F2: 1B           	tcs
  Tue Sep 15 2026 17:44                                                                                                    Page 17


   913 00:02F3: 98           	tya
   914 00:02F4: 60           	rts
   915                        ;                        {
   916                        ;                            mtCOVERAGE_TEST_MARKER();
   917                        ;                        }
   918                        ;                    }
   919                        ;                    else
   920                        ;                    {
   921                        ;                        mtCOVERAGE_TEST_MARKER();
   922                        ;                    }
   923                        ;            {
   924                        ;                /* The task unblocked because the bits were set. */
   925                        ;            }
   926                        ;    }
   927             0000001E   L21	equ	30
   928             00000009   L22	equ	9
   929                        	ends
   930                        	efunc
   931                        ;/*-----------------------------------------------------------*/
   932                        ;
   933                        ;    EventBits_t xEventGroupClearBits( EventGroupHandle_t xEventGroup,
   934                        ;                                      const EventBits_t uxBitsToClear )
   935                        ;    {
   936                        	code
   937                        	xdef	_~xEventGroupClearBits
   938                        	func
   939                        _~xEventGroupClearBits:
   940                        	longa	on
   941                        	longi	on
   942 00:02F5: 3B           	tsc
   943 00:02F6: 38           	sec
   944 00:02F7: E9 0C 00     	sbc	#L39
   945 00:02FA: 1B           	tcs
   946 00:02FB: 0B           	phd
   947 00:02FC: 5B           	tcd
   948             00000003   xEventGroup_0	set	3
   949             00000007   uxBitsToClear_0	set	7
   950                        ;        EventGroup_t * pxEventBits = xEventGroup;
   951                        ;        EventBits_t uxReturn;
   952                        ;
   953                        ;        traceENTER_xEventGroupClearBits( xEventGroup, uxBitsToClear );
   954             00000000   pxEventBits_1	set	0
   955             00000004   uxReturn_1	set	4
   956 00:02FD: A5 0F        	lda	<L39+xEventGroup_0
   957 00:02FF: 85 05        	sta	<L40+pxEventBits_1
   958 00:0301: A5 11        	lda	<L39+xEventGroup_0+2
   959 00:0303: 85 07        	sta	<L40+pxEventBits_1+2
   960                        ;
   961                        ;        /* Check the user is not attempting to clear the bits used by the kernel
   962                        ;         * itself. */
   963                        ;        configASSERT( xEventGroup );
   964 00:0305: A5 0F        	lda	<L39+xEventGroup_0
   965 00:0307: 05 11        	ora	<L39+xEventGroup_0+2
   966 00:0309: D0 02        	bne	L10094
   967                        L10098:
   968 00:030B: 80 FE        	bra	L10098
   969                        L10094:
   970                        ;        configASSERT( ( uxBitsToClear & eventEVENT_BITS_CONTROL_BYTES ) == 0 );
  Tue Sep 15 2026 17:44                                                                                                    Page 18


   971 00:030D: A5 15        	lda	<L39+uxBitsToClear_0+2
   972 00:030F: 29 00 FF     	and	#^$ff000000
   973 00:0312: F0 02        	beq	L10109
   974                        L10105:
   975 00:0314: 80 FE        	bra	L10105
   976                        ;
   977                        ;        taskENTER_CRITICAL();
   978                        L10109:
   979                        ;        {
   980                        ;            traceEVENT_GROUP_CLEAR_BITS( xEventGroup, uxBitsToClear );
   981                        ;
   982                        ;            /* The value returned is the event group value prior to the bits being
   983                        ;             * cleared. */
   984                        ;            uxReturn = pxEventBits->uxEventBits;
   985 00:0316: A7 05        	lda	[<L40+pxEventBits_1]
   986 00:0318: 85 09        	sta	<L40+uxReturn_1
   987 00:031A: A0 02 00     	ldy	#$2
   988 00:031D: B7 05        	lda	[<L40+pxEventBits_1],Y
   989 00:031F: 85 0B        	sta	<L40+uxReturn_1+2
   990                        ;
   991                        ;            /* Clear the bits. */
   992                        ;            pxEventBits->uxEventBits &= ~uxBitsToClear;
   993 00:0321: A5 13        	lda	<L39+uxBitsToClear_0
   994 00:0323: 49 FF FF     	eor	#<$ffffffff
   995 00:0326: 85 01        	sta	<R0
   996 00:0328: A5 15        	lda	<L39+uxBitsToClear_0+2
   997 00:032A: 49 FF FF     	eor	#^$ffffffff
   998 00:032D: 85 03        	sta	<R0+2
   999 00:032F: A7 05        	lda	[<L40+pxEventBits_1]
  1000 00:0331: 25 01        	and	<R0
  1001 00:0333: 87 05        	sta	[<L40+pxEventBits_1]
  1002 00:0335: B7 05        	lda	[<L40+pxEventBits_1],Y
  1003 00:0337: 25 03        	and	<R0+2
  1004 00:0339: 97 05        	sta	[<L40+pxEventBits_1],Y
  1005                        ;        }
  1006                        ;        taskEXIT_CRITICAL();
  1007                        ;
  1008                        ;        traceRETURN_xEventGroupClearBits( uxReturn );
  1009                        ;
  1010                        ;        return uxReturn;
  1011 00:033B: A6 0B        	ldx	<L40+uxReturn_1+2
  1012 00:033D: A5 09        	lda	<L40+uxReturn_1
  1013 00:033F: A8           	tay
  1014 00:0340: A5 0D        	lda	<L39+1
  1015 00:0342: 85 15        	sta	<L39+1+8
  1016 00:0344: 2B           	pld
  1017 00:0345: 3B           	tsc
  1018 00:0346: 18           	clc
  1019 00:0347: 69 14 00     	adc	#L39+8
  1020 00:034A: 1B           	tcs
  1021 00:034B: 98           	tya
  1022 00:034C: 60           	rts
  1023                        ;    }
  1024             0000000C   L39	equ	12
  1025             00000005   L40	equ	5
  1026                        	ends
  1027                        	efunc
  1028                        ;/*-----------------------------------------------------------*/
  Tue Sep 15 2026 17:44                                                                                                    Page 19


  1029                        ;
  1030                        ;    #if ( ( INCLUDE_xTimerPendFunctionCall == 1 ) && ( configUSE_TIMERS == 1 ) )
  1031                        ;
  1032                        ;        BaseType_t xEventGroupClearBitsFromISR( EventGroupHandle_t xEventGroup,
  1033                        ;                                                const EventBits_t uxBitsToClear )
  1034                        ;        {
  1035                        ;            BaseType_t xReturn;
  1036                        ;
  1037                        ;            traceENTER_xEventGroupClearBitsFromISR( xEventGroup, uxBitsToClear );
  1038                        ;
  1039                        ;            traceEVENT_GROUP_CLEAR_BITS_FROM_ISR( xEventGroup, uxBitsToClear );
  1040                        ;            xReturn = xTimerPendFunctionCallFromISR( &vEventGroupClearBitsCallback, ( void * ) xEvent
                    Group, ( uint32_t ) uxBitsToClear, NULL );
  1041                        ;
  1042                        ;            traceRETURN_xEventGroupClearBitsFromISR( xReturn );
  1043                        ;
  1044                        ;            return xReturn;
  1045                        ;        }
  1046                        ;
  1047                        ;    #endif /* if ( ( INCLUDE_xTimerPendFunctionCall == 1 ) && ( configUSE_TIMERS == 1 ) ) */
  1048                        ;/*-----------------------------------------------------------*/
  1049                        ;
  1050                        ;    EventBits_t xEventGroupGetBitsFromISR( EventGroupHandle_t xEventGroup )
  1051                        ;    {
  1052                        	code
  1053                        	xdef	_~xEventGroupGetBitsFromISR
  1054                        	func
  1055                        _~xEventGroupGetBitsFromISR:
  1056                        	longa	on
  1057                        	longi	on
  1058 00:034D: 3B           	tsc
  1059 00:034E: 38           	sec
  1060 00:034F: E9 0A 00     	sbc	#L44
  1061 00:0352: 1B           	tcs
  1062 00:0353: 0B           	phd
  1063 00:0354: 5B           	tcd
  1064             00000003   xEventGroup_0	set	3
  1065                        ;        UBaseType_t uxSavedInterruptStatus;
  1066                        ;        EventGroup_t const * const pxEventBits = xEventGroup;
  1067                        ;        EventBits_t uxReturn;
  1068                        ;
  1069                        ;        traceENTER_xEventGroupGetBitsFromISR( xEventGroup );
  1070             00000000   uxSavedInterruptStatus_1	set	0
  1071             00000002   pxEventBits_1	set	2
  1072             00000006   uxReturn_1	set	6
  1073 00:0355: A5 0D        	lda	<L44+xEventGroup_0
  1074 00:0357: 85 03        	sta	<L45+pxEventBits_1
  1075 00:0359: A5 0F        	lda	<L44+xEventGroup_0+2
  1076 00:035B: 85 05        	sta	<L45+pxEventBits_1+2
  1077                        ;
  1078                        ;        /* MISRA Ref 4.7.1 [Return value shall be checked] */
  1079                        ;        /* More details at: https://github.com/FreeRTOS/FreeRTOS-Kernel/blob/main/MISRA.md#dir-47 */
  1080                        ;        /* coverity[misra_c_2012_directive_4_7_violation] */
  1081                        ;        uxSavedInterruptStatus = taskENTER_CRITICAL_FROM_ISR();
  1082 00:035D: 64 01        	stz	<L45+uxSavedInterruptStatus_1
  1083                        ;        {
  1084                        ;            uxReturn = pxEventBits->uxEventBits;
  1085 00:035F: A7 03        	lda	[<L45+pxEventBits_1]
  Tue Sep 15 2026 17:44                                                                                                    Page 20


  1086 00:0361: 85 07        	sta	<L45+uxReturn_1
  1087 00:0363: A0 02 00     	ldy	#$2
  1088 00:0366: B7 03        	lda	[<L45+pxEventBits_1],Y
  1089 00:0368: 85 09        	sta	<L45+uxReturn_1+2
  1090                        ;        }
  1091                        ;        taskEXIT_CRITICAL_FROM_ISR( uxSavedInterruptStatus );
  1092                        ;
  1093                        ;        traceRETURN_xEventGroupGetBitsFromISR( uxReturn );
  1094                        ;
  1095                        ;        return uxReturn;
  1096 00:036A: A6 09        	ldx	<L45+uxReturn_1+2
  1097 00:036C: A5 07        	lda	<L45+uxReturn_1
  1098 00:036E: A8           	tay
  1099 00:036F: A5 0B        	lda	<L44+1
  1100 00:0371: 85 0F        	sta	<L44+1+4
  1101 00:0373: 2B           	pld
  1102 00:0374: 3B           	tsc
  1103 00:0375: 18           	clc
  1104 00:0376: 69 0E 00     	adc	#L44+4
  1105 00:0379: 1B           	tcs
  1106 00:037A: 98           	tya
  1107 00:037B: 60           	rts
  1108                        ;    }
  1109             0000000A   L44	equ	10
  1110             00000001   L45	equ	1
  1111                        	ends
  1112                        	efunc
  1113                        ;/*-----------------------------------------------------------*/
  1114                        ;
  1115                        ;    EventBits_t xEventGroupSetBits( EventGroupHandle_t xEventGroup,
  1116                        ;                                    const EventBits_t uxBitsToSet )
  1117                        ;    {
  1118                        	code
  1119                        	xdef	_~xEventGroupSetBits
  1120                        	func
  1121                        _~xEventGroupSetBits:
  1122                        	longa	on
  1123                        	longi	on
  1124 00:037C: 3B           	tsc
  1125 00:037D: 38           	sec
  1126 00:037E: E9 2A 00     	sbc	#L47
  1127 00:0381: 1B           	tcs
  1128 00:0382: 0B           	phd
  1129 00:0383: 5B           	tcd
  1130             00000003   xEventGroup_0	set	3
  1131             00000007   uxBitsToSet_0	set	7
  1132                        ;        ListItem_t * pxListItem;
  1133                        ;        ListItem_t * pxNext;
  1134                        ;        ListItem_t const * pxListEnd;
  1135                        ;        List_t const * pxList;
  1136                        ;        EventBits_t uxBitsToClear = 0, uxBitsWaitedFor, uxControlBits, uxReturnBits;
  1137                        ;        EventGroup_t * pxEventBits = xEventGroup;
  1138                        ;        BaseType_t xMatchFound = pdFALSE;
  1139                        ;
  1140                        ;        traceENTER_xEventGroupSetBits( xEventGroup, uxBitsToSet );
  1141             00000000   pxListItem_1	set	0
  1142             00000004   pxNext_1	set	4
  1143             00000008   pxListEnd_1	set	8
  Tue Sep 15 2026 17:44                                                                                                    Page 21


  1144             0000000C   pxList_1	set	12
  1145             00000010   uxBitsToClear_1	set	16
  1146             00000014   uxBitsWaitedFor_1	set	20
  1147             00000018   uxControlBits_1	set	24
  1148             0000001C   uxReturnBits_1	set	28
  1149             00000020   pxEventBits_1	set	32
  1150             00000024   xMatchFound_1	set	36
  1151 00:0384: 64 15        	stz	<L48+uxBitsToClear_1
  1152 00:0386: 64 17        	stz	<L48+uxBitsToClear_1+2
  1153 00:0388: A5 2D        	lda	<L47+xEventGroup_0
  1154 00:038A: 85 25        	sta	<L48+pxEventBits_1
  1155 00:038C: A5 2F        	lda	<L47+xEventGroup_0+2
  1156 00:038E: 85 27        	sta	<L48+pxEventBits_1+2
  1157 00:0390: 64 29        	stz	<L48+xMatchFound_1
  1158                        ;
  1159                        ;        /* Check the user is not attempting to set the bits used by the kernel
  1160                        ;         * itself. */
  1161                        ;        configASSERT( xEventGroup );
  1162 00:0392: A5 2D        	lda	<L47+xEventGroup_0
  1163 00:0394: 05 2F        	ora	<L47+xEventGroup_0+2
  1164 00:0396: D0 02        	bne	L10114
  1165                        L10118:
  1166 00:0398: 80 FE        	bra	L10118
  1167                        L10114:
  1168                        ;        configASSERT( ( uxBitsToSet & eventEVENT_BITS_CONTROL_BYTES ) == 0 );
  1169 00:039A: A5 33        	lda	<L47+uxBitsToSet_0+2
  1170 00:039C: 29 00 FF     	and	#^$ff000000
  1171 00:039F: F0 02        	beq	L10121
  1172                        L10125:
  1173 00:03A1: 80 FE        	bra	L10125
  1174                        L10121:
  1175                        ;
  1176                        ;        pxList = &( pxEventBits->xTasksWaitingForBits );
  1177 00:03A3: A9 04 00     	lda	#$4
  1178 00:03A6: 18           	clc
  1179 00:03A7: 65 25        	adc	<L48+pxEventBits_1
  1180 00:03A9: 85 11        	sta	<L48+pxList_1
  1181 00:03AB: A9 00 00     	lda	#$0
  1182 00:03AE: 65 27        	adc	<L48+pxEventBits_1+2
  1183 00:03B0: 85 13        	sta	<L48+pxList_1+2
  1184                        ;        pxListEnd = listGET_END_MARKER( pxList );
  1185 00:03B2: A9 06 00     	lda	#$6
  1186 00:03B5: 18           	clc
  1187 00:03B6: 65 11        	adc	<L48+pxList_1
  1188 00:03B8: 85 0D        	sta	<L48+pxListEnd_1
  1189 00:03BA: A9 00 00     	lda	#$0
  1190 00:03BD: 65 13        	adc	<L48+pxList_1+2
  1191 00:03BF: 85 0F        	sta	<L48+pxListEnd_1+2
  1192                        ;        vTaskSuspendAll();
  1193 00:03C1: 20 xx xx     	jsr	_~vTaskSuspendAll
  1194                        ;        {
  1195                        ;            traceEVENT_GROUP_SET_BITS( xEventGroup, uxBitsToSet );
  1196                        ;
  1197                        ;            pxListItem = listGET_HEAD_ENTRY( pxList );
  1198 00:03C4: A0 0A 00     	ldy	#$a
  1199 00:03C7: B7 11        	lda	[<L48+pxList_1],Y
  1200 00:03C9: 85 05        	sta	<L48+pxListItem_1
  1201 00:03CB: C8           	iny
  Tue Sep 15 2026 17:44                                                                                                    Page 22


  1202 00:03CC: C8           	iny
  1203 00:03CD: B7 11        	lda	[<L48+pxList_1],Y
  1204 00:03CF: 85 07        	sta	<L48+pxListItem_1+2
  1205                        ;
  1206                        ;            /* Set the bits. */
  1207                        ;            pxEventBits->uxEventBits |= uxBitsToSet;
  1208 00:03D1: A5 31        	lda	<L47+uxBitsToSet_0
  1209 00:03D3: 07 25        	ora	[<L48+pxEventBits_1]
  1210 00:03D5: 87 25        	sta	[<L48+pxEventBits_1]
  1211 00:03D7: A5 33        	lda	<L47+uxBitsToSet_0+2
  1212 00:03D9: A0 02 00     	ldy	#$2
  1213 00:03DC: 17 25        	ora	[<L48+pxEventBits_1],Y
  1214 00:03DE: 97 25        	sta	[<L48+pxEventBits_1],Y
  1215                        ;
  1216                        ;            /* See if the new bit value should unblock any tasks. */
  1217                        ;            while( pxListItem != pxListEnd )
  1218 00:03E0: 82 80 00     	brl	L10128
  1219                        L20004:
  1220                        ;            {
  1221                        ;                pxNext = listGET_NEXT( pxListItem );
  1222 00:03E3: A0 04 00     	ldy	#$4
  1223 00:03E6: B7 05        	lda	[<L48+pxListItem_1],Y
  1224 00:03E8: 85 09        	sta	<L48+pxNext_1
  1225 00:03EA: C8           	iny
  1226 00:03EB: C8           	iny
  1227 00:03EC: B7 05        	lda	[<L48+pxListItem_1],Y
  1228 00:03EE: 85 0B        	sta	<L48+pxNext_1+2
  1229                        ;                uxBitsWaitedFor = listGET_LIST_ITEM_VALUE( pxListItem );
  1230 00:03F0: A7 05        	lda	[<L48+pxListItem_1]
  1231 00:03F2: 85 19        	sta	<L48+uxBitsWaitedFor_1
  1232 00:03F4: A0 02 00     	ldy	#$2
  1233 00:03F7: B7 05        	lda	[<L48+pxListItem_1],Y
  1234 00:03F9: 85 1B        	sta	<L48+uxBitsWaitedFor_1+2
  1235                        ;                xMatchFound = pdFALSE;
  1236 00:03FB: 64 29        	stz	<L48+xMatchFound_1
  1237                        ;
  1238                        ;                /* Split the bits waited for from the control bits. */
  1239                        ;                uxControlBits = uxBitsWaitedFor & eventEVENT_BITS_CONTROL_BYTES;
  1240 00:03FD: 64 1D        	stz	<L48+uxControlBits_1
  1241 00:03FF: A5 1B        	lda	<L48+uxBitsWaitedFor_1+2
  1242 00:0401: 29 00 FF     	and	#^$ff000000
  1243 00:0404: 85 1F        	sta	<L48+uxControlBits_1+2
  1244                        ;                uxBitsWaitedFor &= ~eventEVENT_BITS_CONTROL_BYTES;
  1245 00:0406: A5 1B        	lda	<L48+uxBitsWaitedFor_1+2
  1246 00:0408: 29 FF 00     	and	#^$ffffff
  1247 00:040B: 85 1B        	sta	<L48+uxBitsWaitedFor_1+2
  1248                        ;
  1249                        ;                if( ( uxControlBits & eventWAIT_FOR_ALL_BITS ) == ( EventBits_t ) 0 )
  1250                        ;                {
  1251 00:040D: A5 1F        	lda	<L48+uxControlBits_1+2
  1252 00:040F: 29 00 04     	and	#^$4000000
  1253 00:0412: F0 03        	beq	*+5
  1254 00:0414: 82 95 00     	brl	L10130
  1255                        ;                    /* Just looking for single bit being set. */
  1256                        ;                    if( ( uxBitsWaitedFor & pxEventBits->uxEventBits ) != ( EventBits_t ) 0 )
  1257                        ;                    {
  1258 00:0417: A7 25        	lda	[<L48+pxEventBits_1]
  1259 00:0419: 25 19        	and	<L48+uxBitsWaitedFor_1
  Tue Sep 15 2026 17:44                                                                                                    Page 23


  1260 00:041B: 85 01        	sta	<R0
  1261 00:041D: B7 25        	lda	[<L48+pxEventBits_1],Y
  1262 00:041F: 25 1B        	and	<L48+uxBitsWaitedFor_1+2
  1263 00:0421: 85 03        	sta	<R0+2
  1264 00:0423: A5 01        	lda	<R0
  1265 00:0425: 05 03        	ora	<R0+2
  1266 00:0427: F0 05        	beq	L10133
  1267                        ;                        xMatchFound = pdTRUE;
  1268                        L20005:
  1269 00:0429: A9 01 00     	lda	#$1
  1270 00:042C: 85 29        	sta	<L48+xMatchFound_1
  1271                        ;                    }
  1272                        ;                    else
  1273                        L10133:
  1274                        ;
  1275                        ;                if( xMatchFound != pdFALSE )
  1276                        ;                {
  1277 00:042E: A5 29        	lda	<L48+xMatchFound_1
  1278 00:0430: F0 29        	beq	L10136
  1279                        ;                {
  1280                        ;                    /* Need all bits to be set, but not all the bits were set. */
  1281                        ;                }
  1282                        ;                    /* The bits match.  Should the bits be cleared on exit? */
  1283                        ;                    if( ( uxControlBits & eventCLEAR_EVENTS_ON_EXIT_BIT ) != ( EventBits_t ) 0 )
  1284                        ;                    {
  1285 00:0432: A5 1F        	lda	<L48+uxControlBits_1+2
  1286 00:0434: 29 00 01     	and	#^$1000000
  1287 00:0437: F0 0C        	beq	L10138
  1288                        ;                        uxBitsToClear |= uxBitsWaitedFor;
  1289 00:0439: A5 19        	lda	<L48+uxBitsWaitedFor_1
  1290 00:043B: 05 15        	ora	<L48+uxBitsToClear_1
  1291 00:043D: 85 15        	sta	<L48+uxBitsToClear_1
  1292 00:043F: A5 1B        	lda	<L48+uxBitsWaitedFor_1+2
  1293 00:0441: 05 17        	ora	<L48+uxBitsToClear_1+2
  1294 00:0443: 85 17        	sta	<L48+uxBitsToClear_1+2
  1295                        ;                    }
  1296                        ;                    else
  1297                        ;                    {
  1298                        ;                        mtCOVERAGE_TEST_MARKER();
  1299                        ;                    }
  1300                        L10138:
  1301                        ;
  1302                        ;                    /* Store the actual event flag value in the task's event list
  1303                        ;                     * item before removing the task from the event list.  The
  1304                        ;                     * eventUNBLOCKED_DUE_TO_BIT_SET bit is set so the task knows
  1305                        ;                     * that is was unblocked due to its required bits matching, rather
  1306                        ;                     * than because it timed out. */
  1307                        ;                    vTaskRemoveFromUnorderedEventList( pxListItem, pxEventBits->uxEventBits | eventUN
                    BLOCKED_DUE_TO_BIT_SET );
  1308 00:0445: A7 25        	lda	[<L48+pxEventBits_1]
  1309 00:0447: 85 01        	sta	<R0
  1310 00:0449: A0 02 00     	ldy	#$2
  1311 00:044C: B7 25        	lda	[<L48+pxEventBits_1],Y
  1312 00:044E: 09 00 02     	ora	#^$2000000
  1313 00:0451: 48           	pha
  1314 00:0452: D4 01        	pei	<R0
  1315 00:0454: D4 07        	pei	<L48+pxListItem_1+2
  1316 00:0456: D4 05        	pei	<L48+pxListItem_1
  Tue Sep 15 2026 17:44                                                                                                    Page 24


  1317 00:0458: 20 xx xx     	jsr	_~vTaskRemoveFromUnorderedEventList
  1318                        ;                }
  1319                        ;
  1320                        ;                /* Move onto the next list item.  Note pxListItem->pxNext is not
  1321                        ;                 * used here as the list item may have been removed from the event list
  1322                        ;                 * and inserted into the ready/pending reading list. */
  1323                        ;                pxListItem = pxNext;
  1324                        L10136:
  1325 00:045B: A5 09        	lda	<L48+pxNext_1
  1326 00:045D: 85 05        	sta	<L48+pxListItem_1
  1327 00:045F: A5 0B        	lda	<L48+pxNext_1+2
  1328 00:0461: 85 07        	sta	<L48+pxListItem_1+2
  1329                        ;            }
  1330                        L10128:
  1331 00:0463: A5 05        	lda	<L48+pxListItem_1
  1332 00:0465: C5 0D        	cmp	<L48+pxListEnd_1
  1333 00:0467: D0 04        	bne	L51
  1334 00:0469: A5 07        	lda	<L48+pxListItem_1+2
  1335 00:046B: C5 0F        	cmp	<L48+pxListEnd_1+2
  1336                        L51:
  1337 00:046D: F0 03        	beq	*+5
  1338 00:046F: 82 71 FF     	brl	L20004
  1339                        ;
  1340                        ;            /* Clear any bits that matched when the eventCLEAR_EVENTS_ON_EXIT_BIT
  1341                        ;             * bit was set in the control word. */
  1342                        ;            pxEventBits->uxEventBits &= ~uxBitsToClear;
  1343 00:0472: A5 15        	lda	<L48+uxBitsToClear_1
  1344 00:0474: 49 FF FF     	eor	#<$ffffffff
  1345 00:0477: 85 01        	sta	<R0
  1346 00:0479: A5 17        	lda	<L48+uxBitsToClear_1+2
  1347 00:047B: 49 FF FF     	eor	#^$ffffffff
  1348 00:047E: 85 03        	sta	<R0+2
  1349 00:0480: A7 25        	lda	[<L48+pxEventBits_1]
  1350 00:0482: 25 01        	and	<R0
  1351 00:0484: 87 25        	sta	[<L48+pxEventBits_1]
  1352 00:0486: A0 02 00     	ldy	#$2
  1353 00:0489: B7 25        	lda	[<L48+pxEventBits_1],Y
  1354 00:048B: 25 03        	and	<R0+2
  1355 00:048D: 97 25        	sta	[<L48+pxEventBits_1],Y
  1356                        ;
  1357                        ;            /* Snapshot resulting bits. */
  1358                        ;            uxReturnBits = pxEventBits->uxEventBits;
  1359 00:048F: A7 25        	lda	[<L48+pxEventBits_1]
  1360 00:0491: 85 21        	sta	<L48+uxReturnBits_1
  1361 00:0493: B7 25        	lda	[<L48+pxEventBits_1],Y
  1362 00:0495: 85 23        	sta	<L48+uxReturnBits_1+2
  1363                        ;        }
  1364                        ;        ( void ) xTaskResumeAll();
  1365 00:0497: 20 xx xx     	jsr	_~xTaskResumeAll
  1366                        ;
  1367                        ;        traceRETURN_xEventGroupSetBits( uxReturnBits );
  1368                        ;
  1369                        ;        return uxReturnBits;
  1370 00:049A: A6 23        	ldx	<L48+uxReturnBits_1+2
  1371 00:049C: A5 21        	lda	<L48+uxReturnBits_1
  1372 00:049E: A8           	tay
  1373 00:049F: A5 2B        	lda	<L47+1
  1374 00:04A1: 85 33        	sta	<L47+1+8
  Tue Sep 15 2026 17:44                                                                                                    Page 25


  1375 00:04A3: 2B           	pld
  1376 00:04A4: 3B           	tsc
  1377 00:04A5: 18           	clc
  1378 00:04A6: 69 32 00     	adc	#L47+8
  1379 00:04A9: 1B           	tcs
  1380 00:04AA: 98           	tya
  1381 00:04AB: 60           	rts
  1382                        ;                    {
  1383                        ;                        mtCOVERAGE_TEST_MARKER();
  1384                        ;                    }
  1385                        ;                }
  1386                        ;                else if( ( uxBitsWaitedFor & pxEventBits->uxEventBits ) == uxBitsWaitedFor )
  1387                        L10130:
  1388                        ;                {
  1389 00:04AC: A7 25        	lda	[<L48+pxEventBits_1]
  1390 00:04AE: 25 19        	and	<L48+uxBitsWaitedFor_1
  1391 00:04B0: 85 01        	sta	<R0
  1392 00:04B2: A0 02 00     	ldy	#$2
  1393 00:04B5: B7 25        	lda	[<L48+pxEventBits_1],Y
  1394 00:04B7: 25 1B        	and	<L48+uxBitsWaitedFor_1+2
  1395 00:04B9: 85 03        	sta	<R0+2
  1396 00:04BB: A5 01        	lda	<R0
  1397 00:04BD: C5 19        	cmp	<L48+uxBitsWaitedFor_1
  1398 00:04BF: D0 04        	bne	L55
  1399 00:04C1: A5 03        	lda	<R0+2
  1400 00:04C3: C5 1B        	cmp	<L48+uxBitsWaitedFor_1+2
  1401                        L55:
  1402 00:04C5: F0 03        	beq	*+5
  1403 00:04C7: 82 64 FF     	brl	L10133
  1404                        ;                    /* All bits are set. */
  1405                        ;                    xMatchFound = pdTRUE;
  1406 00:04CA: 82 5C FF     	brl	L20005
  1407                        ;                }
  1408                        ;                else
  1409                        ;    }
  1410             0000002A   L47	equ	42
  1411             00000005   L48	equ	5
  1412                        	ends
  1413                        	efunc
  1414                        ;/*-----------------------------------------------------------*/
  1415                        ;
  1416                        ;    void vEventGroupDelete( EventGroupHandle_t xEventGroup )
  1417                        ;    {
  1418                        	code
  1419                        	xdef	_~vEventGroupDelete
  1420                        	func
  1421                        _~vEventGroupDelete:
  1422                        	longa	on
  1423                        	longi	on
  1424 00:04CD: 3B           	tsc
  1425 00:04CE: 38           	sec
  1426 00:04CF: E9 0C 00     	sbc	#L60
  1427 00:04D2: 1B           	tcs
  1428 00:04D3: 0B           	phd
  1429 00:04D4: 5B           	tcd
  1430             00000003   xEventGroup_0	set	3
  1431                        ;        EventGroup_t * pxEventBits = xEventGroup;
  1432                        ;        const List_t * pxTasksWaitingForBits;
  Tue Sep 15 2026 17:44                                                                                                    Page 26


  1433                        ;
  1434                        ;        traceENTER_vEventGroupDelete( xEventGroup );
  1435             00000000   pxEventBits_1	set	0
  1436             00000004   pxTasksWaitingForBits_1	set	4
  1437 00:04D5: A5 0F        	lda	<L60+xEventGroup_0
  1438 00:04D7: 85 05        	sta	<L61+pxEventBits_1
  1439 00:04D9: A5 11        	lda	<L60+xEventGroup_0+2
  1440 00:04DB: 85 07        	sta	<L61+pxEventBits_1+2
  1441                        ;
  1442                        ;        configASSERT( pxEventBits );
  1443 00:04DD: A5 05        	lda	<L61+pxEventBits_1
  1444 00:04DF: 05 07        	ora	<L61+pxEventBits_1+2
  1445 00:04E1: D0 02        	bne	L10139
  1446                        L10143:
  1447 00:04E3: 80 FE        	bra	L10143
  1448                        L10139:
  1449                        ;
  1450                        ;        pxTasksWaitingForBits = &( pxEventBits->xTasksWaitingForBits );
  1451 00:04E5: A9 04 00     	lda	#$4
  1452 00:04E8: 18           	clc
  1453 00:04E9: 65 05        	adc	<L61+pxEventBits_1
  1454 00:04EB: 85 09        	sta	<L61+pxTasksWaitingForBits_1
  1455 00:04ED: A9 00 00     	lda	#$0
  1456 00:04F0: 65 07        	adc	<L61+pxEventBits_1+2
  1457 00:04F2: 85 0B        	sta	<L61+pxTasksWaitingForBits_1+2
  1458                        ;
  1459                        ;        vTaskSuspendAll();
  1460 00:04F4: 20 xx xx     	jsr	_~vTaskSuspendAll
  1461                        ;        {
  1462                        ;            traceEVENT_GROUP_DELETE( xEventGroup );
  1463                        ;
  1464                        ;            while( listCURRENT_LIST_LENGTH( pxTasksWaitingForBits ) > ( UBaseType_t ) 0 )
  1465 00:04F7: 80 36        	bra	L10146
  1466                        L20007:
  1467                        ;            {
  1468                        ;                /* Unblock the task, returning 0 as the event list is being deleted
  1469                        ;                 * and cannot therefore have any bits set. */
  1470                        ;                configASSERT( pxTasksWaitingForBits->xListEnd.pxNext != ( const ListItem_t * ) &( pxT
                    asksWaitingForBits->xListEnd ) );
  1471 00:04F9: A9 06 00     	lda	#$6
  1472 00:04FC: 18           	clc
  1473 00:04FD: 65 09        	adc	<L61+pxTasksWaitingForBits_1
  1474 00:04FF: 85 01        	sta	<R0
  1475 00:0501: A9 00 00     	lda	#$0
  1476 00:0504: 65 0B        	adc	<L61+pxTasksWaitingForBits_1+2
  1477 00:0506: 85 03        	sta	<R0+2
  1478 00:0508: A0 0A 00     	ldy	#$a
  1479 00:050B: B7 09        	lda	[<L61+pxTasksWaitingForBits_1],Y
  1480 00:050D: C5 01        	cmp	<R0
  1481 00:050F: D0 06        	bne	L64
  1482 00:0511: C8           	iny
  1483 00:0512: C8           	iny
  1484 00:0513: B7 09        	lda	[<L61+pxTasksWaitingForBits_1],Y
  1485 00:0515: C5 03        	cmp	<R0+2
  1486                        L64:
  1487 00:0517: D0 02        	bne	L10148
  1488                        L10152:
  1489 00:0519: 80 FE        	bra	L10152
  Tue Sep 15 2026 17:44                                                                                                    Page 27


  1490                        L10148:
  1491                        ;                vTaskRemoveFromUnorderedEventList( pxTasksWaitingForBits->xListEnd.pxNext, eventUNBLO
                    CKED_DUE_TO_BIT_SET );
  1492 00:051B: F4 00 02     	pea	#^$2000000
  1493 00:051E: F4 00 00     	pea	#<$2000000
  1494 00:0521: A0 0C 00     	ldy	#$c
  1495 00:0524: B7 09        	lda	[<L61+pxTasksWaitingForBits_1],Y
  1496 00:0526: 48           	pha
  1497 00:0527: 88           	dey
  1498 00:0528: 88           	dey
  1499 00:0529: B7 09        	lda	[<L61+pxTasksWaitingForBits_1],Y
  1500 00:052B: 48           	pha
  1501 00:052C: 20 xx xx     	jsr	_~vTaskRemoveFromUnorderedEventList
  1502                        ;            }
  1503                        L10146:
  1504 00:052F: A9 00 00     	lda	#$0
  1505 00:0532: C7 09        	cmp	[<L61+pxTasksWaitingForBits_1]
  1506 00:0534: 90 C3        	bcc	L20007
  1507                        ;        }
  1508                        ;        ( void ) xTaskResumeAll();
  1509 00:0536: 20 xx xx     	jsr	_~xTaskResumeAll
  1510                        ;
  1511                        ;        #if ( ( configSUPPORT_DYNAMIC_ALLOCATION == 1 ) && ( configSUPPORT_STATIC_ALLOCATION == 0 ) )
  1512                        ;        {
  1513                        ;            /* The event group can only have been allocated dynamically - free
  1514                        ;             * it again. */
  1515                        ;            vPortFree( pxEventBits );
  1516 00:0539: D4 07        	pei	<L61+pxEventBits_1+2
  1517 00:053B: D4 05        	pei	<L61+pxEventBits_1
  1518 00:053D: 20 xx xx     	jsr	_~vPortFree
  1519                        ;        }
  1520                        ;        #elif ( ( configSUPPORT_DYNAMIC_ALLOCATION == 1 ) && ( configSUPPORT_STATIC_ALLOCATION == 1 )
                     )
  1521                        ;        {
  1522                        ;            /* The event group could have been allocated statically or
  1523                        ;             * dynamically, so check before attempting to free the memory. */
  1524                        ;            if( pxEventBits->ucStaticallyAllocated == ( uint8_t ) pdFALSE )
  1525                        ;            {
  1526                        ;                vPortFree( pxEventBits );
  1527                        ;            }
  1528                        ;            else
  1529                        ;            {
  1530                        ;                mtCOVERAGE_TEST_MARKER();
  1531                        ;            }
  1532                        ;        }
  1533                        ;        #endif /* configSUPPORT_DYNAMIC_ALLOCATION */
  1534                        ;
  1535                        ;        traceRETURN_vEventGroupDelete();
  1536                        ;    }
  1537 00:0540: A5 0D        	lda	<L60+1
  1538 00:0542: 85 11        	sta	<L60+1+4
  1539 00:0544: 2B           	pld
  1540 00:0545: 3B           	tsc
  1541 00:0546: 18           	clc
  1542 00:0547: 69 10 00     	adc	#L60+4
  1543 00:054A: 1B           	tcs
  1544 00:054B: 60           	rts
  1545             0000000C   L60	equ	12
  Tue Sep 15 2026 17:44                                                                                                    Page 28


  1546             00000005   L61	equ	5
  1547                        	ends
  1548                        	efunc
  1549                        ;/*-----------------------------------------------------------*/
  1550                        ;
  1551                        ;    #if ( configSUPPORT_STATIC_ALLOCATION == 1 )
  1552                        ;        BaseType_t xEventGroupGetStaticBuffer( EventGroupHandle_t xEventGroup,
  1553                        ;                                               StaticEventGroup_t ** ppxEventGroupBuffer )
  1554                        ;        {
  1555                        ;            BaseType_t xReturn;
  1556                        ;            EventGroup_t * pxEventBits = xEventGroup;
  1557                        ;
  1558                        ;            traceENTER_xEventGroupGetStaticBuffer( xEventGroup, ppxEventGroupBuffer );
  1559                        ;
  1560                        ;            configASSERT( pxEventBits );
  1561                        ;            configASSERT( ppxEventGroupBuffer );
  1562                        ;
  1563                        ;            #if ( configSUPPORT_DYNAMIC_ALLOCATION == 1 )
  1564                        ;            {
  1565                        ;                /* Check if the event group was statically allocated. */
  1566                        ;                if( pxEventBits->ucStaticallyAllocated == ( uint8_t ) pdTRUE )
  1567                        ;                {
  1568                        ;                    /* MISRA Ref 11.3.1 [Misaligned access] */
  1569                        ;                    /* More details at: https://github.com/FreeRTOS/FreeRTOS-Kernel/blob/main/MISRA.m
                    d#rule-113 */
  1570                        ;                    /* coverity[misra_c_2012_rule_11_3_violation] */
  1571                        ;                    *ppxEventGroupBuffer = ( StaticEventGroup_t * ) pxEventBits;
  1572                        ;                    xReturn = pdTRUE;
  1573                        ;                }
  1574                        ;                else
  1575                        ;                {
  1576                        ;                    xReturn = pdFALSE;
  1577                        ;                }
  1578                        ;            }
  1579                        ;            #else /* configSUPPORT_DYNAMIC_ALLOCATION */
  1580                        ;            {
  1581                        ;                /* Event group must have been statically allocated. */
  1582                        ;                /* MISRA Ref 11.3.1 [Misaligned access] */
  1583                        ;                /* More details at: https://github.com/FreeRTOS/FreeRTOS-Kernel/blob/main/MISRA.md#ru
                    le-113 */
  1584                        ;                /* coverity[misra_c_2012_rule_11_3_violation] */
  1585                        ;                *ppxEventGroupBuffer = ( StaticEventGroup_t * ) pxEventBits;
  1586                        ;                xReturn = pdTRUE;
  1587                        ;            }
  1588                        ;            #endif /* configSUPPORT_DYNAMIC_ALLOCATION */
  1589                        ;
  1590                        ;            traceRETURN_xEventGroupGetStaticBuffer( xReturn );
  1591                        ;
  1592                        ;            return xReturn;
  1593                        ;        }
  1594                        ;    #endif /* configSUPPORT_STATIC_ALLOCATION */
  1595                        ;/*-----------------------------------------------------------*/
  1596                        ;
  1597                        ;/* For internal use only - execute a 'set bits' command that was pended from
  1598                        ; * an interrupt. */
  1599                        ;    void vEventGroupSetBitsCallback( void * pvEventGroup,
  1600                        ;                                     uint32_t ulBitsToSet )
  1601                        ;    {
  Tue Sep 15 2026 17:44                                                                                                    Page 29


  1602                        	code
  1603                        	xdef	_~vEventGroupSetBitsCallback
  1604                        	func
  1605                        _~vEventGroupSetBitsCallback:
  1606                        	longa	on
  1607                        	longi	on
  1608 00:054C: 3B           	tsc
  1609 00:054D: 38           	sec
  1610 00:054E: E9 04 00     	sbc	#L67
  1611 00:0551: 1B           	tcs
  1612 00:0552: 0B           	phd
  1613 00:0553: 5B           	tcd
  1614             00000003   pvEventGroup_0	set	3
  1615             00000007   ulBitsToSet_0	set	7
  1616                        ;        traceENTER_vEventGroupSetBitsCallback( pvEventGroup, ulBitsToSet );
  1617                        ;
  1618                        ;        /* MISRA Ref 11.5.4 [Callback function parameter] */
  1619                        ;        /* More details at: https://github.com/FreeRTOS/FreeRTOS-Kernel/blob/main/MISRA.md#rule-115 *
                    /
  1620                        ;        /* coverity[misra_c_2012_rule_11_5_violation] */
  1621                        ;        ( void ) xEventGroupSetBits( pvEventGroup, ( EventBits_t ) ulBitsToSet );
  1622 00:0554: D4 0D        	pei	<L67+ulBitsToSet_0+2
  1623 00:0556: D4 0B        	pei	<L67+ulBitsToSet_0
  1624 00:0558: D4 09        	pei	<L67+pvEventGroup_0+2
  1625 00:055A: D4 07        	pei	<L67+pvEventGroup_0
  1626 00:055C: 20 xx xx     	jsr	_~xEventGroupSetBits
  1627                        ;
  1628                        ;        traceRETURN_vEventGroupSetBitsCallback();
  1629                        ;    }
  1630 00:055F: A5 05        	lda	<L67+1
  1631 00:0561: 85 0D        	sta	<L67+1+8
  1632 00:0563: 2B           	pld
  1633 00:0564: 3B           	tsc
  1634 00:0565: 18           	clc
  1635 00:0566: 69 0C 00     	adc	#L67+8
  1636 00:0569: 1B           	tcs
  1637 00:056A: 60           	rts
  1638             00000004   L67	equ	4
  1639             00000005   L68	equ	5
  1640                        	ends
  1641                        	efunc
  1642                        ;/*-----------------------------------------------------------*/
  1643                        ;
  1644                        ;/* For internal use only - execute a 'clear bits' command that was pended from
  1645                        ; * an interrupt. */
  1646                        ;    void vEventGroupClearBitsCallback( void * pvEventGroup,
  1647                        ;                                       uint32_t ulBitsToClear )
  1648                        ;    {
  1649                        	code
  1650                        	xdef	_~vEventGroupClearBitsCallback
  1651                        	func
  1652                        _~vEventGroupClearBitsCallback:
  1653                        	longa	on
  1654                        	longi	on
  1655 00:056B: 3B           	tsc
  1656 00:056C: 38           	sec
  1657 00:056D: E9 04 00     	sbc	#L70
  1658 00:0570: 1B           	tcs
  Tue Sep 15 2026 17:44                                                                                                    Page 30


  1659 00:0571: 0B           	phd
  1660 00:0572: 5B           	tcd
  1661             00000003   pvEventGroup_0	set	3
  1662             00000007   ulBitsToClear_0	set	7
  1663                        ;        traceENTER_vEventGroupClearBitsCallback( pvEventGroup, ulBitsToClear );
  1664                        ;
  1665                        ;        /* MISRA Ref 11.5.4 [Callback function parameter] */
  1666                        ;        /* More details at: https://github.com/FreeRTOS/FreeRTOS-Kernel/blob/main/MISRA.md#rule-115 *
                    /
  1667                        ;        /* coverity[misra_c_2012_rule_11_5_violation] */
  1668                        ;        ( void ) xEventGroupClearBits( pvEventGroup, ( EventBits_t ) ulBitsToClear );
  1669 00:0573: D4 0D        	pei	<L70+ulBitsToClear_0+2
  1670 00:0575: D4 0B        	pei	<L70+ulBitsToClear_0
  1671 00:0577: D4 09        	pei	<L70+pvEventGroup_0+2
  1672 00:0579: D4 07        	pei	<L70+pvEventGroup_0
  1673 00:057B: 20 xx xx     	jsr	_~xEventGroupClearBits
  1674                        ;
  1675                        ;        traceRETURN_vEventGroupClearBitsCallback();
  1676                        ;    }
  1677 00:057E: A5 05        	lda	<L70+1
  1678 00:0580: 85 0D        	sta	<L70+1+8
  1679 00:0582: 2B           	pld
  1680 00:0583: 3B           	tsc
  1681 00:0584: 18           	clc
  1682 00:0585: 69 0C 00     	adc	#L70+8
  1683 00:0588: 1B           	tcs
  1684 00:0589: 60           	rts
  1685             00000004   L70	equ	4
  1686             00000005   L71	equ	5
  1687                        	ends
  1688                        	efunc
  1689                        ;/*-----------------------------------------------------------*/
  1690                        ;
  1691                        ;    static BaseType_t prvTestWaitCondition( const EventBits_t uxCurrentEventBits,
  1692                        ;                                            const EventBits_t uxBitsToWaitFor,
  1693                        ;                                            const BaseType_t xWaitForAllBits )
  1694                        ;    {
  1695                        	code
  1696                        	func
  1697                        _~prvTestWaitCondition:
  1698                        	longa	on
  1699                        	longi	on
  1700 00:058A: 3B           	tsc
  1701 00:058B: 38           	sec
  1702 00:058C: E9 06 00     	sbc	#L73
  1703 00:058F: 1B           	tcs
  1704 00:0590: 0B           	phd
  1705 00:0591: 5B           	tcd
  1706             00000003   uxCurrentEventBits_0	set	3
  1707             00000007   uxBitsToWaitFor_0	set	7
  1708             0000000B   xWaitForAllBits_0	set	11
  1709                        ;        BaseType_t xWaitConditionMet = pdFALSE;
  1710                        ;
  1711                        ;        if( xWaitForAllBits == pdFALSE )
  1712             00000000   xWaitConditionMet_1	set	0
  1713 00:0592: 64 05        	stz	<L74+xWaitConditionMet_1
  1714                        ;        {
  1715 00:0594: A5 11        	lda	<L73+xWaitForAllBits_0
  Tue Sep 15 2026 17:44                                                                                                    Page 31


  1716 00:0596: D0 27        	bne	L10155
  1717                        ;            /* Task only has to wait for one bit within uxBitsToWaitFor to be
  1718                        ;             * set.  Is one already set? */
  1719                        ;            if( ( uxCurrentEventBits & uxBitsToWaitFor ) != ( EventBits_t ) 0 )
  1720                        ;            {
  1721 00:0598: A5 0D        	lda	<L73+uxBitsToWaitFor_0
  1722 00:059A: 25 09        	and	<L73+uxCurrentEventBits_0
  1723 00:059C: 85 01        	sta	<R0
  1724 00:059E: A5 0F        	lda	<L73+uxBitsToWaitFor_0+2
  1725 00:05A0: 25 0B        	and	<L73+uxCurrentEventBits_0+2
  1726 00:05A2: 85 03        	sta	<R0+2
  1727 00:05A4: A5 01        	lda	<R0
  1728 00:05A6: 05 03        	ora	<R0+2
  1729 00:05A8: F0 05        	beq	L10158
  1730                        ;                xWaitConditionMet = pdTRUE;
  1731                        L20009:
  1732 00:05AA: A9 01 00     	lda	#$1
  1733 00:05AD: 85 05        	sta	<L74+xWaitConditionMet_1
  1734                        ;            }
  1735                        ;            else
  1736                        L10158:
  1737                        ;
  1738                        ;        return xWaitConditionMet;
  1739 00:05AF: A5 05        	lda	<L74+xWaitConditionMet_1
  1740 00:05B1: A8           	tay
  1741 00:05B2: A5 07        	lda	<L73+1
  1742 00:05B4: 85 11        	sta	<L73+1+10
  1743 00:05B6: 2B           	pld
  1744 00:05B7: 3B           	tsc
  1745 00:05B8: 18           	clc
  1746 00:05B9: 69 10 00     	adc	#L73+10
  1747 00:05BC: 1B           	tcs
  1748 00:05BD: 98           	tya
  1749 00:05BE: 60           	rts
  1750                        ;            {
  1751                        ;                mtCOVERAGE_TEST_MARKER();
  1752                        ;            }
  1753                        ;        }
  1754                        ;        else
  1755                        L10155:
  1756                        ;        {
  1757                        ;            /* Task has to wait for all the bits in uxBitsToWaitFor to be set.
  1758                        ;             * Are they set already? */
  1759                        ;            if( ( uxCurrentEventBits & uxBitsToWaitFor ) == uxBitsToWaitFor )
  1760                        ;            {
  1761 00:05BF: A5 0D        	lda	<L73+uxBitsToWaitFor_0
  1762 00:05C1: 25 09        	and	<L73+uxCurrentEventBits_0
  1763 00:05C3: 85 01        	sta	<R0
  1764 00:05C5: A5 0F        	lda	<L73+uxBitsToWaitFor_0+2
  1765 00:05C7: 25 0B        	and	<L73+uxCurrentEventBits_0+2
  1766 00:05C9: 85 03        	sta	<R0+2
  1767 00:05CB: A5 01        	lda	<R0
  1768 00:05CD: C5 0D        	cmp	<L73+uxBitsToWaitFor_0
  1769 00:05CF: D0 04        	bne	L77
  1770 00:05D1: A5 03        	lda	<R0+2
  1771 00:05D3: C5 0F        	cmp	<L73+uxBitsToWaitFor_0+2
  1772                        L77:
  1773 00:05D5: D0 D8        	bne	L10158
  Tue Sep 15 2026 17:44                                                                                                    Page 32


  1774                        ;                xWaitConditionMet = pdTRUE;
  1775 00:05D7: 80 D1        	bra	L20009
  1776                        ;            }
  1777                        ;            else
  1778                        ;            {
  1779                        ;                mtCOVERAGE_TEST_MARKER();
  1780                        ;            }
  1781                        ;        }
  1782                        ;    }
  1783             00000006   L73	equ	6
  1784             00000005   L74	equ	5
  1785                        	ends
  1786                        	efunc
  1787                        ;/*-----------------------------------------------------------*/
  1788                        ;
  1789                        ;    #if ( ( INCLUDE_xTimerPendFunctionCall == 1 ) && ( configUSE_TIMERS == 1 ) )
  1790                        ;
  1791                        ;        BaseType_t xEventGroupSetBitsFromISR( EventGroupHandle_t xEventGroup,
  1792                        ;                                              const EventBits_t uxBitsToSet,
  1793                        ;                                              BaseType_t * pxHigherPriorityTaskWoken )
  1794                        ;        {
  1795                        ;            BaseType_t xReturn;
  1796                        ;
  1797                        ;            traceENTER_xEventGroupSetBitsFromISR( xEventGroup, uxBitsToSet, pxHigherPriorityTaskWoken
                     );
  1798                        ;
  1799                        ;            traceEVENT_GROUP_SET_BITS_FROM_ISR( xEventGroup, uxBitsToSet );
  1800                        ;            xReturn = xTimerPendFunctionCallFromISR( &vEventGroupSetBitsCallback, ( void * ) xEventGr
                    oup, ( uint32_t ) uxBitsToSet, pxHigherPriorityTaskWoken );
  1801                        ;
  1802                        ;            traceRETURN_xEventGroupSetBitsFromISR( xReturn );
  1803                        ;
  1804                        ;            return xReturn;
  1805                        ;        }
  1806                        ;
  1807                        ;    #endif /* if ( ( INCLUDE_xTimerPendFunctionCall == 1 ) && ( configUSE_TIMERS == 1 ) ) */
  1808                        ;/*-----------------------------------------------------------*/
  1809                        ;
  1810                        ;    #if ( configUSE_TRACE_FACILITY == 1 )
  1811                        ;
  1812                        ;        UBaseType_t uxEventGroupGetNumber( void * xEventGroup )
  1813                        ;        {
  1814                        ;            UBaseType_t xReturn;
  1815                        ;
  1816                        ;            /* MISRA Ref 11.5.2 [Opaque pointer] */
  1817                        ;            /* More details at: https://github.com/FreeRTOS/FreeRTOS-Kernel/blob/main/MISRA.md#rule-1
                    15 */
  1818                        ;            /* coverity[misra_c_2012_rule_11_5_violation] */
  1819                        ;            EventGroup_t const * pxEventBits = ( EventGroup_t * ) xEventGroup;
  1820                        ;
  1821                        ;            traceENTER_uxEventGroupGetNumber( xEventGroup );
  1822                        ;
  1823                        ;            if( xEventGroup == NULL )
  1824                        ;            {
  1825                        ;                xReturn = 0;
  1826                        ;            }
  1827                        ;            else
  1828                        ;            {
  Tue Sep 15 2026 17:44                                                                                                    Page 33


  1829                        ;                xReturn = pxEventBits->uxEventGroupNumber;
  1830                        ;            }
  1831                        ;
  1832                        ;            traceRETURN_uxEventGroupGetNumber( xReturn );
  1833                        ;
  1834                        ;            return xReturn;
  1835                        ;        }
  1836                        ;
  1837                        ;    #endif /* configUSE_TRACE_FACILITY */
  1838                        ;/*-----------------------------------------------------------*/
  1839                        ;
  1840                        ;    #if ( configUSE_TRACE_FACILITY == 1 )
  1841                        ;
  1842                        ;        void vEventGroupSetNumber( void * xEventGroup,
  1843                        ;                                   UBaseType_t uxEventGroupNumber )
  1844                        ;        {
  1845                        ;            traceENTER_vEventGroupSetNumber( xEventGroup, uxEventGroupNumber );
  1846                        ;
  1847                        ;            /* MISRA Ref 11.5.2 [Opaque pointer] */
  1848                        ;            /* More details at: https://github.com/FreeRTOS/FreeRTOS-Kernel/blob/main/MISRA.md#rule-1
                    15 */
  1849                        ;            /* coverity[misra_c_2012_rule_11_5_violation] */
  1850                        ;            ( ( EventGroup_t * ) xEventGroup )->uxEventGroupNumber = uxEventGroupNumber;
  1851                        ;
  1852                        ;            traceRETURN_vEventGroupSetNumber();
  1853                        ;        }
  1854                        ;
  1855                        ;    #endif /* configUSE_TRACE_FACILITY */
  1856                        ;/*-----------------------------------------------------------*/
  1857                        ;
  1858                        ;/* This entire source file will be skipped if the application is not configured
  1859                        ; * to include event groups functionality. If you want to include event groups
  1860                        ; * then ensure configUSE_EVENT_GROUPS is set to 1 in FreeRTOSConfig.h. */
  1861                        ;#endif /* configUSE_EVENT_GROUPS == 1 */
  1862                        ;
  1863                        	xref	_~xTaskGetSchedulerState
  1864                        	xref	_~uxTaskResetEventItemValue
  1865                        	xref	_~vTaskRemoveFromUnorderedEventList
  1866                        	xref	_~vTaskPlaceOnUnorderedEventList
  1867                        	xref	_~xTaskResumeAll
  1868                        	xref	_~vTaskSuspendAll
  1869                        	xref	_~vListInitialise
  1870                        	xref	_~vPortFree
  1871                        	xref	_~pvPortMalloc
  1872                        	xref	_~vPortYield


      Lines assembled: 1872
      Errors: 0
