  Sun Sep 20 2026 12:03                                                                                                    Page 1


                                               ***************************************
                                               **      WDC 65C816 Macro Assembler   **
                                               **                                   **
                                               **     Version 3.49.1- Feb  6 2006    **
                                               ***************************************

     1                        ;:ts=8
     2             00000001   R0	equ	1
     3             00000005   R1	equ	5
     4             00000009   R2	equ	9
     5             0000000D   R3	equ	13
     6                        ;/*
     7                        ; * FreeRTOS Kernel V11.3.1
     8                        ; * Copyright (C) 2021 Amazon.com, Inc. or its affiliates. All Rights Reserved.
     9                        ; *
    10                        ; * SPDX-License-Identifier: MIT
    11                        ; *
    12                        ; * Permission is hereby granted, free of charge, to any person obtaining a copy of
    13                        ; * this software and associated documentation files (the "Software"), to deal in
    14                        ; * the Software without restriction, including without limitation the rights to
    15                        ; * use, copy, modify, merge, publish, distribute, sublicense, and/or sell copies of
    16                        ; * the Software, and to permit persons to whom the Software is furnished to do so,
    17                        ; * subject to the following conditions:
    18                        ; *
    19                        ; * The above copyright notice and this permission notice shall be included in all
    20                        ; * copies or substantial portions of the Software.
    21                        ; *
    22                        ; * THE SOFTWARE IS PROVIDED "AS IS", WITHOUT WARRANTY OF ANY KIND, EXPRESS OR
    23                        ; * IMPLIED, INCLUDING BUT NOT LIMITED TO THE WARRANTIES OF MERCHANTABILITY, FITNESS
    24                        ; * FOR A PARTICULAR PURPOSE AND NONINFRINGEMENT. IN NO EVENT SHALL THE AUTHORS OR
    25                        ; * COPYRIGHT HOLDERS BE LIABLE FOR ANY CLAIM, DAMAGES OR OTHER LIABILITY, WHETHER
    26                        ; * IN AN ACTION OF CONTRACT, TORT OR OTHERWISE, ARISING FROM, OUT OF OR IN
    27                        ; * CONNECTION WITH THE SOFTWARE OR THE USE OR OTHER DEALINGS IN THE SOFTWARE.
    28                        ; *
    29                        ; * https://www.FreeRTOS.org
    30                        ; * https://github.com/FreeRTOS
    31                        ; *
    32                        ; */
    33                        ;
    34                        ;#include <stdlib.h>
    35                        ;#include <string.h>
    36                        ;
    37                        ;/* Defining MPU_WRAPPERS_INCLUDED_FROM_API_FILE prevents task.h from redefining
    38                        ; * all the API functions to use the MPU wrappers.  That should only be done when
    39                        ; * task.h is included from an application file. */
    40                        ;#define MPU_WRAPPERS_INCLUDED_FROM_API_FILE
    41                        ;
    42                        ;#include "FreeRTOS.h"
    43                        ;#include "task.h"
    44                        ;#include "queue.h"
    45                        ;
    46                        ;#if ( configUSE_CO_ROUTINES == 1 )
    47                        ;    #include "croutine.h"
    48                        ;#endif
    49                        ;
    50                        ;/* The MPU ports require MPU_WRAPPERS_INCLUDED_FROM_API_FILE to be defined
    51                        ; * for the header files above, but not in this file, in order to generate the
    52                        ; * correct privileged Vs unprivileged linkage and placement. */
  Sun Sep 20 2026 12:03                                                                                                    Page 2


    53                        ;#undef MPU_WRAPPERS_INCLUDED_FROM_API_FILE
    54                        ;
    55                        ;
    56                        ;/* Constants used with the cRxLock and cTxLock structure members. */
    57                        ;#define queueUNLOCKED             ( ( int8_t ) -1 )
    58                        ;#define queueLOCKED_UNMODIFIED    ( ( int8_t ) 0 )
    59                        ;#define queueINT8_MAX             ( ( int8_t ) 127 )
    60                        ;
    61                        ;/* When the Queue_t structure is used to represent a base queue its pcHead and
    62                        ; * pcTail members are used as pointers into the queue storage area.  When the
    63                        ; * Queue_t structure is used to represent a mutex pcHead and pcTail pointers are
    64                        ; * not necessary, and the pcHead pointer is set to NULL to indicate that the
    65                        ; * structure instead holds a pointer to the mutex holder (if any).  Map alternative
    66                        ; * names to the pcHead and structure member to ensure the readability of the code
    67                        ; * is maintained.  The QueuePointers_t and SemaphoreData_t types are used to form
    68                        ; * a union as their usage is mutually exclusive dependent on what the queue is
    69                        ; * being used for. */
    70                        ;#define uxQueueType               pcHead
    71                        ;#define queueQUEUE_IS_MUTEX       NULL
    72                        ;
    73                        ;typedef struct QueuePointers
    74                        ;{
    75                        ;    int8_t * pcTail;     /**< Points to the byte at the end of the queue storage area.  Once more byt
                    e is allocated than necessary to store the queue items, this is used as a marker. */
    76                        ;    int8_t * pcReadFrom; /**< Points to the last place that a queued item was read from when the stru
                    cture is used as a queue. */
    77                        ;} QueuePointers_t;
    78                        ;
    79                        ;typedef struct SemaphoreData
    80                        ;{
    81                        ;    TaskHandle_t xMutexHolder;        /**< The handle of the task that holds the mutex. */
    82                        ;    UBaseType_t uxRecursiveCallCount; /**< Maintains a count of the number of times a recursive mutex
                     has been recursively 'taken' when the structure is used as a mutex. */
    83                        ;} SemaphoreData_t;
    84                        ;
    85                        ;/* Semaphores do not actually store or copy data, so have an item size of
    86                        ; * zero. */
    87                        ;#define queueSEMAPHORE_QUEUE_ITEM_LENGTH    ( ( UBaseType_t ) 0 )
    88                        ;#define queueMUTEX_GIVE_BLOCK_TIME          ( ( TickType_t ) 0U )
    89                        ;
    90                        ;#if ( configUSE_PREEMPTION == 0 )
    91                        ;
    92                        ;/* If the cooperative scheduler is being used then a yield should not be
    93                        ; * performed just because a higher priority task has been woken. */
    94                        ;    #define queueYIELD_IF_USING_PREEMPTION()
    95                        ;#else
    96                        ;    #if ( configNUMBER_OF_CORES == 1 )
    97                        ;        #define queueYIELD_IF_USING_PREEMPTION()    portYIELD_WITHIN_API()
    98                        ;    #else /* #if ( configNUMBER_OF_CORES == 1 ) */
    99                        ;        #define queueYIELD_IF_USING_PREEMPTION()    vTaskYieldWithinAPI()
   100                        ;    #endif /* #if ( configNUMBER_OF_CORES == 1 ) */
   101                        ;#endif
   102                        ;
   103                        ;/*
   104                        ; * Definition of the queue used by the scheduler.
   105                        ; * Items are queued by copy, not reference.  See the following link for the
   106                        ; * rationale: https://www.FreeRTOS.org/Embedded-RTOS-Queues.html
   107                        ; */
  Sun Sep 20 2026 12:03                                                                                                    Page 3


   108                        ;typedef struct QueueDefinition /* The old naming convention is used to prevent breaking kernel aware 
                    debuggers. */
   109                        ;{
   110                        ;    int8_t * pcHead;           /**< Points to the beginning of the queue storage area. */
   111                        ;    int8_t * pcWriteTo;        /**< Points to the free next place in the storage area. */
   112                        ;
   113                        ;    union
   114                        ;    {
   115                        ;        QueuePointers_t xQueue;     /**< Data required exclusively when this structure is used as a q
                    ueue. */
   116                        ;        SemaphoreData_t xSemaphore; /**< Data required exclusively when this structure is used as a s
                    emaphore. */
   117                        ;    } u;
   118                        ;
   119                        ;    List_t xTasksWaitingToSend;             /**< List of tasks that are blocked waiting to post onto 
                    this queue.  Stored in priority order. */
   120                        ;    List_t xTasksWaitingToReceive;          /**< List of tasks that are blocked waiting to read from 
                    this queue.  Stored in priority order. */
   121                        ;
   122                        ;    volatile UBaseType_t uxMessagesWaiting; /**< The number of items currently in the queue. */
   123                        ;    UBaseType_t uxLength;                   /**< The length of the queue defined as the number of ite
                    ms it will hold, not the number of bytes. */
   124                        ;    UBaseType_t uxItemSize;                 /**< The size of each items that the queue will hold. */
   125                        ;
   126                        ;    volatile int8_t cRxLock;                /**< Stores the number of items received from the queue (
                    removed from the queue) while the queue was locked.  Set to queueUNLOCKED when the queue is not locked. */
   127                        ;    volatile int8_t cTxLock;                /**< Stores the number of items transmitted to the queue 
                    (added to the queue) while the queue was locked.  Set to queueUNLOCKED when the queue is not locked. */
   128                        ;
   129                        ;    #if ( ( configSUPPORT_STATIC_ALLOCATION == 1 ) && ( configSUPPORT_DYNAMIC_ALLOCATION == 1 ) )
   130                        ;        uint8_t ucStaticallyAllocated; /**< Set to pdTRUE if the memory used by the queue was statica
                    lly allocated to ensure no attempt is made to free the memory. */
   131                        ;    #endif
   132                        ;
   133                        ;    #if ( configUSE_QUEUE_SETS == 1 )
   134                        ;        struct QueueDefinition * pxQueueSetContainer;
   135                        ;    #endif
   136                        ;
   137                        ;    #if ( configUSE_TRACE_FACILITY == 1 )
   138                        ;        UBaseType_t uxQueueNumber;
   139                        ;        uint8_t ucQueueType;
   140                        ;    #endif
   141                        ;} xQUEUE;
   142                        ;
   143                        ;/* The old xQUEUE name is maintained above then typedefed to the new Queue_t
   144                        ; * name below to enable the use of older kernel aware debuggers. */
   145                        ;typedef xQUEUE Queue_t;
   146                        ;
   147                        ;/*-----------------------------------------------------------*/
   148                        ;
   149                        ;/*
   150                        ; * The queue registry is just a means for kernel aware debuggers to locate
   151                        ; * queue structures.  It has no other purpose so is an optional component.
   152                        ; */
   153                        ;#if ( configQUEUE_REGISTRY_SIZE > 0 )
   154                        ;
   155                        ;/* The type stored within the queue registry array.  This allows a name
   156                        ; * to be assigned to each queue making kernel aware debugging a little
  Sun Sep 20 2026 12:03                                                                                                    Page 4


   157                        ; * more user friendly. */
   158                        ;    typedef struct QUEUE_REGISTRY_ITEM
   159                        ;    {
   160                        ;        const char * pcQueueName;
   161                        ;        QueueHandle_t xHandle;
   162                        ;    } xQueueRegistryItem;
   163                        ;
   164                        ;/* The old xQueueRegistryItem name is maintained above then typedefed to the
   165                        ; * new xQueueRegistryItem name below to enable the use of older kernel aware
   166                        ; * debuggers. */
   167                        ;    typedef xQueueRegistryItem QueueRegistryItem_t;
   168                        ;
   169                        ;/* The queue registry is simply an array of QueueRegistryItem_t structures.
   170                        ; * The pcQueueName member of a structure being NULL is indicative of the
   171                        ; * array position being vacant. */
   172                        ;
   173                        ;/* MISRA Ref 8.4.2 [Declaration shall be visible] */
   174                        ;/* More details at: https://github.com/FreeRTOS/FreeRTOS-Kernel/blob/main/MISRA.md#rule-84 */
   175                        ;/* coverity[misra_c_2012_rule_8_4_violation] */
   176                        ;    PRIVILEGED_DATA QueueRegistryItem_t xQueueRegistry[ configQUEUE_REGISTRY_SIZE ];
   177                        ;
   178                        ;#endif /* configQUEUE_REGISTRY_SIZE */
   179                        ;
   180                        ;/*
   181                        ; * Unlocks a queue locked by a call to prvLockQueue.  Locking a queue does not
   182                        ; * prevent an ISR from adding or removing items to the queue, but does prevent
   183                        ; * an ISR from removing tasks from the queue event lists.  If an ISR finds a
   184                        ; * queue is locked it will instead increment the appropriate queue lock count
   185                        ; * to indicate that a task may require unblocking.  When the queue in unlocked
   186                        ; * these lock counts are inspected, and the appropriate action taken.
   187                        ; */
   188                        ;static void prvUnlockQueue( Queue_t * const pxQueue ) PRIVILEGED_FUNCTION;
   189                        ;
   190                        ;/*
   191                        ; * Uses a critical section to determine if there is any data in a queue.
   192                        ; *
   193                        ; * @return pdTRUE if the queue contains no items, otherwise pdFALSE.
   194                        ; */
   195                        ;static BaseType_t prvIsQueueEmpty( const Queue_t * pxQueue ) PRIVILEGED_FUNCTION;
   196                        ;
   197                        ;/*
   198                        ; * Uses a critical section to determine if there is any space in a queue.
   199                        ; *
   200                        ; * @return pdTRUE if there is no space, otherwise pdFALSE;
   201                        ; */
   202                        ;static BaseType_t prvIsQueueFull( const Queue_t * pxQueue ) PRIVILEGED_FUNCTION;
   203                        ;
   204                        ;/*
   205                        ; * Copies an item into the queue, either at the front of the queue or the
   206                        ; * back of the queue.
   207                        ; */
   208                        ;static BaseType_t prvCopyDataToQueue( Queue_t * const pxQueue,
   209                        ;                                      const void * pvItemToQueue,
   210                        ;                                      const BaseType_t xPosition ) PRIVILEGED_FUNCTION;
   211                        ;
   212                        ;/*
   213                        ; * Copies an item out of a queue.
   214                        ; */
  Sun Sep 20 2026 12:03                                                                                                    Page 5


   215                        ;static void prvCopyDataFromQueue( Queue_t * const pxQueue,
   216                        ;                                  void * const pvBuffer ) PRIVILEGED_FUNCTION;
   217                        ;
   218                        ;#if ( configUSE_QUEUE_SETS == 1 )
   219                        ;
   220                        ;/*
   221                        ; * Checks to see if a queue is a member of a queue set, and if so, notifies
   222                        ; * the queue set that the queue contains data.
   223                        ; */
   224                        ;    static BaseType_t prvNotifyQueueSetContainer( const Queue_t * const pxQueue ) PRIVILEGED_FUNCTION
                    ;
   225                        ;#endif
   226                        ;
   227                        ;/*
   228                        ; * Called after a Queue_t structure has been allocated either statically or
   229                        ; * dynamically to fill in the structure's members.
   230                        ; */
   231                        ;static void prvInitialiseNewQueue( const UBaseType_t uxQueueLength,
   232                        ;                                   const UBaseType_t uxItemSize,
   233                        ;                                   uint8_t * pucQueueStorage,
   234                        ;                                   const uint8_t ucQueueType,
   235                        ;                                   Queue_t * pxNewQueue ) PRIVILEGED_FUNCTION;
   236                        ;
   237                        ;/*
   238                        ; * Mutexes are a special type of queue.  When a mutex is created, first the
   239                        ; * queue is created, then prvInitialiseMutex() is called to configure the queue
   240                        ; * as a mutex.
   241                        ; */
   242                        ;#if ( configUSE_MUTEXES == 1 )
   243                        ;    static void prvInitialiseMutex( Queue_t * pxNewQueue ) PRIVILEGED_FUNCTION;
   244                        ;#endif
   245                        ;
   246                        ;#if ( configUSE_MUTEXES == 1 )
   247                        ;
   248                        ;/*
   249                        ; * If a task waiting for a mutex causes the mutex holder to inherit a
   250                        ; * priority, but the waiting task times out, then the holder should
   251                        ; * disinherit the priority - but only down to the highest priority of any
   252                        ; * other tasks that are waiting for the same mutex.  This function returns
   253                        ; * that priority.
   254                        ; */
   255                        ;    static UBaseType_t prvGetHighestPriorityOfWaitToReceiveList( const Queue_t * const pxQueue ) PRIV
                    ILEGED_FUNCTION;
   256                        ;#endif
   257                        ;/*-----------------------------------------------------------*/
   258                        ;
   259                        ;/*
   260                        ; * Macro to mark a queue as locked.  Locking a queue prevents an ISR from
   261                        ; * accessing the queue event lists.
   262                        ; */
   263                        ;#define prvLockQueue( pxQueue )                            \
   264                        ;    taskENTER_CRITICAL();                                  \
   265                        ;    {                                                      \
   266                        ;        if( ( pxQueue )->cRxLock == queueUNLOCKED )        \
   267                        ;        {                                                  \
   268                        ;            ( pxQueue )->cRxLock = queueLOCKED_UNMODIFIED; \
   269                        ;        }                                                  \
   270                        ;        if( ( pxQueue )->cTxLock == queueUNLOCKED )        \
  Sun Sep 20 2026 12:03                                                                                                    Page 6


   271                        ;        {                                                  \
   272                        ;            ( pxQueue )->cTxLock = queueLOCKED_UNMODIFIED; \
   273                        ;        }                                                  \
   274                        ;    }                                                      \
   275                        ;    taskEXIT_CRITICAL()
   276                        ;
   277                        ;/*
   278                        ; * Macro to increment cTxLock member of the queue data structure. It is
   279                        ; * capped at the number of tasks in the system as we cannot unblock more
   280                        ; * tasks than the number of tasks in the system.
   281                        ; */
   282                        ;#define prvIncrementQueueTxLock( pxQueue, cTxLock )                           \
   283                        ;    do {                                                                      \
   284                        ;        const UBaseType_t uxNumberOfTasks = uxTaskGetNumberOfTasks();         \
   285                        ;        if( ( UBaseType_t ) ( cTxLock ) < uxNumberOfTasks )                   \
   286                        ;        {                                                                     \
   287                        ;            configASSERT( ( cTxLock ) != queueINT8_MAX );                     \
   288                        ;            ( pxQueue )->cTxLock = ( int8_t ) ( ( cTxLock ) + ( int8_t ) 1 ); \
   289                        ;        }                                                                     \
   290                        ;    } while( 0 )
   291                        ;
   292                        ;/*
   293                        ; * Macro to increment cRxLock member of the queue data structure. It is
   294                        ; * capped at the number of tasks in the system as we cannot unblock more
   295                        ; * tasks than the number of tasks in the system.
   296                        ; */
   297                        ;#define prvIncrementQueueRxLock( pxQueue, cRxLock )                           \
   298                        ;    do {                                                                      \
   299                        ;        const UBaseType_t uxNumberOfTasks = uxTaskGetNumberOfTasks();         \
   300                        ;        if( ( UBaseType_t ) ( cRxLock ) < uxNumberOfTasks )                   \
   301                        ;        {                                                                     \
   302                        ;            configASSERT( ( cRxLock ) != queueINT8_MAX );                     \
   303                        ;            ( pxQueue )->cRxLock = ( int8_t ) ( ( cRxLock ) + ( int8_t ) 1 ); \
   304                        ;        }                                                                     \
   305                        ;    } while( 0 )
   306                        ;/*-----------------------------------------------------------*/
   307                        ;
   308                        ;BaseType_t xQueueGenericReset( QueueHandle_t xQueue,
   309                        ;                               BaseType_t xNewQueue )
   310                        ;{
   311                        	code
   312                        	xdef	_~xQueueGenericReset
   313                        	func
   314                        _~xQueueGenericReset:
   315                        	longa	on
   316                        	longi	on
   317 00:0000: 3B           	tsc
   318 00:0001: 38           	sec
   319 00:0002: E9 0E 00     	sbc	#L2
   320 00:0005: 1B           	tcs
   321 00:0006: 0B           	phd
   322 00:0007: 5B           	tcd
   323             00000003   xQueue_0	set	3
   324             00000007   xNewQueue_0	set	7
   325                        ;    BaseType_t xReturn = pdPASS;
   326                        ;    Queue_t * const pxQueue = xQueue;
   327                        ;
   328                        ;    traceENTER_xQueueGenericReset( xQueue, xNewQueue );
  Sun Sep 20 2026 12:03                                                                                                    Page 7


   329             00000000   xReturn_1	set	0
   330             00000002   pxQueue_1	set	2
   331 00:0008: A9 01 00     	lda	#$1
   332 00:000B: 85 09        	sta	<L3+xReturn_1
   333 00:000D: A5 11        	lda	<L2+xQueue_0
   334 00:000F: 85 0B        	sta	<L3+pxQueue_1
   335 00:0011: A5 13        	lda	<L2+xQueue_0+2
   336 00:0013: 85 0D        	sta	<L3+pxQueue_1+2
   337                        ;
   338                        ;    configASSERT( pxQueue );
   339 00:0015: A5 0B        	lda	<L3+pxQueue_1
   340 00:0017: 05 0D        	ora	<L3+pxQueue_1+2
   341 00:0019: D0 03        	bne	L10001
   342                        	asmstart
   343 00:001B: 78           	sei
   344                        	asmend
   345                        L10002:
   346 00:001C: 80 FE        	bra	L10002
   347                        L10001:
   348                        ;
   349                        ;    if( ( pxQueue != NULL ) &&
   350                        ;        ( pxQueue->uxLength >= 1U ) &&
   351                        ;        /* Check for multiplication overflow. */
   352                        ;        ( ( SIZE_MAX / pxQueue->uxLength ) >= pxQueue->uxItemSize ) )
   353                        ;    {
   354 00:001E: A5 0B        	lda	<L3+pxQueue_1
   355 00:0020: 05 0D        	ora	<L3+pxQueue_1+2
   356 00:0022: D0 03        	bne	*+5
   357 00:0024: 82 27 01     	brl	L10005
   358 00:0027: A0 36 00     	ldy	#$36
   359 00:002A: B7 0B        	lda	[<L3+pxQueue_1],Y
   360 00:002C: C9 01 00     	cmp	#<$1
   361 00:002F: B0 03        	bcs	*+5
   362 00:0031: 82 1A 01     	brl	L10005
   363 00:0034: C8           	iny
   364 00:0035: C8           	iny
   365 00:0036: B7 0B        	lda	[<L3+pxQueue_1],Y
   366 00:0038: 85 01        	sta	<R0
   367 00:003A: 64 03        	stz	<R0+2
   368 00:003C: 88           	dey
   369 00:003D: 88           	dey
   370 00:003E: B7 0B        	lda	[<L3+pxQueue_1],Y
   371 00:0040: 85 05        	sta	<R1
   372 00:0042: 64 07        	stz	<R1+2
   373 00:0044: D4 07        	pei	<R1+2
   374 00:0046: D4 05        	pei	<R1
   375 00:0048: F4 00 00     	pea	#^$ffff
   376 00:004B: F4 FF FF     	pea	#<$ffff
   377                        	xref	_~~ldiv
   378 00:004E: 20 xx xx     	jsr	_~~ldiv
   379 00:0051: 85 05        	sta	<R1
   380 00:0053: 86 07        	stx	<R1+2
   381 00:0055: 38           	sec
   382 00:0056: A5 05        	lda	<R1
   383 00:0058: E5 01        	sbc	<R0
   384 00:005A: A5 07        	lda	<R1+2
   385 00:005C: E5 03        	sbc	<R0+2
   386 00:005E: 70 03        	bvs	L7
  Sun Sep 20 2026 12:03                                                                                                    Page 8


   387 00:0060: 49 00 80     	eor	#$8000
   388                        L7:
   389 00:0063: 30 03        	bmi	*+5
   390 00:0065: 82 E6 00     	brl	L10005
   391                        ;        taskENTER_CRITICAL();
   392                        	asmstart
   393 00:0068: 78           	sei
   394                        	asmend
   395                        ;        {
   396                        ;            pxQueue->u.xQueue.pcTail = pxQueue->pcHead + ( pxQueue->uxLength * pxQueue->uxItemSize );
   397 00:0069: A0 38 00     	ldy	#$38
   398 00:006C: B7 0B        	lda	[<L3+pxQueue_1],Y
   399 00:006E: AA           	tax
   400 00:006F: 88           	dey
   401 00:0070: 88           	dey
   402 00:0071: B7 0B        	lda	[<L3+pxQueue_1],Y
   403                        	xref	_~~mul
   404 00:0073: 20 xx xx     	jsr	_~~mul
   405 00:0076: 85 01        	sta	<R0
   406 00:0078: 64 03        	stz	<R0+2
   407 00:007A: A7 0B        	lda	[<L3+pxQueue_1]
   408 00:007C: 18           	clc
   409 00:007D: 65 01        	adc	<R0
   410 00:007F: 85 05        	sta	<R1
   411 00:0081: A0 02 00     	ldy	#$2
   412 00:0084: B7 0B        	lda	[<L3+pxQueue_1],Y
   413 00:0086: 65 03        	adc	<R0+2
   414 00:0088: 85 07        	sta	<R1+2
   415 00:008A: A5 05        	lda	<R1
   416 00:008C: A0 08 00     	ldy	#$8
   417 00:008F: 97 0B        	sta	[<L3+pxQueue_1],Y
   418 00:0091: A5 07        	lda	<R1+2
   419 00:0093: C8           	iny
   420 00:0094: C8           	iny
   421 00:0095: 97 0B        	sta	[<L3+pxQueue_1],Y
   422                        ;            pxQueue->uxMessagesWaiting = ( UBaseType_t ) 0U;
   423 00:0097: A9 00 00     	lda	#$0
   424 00:009A: A0 34 00     	ldy	#$34
   425 00:009D: 97 0B        	sta	[<L3+pxQueue_1],Y
   426                        ;            pxQueue->pcWriteTo = pxQueue->pcHead;
   427 00:009F: A7 0B        	lda	[<L3+pxQueue_1]
   428 00:00A1: A0 04 00     	ldy	#$4
   429 00:00A4: 97 0B        	sta	[<L3+pxQueue_1],Y
   430 00:00A6: 88           	dey
   431 00:00A7: 88           	dey
   432 00:00A8: B7 0B        	lda	[<L3+pxQueue_1],Y
   433 00:00AA: A0 06 00     	ldy	#$6
   434 00:00AD: 97 0B        	sta	[<L3+pxQueue_1],Y
   435                        ;            pxQueue->u.xQueue.pcReadFrom = pxQueue->pcHead + ( ( pxQueue->uxLength - 1U ) * pxQueue->
                    uxItemSize );
   436 00:00AF: 18           	clc
   437 00:00B0: A9 FF FF     	lda	#$ffff
   438 00:00B3: A0 36 00     	ldy	#$36
   439 00:00B6: 77 0B        	adc	[<L3+pxQueue_1],Y
   440 00:00B8: 85 01        	sta	<R0
   441 00:00BA: C8           	iny
   442 00:00BB: C8           	iny
   443 00:00BC: B7 0B        	lda	[<L3+pxQueue_1],Y
  Sun Sep 20 2026 12:03                                                                                                    Page 9


   444 00:00BE: AA           	tax
   445 00:00BF: A5 01        	lda	<R0
   446                        	xref	_~~mul
   447 00:00C1: 20 xx xx     	jsr	_~~mul
   448 00:00C4: 85 01        	sta	<R0
   449 00:00C6: 64 03        	stz	<R0+2
   450 00:00C8: A7 0B        	lda	[<L3+pxQueue_1]
   451 00:00CA: 18           	clc
   452 00:00CB: 65 01        	adc	<R0
   453 00:00CD: 85 05        	sta	<R1
   454 00:00CF: A0 02 00     	ldy	#$2
   455 00:00D2: B7 0B        	lda	[<L3+pxQueue_1],Y
   456 00:00D4: 65 03        	adc	<R0+2
   457 00:00D6: 85 07        	sta	<R1+2
   458 00:00D8: A5 05        	lda	<R1
   459 00:00DA: A0 0C 00     	ldy	#$c
   460 00:00DD: 97 0B        	sta	[<L3+pxQueue_1],Y
   461 00:00DF: A5 07        	lda	<R1+2
   462 00:00E1: C8           	iny
   463 00:00E2: C8           	iny
   464 00:00E3: 97 0B        	sta	[<L3+pxQueue_1],Y
   465                        ;            pxQueue->cRxLock = queueUNLOCKED;
   466 00:00E5: E2 20        	sep	#$20
   467                        	longa	off
   468 00:00E7: A9 FF        	lda	#$ff
   469 00:00E9: A0 3A 00     	ldy	#$3a
   470 00:00EC: 97 0B        	sta	[<L3+pxQueue_1],Y
   471                        ;            pxQueue->cTxLock = queueUNLOCKED;
   472 00:00EE: C8           	iny
   473 00:00EF: 97 0B        	sta	[<L3+pxQueue_1],Y
   474 00:00F1: C2 20        	rep	#$20
   475                        	longa	on
   476                        ;
   477                        ;            if( xNewQueue == pdFALSE )
   478                        ;            {
   479 00:00F3: A5 15        	lda	<L2+xNewQueue_0
   480 00:00F5: D0 2E        	bne	L10006
   481                        ;                /* If there are tasks blocked waiting to read from the queue, then
   482                        ;                 * the tasks will remain blocked as after this function exits the queue
   483                        ;                 * will still be empty.  If there are tasks blocked waiting to write to
   484                        ;                 * the queue, then one should be unblocked as after this function exits
   485                        ;                 * it will be possible to write to it. */
   486                        ;                if( listLIST_IS_EMPTY( &( pxQueue->xTasksWaitingToSend ) ) == pdFALSE )
   487                        ;                {
   488 00:00F7: A0 10 00     	ldy	#$10
   489 00:00FA: B7 0B        	lda	[<L3+pxQueue_1],Y
   490 00:00FC: D0 05        	bne	L10
   491 00:00FE: A9 01 00     	lda	#$1
   492 00:0101: 80 03        	bra	L12
   493                        L10:
   494 00:0103: A9 00 00     	lda	#$0
   495                        L12:
   496 00:0106: AA           	tax
   497 00:0107: D0 42        	bne	L10011
   498                        ;                    if( xTaskRemoveFromEventList( &( pxQueue->xTasksWaitingToSend ) ) != pdFALSE )
   499                        ;                    {
   500 00:0109: A9 10 00     	lda	#$10
   501 00:010C: 18           	clc
  Sun Sep 20 2026 12:03                                                                                                    Page 10


   502 00:010D: 65 0B        	adc	<L3+pxQueue_1
   503 00:010F: 85 01        	sta	<R0
   504 00:0111: A9 00 00     	lda	#$0
   505 00:0114: 65 0D        	adc	<L3+pxQueue_1+2
   506 00:0116: 48           	pha
   507 00:0117: D4 01        	pei	<R0
   508 00:0119: 20 xx xx     	jsr	_~xTaskRemoveFromEventList
   509 00:011C: AA           	tax
   510 00:011D: F0 2C        	beq	L10011
   511                        ;                        queueYIELD_IF_USING_PREEMPTION();
   512 00:011F: 22 xx xx xx  	jsl	_~vPortYield
   513                        ;                    }
   514                        ;                    else
   515                        ;            }
   516                        ;            else
   517 00:0123: 80 26        	bra	L10011
   518                        ;                    {
   519                        ;                        mtCOVERAGE_TEST_MARKER();
   520                        ;                    }
   521                        ;                }
   522                        ;                else
   523                        ;                {
   524                        ;                    mtCOVERAGE_TEST_MARKER();
   525                        ;                }
   526                        L10006:
   527                        ;            {
   528                        ;                /* Ensure the event queues start in the correct state. */
   529                        ;                vListInitialise( &( pxQueue->xTasksWaitingToSend ) );
   530 00:0125: A9 10 00     	lda	#$10
   531 00:0128: 18           	clc
   532 00:0129: 65 0B        	adc	<L3+pxQueue_1
   533 00:012B: 85 01        	sta	<R0
   534 00:012D: A9 00 00     	lda	#$0
   535 00:0130: 65 0D        	adc	<L3+pxQueue_1+2
   536 00:0132: 48           	pha
   537 00:0133: D4 01        	pei	<R0
   538 00:0135: 20 xx xx     	jsr	_~vListInitialise
   539                        ;                vListInitialise( &( pxQueue->xTasksWaitingToReceive ) );
   540 00:0138: A9 22 00     	lda	#$22
   541 00:013B: 18           	clc
   542 00:013C: 65 0B        	adc	<L3+pxQueue_1
   543 00:013E: 85 01        	sta	<R0
   544 00:0140: A9 00 00     	lda	#$0
   545 00:0143: 65 0D        	adc	<L3+pxQueue_1+2
   546 00:0145: 48           	pha
   547 00:0146: D4 01        	pei	<R0
   548 00:0148: 20 xx xx     	jsr	_~vListInitialise
   549                        ;            }
   550                        L10011:
   551                        ;        }
   552                        ;        taskEXIT_CRITICAL();
   553                        	asmstart
   554 00:014B: 58           	cli
   555                        	asmend
   556                        ;    }
   557                        ;    else
   558 00:014C: 80 02        	bra	L10012
   559                        L10005:
  Sun Sep 20 2026 12:03                                                                                                    Page 11


   560                        ;    {
   561                        ;        xReturn = pdFAIL;
   562 00:014E: 64 09        	stz	<L3+xReturn_1
   563                        ;    }
   564                        L10012:
   565                        ;
   566                        ;    configASSERT( xReturn != pdFAIL );
   567 00:0150: A5 09        	lda	<L3+xReturn_1
   568 00:0152: D0 03        	bne	L10013
   569                        	asmstart
   570 00:0154: 78           	sei
   571                        	asmend
   572                        L10014:
   573 00:0155: 80 FE        	bra	L10014
   574                        L10013:
   575                        ;
   576                        ;    /* A value is returned for calling semantic consistency with previous
   577                        ;     * versions. */
   578                        ;    traceRETURN_xQueueGenericReset( xReturn );
   579                        ;
   580                        ;    return xReturn;
   581 00:0157: A5 09        	lda	<L3+xReturn_1
   582 00:0159: A8           	tay
   583 00:015A: A5 0F        	lda	<L2+1
   584 00:015C: 85 15        	sta	<L2+1+6
   585 00:015E: 2B           	pld
   586 00:015F: 3B           	tsc
   587 00:0160: 18           	clc
   588 00:0161: 69 14 00     	adc	#L2+6
   589 00:0164: 1B           	tcs
   590 00:0165: 98           	tya
   591 00:0166: 60           	rts
   592                        ;}
   593             0000000E   L2	equ	14
   594             00000009   L3	equ	9
   595                        	ends
   596                        	efunc
   597                        ;/*-----------------------------------------------------------*/
   598                        ;
   599                        ;#if ( configSUPPORT_STATIC_ALLOCATION == 1 )
   600                        ;
   601                        ;    QueueHandle_t xQueueGenericCreateStatic( const UBaseType_t uxQueueLength,
   602                        ;                                             const UBaseType_t uxItemSize,
   603                        ;                                             uint8_t * pucQueueStorage,
   604                        ;                                             StaticQueue_t * pxStaticQueue,
   605                        ;                                             const uint8_t ucQueueType )
   606                        ;    {
   607                        ;        Queue_t * pxNewQueue = NULL;
   608                        ;
   609                        ;        traceENTER_xQueueGenericCreateStatic( uxQueueLength, uxItemSize, pucQueueStorage, pxStaticQue
                    ue, ucQueueType );
   610                        ;
   611                        ;        /* The StaticQueue_t structure and the queue storage area must be
   612                        ;         * supplied. */
   613                        ;        configASSERT( pxStaticQueue );
   614                        ;
   615                        ;        if( ( uxQueueLength > ( UBaseType_t ) 0 ) &&
   616                        ;            ( pxStaticQueue != NULL ) &&
  Sun Sep 20 2026 12:03                                                                                                    Page 12


   617                        ;
   618                        ;            /* A queue storage area should be provided if the item size is not 0, and
   619                        ;             * should not be provided if the item size is 0. */
   620                        ;            ( !( ( pucQueueStorage != NULL ) && ( uxItemSize == 0U ) ) ) &&
   621                        ;            ( !( ( pucQueueStorage == NULL ) && ( uxItemSize != 0U ) ) ) )
   622                        ;        {
   623                        ;            #if ( configASSERT_DEFINED == 1 )
   624                        ;            {
   625                        ;                /* Sanity check that the size of the structure used to declare a
   626                        ;                 * variable of type StaticQueue_t or StaticSemaphore_t equals the size of
   627                        ;                 * the real queue and semaphore structures. */
   628                        ;                volatile size_t xSize = sizeof( StaticQueue_t );
   629                        ;
   630                        ;                /* This assertion cannot be branch covered in unit tests */
   631                        ;                configASSERT( xSize == sizeof( Queue_t ) ); /* LCOV_EXCL_BR_LINE */
   632                        ;                ( void ) xSize;                             /* Prevent unused variable warning when c
                    onfigASSERT() is not defined. */
   633                        ;            }
   634                        ;            #endif /* configASSERT_DEFINED */
   635                        ;
   636                        ;            /* The address of a statically allocated queue was passed in, use it.
   637                        ;             * The address of a statically allocated storage area was also passed in
   638                        ;             * but is already set. */
   639                        ;            /* MISRA Ref 11.3.1 [Misaligned access] */
   640                        ;            /* More details at: https://github.com/FreeRTOS/FreeRTOS-Kernel/blob/main/MISRA.md#rule-1
                    13 */
   641                        ;            /* coverity[misra_c_2012_rule_11_3_violation] */
   642                        ;            pxNewQueue = ( Queue_t * ) pxStaticQueue;
   643                        ;
   644                        ;            #if ( configSUPPORT_DYNAMIC_ALLOCATION == 1 )
   645                        ;            {
   646                        ;                /* Queues can be allocated either statically or dynamically, so
   647                        ;                 * note this queue was allocated statically in case the queue is
   648                        ;                 * later deleted. */
   649                        ;                pxNewQueue->ucStaticallyAllocated = pdTRUE;
   650                        ;            }
   651                        ;            #endif /* configSUPPORT_DYNAMIC_ALLOCATION */
   652                        ;
   653                        ;            prvInitialiseNewQueue( uxQueueLength, uxItemSize, pucQueueStorage, ucQueueType, pxNewQueu
                    e );
   654                        ;        }
   655                        ;        else
   656                        ;        {
   657                        ;            configASSERT( pxNewQueue );
   658                        ;            mtCOVERAGE_TEST_MARKER();
   659                        ;        }
   660                        ;
   661                        ;        traceRETURN_xQueueGenericCreateStatic( pxNewQueue );
   662                        ;
   663                        ;        return pxNewQueue;
   664                        ;    }
   665                        ;
   666                        ;#endif /* configSUPPORT_STATIC_ALLOCATION */
   667                        ;/*-----------------------------------------------------------*/
   668                        ;
   669                        ;#if ( configSUPPORT_STATIC_ALLOCATION == 1 )
   670                        ;
   671                        ;    BaseType_t xQueueGenericGetStaticBuffers( QueueHandle_t xQueue,
  Sun Sep 20 2026 12:03                                                                                                    Page 13


   672                        ;                                              uint8_t ** ppucQueueStorage,
   673                        ;                                              StaticQueue_t ** ppxStaticQueue )
   674                        ;    {
   675                        ;        BaseType_t xReturn;
   676                        ;        Queue_t * const pxQueue = xQueue;
   677                        ;
   678                        ;        traceENTER_xQueueGenericGetStaticBuffers( xQueue, ppucQueueStorage, ppxStaticQueue );
   679                        ;
   680                        ;        configASSERT( pxQueue );
   681                        ;        configASSERT( ppxStaticQueue );
   682                        ;
   683                        ;        #if ( configSUPPORT_DYNAMIC_ALLOCATION == 1 )
   684                        ;        {
   685                        ;            /* Check if the queue was statically allocated. */
   686                        ;            if( pxQueue->ucStaticallyAllocated == ( uint8_t ) pdTRUE )
   687                        ;            {
   688                        ;                if( ppucQueueStorage != NULL )
   689                        ;                {
   690                        ;                    *ppucQueueStorage = ( uint8_t * ) pxQueue->pcHead;
   691                        ;                }
   692                        ;
   693                        ;                /* MISRA Ref 11.3.1 [Misaligned access] */
   694                        ;                /* More details at: https://github.com/FreeRTOS/FreeRTOS-Kernel/blob/main/MISRA.md#ru
                    le-113 */
   695                        ;                /* coverity[misra_c_2012_rule_11_3_violation] */
   696                        ;                *ppxStaticQueue = ( StaticQueue_t * ) pxQueue;
   697                        ;                xReturn = pdTRUE;
   698                        ;            }
   699                        ;            else
   700                        ;            {
   701                        ;                xReturn = pdFALSE;
   702                        ;            }
   703                        ;        }
   704                        ;        #else /* configSUPPORT_DYNAMIC_ALLOCATION */
   705                        ;        {
   706                        ;            /* Queue must have been statically allocated. */
   707                        ;            if( ppucQueueStorage != NULL )
   708                        ;            {
   709                        ;                *ppucQueueStorage = ( uint8_t * ) pxQueue->pcHead;
   710                        ;            }
   711                        ;
   712                        ;            *ppxStaticQueue = ( StaticQueue_t * ) pxQueue;
   713                        ;            xReturn = pdTRUE;
   714                        ;        }
   715                        ;        #endif /* configSUPPORT_DYNAMIC_ALLOCATION */
   716                        ;
   717                        ;        traceRETURN_xQueueGenericGetStaticBuffers( xReturn );
   718                        ;
   719                        ;        return xReturn;
   720                        ;    }
   721                        ;
   722                        ;#endif /* configSUPPORT_STATIC_ALLOCATION */
   723                        ;/*-----------------------------------------------------------*/
   724                        ;
   725                        ;#if ( configSUPPORT_DYNAMIC_ALLOCATION == 1 )
   726                        ;
   727                        ;    QueueHandle_t xQueueGenericCreate( const UBaseType_t uxQueueLength,
   728                        ;                                       const UBaseType_t uxItemSize,
  Sun Sep 20 2026 12:03                                                                                                    Page 14


   729                        ;                                       const uint8_t ucQueueType )
   730                        ;    {
   731                        	code
   732                        	xdef	_~xQueueGenericCreate
   733                        	func
   734                        _~xQueueGenericCreate:
   735                        	longa	on
   736                        	longi	on
   737 00:0167: 3B           	tsc
   738 00:0168: 38           	sec
   739 00:0169: E9 12 00     	sbc	#L17
   740 00:016C: 1B           	tcs
   741 00:016D: 0B           	phd
   742 00:016E: 5B           	tcd
   743             00000003   uxQueueLength_0	set	3
   744             00000005   uxItemSize_0	set	5
   745             00000007   ucQueueType_0	set	7
   746                        ;        Queue_t * pxNewQueue = NULL;
   747                        ;        size_t xQueueSizeInBytes;
   748                        ;        uint8_t * pucQueueStorage;
   749                        ;
   750                        ;        traceENTER_xQueueGenericCreate( uxQueueLength, uxItemSize, ucQueueType );
   751             00000000   pxNewQueue_1	set	0
   752             00000004   xQueueSizeInBytes_1	set	4
   753             00000006   pucQueueStorage_1	set	6
   754 00:016F: 64 09        	stz	<L18+pxNewQueue_1
   755 00:0171: 64 0B        	stz	<L18+pxNewQueue_1+2
   756                        ;
   757                        ;        if( ( uxQueueLength > ( UBaseType_t ) 0 ) &&
   758                        ;            /* Check for multiplication overflow. */
   759                        ;            ( ( SIZE_MAX / uxQueueLength ) >= uxItemSize ) &&
   760                        ;            /* Check for addition overflow. */
   761                        ;            /* MISRA Ref 14.3.1 [Configuration dependent invariant] */
   762                        ;            /* More details at: https://github.com/FreeRTOS/FreeRTOS-Kernel/blob/main/MISRA.md#rule-1
                    43. */
   763                        ;            /* coverity[misra_c_2012_rule_14_3_violation] */
   764                        ;            ( ( SIZE_MAX - sizeof( Queue_t ) ) >= ( size_t ) ( ( size_t ) uxQueueLength * ( size_t ) 
                    uxItemSize ) ) )
   765                        ;        {
   766 00:0173: A9 00 00     	lda	#$0
   767 00:0176: C5 15        	cmp	<L17+uxQueueLength_0
   768 00:0178: 90 03        	bcc	*+5
   769 00:017A: 82 9A 00     	brl	L10017
   770 00:017D: A5 17        	lda	<L17+uxItemSize_0
   771 00:017F: 85 01        	sta	<R0
   772 00:0181: 64 03        	stz	<R0+2
   773 00:0183: A5 15        	lda	<L17+uxQueueLength_0
   774 00:0185: 85 05        	sta	<R1
   775 00:0187: 64 07        	stz	<R1+2
   776 00:0189: D4 07        	pei	<R1+2
   777 00:018B: D4 05        	pei	<R1
   778 00:018D: F4 00 00     	pea	#^$ffff
   779 00:0190: F4 FF FF     	pea	#<$ffff
   780                        	xref	_~~ldiv
   781 00:0193: 20 xx xx     	jsr	_~~ldiv
   782 00:0196: 85 05        	sta	<R1
   783 00:0198: 86 07        	stx	<R1+2
   784 00:019A: 38           	sec
  Sun Sep 20 2026 12:03                                                                                                    Page 15


   785 00:019B: A5 05        	lda	<R1
   786 00:019D: E5 01        	sbc	<R0
   787 00:019F: A5 07        	lda	<R1+2
   788 00:01A1: E5 03        	sbc	<R0+2
   789 00:01A3: 70 03        	bvs	L20
   790 00:01A5: 49 00 80     	eor	#$8000
   791                        L20:
   792 00:01A8: 10 6D        	bpl	L10017
   793 00:01AA: A5 15        	lda	<L17+uxQueueLength_0
   794 00:01AC: A6 17        	ldx	<L17+uxItemSize_0
   795                        	xref	_~~mul
   796 00:01AE: 20 xx xx     	jsr	_~~mul
   797 00:01B1: 85 01        	sta	<R0
   798 00:01B3: 64 03        	stz	<R0+2
   799 00:01B5: 38           	sec
   800 00:01B6: A9 C3 FF     	lda	#$ffc3
   801 00:01B9: E5 01        	sbc	<R0
   802 00:01BB: A9 00 00     	lda	#$0
   803 00:01BE: E5 03        	sbc	<R0+2
   804 00:01C0: 70 03        	bvs	L22
   805 00:01C2: 49 00 80     	eor	#$8000
   806                        L22:
   807 00:01C5: 10 50        	bpl	L10017
   808                        ;            /* Allocate enough space to hold the maximum number of items that
   809                        ;             * can be in the queue at any time.  It is valid for uxItemSize to be
   810                        ;             * zero in the case the queue is used as a semaphore. */
   811                        ;            xQueueSizeInBytes = ( size_t ) ( ( size_t ) uxQueueLength * ( size_t ) uxItemSize );
   812 00:01C7: A5 15        	lda	<L17+uxQueueLength_0
   813 00:01C9: A6 17        	ldx	<L17+uxItemSize_0
   814                        	xref	_~~mul
   815 00:01CB: 20 xx xx     	jsr	_~~mul
   816 00:01CE: 85 0D        	sta	<L18+xQueueSizeInBytes_1
   817 00:01D0: 18           	clc
   818 00:01D1: 69 3C 00     	adc	#$3c
   819 00:01D4: 48           	pha
   820 00:01D5: 20 xx xx     	jsr	_~pvPortMalloc
   821 00:01D8: 85 09        	sta	<L18+pxNewQueue_1
   822 00:01DA: 86 0B        	stx	<L18+pxNewQueue_1+2
   823                        ;
   824                        ;            if( pxNewQueue != NULL )
   825                        ;            {
   826 00:01DC: 05 0B        	ora	<L18+pxNewQueue_1+2
   827 00:01DE: F0 25        	beq	L10020
   828                        ;                /* Jump past the queue structure to find the location of the queue
   829                        ;                 * storage area. */
   830                        ;                pucQueueStorage = ( uint8_t * ) pxNewQueue;
   831 00:01E0: A5 09        	lda	<L18+pxNewQueue_1
   832 00:01E2: 85 0F        	sta	<L18+pucQueueStorage_1
   833 00:01E4: A5 0B        	lda	<L18+pxNewQueue_1+2
   834 00:01E6: 85 11        	sta	<L18+pucQueueStorage_1+2
   835                        ;                pucQueueStorage += sizeof( Queue_t );
   836 00:01E8: A9 3C 00     	lda	#$3c
   837 00:01EB: 18           	clc
   838 00:01EC: 65 0F        	adc	<L18+pucQueueStorage_1
   839 00:01EE: 85 0F        	sta	<L18+pucQueueStorage_1
   840 00:01F0: 90 02        	bcc	L25
   841 00:01F2: E6 11        	inc	<L18+pucQueueStorage_1+2
   842                        L25:
  Sun Sep 20 2026 12:03                                                                                                    Page 16


   843                        ;
   844                        ;                #if ( configSUPPORT_STATIC_ALLOCATION == 1 )
   845                        ;                {
   846                        ;                    /* Queues can be created either statically or dynamically, so
   847                        ;                     * note this task was created dynamically in case it is later
   848                        ;                     * deleted. */
   849                        ;                    pxNewQueue->ucStaticallyAllocated = pdFALSE;
   850                        ;                }
   851                        ;                #endif /* configSUPPORT_STATIC_ALLOCATION */
   852                        ;
   853                        ;                prvInitialiseNewQueue( uxQueueLength, uxItemSize, pucQueueStorage, ucQueueType, pxNew
                    Queue );
   854 00:01F4: D4 0B        	pei	<L18+pxNewQueue_1+2
   855 00:01F6: D4 09        	pei	<L18+pxNewQueue_1
   856 00:01F8: D4 19        	pei	<L17+ucQueueType_0
   857 00:01FA: D4 11        	pei	<L18+pucQueueStorage_1+2
   858 00:01FC: D4 0F        	pei	<L18+pucQueueStorage_1
   859 00:01FE: D4 17        	pei	<L17+uxItemSize_0
   860 00:0200: D4 15        	pei	<L17+uxQueueLength_0
   861 00:0202: 20 xx xx     	jsr	_~prvInitialiseNewQueue
   862                        ;            }
   863                        ;            else
   864                        L10020:
   865                        ;
   866                        ;        traceRETURN_xQueueGenericCreate( pxNewQueue );
   867                        ;
   868                        ;        return pxNewQueue;
   869 00:0205: A6 0B        	ldx	<L18+pxNewQueue_1+2
   870 00:0207: A5 09        	lda	<L18+pxNewQueue_1
   871 00:0209: A8           	tay
   872 00:020A: A5 13        	lda	<L17+1
   873 00:020C: 85 19        	sta	<L17+1+6
   874 00:020E: 2B           	pld
   875 00:020F: 3B           	tsc
   876 00:0210: 18           	clc
   877 00:0211: 69 18 00     	adc	#L17+6
   878 00:0214: 1B           	tcs
   879 00:0215: 98           	tya
   880 00:0216: 60           	rts
   881                        ;            {
   882                        ;                traceQUEUE_CREATE_FAILED( ucQueueType );
   883                        ;                mtCOVERAGE_TEST_MARKER();
   884                        ;            }
   885                        ;        }
   886                        ;        else
   887                        L10017:
   888                        ;        {
   889                        ;            configASSERT( pxNewQueue );
   890 00:0217: A5 09        	lda	<L18+pxNewQueue_1
   891 00:0219: 05 0B        	ora	<L18+pxNewQueue_1+2
   892 00:021B: D0 E8        	bne	L10020
   893                        	asmstart
   894 00:021D: 78           	sei
   895                        	asmend
   896                        L10022:
   897 00:021E: 80 FE        	bra	L10022
   898                        ;            mtCOVERAGE_TEST_MARKER();
   899                        ;        }
  Sun Sep 20 2026 12:03                                                                                                    Page 17


   900                        ;    }
   901             00000012   L17	equ	18
   902             00000009   L18	equ	9
   903                        	ends
   904                        	efunc
   905                        ;
   906                        ;#endif /* configSUPPORT_DYNAMIC_ALLOCATION */
   907                        ;/*-----------------------------------------------------------*/
   908                        ;
   909                        ;static void prvInitialiseNewQueue( const UBaseType_t uxQueueLength,
   910                        ;                                   const UBaseType_t uxItemSize,
   911                        ;                                   uint8_t * pucQueueStorage,
   912                        ;                                   const uint8_t ucQueueType,
   913                        ;                                   Queue_t * pxNewQueue )
   914                        ;{
   915                        	code
   916                        	func
   917                        _~prvInitialiseNewQueue:
   918                        	longa	on
   919                        	longi	on
   920 00:0220: 3B           	tsc
   921 00:0221: 38           	sec
   922 00:0222: E9 04 00     	sbc	#L28
   923 00:0225: 1B           	tcs
   924 00:0226: 0B           	phd
   925 00:0227: 5B           	tcd
   926             00000003   uxQueueLength_0	set	3
   927             00000005   uxItemSize_0	set	5
   928             00000007   pucQueueStorage_0	set	7
   929             0000000B   ucQueueType_0	set	11
   930             0000000D   pxNewQueue_0	set	13
   931                        ;    /* Remove compiler warnings about unused parameters should
   932                        ;     * configUSE_TRACE_FACILITY not be set to 1. */
   933                        ;    ( void ) ucQueueType;
   934                        ;
   935                        ;    if( uxItemSize == ( UBaseType_t ) 0 )
   936                        ;    {
   937 00:0228: A5 09        	lda	<L28+uxItemSize_0
   938 00:022A: D0 08        	bne	L10025
   939                        ;        /* No RAM was allocated for the queue storage area, but PC head cannot
   940                        ;         * be set to NULL because NULL is used as a key to say the queue is used as
   941                        ;         * a mutex.  Therefore just set pcHead to point to the queue as a benign
   942                        ;         * value that is known to be within the memory map. */
   943                        ;        pxNewQueue->pcHead = ( int8_t * ) pxNewQueue;
   944 00:022C: A5 11        	lda	<L28+pxNewQueue_0
   945 00:022E: 87 11        	sta	[<L28+pxNewQueue_0]
   946 00:0230: A5 13        	lda	<L28+pxNewQueue_0+2
   947 00:0232: 80 06        	bra	L20001
   948                        ;    }
   949                        ;    else
   950                        L10025:
   951                        ;    {
   952                        ;        /* Set the head to the start of the queue storage area. */
   953                        ;        pxNewQueue->pcHead = ( int8_t * ) pucQueueStorage;
   954 00:0234: A5 0B        	lda	<L28+pucQueueStorage_0
   955 00:0236: 87 11        	sta	[<L28+pxNewQueue_0]
   956 00:0238: A5 0D        	lda	<L28+pucQueueStorage_0+2
   957                        L20001:
  Sun Sep 20 2026 12:03                                                                                                    Page 18


   958 00:023A: A0 02 00     	ldy	#$2
   959 00:023D: 97 11        	sta	[<L28+pxNewQueue_0],Y
   960                        ;    }
   961                        ;
   962                        ;    /* Initialise the queue members as described where the queue type is
   963                        ;     * defined. */
   964                        ;    pxNewQueue->uxLength = uxQueueLength;
   965 00:023F: A5 07        	lda	<L28+uxQueueLength_0
   966 00:0241: A0 36 00     	ldy	#$36
   967 00:0244: 97 11        	sta	[<L28+pxNewQueue_0],Y
   968                        ;    pxNewQueue->uxItemSize = uxItemSize;
   969 00:0246: A5 09        	lda	<L28+uxItemSize_0
   970 00:0248: C8           	iny
   971 00:0249: C8           	iny
   972 00:024A: 97 11        	sta	[<L28+pxNewQueue_0],Y
   973                        ;    ( void ) xQueueGenericReset( pxNewQueue, pdTRUE );
   974 00:024C: F4 01 00     	pea	#<$1
   975 00:024F: D4 13        	pei	<L28+pxNewQueue_0+2
   976 00:0251: D4 11        	pei	<L28+pxNewQueue_0
   977 00:0253: 20 xx xx     	jsr	_~xQueueGenericReset
   978                        ;
   979                        ;    #if ( configUSE_TRACE_FACILITY == 1 )
   980                        ;    {
   981                        ;        pxNewQueue->ucQueueType = ucQueueType;
   982                        ;    }
   983                        ;    #endif /* configUSE_TRACE_FACILITY */
   984                        ;
   985                        ;    #if ( configUSE_QUEUE_SETS == 1 )
   986                        ;    {
   987                        ;        pxNewQueue->pxQueueSetContainer = NULL;
   988                        ;    }
   989                        ;    #endif /* configUSE_QUEUE_SETS */
   990                        ;
   991                        ;    traceQUEUE_CREATE( pxNewQueue );
   992                        ;}
   993 00:0256: A5 05        	lda	<L28+1
   994 00:0258: 85 13        	sta	<L28+1+14
   995 00:025A: 2B           	pld
   996 00:025B: 3B           	tsc
   997 00:025C: 18           	clc
   998 00:025D: 69 12 00     	adc	#L28+14
   999 00:0260: 1B           	tcs
  1000 00:0261: 60           	rts
  1001             00000004   L28	equ	4
  1002             00000005   L29	equ	5
  1003                        	ends
  1004                        	efunc
  1005                        ;/*-----------------------------------------------------------*/
  1006                        ;
  1007                        ;#if ( configUSE_MUTEXES == 1 )
  1008                        ;
  1009                        ;    static void prvInitialiseMutex( Queue_t * pxNewQueue )
  1010                        ;    {
  1011                        	code
  1012                        	func
  1013                        _~prvInitialiseMutex:
  1014                        	longa	on
  1015                        	longi	on
  Sun Sep 20 2026 12:03                                                                                                    Page 19


  1016 00:0262: 3B           	tsc
  1017 00:0263: 38           	sec
  1018 00:0264: E9 04 00     	sbc	#L32
  1019 00:0267: 1B           	tcs
  1020 00:0268: 0B           	phd
  1021 00:0269: 5B           	tcd
  1022             00000003   pxNewQueue_0	set	3
  1023                        ;        if( pxNewQueue != NULL )
  1024                        ;        {
  1025 00:026A: A5 07        	lda	<L32+pxNewQueue_0
  1026 00:026C: 05 09        	ora	<L32+pxNewQueue_0+2
  1027 00:026E: F0 2E        	beq	L35
  1028                        ;            /* The queue create function will set all the queue structure members
  1029                        ;            * correctly for a generic queue, but this function is creating a
  1030                        ;            * mutex.  Overwrite those members that need to be set differently -
  1031                        ;            * in particular the information required for priority inheritance. */
  1032                        ;            pxNewQueue->u.xSemaphore.xMutexHolder = NULL;
  1033 00:0270: A9 00 00     	lda	#$0
  1034 00:0273: A0 08 00     	ldy	#$8
  1035 00:0276: 97 07        	sta	[<L32+pxNewQueue_0],Y
  1036 00:0278: C8           	iny
  1037 00:0279: C8           	iny
  1038 00:027A: 97 07        	sta	[<L32+pxNewQueue_0],Y
  1039                        ;            pxNewQueue->uxQueueType = queueQUEUE_IS_MUTEX;
  1040 00:027C: 87 07        	sta	[<L32+pxNewQueue_0]
  1041 00:027E: A0 02 00     	ldy	#$2
  1042 00:0281: 97 07        	sta	[<L32+pxNewQueue_0],Y
  1043                        ;
  1044                        ;            /* In case this is a recursive mutex. */
  1045                        ;            pxNewQueue->u.xSemaphore.uxRecursiveCallCount = 0;
  1046 00:0283: A0 0C 00     	ldy	#$c
  1047 00:0286: 97 07        	sta	[<L32+pxNewQueue_0],Y
  1048                        ;
  1049                        ;            traceCREATE_MUTEX( pxNewQueue );
  1050                        ;
  1051                        ;            /* Start with the semaphore in the expected state. */
  1052                        ;            ( void ) xQueueGenericSend( pxNewQueue, NULL, ( TickType_t ) 0U, queueSEND_TO_BACK );
  1053 00:0288: F4 00 00     	pea	#<$0
  1054 00:028B: F4 00 00     	pea	#^$0
  1055 00:028E: F4 00 00     	pea	#<$0
  1056 00:0291: F4 00 00     	pea	#^$0
  1057 00:0294: F4 00 00     	pea	#<$0
  1058 00:0297: D4 09        	pei	<L32+pxNewQueue_0+2
  1059 00:0299: D4 07        	pei	<L32+pxNewQueue_0
  1060 00:029B: 20 xx xx     	jsr	_~xQueueGenericSend
  1061                        ;        }
  1062                        ;        else
  1063                        ;        {
  1064                        ;            traceCREATE_MUTEX_FAILED();
  1065                        ;        }
  1066                        ;    }
  1067                        L35:
  1068 00:029E: A5 05        	lda	<L32+1
  1069 00:02A0: 85 09        	sta	<L32+1+4
  1070 00:02A2: 2B           	pld
  1071 00:02A3: 3B           	tsc
  1072 00:02A4: 18           	clc
  1073 00:02A5: 69 08 00     	adc	#L32+4
  Sun Sep 20 2026 12:03                                                                                                    Page 20


  1074 00:02A8: 1B           	tcs
  1075 00:02A9: 60           	rts
  1076             00000004   L32	equ	4
  1077             00000005   L33	equ	5
  1078                        	ends
  1079                        	efunc
  1080                        ;
  1081                        ;#endif /* configUSE_MUTEXES */
  1082                        ;/*-----------------------------------------------------------*/
  1083                        ;
  1084                        ;#if ( ( configUSE_MUTEXES == 1 ) && ( configSUPPORT_DYNAMIC_ALLOCATION == 1 ) )
  1085                        ;
  1086                        ;    QueueHandle_t xQueueCreateMutex( const uint8_t ucQueueType )
  1087                        ;    {
  1088                        	code
  1089                        	xdef	_~xQueueCreateMutex
  1090                        	func
  1091                        _~xQueueCreateMutex:
  1092                        	longa	on
  1093                        	longi	on
  1094 00:02AA: 3B           	tsc
  1095 00:02AB: 38           	sec
  1096 00:02AC: E9 08 00     	sbc	#L36
  1097 00:02AF: 1B           	tcs
  1098 00:02B0: 0B           	phd
  1099 00:02B1: 5B           	tcd
  1100             00000003   ucQueueType_0	set	3
  1101                        ;        QueueHandle_t xNewQueue;
  1102                        ;        const UBaseType_t uxMutexLength = ( UBaseType_t ) 1, uxMutexSize = ( UBaseType_t ) 0;
  1103                        ;
  1104                        ;        traceENTER_xQueueCreateMutex( ucQueueType );
  1105             00000000   xNewQueue_1	set	0
  1106             00000004   uxMutexLength_1	set	4
  1107             00000006   uxMutexSize_1	set	6
  1108 00:02B2: A9 01 00     	lda	#$1
  1109 00:02B5: 85 05        	sta	<L37+uxMutexLength_1
  1110 00:02B7: 64 07        	stz	<L37+uxMutexSize_1
  1111                        ;
  1112                        ;        xNewQueue = xQueueGenericCreate( uxMutexLength, uxMutexSize, ucQueueType );
  1113 00:02B9: D4 0B        	pei	<L36+ucQueueType_0
  1114 00:02BB: F4 00 00     	pea	#<$0
  1115 00:02BE: F4 01 00     	pea	#<$1
  1116 00:02C1: 20 xx xx     	jsr	_~xQueueGenericCreate
  1117 00:02C4: 85 01        	sta	<L37+xNewQueue_1
  1118 00:02C6: 86 03        	stx	<L37+xNewQueue_1+2
  1119                        ;        prvInitialiseMutex( ( Queue_t * ) xNewQueue );
  1120 00:02C8: D4 03        	pei	<L37+xNewQueue_1+2
  1121 00:02CA: D4 01        	pei	<L37+xNewQueue_1
  1122 00:02CC: 20 xx xx     	jsr	_~prvInitialiseMutex
  1123                        ;
  1124                        ;        traceRETURN_xQueueCreateMutex( xNewQueue );
  1125                        ;
  1126                        ;        return xNewQueue;
  1127 00:02CF: A6 03        	ldx	<L37+xNewQueue_1+2
  1128 00:02D1: A5 01        	lda	<L37+xNewQueue_1
  1129 00:02D3: A8           	tay
  1130 00:02D4: A5 09        	lda	<L36+1
  1131 00:02D6: 85 0B        	sta	<L36+1+2
  Sun Sep 20 2026 12:03                                                                                                    Page 21


  1132 00:02D8: 2B           	pld
  1133 00:02D9: 3B           	tsc
  1134 00:02DA: 18           	clc
  1135 00:02DB: 69 0A 00     	adc	#L36+2
  1136 00:02DE: 1B           	tcs
  1137 00:02DF: 98           	tya
  1138 00:02E0: 60           	rts
  1139                        ;    }
  1140             00000008   L36	equ	8
  1141             00000001   L37	equ	1
  1142                        	ends
  1143                        	efunc
  1144                        ;
  1145                        ;#endif /* configUSE_MUTEXES */
  1146                        ;/*-----------------------------------------------------------*/
  1147                        ;
  1148                        ;#if ( ( configUSE_MUTEXES == 1 ) && ( configSUPPORT_STATIC_ALLOCATION == 1 ) )
  1149                        ;
  1150                        ;    QueueHandle_t xQueueCreateMutexStatic( const uint8_t ucQueueType,
  1151                        ;                                           StaticQueue_t * pxStaticQueue )
  1152                        ;    {
  1153                        ;        QueueHandle_t xNewQueue;
  1154                        ;        const UBaseType_t uxMutexLength = ( UBaseType_t ) 1, uxMutexSize = ( UBaseType_t ) 0;
  1155                        ;
  1156                        ;        traceENTER_xQueueCreateMutexStatic( ucQueueType, pxStaticQueue );
  1157                        ;
  1158                        ;        /* Prevent compiler warnings about unused parameters if
  1159                        ;         * configUSE_TRACE_FACILITY does not equal 1. */
  1160                        ;        ( void ) ucQueueType;
  1161                        ;
  1162                        ;        xNewQueue = xQueueGenericCreateStatic( uxMutexLength, uxMutexSize, NULL, pxStaticQueue, ucQue
                    ueType );
  1163                        ;        prvInitialiseMutex( ( Queue_t * ) xNewQueue );
  1164                        ;
  1165                        ;        traceRETURN_xQueueCreateMutexStatic( xNewQueue );
  1166                        ;
  1167                        ;        return xNewQueue;
  1168                        ;    }
  1169                        ;
  1170                        ;#endif /* configUSE_MUTEXES */
  1171                        ;/*-----------------------------------------------------------*/
  1172                        ;
  1173                        ;#if ( ( configUSE_MUTEXES == 1 ) && ( INCLUDE_xSemaphoreGetMutexHolder == 1 ) )
  1174                        ;
  1175                        ;    TaskHandle_t xQueueGetMutexHolder( QueueHandle_t xSemaphore )
  1176                        ;    {
  1177                        ;        TaskHandle_t pxReturn;
  1178                        ;        Queue_t * const pxSemaphore = ( Queue_t * ) xSemaphore;
  1179                        ;
  1180                        ;        traceENTER_xQueueGetMutexHolder( xSemaphore );
  1181                        ;
  1182                        ;        configASSERT( xSemaphore );
  1183                        ;
  1184                        ;        /* This function is called by xSemaphoreGetMutexHolder(), and should not
  1185                        ;         * be called directly.  Note:  This is a good way of determining if the
  1186                        ;         * calling task is the mutex holder, but not a good way of determining the
  1187                        ;         * identity of the mutex holder, as the holder may change between the
  1188                        ;         * following critical section exiting and the function returning. */
  Sun Sep 20 2026 12:03                                                                                                    Page 22


  1189                        ;        taskENTER_CRITICAL();
  1190                        ;        {
  1191                        ;            if( pxSemaphore->uxQueueType == queueQUEUE_IS_MUTEX )
  1192                        ;            {
  1193                        ;                pxReturn = pxSemaphore->u.xSemaphore.xMutexHolder;
  1194                        ;            }
  1195                        ;            else
  1196                        ;            {
  1197                        ;                pxReturn = NULL;
  1198                        ;            }
  1199                        ;        }
  1200                        ;        taskEXIT_CRITICAL();
  1201                        ;
  1202                        ;        traceRETURN_xQueueGetMutexHolder( pxReturn );
  1203                        ;
  1204                        ;        return pxReturn;
  1205                        ;    }
  1206                        ;
  1207                        ;#endif /* if ( ( configUSE_MUTEXES == 1 ) && ( INCLUDE_xSemaphoreGetMutexHolder == 1 ) ) */
  1208                        ;/*-----------------------------------------------------------*/
  1209                        ;
  1210                        ;#if ( ( configUSE_MUTEXES == 1 ) && ( INCLUDE_xSemaphoreGetMutexHolder == 1 ) )
  1211                        ;
  1212                        ;    TaskHandle_t xQueueGetMutexHolderFromISR( QueueHandle_t xSemaphore )
  1213                        ;    {
  1214                        ;        TaskHandle_t pxReturn;
  1215                        ;
  1216                        ;        traceENTER_xQueueGetMutexHolderFromISR( xSemaphore );
  1217                        ;
  1218                        ;        configASSERT( xSemaphore );
  1219                        ;
  1220                        ;        /* Mutexes cannot be used in interrupt service routines, so the mutex
  1221                        ;         * holder should not change in an ISR, and therefore a critical section is
  1222                        ;         * not required here. */
  1223                        ;        if( ( ( Queue_t * ) xSemaphore )->uxQueueType == queueQUEUE_IS_MUTEX )
  1224                        ;        {
  1225                        ;            pxReturn = ( ( Queue_t * ) xSemaphore )->u.xSemaphore.xMutexHolder;
  1226                        ;        }
  1227                        ;        else
  1228                        ;        {
  1229                        ;            pxReturn = NULL;
  1230                        ;        }
  1231                        ;
  1232                        ;        traceRETURN_xQueueGetMutexHolderFromISR( pxReturn );
  1233                        ;
  1234                        ;        return pxReturn;
  1235                        ;    }
  1236                        ;
  1237                        ;#endif /* if ( ( configUSE_MUTEXES == 1 ) && ( INCLUDE_xSemaphoreGetMutexHolder == 1 ) ) */
  1238                        ;/*-----------------------------------------------------------*/
  1239                        ;
  1240                        ;#if ( configUSE_RECURSIVE_MUTEXES == 1 )
  1241                        ;
  1242                        ;    BaseType_t xQueueGiveMutexRecursive( QueueHandle_t xMutex )
  1243                        ;    {
  1244                        	code
  1245                        	xdef	_~xQueueGiveMutexRecursive
  1246                        	func
  Sun Sep 20 2026 12:03                                                                                                    Page 23


  1247                        _~xQueueGiveMutexRecursive:
  1248                        	longa	on
  1249                        	longi	on
  1250 00:02E1: 3B           	tsc
  1251 00:02E2: 38           	sec
  1252 00:02E3: E9 0A 00     	sbc	#L39
  1253 00:02E6: 1B           	tcs
  1254 00:02E7: 0B           	phd
  1255 00:02E8: 5B           	tcd
  1256             00000003   xMutex_0	set	3
  1257                        ;        BaseType_t xReturn;
  1258                        ;        Queue_t * const pxMutex = ( Queue_t * ) xMutex;
  1259                        ;
  1260                        ;        traceENTER_xQueueGiveMutexRecursive( xMutex );
  1261             00000000   xReturn_1	set	0
  1262             00000002   pxMutex_1	set	2
  1263 00:02E9: A5 0D        	lda	<L39+xMutex_0
  1264 00:02EB: 85 07        	sta	<L40+pxMutex_1
  1265 00:02ED: A5 0F        	lda	<L39+xMutex_0+2
  1266 00:02EF: 85 09        	sta	<L40+pxMutex_1+2
  1267                        ;
  1268                        ;        configASSERT( pxMutex );
  1269 00:02F1: A5 07        	lda	<L40+pxMutex_1
  1270 00:02F3: 05 09        	ora	<L40+pxMutex_1+2
  1271 00:02F5: D0 03        	bne	L10029
  1272                        	asmstart
  1273 00:02F7: 78           	sei
  1274                        	asmend
  1275                        L10030:
  1276 00:02F8: 80 FE        	bra	L10030
  1277                        L10029:
  1278                        ;
  1279                        ;        /* If this is the task that holds the mutex then xMutexHolder will not
  1280                        ;         * change outside of this task.  If this task does not hold the mutex then
  1281                        ;         * pxMutexHolder can never coincidentally equal the tasks handle, and as
  1282                        ;         * this is the only condition we are interested in it does not matter if
  1283                        ;         * pxMutexHolder is accessed simultaneously by another task.  Therefore no
  1284                        ;         * mutual exclusion is required to test the pxMutexHolder variable. */
  1285                        ;        if( pxMutex->u.xSemaphore.xMutexHolder == xTaskGetCurrentTaskHandle() )
  1286                        ;        {
  1287 00:02FA: 20 xx xx     	jsr	_~xTaskGetCurrentTaskHandle
  1288 00:02FD: 86 03        	stx	<R0+2
  1289 00:02FF: A0 08 00     	ldy	#$8
  1290 00:0302: D7 07        	cmp	[<L40+pxMutex_1],Y
  1291 00:0304: D0 06        	bne	L42
  1292 00:0306: A5 03        	lda	<R0+2
  1293 00:0308: C8           	iny
  1294 00:0309: C8           	iny
  1295 00:030A: D7 07        	cmp	[<L40+pxMutex_1],Y
  1296                        L42:
  1297 00:030C: D0 2C        	bne	L10033
  1298                        ;            traceGIVE_MUTEX_RECURSIVE( pxMutex );
  1299                        ;
  1300                        ;            /* uxRecursiveCallCount cannot be zero if xMutexHolder is equal to
  1301                        ;             * the task handle, therefore no underflow check is required.  Also,
  1302                        ;             * uxRecursiveCallCount is only modified by the mutex holder, and as
  1303                        ;             * there can only be one, no mutual exclusion is required to modify the
  1304                        ;             * uxRecursiveCallCount member. */
  Sun Sep 20 2026 12:03                                                                                                    Page 24


  1305                        ;            ( pxMutex->u.xSemaphore.uxRecursiveCallCount )--;
  1306 00:030E: 18           	clc
  1307 00:030F: A9 FF FF     	lda	#$ffff
  1308 00:0312: A0 0C 00     	ldy	#$c
  1309 00:0315: 77 07        	adc	[<L40+pxMutex_1],Y
  1310 00:0317: 97 07        	sta	[<L40+pxMutex_1],Y
  1311                        ;
  1312                        ;            /* Has the recursive call count unwound to 0? */
  1313                        ;            if( pxMutex->u.xSemaphore.uxRecursiveCallCount == ( UBaseType_t ) 0 )
  1314                        ;            {
  1315 00:0319: B7 07        	lda	[<L40+pxMutex_1],Y
  1316 00:031B: D0 16        	bne	L10035
  1317                        ;                /* Return the mutex.  This will automatically unblock any other
  1318                        ;                 * task that might be waiting to access the mutex. */
  1319                        ;                ( void ) xQueueGenericSend( pxMutex, NULL, queueMUTEX_GIVE_BLOCK_TIME, queueSEND_TO_B
                    ACK );
  1320 00:031D: F4 00 00     	pea	#<$0
  1321 00:0320: F4 00 00     	pea	#^$0
  1322 00:0323: F4 00 00     	pea	#<$0
  1323 00:0326: F4 00 00     	pea	#^$0
  1324 00:0329: F4 00 00     	pea	#<$0
  1325 00:032C: D4 09        	pei	<L40+pxMutex_1+2
  1326 00:032E: D4 07        	pei	<L40+pxMutex_1
  1327 00:0330: 20 xx xx     	jsr	_~xQueueGenericSend
  1328                        ;            }
  1329                        ;            else
  1330                        ;            {
  1331                        ;                mtCOVERAGE_TEST_MARKER();
  1332                        ;            }
  1333                        L10035:
  1334                        ;
  1335                        ;            xReturn = pdPASS;
  1336 00:0333: A9 01 00     	lda	#$1
  1337 00:0336: 85 05        	sta	<L40+xReturn_1
  1338                        ;        }
  1339                        ;        else
  1340 00:0338: 80 02        	bra	L10036
  1341                        L10033:
  1342                        ;        {
  1343                        ;            /* The mutex cannot be given because the calling task is not the
  1344                        ;             * holder. */
  1345                        ;            xReturn = pdFAIL;
  1346 00:033A: 64 05        	stz	<L40+xReturn_1
  1347                        ;
  1348                        ;            traceGIVE_MUTEX_RECURSIVE_FAILED( pxMutex );
  1349                        ;        }
  1350                        L10036:
  1351                        ;
  1352                        ;        traceRETURN_xQueueGiveMutexRecursive( xReturn );
  1353                        ;
  1354                        ;        return xReturn;
  1355 00:033C: A5 05        	lda	<L40+xReturn_1
  1356 00:033E: A8           	tay
  1357 00:033F: A5 0B        	lda	<L39+1
  1358 00:0341: 85 0F        	sta	<L39+1+4
  1359 00:0343: 2B           	pld
  1360 00:0344: 3B           	tsc
  1361 00:0345: 18           	clc
  Sun Sep 20 2026 12:03                                                                                                    Page 25


  1362 00:0346: 69 0E 00     	adc	#L39+4
  1363 00:0349: 1B           	tcs
  1364 00:034A: 98           	tya
  1365 00:034B: 60           	rts
  1366                        ;    }
  1367             0000000A   L39	equ	10
  1368             00000005   L40	equ	5
  1369                        	ends
  1370                        	efunc
  1371                        ;
  1372                        ;#endif /* configUSE_RECURSIVE_MUTEXES */
  1373                        ;/*-----------------------------------------------------------*/
  1374                        ;
  1375                        ;#if ( configUSE_RECURSIVE_MUTEXES == 1 )
  1376                        ;
  1377                        ;    BaseType_t xQueueTakeMutexRecursive( QueueHandle_t xMutex,
  1378                        ;                                         TickType_t xTicksToWait )
  1379                        ;    {
  1380                        	code
  1381                        	xdef	_~xQueueTakeMutexRecursive
  1382                        	func
  1383                        _~xQueueTakeMutexRecursive:
  1384                        	longa	on
  1385                        	longi	on
  1386 00:034C: 3B           	tsc
  1387 00:034D: 38           	sec
  1388 00:034E: E9 0A 00     	sbc	#L46
  1389 00:0351: 1B           	tcs
  1390 00:0352: 0B           	phd
  1391 00:0353: 5B           	tcd
  1392             00000003   xMutex_0	set	3
  1393             00000007   xTicksToWait_0	set	7
  1394                        ;        BaseType_t xReturn;
  1395                        ;        Queue_t * const pxMutex = ( Queue_t * ) xMutex;
  1396                        ;
  1397                        ;        traceENTER_xQueueTakeMutexRecursive( xMutex, xTicksToWait );
  1398             00000000   xReturn_1	set	0
  1399             00000002   pxMutex_1	set	2
  1400 00:0354: A5 0D        	lda	<L46+xMutex_0
  1401 00:0356: 85 07        	sta	<L47+pxMutex_1
  1402 00:0358: A5 0F        	lda	<L46+xMutex_0+2
  1403 00:035A: 85 09        	sta	<L47+pxMutex_1+2
  1404                        ;
  1405                        ;        configASSERT( pxMutex );
  1406 00:035C: A5 07        	lda	<L47+pxMutex_1
  1407 00:035E: 05 09        	ora	<L47+pxMutex_1+2
  1408 00:0360: D0 03        	bne	L10037
  1409                        	asmstart
  1410 00:0362: 78           	sei
  1411                        	asmend
  1412                        L10038:
  1413 00:0363: 80 FE        	bra	L10038
  1414                        L10037:
  1415                        ;
  1416                        ;        /* Comments regarding mutual exclusion as per those within
  1417                        ;         * xQueueGiveMutexRecursive(). */
  1418                        ;
  1419                        ;        traceTAKE_MUTEX_RECURSIVE( pxMutex );
  Sun Sep 20 2026 12:03                                                                                                    Page 26


  1420                        ;
  1421                        ;        if( pxMutex->u.xSemaphore.xMutexHolder == xTaskGetCurrentTaskHandle() )
  1422                        ;        {
  1423 00:0365: 20 xx xx     	jsr	_~xTaskGetCurrentTaskHandle
  1424 00:0368: 86 03        	stx	<R0+2
  1425 00:036A: A0 08 00     	ldy	#$8
  1426 00:036D: D7 07        	cmp	[<L47+pxMutex_1],Y
  1427 00:036F: D0 06        	bne	L49
  1428 00:0371: A5 03        	lda	<R0+2
  1429 00:0373: C8           	iny
  1430 00:0374: C8           	iny
  1431 00:0375: D7 07        	cmp	[<L47+pxMutex_1],Y
  1432                        L49:
  1433 00:0377: D0 24        	bne	L10041
  1434                        ;            ( pxMutex->u.xSemaphore.uxRecursiveCallCount )++;
  1435 00:0379: A0 0C 00     	ldy	#$c
  1436 00:037C: B7 07        	lda	[<L47+pxMutex_1],Y
  1437 00:037E: 1A           	ina
  1438 00:037F: 97 07        	sta	[<L47+pxMutex_1],Y
  1439                        ;
  1440                        ;            /* Check if an overflow occurred. */
  1441                        ;            configASSERT( pxMutex->u.xSemaphore.uxRecursiveCallCount );
  1442 00:0381: B7 07        	lda	[<L47+pxMutex_1],Y
  1443 00:0383: D0 03        	bne	L10042
  1444                        	asmstart
  1445 00:0385: 78           	sei
  1446                        	asmend
  1447                        L10043:
  1448 00:0386: 80 FE        	bra	L10043
  1449                        L10042:
  1450                        ;
  1451                        ;            xReturn = pdPASS;
  1452 00:0388: A9 01 00     	lda	#$1
  1453 00:038B: 85 05        	sta	<L47+xReturn_1
  1454                        ;        }
  1455                        ;        else
  1456                        L10046:
  1457                        ;
  1458                        ;        traceRETURN_xQueueTakeMutexRecursive( xReturn );
  1459                        ;
  1460                        ;        return xReturn;
  1461 00:038D: A5 05        	lda	<L47+xReturn_1
  1462 00:038F: A8           	tay
  1463 00:0390: A5 0B        	lda	<L46+1
  1464 00:0392: 85 13        	sta	<L46+1+8
  1465 00:0394: 2B           	pld
  1466 00:0395: 3B           	tsc
  1467 00:0396: 18           	clc
  1468 00:0397: 69 12 00     	adc	#L46+8
  1469 00:039A: 1B           	tcs
  1470 00:039B: 98           	tya
  1471 00:039C: 60           	rts
  1472                        L10041:
  1473                        ;        {
  1474                        ;            xReturn = xQueueSemaphoreTake( pxMutex, xTicksToWait );
  1475 00:039D: D4 13        	pei	<L46+xTicksToWait_0+2
  1476 00:039F: D4 11        	pei	<L46+xTicksToWait_0
  1477 00:03A1: D4 09        	pei	<L47+pxMutex_1+2
  Sun Sep 20 2026 12:03                                                                                                    Page 27


  1478 00:03A3: D4 07        	pei	<L47+pxMutex_1
  1479 00:03A5: 20 xx xx     	jsr	_~xQueueSemaphoreTake
  1480 00:03A8: 85 05        	sta	<L47+xReturn_1
  1481                        ;
  1482                        ;            /* pdPASS will only be returned if the mutex was successfully
  1483                        ;             * obtained.  The calling task may have entered the Blocked state
  1484                        ;             * before reaching here. */
  1485                        ;            if( xReturn != pdFAIL )
  1486                        ;            {
  1487 00:03AA: A5 05        	lda	<L47+xReturn_1
  1488 00:03AC: F0 DF        	beq	L10046
  1489                        ;                ( pxMutex->u.xSemaphore.uxRecursiveCallCount )++;
  1490 00:03AE: A0 0C 00     	ldy	#$c
  1491 00:03B1: B7 07        	lda	[<L47+pxMutex_1],Y
  1492 00:03B3: 1A           	ina
  1493 00:03B4: 97 07        	sta	[<L47+pxMutex_1],Y
  1494                        ;
  1495                        ;                /* Check if an overflow occurred. */
  1496                        ;                configASSERT( pxMutex->u.xSemaphore.uxRecursiveCallCount );
  1497 00:03B6: B7 07        	lda	[<L47+pxMutex_1],Y
  1498 00:03B8: D0 D3        	bne	L10046
  1499                        	asmstart
  1500 00:03BA: 78           	sei
  1501                        	asmend
  1502                        L10049:
  1503 00:03BB: 80 FE        	bra	L10049
  1504                        ;            }
  1505                        ;            else
  1506                        ;            {
  1507                        ;                traceTAKE_MUTEX_RECURSIVE_FAILED( pxMutex );
  1508                        ;            }
  1509                        ;        }
  1510                        ;    }
  1511             0000000A   L46	equ	10
  1512             00000005   L47	equ	5
  1513                        	ends
  1514                        	efunc
  1515                        ;
  1516                        ;#endif /* configUSE_RECURSIVE_MUTEXES */
  1517                        ;/*-----------------------------------------------------------*/
  1518                        ;
  1519                        ;#if ( ( configUSE_COUNTING_SEMAPHORES == 1 ) && ( configSUPPORT_STATIC_ALLOCATION == 1 ) )
  1520                        ;
  1521                        ;    QueueHandle_t xQueueCreateCountingSemaphoreStatic( const UBaseType_t uxMaxCount,
  1522                        ;                                                       const UBaseType_t uxInitialCount,
  1523                        ;                                                       StaticQueue_t * pxStaticQueue )
  1524                        ;    {
  1525                        ;        QueueHandle_t xHandle = NULL;
  1526                        ;
  1527                        ;        traceENTER_xQueueCreateCountingSemaphoreStatic( uxMaxCount, uxInitialCount, pxStaticQueue );
  1528                        ;
  1529                        ;        if( ( uxMaxCount != 0U ) &&
  1530                        ;            ( uxInitialCount <= uxMaxCount ) )
  1531                        ;        {
  1532                        ;            xHandle = xQueueGenericCreateStatic( uxMaxCount, queueSEMAPHORE_QUEUE_ITEM_LENGTH, NULL, 
                    pxStaticQueue, queueQUEUE_TYPE_COUNTING_SEMAPHORE );
  1533                        ;
  1534                        ;            if( xHandle != NULL )
  Sun Sep 20 2026 12:03                                                                                                    Page 28


  1535                        ;            {
  1536                        ;                ( ( Queue_t * ) xHandle )->uxMessagesWaiting = uxInitialCount;
  1537                        ;
  1538                        ;                traceCREATE_COUNTING_SEMAPHORE();
  1539                        ;            }
  1540                        ;            else
  1541                        ;            {
  1542                        ;                traceCREATE_COUNTING_SEMAPHORE_FAILED();
  1543                        ;            }
  1544                        ;        }
  1545                        ;        else
  1546                        ;        {
  1547                        ;            configASSERT( xHandle );
  1548                        ;            mtCOVERAGE_TEST_MARKER();
  1549                        ;        }
  1550                        ;
  1551                        ;        traceRETURN_xQueueCreateCountingSemaphoreStatic( xHandle );
  1552                        ;
  1553                        ;        return xHandle;
  1554                        ;    }
  1555                        ;
  1556                        ;#endif /* ( ( configUSE_COUNTING_SEMAPHORES == 1 ) && ( configSUPPORT_DYNAMIC_ALLOCATION == 1 ) ) */
  1557                        ;/*-----------------------------------------------------------*/
  1558                        ;
  1559                        ;#if ( ( configUSE_COUNTING_SEMAPHORES == 1 ) && ( configSUPPORT_DYNAMIC_ALLOCATION == 1 ) )
  1560                        ;
  1561                        ;    QueueHandle_t xQueueCreateCountingSemaphore( const UBaseType_t uxMaxCount,
  1562                        ;                                                 const UBaseType_t uxInitialCount )
  1563                        ;    {
  1564                        	code
  1565                        	xdef	_~xQueueCreateCountingSemaphore
  1566                        	func
  1567                        _~xQueueCreateCountingSemaphore:
  1568                        	longa	on
  1569                        	longi	on
  1570 00:03BD: 3B           	tsc
  1571 00:03BE: 38           	sec
  1572 00:03BF: E9 04 00     	sbc	#L55
  1573 00:03C2: 1B           	tcs
  1574 00:03C3: 0B           	phd
  1575 00:03C4: 5B           	tcd
  1576             00000003   uxMaxCount_0	set	3
  1577             00000005   uxInitialCount_0	set	5
  1578                        ;        QueueHandle_t xHandle = NULL;
  1579                        ;
  1580                        ;        traceENTER_xQueueCreateCountingSemaphore( uxMaxCount, uxInitialCount );
  1581             00000000   xHandle_1	set	0
  1582 00:03C5: 64 01        	stz	<L56+xHandle_1
  1583 00:03C7: 64 03        	stz	<L56+xHandle_1+2
  1584                        ;
  1585                        ;        if( ( uxMaxCount != 0U ) &&
  1586                        ;            ( uxInitialCount <= uxMaxCount ) )
  1587                        ;        {
  1588 00:03C9: A5 07        	lda	<L55+uxMaxCount_0
  1589 00:03CB: F0 32        	beq	L10053
  1590 00:03CD: A5 07        	lda	<L55+uxMaxCount_0
  1591 00:03CF: C5 09        	cmp	<L55+uxInitialCount_0
  1592 00:03D1: 90 2C        	bcc	L10053
  Sun Sep 20 2026 12:03                                                                                                    Page 29


  1593                        ;            xHandle = xQueueGenericCreate( uxMaxCount, queueSEMAPHORE_QUEUE_ITEM_LENGTH, queueQUEUE_T
                    YPE_COUNTING_SEMAPHORE );
  1594 00:03D3: F4 02 00     	pea	#<$2
  1595 00:03D6: F4 00 00     	pea	#<$0
  1596 00:03D9: D4 07        	pei	<L55+uxMaxCount_0
  1597 00:03DB: 20 xx xx     	jsr	_~xQueueGenericCreate
  1598 00:03DE: 85 01        	sta	<L56+xHandle_1
  1599 00:03E0: 86 03        	stx	<L56+xHandle_1+2
  1600                        ;
  1601                        ;            if( xHandle != NULL )
  1602                        ;            {
  1603 00:03E2: 05 03        	ora	<L56+xHandle_1+2
  1604 00:03E4: F0 07        	beq	L10056
  1605                        ;                ( ( Queue_t * ) xHandle )->uxMessagesWaiting = uxInitialCount;
  1606 00:03E6: A5 09        	lda	<L55+uxInitialCount_0
  1607 00:03E8: A0 34 00     	ldy	#$34
  1608 00:03EB: 97 01        	sta	[<L56+xHandle_1],Y
  1609                        ;
  1610                        ;                traceCREATE_COUNTING_SEMAPHORE();
  1611                        ;            }
  1612                        ;            else
  1613                        L10056:
  1614                        ;
  1615                        ;        traceRETURN_xQueueCreateCountingSemaphore( xHandle );
  1616                        ;
  1617                        ;        return xHandle;
  1618 00:03ED: A6 03        	ldx	<L56+xHandle_1+2
  1619 00:03EF: A5 01        	lda	<L56+xHandle_1
  1620 00:03F1: A8           	tay
  1621 00:03F2: A5 05        	lda	<L55+1
  1622 00:03F4: 85 09        	sta	<L55+1+4
  1623 00:03F6: 2B           	pld
  1624 00:03F7: 3B           	tsc
  1625 00:03F8: 18           	clc
  1626 00:03F9: 69 08 00     	adc	#L55+4
  1627 00:03FC: 1B           	tcs
  1628 00:03FD: 98           	tya
  1629 00:03FE: 60           	rts
  1630                        ;            {
  1631                        ;                traceCREATE_COUNTING_SEMAPHORE_FAILED();
  1632                        ;            }
  1633                        ;        }
  1634                        ;        else
  1635                        L10053:
  1636                        ;        {
  1637                        ;            configASSERT( xHandle );
  1638 00:03FF: A5 01        	lda	<L56+xHandle_1
  1639 00:0401: 05 03        	ora	<L56+xHandle_1+2
  1640 00:0403: D0 E8        	bne	L10056
  1641                        	asmstart
  1642 00:0405: 78           	sei
  1643                        	asmend
  1644                        L10058:
  1645 00:0406: 80 FE        	bra	L10058
  1646                        ;            mtCOVERAGE_TEST_MARKER();
  1647                        ;        }
  1648                        ;    }
  1649             00000004   L55	equ	4
  Sun Sep 20 2026 12:03                                                                                                    Page 30


  1650             00000001   L56	equ	1
  1651                        	ends
  1652                        	efunc
  1653                        ;
  1654                        ;#endif /* ( ( configUSE_COUNTING_SEMAPHORES == 1 ) && ( configSUPPORT_DYNAMIC_ALLOCATION == 1 ) ) */
  1655                        ;/*-----------------------------------------------------------*/
  1656                        ;
  1657                        ;BaseType_t xQueueGenericSend( QueueHandle_t xQueue,
  1658                        ;                              const void * const pvItemToQueue,
  1659                        ;                              TickType_t xTicksToWait,
  1660                        ;                              const BaseType_t xCopyPosition )
  1661                        ;{
  1662                        	code
  1663                        	xdef	_~xQueueGenericSend
  1664                        	func
  1665                        _~xQueueGenericSend:
  1666                        	longa	on
  1667                        	longi	on
  1668 00:0408: 3B           	tsc
  1669 00:0409: 38           	sec
  1670 00:040A: E9 12 00     	sbc	#L62
  1671 00:040D: 1B           	tcs
  1672 00:040E: 0B           	phd
  1673 00:040F: 5B           	tcd
  1674             00000003   xQueue_0	set	3
  1675             00000007   pvItemToQueue_0	set	7
  1676             0000000B   xTicksToWait_0	set	11
  1677             0000000F   xCopyPosition_0	set	15
  1678                        ;    BaseType_t xEntryTimeSet = pdFALSE, xYieldRequired;
  1679                        ;    TimeOut_t xTimeOut;
  1680                        ;    Queue_t * const pxQueue = xQueue;
  1681                        ;
  1682                        ;    traceENTER_xQueueGenericSend( xQueue, pvItemToQueue, xTicksToWait, xCopyPosition );
  1683             00000000   xEntryTimeSet_1	set	0
  1684             00000002   xYieldRequired_1	set	2
  1685             00000004   xTimeOut_1	set	4
  1686             0000000A   pxQueue_1	set	10
  1687 00:0410: 64 05        	stz	<L63+xEntryTimeSet_1
  1688 00:0412: A5 15        	lda	<L62+xQueue_0
  1689 00:0414: 85 0F        	sta	<L63+pxQueue_1
  1690 00:0416: A5 17        	lda	<L62+xQueue_0+2
  1691 00:0418: 85 11        	sta	<L63+pxQueue_1+2
  1692                        ;
  1693                        ;    configASSERT( pxQueue );
  1694 00:041A: A5 0F        	lda	<L63+pxQueue_1
  1695 00:041C: 05 11        	ora	<L63+pxQueue_1+2
  1696 00:041E: D0 03        	bne	L10061
  1697                        	asmstart
  1698 00:0420: 78           	sei
  1699                        	asmend
  1700                        L10062:
  1701 00:0421: 80 FE        	bra	L10062
  1702                        L10061:
  1703                        ;    configASSERT( !( ( pvItemToQueue == NULL ) && ( pxQueue->uxItemSize != ( UBaseType_t ) 0U ) ) );
  1704 00:0423: A5 19        	lda	<L62+pvItemToQueue_0
  1705 00:0425: 05 1B        	ora	<L62+pvItemToQueue_0+2
  1706 00:0427: D0 0A        	bne	L10065
  1707 00:0429: A0 38 00     	ldy	#$38
  Sun Sep 20 2026 12:03                                                                                                    Page 31


  1708 00:042C: B7 0F        	lda	[<L63+pxQueue_1],Y
  1709 00:042E: F0 03        	beq	L10065
  1710                        	asmstart
  1711 00:0430: 78           	sei
  1712                        	asmend
  1713                        L10066:
  1714 00:0431: 80 FE        	bra	L10066
  1715                        L10065:
  1716                        ;    configASSERT( !( ( xCopyPosition == queueOVERWRITE ) && ( pxQueue->uxLength != 1 ) ) );
  1717 00:0433: A5 21        	lda	<L62+xCopyPosition_0
  1718 00:0435: C9 02 00     	cmp	#<$2
  1719 00:0438: D0 0D        	bne	L10069
  1720 00:043A: A0 36 00     	ldy	#$36
  1721 00:043D: B7 0F        	lda	[<L63+pxQueue_1],Y
  1722 00:043F: C9 01 00     	cmp	#<$1
  1723 00:0442: F0 03        	beq	L10069
  1724                        	asmstart
  1725 00:0444: 78           	sei
  1726                        	asmend
  1727                        L10070:
  1728 00:0445: 80 FE        	bra	L10070
  1729                        L10069:
  1730                        ;    #if ( ( INCLUDE_xTaskGetSchedulerState == 1 ) || ( configUSE_TIMERS == 1 ) )
  1731                        ;    {
  1732                        ;        configASSERT( !( ( xTaskGetSchedulerState() == taskSCHEDULER_SUSPENDED ) && ( xTicksToWait !=
                     0 ) ) );
  1733 00:0447: 20 xx xx     	jsr	_~xTaskGetSchedulerState
  1734 00:044A: AA           	tax
  1735 00:044B: F0 03        	beq	*+5
  1736 00:044D: 82 DD 00     	brl	L10079
  1737 00:0450: A5 1D        	lda	<L62+xTicksToWait_0
  1738 00:0452: 05 1F        	ora	<L62+xTicksToWait_0+2
  1739 00:0454: D0 03        	bne	*+5
  1740 00:0456: 82 D4 00     	brl	L10079
  1741                        	asmstart
  1742 00:0459: 78           	sei
  1743                        	asmend
  1744                        L10074:
  1745 00:045A: 80 FE        	bra	L10074
  1746                        ;    }
  1747                        ;    #endif
  1748                        ;
  1749                        ;    for( ; ; )
  1750                        L74:
  1751 00:045C: A9 00 00     	lda	#$0
  1752                        L76:
  1753 00:045F: AA           	tax
  1754 00:0460: D0 2C        	bne	L10081
  1755                        ;                        if( xTaskRemoveFromEventList( &( pxQueue->xTasksWaitingToReceive ) ) != pdFAL
                    SE )
  1756                        ;                        {
  1757 00:0462: A9 22 00     	lda	#$22
  1758 00:0465: 18           	clc
  1759 00:0466: 65 0F        	adc	<L63+pxQueue_1
  1760 00:0468: 85 01        	sta	<R0
  1761 00:046A: A9 00 00     	lda	#$0
  1762 00:046D: 65 11        	adc	<L63+pxQueue_1+2
  1763 00:046F: 48           	pha
  Sun Sep 20 2026 12:03                                                                                                    Page 32


  1764 00:0470: D4 01        	pei	<R0
  1765 00:0472: 20 xx xx     	jsr	_~xTaskRemoveFromEventList
  1766 00:0475: AA           	tax
  1767                        L20003:
  1768 00:0476: F0 04        	beq	L10084
  1769                        ;                            /* The unblocked task has a priority higher than
  1770                        ;                             * our own so yield immediately.  Yes it is ok to do
  1771                        ;                             * this from within the critical section - the kernel
  1772                        ;                             * takes care of that. */
  1773                        ;                            queueYIELD_IF_USING_PREEMPTION();
  1774 00:0478: 22 xx xx xx  	jsl	_~vPortYield
  1775                        ;                        }
  1776                        ;                        else
  1777                        L10084:
  1778                        ;                }
  1779                        ;                #endif /* configUSE_QUEUE_SETS */
  1780                        ;
  1781                        ;                taskEXIT_CRITICAL();
  1782                        	asmstart
  1783 00:047C: 58           	cli
  1784                        	asmend
  1785                        ;
  1786                        ;                traceRETURN_xQueueGenericSend( pdPASS );
  1787                        ;
  1788                        ;                return pdPASS;
  1789 00:047D: A9 01 00     	lda	#$1
  1790                        L80:
  1791 00:0480: A8           	tay
  1792 00:0481: A5 13        	lda	<L62+1
  1793 00:0483: 85 21        	sta	<L62+1+14
  1794 00:0485: 2B           	pld
  1795 00:0486: 3B           	tsc
  1796 00:0487: 18           	clc
  1797 00:0488: 69 20 00     	adc	#L62+14
  1798 00:048B: 1B           	tcs
  1799 00:048C: 98           	tya
  1800 00:048D: 60           	rts
  1801                        ;                        {
  1802                        ;                            mtCOVERAGE_TEST_MARKER();
  1803                        ;                        }
  1804                        ;                    }
  1805                        ;                    else if( xYieldRequired != pdFALSE )
  1806                        L10081:
  1807                        ;                    {
  1808 00:048E: A5 07        	lda	<L63+xYieldRequired_1
  1809 00:0490: 80 E4        	bra	L20003
  1810                        ;                        /* This path is a special case that will only get
  1811                        ;                         * executed if the task was holding multiple mutexes and
  1812                        ;                         * the mutexes were given back in an order that is
  1813                        ;                         * different to that in which they were taken. */
  1814                        ;                        queueYIELD_IF_USING_PREEMPTION();
  1815                        ;                    }
  1816                        ;                    else
  1817                        ;                    {
  1818                        ;                        mtCOVERAGE_TEST_MARKER();
  1819                        ;                    }
  1820                        ;            }
  1821                        ;            else
  Sun Sep 20 2026 12:03                                                                                                    Page 33


  1822                        L10080:
  1823                        ;            {
  1824                        ;                if( xTicksToWait == ( TickType_t ) 0 )
  1825                        ;                {
  1826 00:0492: A5 1D        	lda	<L62+xTicksToWait_0
  1827 00:0494: 05 1F        	ora	<L62+xTicksToWait_0+2
  1828 00:0496: D0 06        	bne	L10087
  1829                        ;                    /* The queue was full and no block time is specified (or
  1830                        ;                     * the block time has expired) so leave now. */
  1831                        ;                    taskEXIT_CRITICAL();
  1832                        	asmstart
  1833 00:0498: 58           	cli
  1834                        	asmend
  1835                        ;
  1836                        ;                    /* Return to the original privilege level before exiting
  1837                        ;                     * the function. */
  1838                        ;                    traceQUEUE_SEND_FAILED( pxQueue );
  1839                        ;                    traceRETURN_xQueueGenericSend( errQUEUE_FULL );
  1840                        ;
  1841                        ;                    return errQUEUE_FULL;
  1842                        L20004:
  1843 00:0499: A9 00 00     	lda	#$0
  1844 00:049C: 80 E2        	bra	L80
  1845                        ;                }
  1846                        ;                else if( xEntryTimeSet == pdFALSE )
  1847                        L10087:
  1848                        ;                {
  1849 00:049E: A5 05        	lda	<L63+xEntryTimeSet_1
  1850 00:04A0: D0 11        	bne	L10089
  1851                        ;                    /* The queue was full and a block time was specified so
  1852                        ;                     * configure the timeout structure. */
  1853                        ;                    vTaskInternalSetTimeOutState( &xTimeOut );
  1854 00:04A2: F4 00 00     	pea	#0
  1855 00:04A5: 18           	clc
  1856 00:04A6: 7B           	tdc
  1857 00:04A7: 69 09 00     	adc	#<L63+xTimeOut_1
  1858 00:04AA: 48           	pha
  1859 00:04AB: 20 xx xx     	jsr	_~vTaskInternalSetTimeOutState
  1860                        ;                    xEntryTimeSet = pdTRUE;
  1861 00:04AE: A9 01 00     	lda	#$1
  1862 00:04B1: 85 05        	sta	<L63+xEntryTimeSet_1
  1863                        ;                }
  1864                        ;                else
  1865                        ;                {
  1866                        ;                    /* Entry time was already set. */
  1867                        ;                    mtCOVERAGE_TEST_MARKER();
  1868                        ;                }
  1869                        L10089:
  1870                        ;            }
  1871                        ;        }
  1872                        ;        taskEXIT_CRITICAL();
  1873                        	asmstart
  1874 00:04B3: 58           	cli
  1875                        	asmend
  1876                        ;
  1877                        ;        /* Interrupts and other tasks can send to and receive from the queue
  1878                        ;         * now the critical section has been exited. */
  1879                        ;
  Sun Sep 20 2026 12:03                                                                                                    Page 34


  1880                        ;        vTaskSuspendAll();
  1881 00:04B4: 20 xx xx     	jsr	_~vTaskSuspendAll
  1882                        ;        prvLockQueue( pxQueue );
  1883                        	asmstart
  1884 00:04B7: 78           	sei
  1885                        	asmend
  1886 00:04B8: E2 20        	sep	#$20
  1887                        	longa	off
  1888 00:04BA: A0 3A 00     	ldy	#$3a
  1889 00:04BD: B7 0F        	lda	[<L63+pxQueue_1],Y
  1890 00:04BF: C9 FF        	cmp	#<$ffffffff
  1891 00:04C1: C2 20        	rep	#$20
  1892                        	longa	on
  1893 00:04C3: D0 08        	bne	L10090
  1894 00:04C5: E2 20        	sep	#$20
  1895                        	longa	off
  1896 00:04C7: A9 00        	lda	#$0
  1897 00:04C9: 97 0F        	sta	[<L63+pxQueue_1],Y
  1898 00:04CB: C2 20        	rep	#$20
  1899                        	longa	on
  1900                        L10090:
  1901 00:04CD: E2 20        	sep	#$20
  1902                        	longa	off
  1903 00:04CF: A0 3B 00     	ldy	#$3b
  1904 00:04D2: B7 0F        	lda	[<L63+pxQueue_1],Y
  1905 00:04D4: C9 FF        	cmp	#<$ffffffff
  1906 00:04D6: C2 20        	rep	#$20
  1907                        	longa	on
  1908 00:04D8: D0 08        	bne	L10091
  1909 00:04DA: E2 20        	sep	#$20
  1910                        	longa	off
  1911 00:04DC: A9 00        	lda	#$0
  1912 00:04DE: 97 0F        	sta	[<L63+pxQueue_1],Y
  1913 00:04E0: C2 20        	rep	#$20
  1914                        	longa	on
  1915                        L10091:
  1916                        	asmstart
  1917 00:04E2: 58           	cli
  1918                        	asmend
  1919                        ;
  1920                        ;        /* Update the timeout state to see if it has expired yet. */
  1921                        ;        if( xTaskCheckForTimeOut( &xTimeOut, &xTicksToWait ) == pdFALSE )
  1922                        ;        {
  1923 00:04E3: F4 00 00     	pea	#0
  1924 00:04E6: 18           	clc
  1925 00:04E7: 7B           	tdc
  1926 00:04E8: 69 1D 00     	adc	#<L62+xTicksToWait_0
  1927 00:04EB: 48           	pha
  1928 00:04EC: F4 00 00     	pea	#0
  1929 00:04EF: 18           	clc
  1930 00:04F0: 7B           	tdc
  1931 00:04F1: 69 09 00     	adc	#<L63+xTimeOut_1
  1932 00:04F4: 48           	pha
  1933 00:04F5: 20 xx xx     	jsr	_~xTaskCheckForTimeOut
  1934 00:04F8: AA           	tax
  1935 00:04F9: D0 73        	bne	L10092
  1936                        ;            if( prvIsQueueFull( pxQueue ) != pdFALSE )
  1937                        ;            {
  Sun Sep 20 2026 12:03                                                                                                    Page 35


  1938 00:04FB: D4 11        	pei	<L63+pxQueue_1+2
  1939 00:04FD: D4 0F        	pei	<L63+pxQueue_1
  1940 00:04FF: 20 xx xx     	jsr	_~prvIsQueueFull
  1941 00:0502: AA           	tax
  1942 00:0503: F0 5D        	beq	L10093
  1943                        ;                traceBLOCKING_ON_QUEUE_SEND( pxQueue );
  1944                        ;                vTaskPlaceOnEventList( &( pxQueue->xTasksWaitingToSend ), xTicksToWait );
  1945 00:0505: D4 1F        	pei	<L62+xTicksToWait_0+2
  1946 00:0507: D4 1D        	pei	<L62+xTicksToWait_0
  1947 00:0509: A9 10 00     	lda	#$10
  1948 00:050C: 18           	clc
  1949 00:050D: 65 0F        	adc	<L63+pxQueue_1
  1950 00:050F: 85 01        	sta	<R0
  1951 00:0511: A9 00 00     	lda	#$0
  1952 00:0514: 65 11        	adc	<L63+pxQueue_1+2
  1953 00:0516: 48           	pha
  1954 00:0517: D4 01        	pei	<R0
  1955 00:0519: 20 xx xx     	jsr	_~vTaskPlaceOnEventList
  1956                        ;
  1957                        ;                /* Unlocking the queue means queue events can effect the
  1958                        ;                 * event list. It is possible that interrupts occurring now
  1959                        ;                 * remove this task from the event list again - but as the
  1960                        ;                 * scheduler is suspended the task will go onto the pending
  1961                        ;                 * ready list instead of the actual ready list. */
  1962                        ;                prvUnlockQueue( pxQueue );
  1963 00:051C: D4 11        	pei	<L63+pxQueue_1+2
  1964 00:051E: D4 0F        	pei	<L63+pxQueue_1
  1965 00:0520: 20 xx xx     	jsr	_~prvUnlockQueue
  1966                        ;
  1967                        ;                /* Resuming the scheduler will move tasks from the pending
  1968                        ;                 * ready list into the ready list - so it is feasible that this
  1969                        ;                 * task is already in the ready list before it yields - in which
  1970                        ;                 * case the yield will not cause a context switch unless there
  1971                        ;                 * is also a higher priority task in the pending ready list. */
  1972                        ;                if( xTaskResumeAll() == pdFALSE )
  1973                        ;                {
  1974 00:0523: 20 xx xx     	jsr	_~xTaskResumeAll
  1975 00:0526: AA           	tax
  1976 00:0527: D0 04        	bne	L10079
  1977                        ;                    taskYIELD_WITHIN_API();
  1978 00:0529: 22 xx xx xx  	jsl	_~vPortYield
  1979                        ;                }
  1980                        ;            }
  1981                        ;            else
  1982                        L10079:
  1983                        ;    {
  1984                        ;        taskENTER_CRITICAL();
  1985                        	asmstart
  1986 00:052D: 78           	sei
  1987                        	asmend
  1988                        ;        {
  1989                        ;            /* Is there room on the queue now?  The running task must be the
  1990                        ;             * highest priority task wanting to access the queue.  If the head item
  1991                        ;             * in the queue is to be overwritten then it does not matter if the
  1992                        ;             * queue is full. */
  1993                        ;            if( ( pxQueue->uxMessagesWaiting < pxQueue->uxLength ) || ( xCopyPosition == queueOVERWRI
                    TE ) )
  1994                        ;            {
  Sun Sep 20 2026 12:03                                                                                                    Page 36


  1995 00:052E: A0 34 00     	ldy	#$34
  1996 00:0531: B7 0F        	lda	[<L63+pxQueue_1],Y
  1997 00:0533: C8           	iny
  1998 00:0534: C8           	iny
  1999 00:0535: D7 0F        	cmp	[<L63+pxQueue_1],Y
  2000 00:0537: 90 0A        	bcc	L71
  2001 00:0539: A5 21        	lda	<L62+xCopyPosition_0
  2002 00:053B: C9 02 00     	cmp	#<$2
  2003 00:053E: F0 03        	beq	*+5
  2004 00:0540: 82 4F FF     	brl	L10080
  2005                        L71:
  2006                        ;                traceQUEUE_SEND( pxQueue );
  2007                        ;
  2008                        ;                #if ( configUSE_QUEUE_SETS == 1 )
  2009                        ;                {
  2010                        ;                    const UBaseType_t uxPreviousMessagesWaiting = pxQueue->uxMessagesWaiting;
  2011                        ;
  2012                        ;                    xYieldRequired = prvCopyDataToQueue( pxQueue, pvItemToQueue, xCopyPosition );
  2013                        ;
  2014                        ;                    if( pxQueue->pxQueueSetContainer != NULL )
  2015                        ;                    {
  2016                        ;                        if( ( xCopyPosition == queueOVERWRITE ) && ( uxPreviousMessagesWaiting != ( U
                    BaseType_t ) 0 ) )
  2017                        ;                        {
  2018                        ;                            /* Do not notify the queue set as an existing item
  2019                        ;                             * was overwritten in the queue so the number of items
  2020                        ;                             * in the queue has not changed. */
  2021                        ;                            mtCOVERAGE_TEST_MARKER();
  2022                        ;                        }
  2023                        ;                        else if( prvNotifyQueueSetContainer( pxQueue ) != pdFALSE )
  2024                        ;                        {
  2025                        ;                            /* The queue is a member of a queue set, and posting
  2026                        ;                             * to the queue set caused a higher priority task to
  2027                        ;                             * unblock. A context switch is required. */
  2028                        ;                            queueYIELD_IF_USING_PREEMPTION();
  2029                        ;                        }
  2030                        ;                        else
  2031                        ;                        {
  2032                        ;                            mtCOVERAGE_TEST_MARKER();
  2033                        ;                        }
  2034                        ;                    }
  2035                        ;                    else
  2036                        ;                    {
  2037                        ;                        /* If there was a task waiting for data to arrive on the
  2038                        ;                         * queue then unblock it now. */
  2039                        ;                        if( listLIST_IS_EMPTY( &( pxQueue->xTasksWaitingToReceive ) ) == pdFALSE )
  2040                        ;                        {
  2041                        ;                            if( xTaskRemoveFromEventList( &( pxQueue->xTasksWaitingToReceive ) ) != p
                    dFALSE )
  2042                        ;                            {
  2043                        ;                                /* The unblocked task has a priority higher than
  2044                        ;                                 * our own so yield immediately.  Yes it is ok to
  2045                        ;                                 * do this from within the critical section - the
  2046                        ;                                 * kernel takes care of that. */
  2047                        ;                                queueYIELD_IF_USING_PREEMPTION();
  2048                        ;                            }
  2049                        ;                            else
  2050                        ;                            {
  Sun Sep 20 2026 12:03                                                                                                    Page 37


  2051                        ;                                mtCOVERAGE_TEST_MARKER();
  2052                        ;                            }
  2053                        ;                        }
  2054                        ;                        else if( xYieldRequired != pdFALSE )
  2055                        ;                        {
  2056                        ;                            /* This path is a special case that will only get
  2057                        ;                             * executed if the task was holding multiple mutexes
  2058                        ;                             * and the mutexes were given back in an order that is
  2059                        ;                             * different to that in which they were taken. */
  2060                        ;                            queueYIELD_IF_USING_PREEMPTION();
  2061                        ;                        }
  2062                        ;                        else
  2063                        ;                        {
  2064                        ;                            mtCOVERAGE_TEST_MARKER();
  2065                        ;                        }
  2066                        ;                    }
  2067                        ;                }
  2068                        ;                #else /* configUSE_QUEUE_SETS */
  2069                        ;                {
  2070                        ;                    xYieldRequired = prvCopyDataToQueue( pxQueue, pvItemToQueue, xCopyPosition );
  2071 00:0543: D4 21        	pei	<L62+xCopyPosition_0
  2072 00:0545: D4 1B        	pei	<L62+pvItemToQueue_0+2
  2073 00:0547: D4 19        	pei	<L62+pvItemToQueue_0
  2074 00:0549: D4 11        	pei	<L63+pxQueue_1+2
  2075 00:054B: D4 0F        	pei	<L63+pxQueue_1
  2076 00:054D: 20 xx xx     	jsr	_~prvCopyDataToQueue
  2077 00:0550: 85 07        	sta	<L63+xYieldRequired_1
  2078                        ;
  2079                        ;                    /* If there was a task waiting for data to arrive on the
  2080                        ;                     * queue then unblock it now. */
  2081                        ;                    if( listLIST_IS_EMPTY( &( pxQueue->xTasksWaitingToReceive ) ) == pdFALSE )
  2082                        ;                    {
  2083 00:0552: A0 22 00     	ldy	#$22
  2084 00:0555: B7 0F        	lda	[<L63+pxQueue_1],Y
  2085 00:0557: F0 03        	beq	*+5
  2086 00:0559: 82 00 FF     	brl	L74
  2087 00:055C: A9 01 00     	lda	#$1
  2088 00:055F: 82 FD FE     	brl	L76
  2089                        L10093:
  2090                        ;            {
  2091                        ;                /* Try again. */
  2092                        ;                prvUnlockQueue( pxQueue );
  2093 00:0562: D4 11        	pei	<L63+pxQueue_1+2
  2094 00:0564: D4 0F        	pei	<L63+pxQueue_1
  2095 00:0566: 20 xx xx     	jsr	_~prvUnlockQueue
  2096                        ;                ( void ) xTaskResumeAll();
  2097 00:0569: 20 xx xx     	jsr	_~xTaskResumeAll
  2098                        ;            }
  2099                        ;        }
  2100                        ;        else
  2101 00:056C: 80 BF        	bra	L10079
  2102                        L10092:
  2103                        ;        {
  2104                        ;            /* The timeout has expired. */
  2105                        ;            prvUnlockQueue( pxQueue );
  2106 00:056E: D4 11        	pei	<L63+pxQueue_1+2
  2107 00:0570: D4 0F        	pei	<L63+pxQueue_1
  2108 00:0572: 20 xx xx     	jsr	_~prvUnlockQueue
  Sun Sep 20 2026 12:03                                                                                                    Page 38


  2109                        ;            ( void ) xTaskResumeAll();
  2110 00:0575: 20 xx xx     	jsr	_~xTaskResumeAll
  2111                        ;
  2112                        ;            traceQUEUE_SEND_FAILED( pxQueue );
  2113                        ;            traceRETURN_xQueueGenericSend( errQUEUE_FULL );
  2114                        ;
  2115                        ;            return errQUEUE_FULL;
  2116 00:0578: 82 1E FF     	brl	L20004
  2117                        ;        }
  2118                        ;    }
  2119                        ;}
  2120             00000012   L62	equ	18
  2121             00000005   L63	equ	5
  2122                        	ends
  2123                        	efunc
  2124                        ;/*-----------------------------------------------------------*/
  2125                        ;
  2126                        ;BaseType_t xQueueGenericSendFromISR( QueueHandle_t xQueue,
  2127                        ;                                     const void * const pvItemToQueue,
  2128                        ;                                     BaseType_t * const pxHigherPriorityTaskWoken,
  2129                        ;                                     const BaseType_t xCopyPosition )
  2130                        ;{
  2131                        	code
  2132                        	xdef	_~xQueueGenericSendFromISR
  2133                        	func
  2134                        _~xQueueGenericSendFromISR:
  2135                        	longa	on
  2136                        	longi	on
  2137 00:057B: 3B           	tsc
  2138 00:057C: 38           	sec
  2139 00:057D: E9 11 00     	sbc	#L88
  2140 00:0580: 1B           	tcs
  2141 00:0581: 0B           	phd
  2142 00:0582: 5B           	tcd
  2143             00000003   xQueue_0	set	3
  2144             00000007   pvItemToQueue_0	set	7
  2145             0000000B   pxHigherPriorityTaskWoken_0	set	11
  2146             0000000F   xCopyPosition_0	set	15
  2147                        ;    BaseType_t xReturn;
  2148                        ;    UBaseType_t uxSavedInterruptStatus;
  2149                        ;    Queue_t * const pxQueue = xQueue;
  2150                        ;
  2151                        ;    traceENTER_xQueueGenericSendFromISR( xQueue, pvItemToQueue, pxHigherPriorityTaskWoken, xCopyPosit
                    ion );
  2152             00000000   xReturn_1	set	0
  2153             00000002   uxSavedInterruptStatus_1	set	2
  2154             00000004   pxQueue_1	set	4
  2155 00:0583: A5 14        	lda	<L88+xQueue_0
  2156 00:0585: 85 09        	sta	<L89+pxQueue_1
  2157 00:0587: A5 16        	lda	<L88+xQueue_0+2
  2158 00:0589: 85 0B        	sta	<L89+pxQueue_1+2
  2159                        ;
  2160                        ;    configASSERT( ( pxQueue != NULL ) && !( ( pvItemToQueue == NULL ) && ( pxQueue->uxItemSize != ( U
                    BaseType_t ) 0U ) ) );
  2161 00:058B: A5 09        	lda	<L89+pxQueue_1
  2162 00:058D: 05 0B        	ora	<L89+pxQueue_1+2
  2163 00:058F: F0 0D        	beq	L90
  2164 00:0591: A5 18        	lda	<L88+pvItemToQueue_0
  Sun Sep 20 2026 12:03                                                                                                    Page 39


  2165 00:0593: 05 1A        	ora	<L88+pvItemToQueue_0+2
  2166 00:0595: D0 0A        	bne	L10097
  2167 00:0597: A0 38 00     	ldy	#$38
  2168 00:059A: B7 09        	lda	[<L89+pxQueue_1],Y
  2169 00:059C: F0 03        	beq	L10097
  2170                        L90:
  2171                        	asmstart
  2172 00:059E: 78           	sei
  2173                        	asmend
  2174                        L10098:
  2175 00:059F: 80 FE        	bra	L10098
  2176                        L10097:
  2177                        ;    configASSERT( ( pxQueue != NULL ) && !( ( xCopyPosition == queueOVERWRITE ) && ( pxQueue->uxLengt
                    h != 1 ) ) );
  2178 00:05A1: A5 09        	lda	<L89+pxQueue_1
  2179 00:05A3: 05 0B        	ora	<L89+pxQueue_1+2
  2180 00:05A5: F0 11        	beq	L94
  2181 00:05A7: A5 20        	lda	<L88+xCopyPosition_0
  2182 00:05A9: C9 02 00     	cmp	#<$2
  2183 00:05AC: D0 0D        	bne	L10101
  2184 00:05AE: A0 36 00     	ldy	#$36
  2185 00:05B1: B7 09        	lda	[<L89+pxQueue_1],Y
  2186 00:05B3: C9 01 00     	cmp	#<$1
  2187 00:05B6: F0 03        	beq	L10101
  2188                        L94:
  2189                        	asmstart
  2190 00:05B8: 78           	sei
  2191                        	asmend
  2192                        L10102:
  2193 00:05B9: 80 FE        	bra	L10102
  2194                        L10101:
  2195                        ;
  2196                        ;    /* RTOS ports that support interrupt nesting have the concept of a maximum
  2197                        ;     * system call (or maximum API call) interrupt priority.  Interrupts that are
  2198                        ;     * above the maximum system call priority are kept permanently enabled, even
  2199                        ;     * when the RTOS kernel is in a critical section, but cannot make any calls to
  2200                        ;     * FreeRTOS API functions.  If configASSERT() is defined in FreeRTOSConfig.h
  2201                        ;     * then portASSERT_IF_INTERRUPT_PRIORITY_INVALID() will result in an assertion
  2202                        ;     * failure if a FreeRTOS API function is called from an interrupt that has been
  2203                        ;     * assigned a priority above the configured maximum system call priority.
  2204                        ;     * Only FreeRTOS functions that end in FromISR can be called from interrupts
  2205                        ;     * that have been assigned a priority at or (logically) below the maximum
  2206                        ;     * system call interrupt priority.  FreeRTOS maintains a separate interrupt
  2207                        ;     * safe API to ensure interrupt entry is as fast and as simple as possible.
  2208                        ;     * More information (albeit Cortex-M specific) is provided on the following
  2209                        ;     * link: https://www.FreeRTOS.org/RTOS-Cortex-M3-M4.html */
  2210                        ;    portASSERT_IF_INTERRUPT_PRIORITY_INVALID();
  2211                        ;
  2212                        ;    /* Similar to xQueueGenericSend, except without blocking if there is no room
  2213                        ;     * in the queue.  Also don't directly wake a task that was blocked on a queue
  2214                        ;     * read, instead return a flag to say whether a context switch is required or
  2215                        ;     * not (i.e. has a task with a higher priority than us been woken by this
  2216                        ;     * post). */
  2217                        ;    /* MISRA Ref 4.7.1 [Return value shall be checked] */
  2218                        ;    /* More details at: https://github.com/FreeRTOS/FreeRTOS-Kernel/blob/main/MISRA.md#dir-47 */
  2219                        ;    /* coverity[misra_c_2012_directive_4_7_violation] */
  2220                        ;    uxSavedInterruptStatus = ( UBaseType_t ) taskENTER_CRITICAL_FROM_ISR();
  2221 00:05BB: 64 07        	stz	<L89+uxSavedInterruptStatus_1
  Sun Sep 20 2026 12:03                                                                                                    Page 40


  2222                        ;    {
  2223                        ;        if( ( pxQueue->uxMessagesWaiting < pxQueue->uxLength ) || ( xCopyPosition == queueOVERWRITE )
                     )
  2224                        ;        {
  2225 00:05BD: A0 34 00     	ldy	#$34
  2226 00:05C0: B7 09        	lda	[<L89+pxQueue_1],Y
  2227 00:05C2: C8           	iny
  2228 00:05C3: C8           	iny
  2229 00:05C4: D7 09        	cmp	[<L89+pxQueue_1],Y
  2230 00:05C6: 90 0A        	bcc	L98
  2231 00:05C8: A5 20        	lda	<L88+xCopyPosition_0
  2232 00:05CA: C9 02 00     	cmp	#<$2
  2233 00:05CD: F0 03        	beq	*+5
  2234 00:05CF: 82 94 00     	brl	L10105
  2235                        L98:
  2236                        ;            const int8_t cTxLock = pxQueue->cTxLock;
  2237                        ;            const UBaseType_t uxPreviousMessagesWaiting = pxQueue->uxMessagesWaiting;
  2238                        ;
  2239                        ;            traceQUEUE_SEND_FROM_ISR( pxQueue );
  2240             00000008   cTxLock_2	set	8
  2241             00000009   uxPreviousMessagesWaiting_2	set	9
  2242 00:05D2: E2 20        	sep	#$20
  2243                        	longa	off
  2244 00:05D4: A0 3B 00     	ldy	#$3b
  2245 00:05D7: B7 09        	lda	[<L89+pxQueue_1],Y
  2246 00:05D9: 85 0D        	sta	<L89+cTxLock_2
  2247 00:05DB: C2 20        	rep	#$20
  2248                        	longa	on
  2249 00:05DD: A0 34 00     	ldy	#$34
  2250 00:05E0: B7 09        	lda	[<L89+pxQueue_1],Y
  2251 00:05E2: 85 0E        	sta	<L89+uxPreviousMessagesWaiting_2
  2252                        ;
  2253                        ;            /* Semaphores use xQueueGiveFromISR(), so pxQueue will not be a
  2254                        ;             *  semaphore or mutex.  That means prvCopyDataToQueue() cannot result
  2255                        ;             *  in a task disinheriting a priority and prvCopyDataToQueue() can be
  2256                        ;             *  called here even though the disinherit function does not check if
  2257                        ;             *  the scheduler is suspended before accessing the ready lists. */
  2258                        ;            ( void ) prvCopyDataToQueue( pxQueue, pvItemToQueue, xCopyPosition );
  2259 00:05E4: D4 20        	pei	<L88+xCopyPosition_0
  2260 00:05E6: D4 1A        	pei	<L88+pvItemToQueue_0+2
  2261 00:05E8: D4 18        	pei	<L88+pvItemToQueue_0
  2262 00:05EA: D4 0B        	pei	<L89+pxQueue_1+2
  2263 00:05EC: D4 09        	pei	<L89+pxQueue_1
  2264 00:05EE: 20 xx xx     	jsr	_~prvCopyDataToQueue
  2265                        ;
  2266                        ;            /* The event list is not altered if the queue is locked.  This will
  2267                        ;             * be done when the queue is unlocked later. */
  2268                        ;            if( cTxLock == queueUNLOCKED )
  2269                        ;            {
  2270 00:05F1: E2 20        	sep	#$20
  2271                        	longa	off
  2272 00:05F3: A5 0D        	lda	<L89+cTxLock_2
  2273 00:05F5: C9 FF        	cmp	#<$ffffffff
  2274 00:05F7: C2 20        	rep	#$20
  2275                        	longa	on
  2276 00:05F9: D0 35        	bne	L10116
  2277                        ;                #if ( configUSE_QUEUE_SETS == 1 )
  2278                        ;                {
  Sun Sep 20 2026 12:03                                                                                                    Page 41


  2279                        ;                    if( pxQueue->pxQueueSetContainer != NULL )
  2280                        ;                    {
  2281                        ;                        if( ( xCopyPosition == queueOVERWRITE ) && ( uxPreviousMessagesWaiting != ( U
                    BaseType_t ) 0 ) )
  2282                        ;                        {
  2283                        ;                            /* Do not notify the queue set as an existing item
  2284                        ;                             * was overwritten in the queue so the number of items
  2285                        ;                             * in the queue has not changed. */
  2286                        ;                            mtCOVERAGE_TEST_MARKER();
  2287                        ;                        }
  2288                        ;                        else if( prvNotifyQueueSetContainer( pxQueue ) != pdFALSE )
  2289                        ;                        {
  2290                        ;                            /* The queue is a member of a queue set, and posting
  2291                        ;                             * to the queue set caused a higher priority task to
  2292                        ;                             * unblock.  A context switch is required. */
  2293                        ;                            if( pxHigherPriorityTaskWoken != NULL )
  2294                        ;                            {
  2295                        ;                                *pxHigherPriorityTaskWoken = pdTRUE;
  2296                        ;                            }
  2297                        ;                            else
  2298                        ;                            {
  2299                        ;                                mtCOVERAGE_TEST_MARKER();
  2300                        ;                            }
  2301                        ;                        }
  2302                        ;                        else
  2303                        ;                        {
  2304                        ;                            mtCOVERAGE_TEST_MARKER();
  2305                        ;                        }
  2306                        ;                    }
  2307                        ;                    else
  2308                        ;                    {
  2309                        ;                        if( listLIST_IS_EMPTY( &( pxQueue->xTasksWaitingToReceive ) ) == pdFALSE )
  2310                        ;                        {
  2311                        ;                            if( xTaskRemoveFromEventList( &( pxQueue->xTasksWaitingToReceive ) ) != p
                    dFALSE )
  2312                        ;                            {
  2313                        ;                                /* The task waiting has a higher priority so
  2314                        ;                                 *  record that a context switch is required. */
  2315                        ;                                if( pxHigherPriorityTaskWoken != NULL )
  2316                        ;                                {
  2317                        ;                                    *pxHigherPriorityTaskWoken = pdTRUE;
  2318                        ;                                }
  2319                        ;                                else
  2320                        ;                                {
  2321                        ;                                    mtCOVERAGE_TEST_MARKER();
  2322                        ;                                }
  2323                        ;                            }
  2324                        ;                            else
  2325                        ;                            {
  2326                        ;                                mtCOVERAGE_TEST_MARKER();
  2327                        ;                            }
  2328                        ;                        }
  2329                        ;                        else
  2330                        ;                        {
  2331                        ;                            mtCOVERAGE_TEST_MARKER();
  2332                        ;                        }
  2333                        ;                    }
  2334                        ;                }
  Sun Sep 20 2026 12:03                                                                                                    Page 42


  2335                        ;                #else /* configUSE_QUEUE_SETS */
  2336                        ;                {
  2337                        ;                    if( listLIST_IS_EMPTY( &( pxQueue->xTasksWaitingToReceive ) ) == pdFALSE )
  2338                        ;                    {
  2339 00:05FB: A0 22 00     	ldy	#$22
  2340 00:05FE: B7 09        	lda	[<L89+pxQueue_1],Y
  2341 00:0600: D0 05        	bne	L102
  2342 00:0602: A9 01 00     	lda	#$1
  2343 00:0605: 80 03        	bra	L104
  2344                        L102:
  2345 00:0607: A9 00 00     	lda	#$0
  2346                        L104:
  2347 00:060A: AA           	tax
  2348 00:060B: D0 52        	bne	L10113
  2349                        ;                        if( xTaskRemoveFromEventList( &( pxQueue->xTasksWaitingToReceive ) ) != pdFAL
                    SE )
  2350                        ;                        {
  2351 00:060D: A9 22 00     	lda	#$22
  2352 00:0610: 18           	clc
  2353 00:0611: 65 09        	adc	<L89+pxQueue_1
  2354 00:0613: 85 01        	sta	<R0
  2355 00:0615: A9 00 00     	lda	#$0
  2356 00:0618: 65 0B        	adc	<L89+pxQueue_1+2
  2357 00:061A: 48           	pha
  2358 00:061B: D4 01        	pei	<R0
  2359 00:061D: 20 xx xx     	jsr	_~xTaskRemoveFromEventList
  2360 00:0620: AA           	tax
  2361 00:0621: F0 3C        	beq	L10113
  2362                        ;                            /* The task waiting has a higher priority so record that a
  2363                        ;                             * context switch is required. */
  2364                        ;                            if( pxHigherPriorityTaskWoken != NULL )
  2365                        ;                            {
  2366 00:0623: A5 1C        	lda	<L88+pxHigherPriorityTaskWoken_0
  2367 00:0625: 05 1E        	ora	<L88+pxHigherPriorityTaskWoken_0+2
  2368 00:0627: F0 36        	beq	L10113
  2369                        ;                                *pxHigherPriorityTaskWoken = pdTRUE;
  2370 00:0629: A9 01 00     	lda	#$1
  2371 00:062C: 87 1C        	sta	[<L88+pxHigherPriorityTaskWoken_0]
  2372                        ;                            }
  2373                        ;                            else
  2374                        ;                    }
  2375                        ;                    else
  2376 00:062E: 80 2F        	bra	L10113
  2377                        ;                            {
  2378                        ;                                mtCOVERAGE_TEST_MARKER();
  2379                        ;                            }
  2380                        ;                        }
  2381                        ;                        else
  2382                        ;                        {
  2383                        ;                            mtCOVERAGE_TEST_MARKER();
  2384                        ;                        }
  2385                        ;                    {
  2386                        ;                        mtCOVERAGE_TEST_MARKER();
  2387                        ;                    }
  2388                        ;
  2389                        ;                    /* Not used in this path. */
  2390                        ;                    ( void ) uxPreviousMessagesWaiting;
  2391                        ;                }
  Sun Sep 20 2026 12:03                                                                                                    Page 43


  2392                        ;                #endif /* configUSE_QUEUE_SETS */
  2393                        ;            }
  2394                        ;            else
  2395                        ;            {
  2396                        ;                /* Increment the lock count so the task that unlocks the queue
  2397                        ;                 * knows that data was posted while it was locked. */
  2398                        ;                prvIncrementQueueTxLock( pxQueue, cTxLock );
  2399                        L10116:
  2400             0000000B   uxNumberOfTasks_3	set	11
  2401 00:0630: 20 xx xx     	jsr	_~uxTaskGetNumberOfTasks
  2402 00:0633: 85 10        	sta	<L89+uxNumberOfTasks_3
  2403 00:0635: A5 0D        	lda	<L89+cTxLock_2
  2404 00:0637: 29 FF 00     	and	#$ff
  2405 00:063A: 89 80 00     	bit	#$80
  2406 00:063D: F0 03        	beq	L108
  2407 00:063F: 09 00 FF     	ora	#$ff00
  2408                        L108:
  2409 00:0642: C5 10        	cmp	<L89+uxNumberOfTasks_3
  2410 00:0644: B0 19        	bcs	L10113
  2411 00:0646: E2 20        	sep	#$20
  2412                        	longa	off
  2413 00:0648: A5 0D        	lda	<L89+cTxLock_2
  2414 00:064A: C9 7F        	cmp	#<$7f
  2415 00:064C: C2 20        	rep	#$20
  2416                        	longa	on
  2417 00:064E: D0 03        	bne	L10118
  2418                        	asmstart
  2419 00:0650: 78           	sei
  2420                        	asmend
  2421                        L10119:
  2422 00:0651: 80 FE        	bra	L10119
  2423                        L10118:
  2424 00:0653: E2 20        	sep	#$20
  2425                        	longa	off
  2426 00:0655: A5 0D        	lda	<L89+cTxLock_2
  2427 00:0657: 1A           	ina
  2428 00:0658: A0 3B 00     	ldy	#$3b
  2429 00:065B: 97 09        	sta	[<L89+pxQueue_1],Y
  2430 00:065D: C2 20        	rep	#$20
  2431                        	longa	on
  2432                        ;            }
  2433                        L10113:
  2434                        ;
  2435                        ;            xReturn = pdPASS;
  2436 00:065F: A9 01 00     	lda	#$1
  2437 00:0662: 85 05        	sta	<L89+xReturn_1
  2438                        ;        }
  2439                        ;        else
  2440 00:0664: 80 02        	bra	L10122
  2441                        L10105:
  2442                        ;        {
  2443                        ;            traceQUEUE_SEND_FROM_ISR_FAILED( pxQueue );
  2444                        ;            xReturn = errQUEUE_FULL;
  2445 00:0666: 64 05        	stz	<L89+xReturn_1
  2446                        ;        }
  2447                        L10122:
  2448                        ;    }
  2449                        ;    taskEXIT_CRITICAL_FROM_ISR( uxSavedInterruptStatus );
  Sun Sep 20 2026 12:03                                                                                                    Page 44


  2450                        ;
  2451                        ;    traceRETURN_xQueueGenericSendFromISR( xReturn );
  2452                        ;
  2453                        ;    return xReturn;
  2454 00:0668: A5 05        	lda	<L89+xReturn_1
  2455 00:066A: A8           	tay
  2456 00:066B: A5 12        	lda	<L88+1
  2457 00:066D: 85 20        	sta	<L88+1+14
  2458 00:066F: 2B           	pld
  2459 00:0670: 3B           	tsc
  2460 00:0671: 18           	clc
  2461 00:0672: 69 1F 00     	adc	#L88+14
  2462 00:0675: 1B           	tcs
  2463 00:0676: 98           	tya
  2464 00:0677: 60           	rts
  2465                        ;}
  2466             00000011   L88	equ	17
  2467             00000005   L89	equ	5
  2468                        	ends
  2469                        	efunc
  2470                        ;/*-----------------------------------------------------------*/
  2471                        ;
  2472                        ;BaseType_t xQueueGiveFromISR( QueueHandle_t xQueue,
  2473                        ;                              BaseType_t * const pxHigherPriorityTaskWoken )
  2474                        ;{
  2475                        	code
  2476                        	xdef	_~xQueueGiveFromISR
  2477                        	func
  2478                        _~xQueueGiveFromISR:
  2479                        	longa	on
  2480                        	longi	on
  2481 00:0678: 3B           	tsc
  2482 00:0679: 38           	sec
  2483 00:067A: E9 11 00     	sbc	#L112
  2484 00:067D: 1B           	tcs
  2485 00:067E: 0B           	phd
  2486 00:067F: 5B           	tcd
  2487             00000003   xQueue_0	set	3
  2488             00000007   pxHigherPriorityTaskWoken_0	set	7
  2489                        ;    BaseType_t xReturn;
  2490                        ;    UBaseType_t uxSavedInterruptStatus;
  2491                        ;    Queue_t * const pxQueue = xQueue;
  2492                        ;
  2493                        ;    traceENTER_xQueueGiveFromISR( xQueue, pxHigherPriorityTaskWoken );
  2494             00000000   xReturn_1	set	0
  2495             00000002   uxSavedInterruptStatus_1	set	2
  2496             00000004   pxQueue_1	set	4
  2497 00:0680: A5 14        	lda	<L112+xQueue_0
  2498 00:0682: 85 09        	sta	<L113+pxQueue_1
  2499 00:0684: A5 16        	lda	<L112+xQueue_0+2
  2500 00:0686: 85 0B        	sta	<L113+pxQueue_1+2
  2501                        ;
  2502                        ;    /* Similar to xQueueGenericSendFromISR() but used with semaphores where the
  2503                        ;     * item size is 0.  Don't directly wake a task that was blocked on a queue
  2504                        ;     * read, instead return a flag to say whether a context switch is required or
  2505                        ;     * not (i.e. has a task with a higher priority than us been woken by this
  2506                        ;     * post). */
  2507                        ;
  Sun Sep 20 2026 12:03                                                                                                    Page 45


  2508                        ;    /* xQueueGenericSendFromISR() should be used instead of xQueueGiveFromISR()
  2509                        ;     * if the item size is not 0. */
  2510                        ;    configASSERT( ( pxQueue != NULL ) && ( pxQueue->uxItemSize == 0 ) );
  2511 00:0688: A5 09        	lda	<L113+pxQueue_1
  2512 00:068A: 05 0B        	ora	<L113+pxQueue_1+2
  2513 00:068C: F0 07        	beq	L114
  2514 00:068E: A0 38 00     	ldy	#$38
  2515 00:0691: B7 09        	lda	[<L113+pxQueue_1],Y
  2516 00:0693: F0 03        	beq	L10123
  2517                        L114:
  2518                        	asmstart
  2519 00:0695: 78           	sei
  2520                        	asmend
  2521                        L10124:
  2522 00:0696: 80 FE        	bra	L10124
  2523                        L10123:
  2524                        ;
  2525                        ;    /* Normally a mutex would not be given from an interrupt, especially if
  2526                        ;     * there is a mutex holder, as priority inheritance makes no sense for an
  2527                        ;     * interrupt, only tasks. */
  2528                        ;    configASSERT( ( pxQueue != NULL ) && !( ( pxQueue->uxQueueType == queueQUEUE_IS_MUTEX ) && ( pxQu
                    eue->u.xSemaphore.xMutexHolder != NULL ) ) );
  2529 00:0698: A5 09        	lda	<L113+pxQueue_1
  2530 00:069A: 05 0B        	ora	<L113+pxQueue_1+2
  2531 00:069C: F0 14        	beq	L117
  2532 00:069E: A7 09        	lda	[<L113+pxQueue_1]
  2533 00:06A0: A0 02 00     	ldy	#$2
  2534 00:06A3: 17 09        	ora	[<L113+pxQueue_1],Y
  2535 00:06A5: D0 0E        	bne	L10127
  2536 00:06A7: A0 08 00     	ldy	#$8
  2537 00:06AA: B7 09        	lda	[<L113+pxQueue_1],Y
  2538 00:06AC: C8           	iny
  2539 00:06AD: C8           	iny
  2540 00:06AE: 17 09        	ora	[<L113+pxQueue_1],Y
  2541 00:06B0: F0 03        	beq	L10127
  2542                        L117:
  2543                        	asmstart
  2544 00:06B2: 78           	sei
  2545                        	asmend
  2546                        L10128:
  2547 00:06B3: 80 FE        	bra	L10128
  2548                        L10127:
  2549                        ;
  2550                        ;    /* RTOS ports that support interrupt nesting have the concept of a maximum
  2551                        ;     * system call (or maximum API call) interrupt priority.  Interrupts that are
  2552                        ;     * above the maximum system call priority are kept permanently enabled, even
  2553                        ;     * when the RTOS kernel is in a critical section, but cannot make any calls to
  2554                        ;     * FreeRTOS API functions.  If configASSERT() is defined in FreeRTOSConfig.h
  2555                        ;     * then portASSERT_IF_INTERRUPT_PRIORITY_INVALID() will result in an assertion
  2556                        ;     * failure if a FreeRTOS API function is called from an interrupt that has been
  2557                        ;     * assigned a priority above the configured maximum system call priority.
  2558                        ;     * Only FreeRTOS functions that end in FromISR can be called from interrupts
  2559                        ;     * that have been assigned a priority at or (logically) below the maximum
  2560                        ;     * system call interrupt priority.  FreeRTOS maintains a separate interrupt
  2561                        ;     * safe API to ensure interrupt entry is as fast and as simple as possible.
  2562                        ;     * More information (albeit Cortex-M specific) is provided on the following
  2563                        ;     * link: https://www.FreeRTOS.org/RTOS-Cortex-M3-M4.html */
  2564                        ;    portASSERT_IF_INTERRUPT_PRIORITY_INVALID();
  Sun Sep 20 2026 12:03                                                                                                    Page 46


  2565                        ;
  2566                        ;    /* MISRA Ref 4.7.1 [Return value shall be checked] */
  2567                        ;    /* More details at: https://github.com/FreeRTOS/FreeRTOS-Kernel/blob/main/MISRA.md#dir-47 */
  2568                        ;    /* coverity[misra_c_2012_directive_4_7_violation] */
  2569                        ;    uxSavedInterruptStatus = ( UBaseType_t ) taskENTER_CRITICAL_FROM_ISR();
  2570 00:06B5: 64 07        	stz	<L113+uxSavedInterruptStatus_1
  2571                        ;    {
  2572                        ;        const UBaseType_t uxMessagesWaiting = pxQueue->uxMessagesWaiting;
  2573                        ;
  2574                        ;        /* When the queue is used to implement a semaphore no data is ever
  2575                        ;         * moved through the queue but it is still valid to see if the queue 'has
  2576                        ;         * space'. */
  2577                        ;        if( uxMessagesWaiting < pxQueue->uxLength )
  2578             00000008   uxMessagesWaiting_2	set	8
  2579 00:06B7: A0 34 00     	ldy	#$34
  2580 00:06BA: B7 09        	lda	[<L113+pxQueue_1],Y
  2581 00:06BC: 85 0D        	sta	<L113+uxMessagesWaiting_2
  2582                        ;        {
  2583 00:06BE: C8           	iny
  2584 00:06BF: C8           	iny
  2585 00:06C0: D7 09        	cmp	[<L113+pxQueue_1],Y
  2586 00:06C2: 90 03        	bcc	*+5
  2587 00:06C4: 82 88 00     	brl	L10131
  2588                        ;            const int8_t cTxLock = pxQueue->cTxLock;
  2589                        ;
  2590                        ;            traceQUEUE_SEND_FROM_ISR( pxQueue );
  2591             0000000A   cTxLock_3	set	10
  2592 00:06C7: E2 20        	sep	#$20
  2593                        	longa	off
  2594 00:06C9: A0 3B 00     	ldy	#$3b
  2595 00:06CC: B7 09        	lda	[<L113+pxQueue_1],Y
  2596 00:06CE: 85 0F        	sta	<L113+cTxLock_3
  2597 00:06D0: C2 20        	rep	#$20
  2598                        	longa	on
  2599                        ;
  2600                        ;            /* A task can only have an inherited priority if it is a mutex
  2601                        ;             * holder - and if there is a mutex holder then the mutex cannot be
  2602                        ;             * given from an ISR.  As this is the ISR version of the function it
  2603                        ;             * can be assumed there is no mutex holder and no need to determine if
  2604                        ;             * priority disinheritance is needed.  Simply increase the count of
  2605                        ;             * messages (semaphores) available. */
  2606                        ;            pxQueue->uxMessagesWaiting = ( UBaseType_t ) ( uxMessagesWaiting + ( UBaseType_t ) 1 );
  2607 00:06D2: A5 0D        	lda	<L113+uxMessagesWaiting_2
  2608 00:06D4: 1A           	ina
  2609 00:06D5: A0 34 00     	ldy	#$34
  2610 00:06D8: 97 09        	sta	[<L113+pxQueue_1],Y
  2611                        ;
  2612                        ;            /* The event list is not altered if the queue is locked.  This will
  2613                        ;             * be done when the queue is unlocked later. */
  2614                        ;            if( cTxLock == queueUNLOCKED )
  2615                        ;            {
  2616 00:06DA: E2 20        	sep	#$20
  2617                        	longa	off
  2618 00:06DC: A5 0F        	lda	<L113+cTxLock_3
  2619 00:06DE: C9 FF        	cmp	#<$ffffffff
  2620 00:06E0: C2 20        	rep	#$20
  2621                        	longa	on
  2622 00:06E2: D0 35        	bne	L10142
  Sun Sep 20 2026 12:03                                                                                                    Page 47


  2623                        ;                #if ( configUSE_QUEUE_SETS == 1 )
  2624                        ;                {
  2625                        ;                    if( pxQueue->pxQueueSetContainer != NULL )
  2626                        ;                    {
  2627                        ;                        if( prvNotifyQueueSetContainer( pxQueue ) != pdFALSE )
  2628                        ;                        {
  2629                        ;                            /* The semaphore is a member of a queue set, and
  2630                        ;                             * posting to the queue set caused a higher priority
  2631                        ;                             * task to unblock.  A context switch is required. */
  2632                        ;                            if( pxHigherPriorityTaskWoken != NULL )
  2633                        ;                            {
  2634                        ;                                *pxHigherPriorityTaskWoken = pdTRUE;
  2635                        ;                            }
  2636                        ;                            else
  2637                        ;                            {
  2638                        ;                                mtCOVERAGE_TEST_MARKER();
  2639                        ;                            }
  2640                        ;                        }
  2641                        ;                        else
  2642                        ;                        {
  2643                        ;                            mtCOVERAGE_TEST_MARKER();
  2644                        ;                        }
  2645                        ;                    }
  2646                        ;                    else
  2647                        ;                    {
  2648                        ;                        if( listLIST_IS_EMPTY( &( pxQueue->xTasksWaitingToReceive ) ) == pdFALSE )
  2649                        ;                        {
  2650                        ;                            if( xTaskRemoveFromEventList( &( pxQueue->xTasksWaitingToReceive ) ) != p
                    dFALSE )
  2651                        ;                            {
  2652                        ;                                /* The task waiting has a higher priority so
  2653                        ;                                 *  record that a context switch is required. */
  2654                        ;                                if( pxHigherPriorityTaskWoken != NULL )
  2655                        ;                                {
  2656                        ;                                    *pxHigherPriorityTaskWoken = pdTRUE;
  2657                        ;                                }
  2658                        ;                                else
  2659                        ;                                {
  2660                        ;                                    mtCOVERAGE_TEST_MARKER();
  2661                        ;                                }
  2662                        ;                            }
  2663                        ;                            else
  2664                        ;                            {
  2665                        ;                                mtCOVERAGE_TEST_MARKER();
  2666                        ;                            }
  2667                        ;                        }
  2668                        ;                        else
  2669                        ;                        {
  2670                        ;                            mtCOVERAGE_TEST_MARKER();
  2671                        ;                        }
  2672                        ;                    }
  2673                        ;                }
  2674                        ;                #else /* configUSE_QUEUE_SETS */
  2675                        ;                {
  2676                        ;                    if( listLIST_IS_EMPTY( &( pxQueue->xTasksWaitingToReceive ) ) == pdFALSE )
  2677                        ;                    {
  2678 00:06E4: A0 22 00     	ldy	#$22
  2679 00:06E7: B7 09        	lda	[<L113+pxQueue_1],Y
  Sun Sep 20 2026 12:03                                                                                                    Page 48


  2680 00:06E9: D0 05        	bne	L123
  2681 00:06EB: A9 01 00     	lda	#$1
  2682 00:06EE: 80 03        	bra	L125
  2683                        L123:
  2684 00:06F0: A9 00 00     	lda	#$0
  2685                        L125:
  2686 00:06F3: AA           	tax
  2687 00:06F4: D0 52        	bne	L10139
  2688                        ;                        if( xTaskRemoveFromEventList( &( pxQueue->xTasksWaitingToReceive ) ) != pdFAL
                    SE )
  2689                        ;                        {
  2690 00:06F6: A9 22 00     	lda	#$22
  2691 00:06F9: 18           	clc
  2692 00:06FA: 65 09        	adc	<L113+pxQueue_1
  2693 00:06FC: 85 01        	sta	<R0
  2694 00:06FE: A9 00 00     	lda	#$0
  2695 00:0701: 65 0B        	adc	<L113+pxQueue_1+2
  2696 00:0703: 48           	pha
  2697 00:0704: D4 01        	pei	<R0
  2698 00:0706: 20 xx xx     	jsr	_~xTaskRemoveFromEventList
  2699 00:0709: AA           	tax
  2700 00:070A: F0 3C        	beq	L10139
  2701                        ;                            /* The task waiting has a higher priority so record that a
  2702                        ;                             * context switch is required. */
  2703                        ;                            if( pxHigherPriorityTaskWoken != NULL )
  2704                        ;                            {
  2705 00:070C: A5 18        	lda	<L112+pxHigherPriorityTaskWoken_0
  2706 00:070E: 05 1A        	ora	<L112+pxHigherPriorityTaskWoken_0+2
  2707 00:0710: F0 36        	beq	L10139
  2708                        ;                                *pxHigherPriorityTaskWoken = pdTRUE;
  2709 00:0712: A9 01 00     	lda	#$1
  2710 00:0715: 87 18        	sta	[<L112+pxHigherPriorityTaskWoken_0]
  2711                        ;                            }
  2712                        ;                            else
  2713                        ;                    }
  2714                        ;                    else
  2715 00:0717: 80 2F        	bra	L10139
  2716                        ;                            {
  2717                        ;                                mtCOVERAGE_TEST_MARKER();
  2718                        ;                            }
  2719                        ;                        }
  2720                        ;                        else
  2721                        ;                        {
  2722                        ;                            mtCOVERAGE_TEST_MARKER();
  2723                        ;                        }
  2724                        ;                    {
  2725                        ;                        mtCOVERAGE_TEST_MARKER();
  2726                        ;                    }
  2727                        ;                }
  2728                        ;                #endif /* configUSE_QUEUE_SETS */
  2729                        ;            }
  2730                        ;            else
  2731                        ;            {
  2732                        ;                /* Increment the lock count so the task that unlocks the queue
  2733                        ;                 * knows that data was posted while it was locked. */
  2734                        ;                prvIncrementQueueTxLock( pxQueue, cTxLock );
  2735                        L10142:
  2736             0000000B   uxNumberOfTasks_4	set	11
  Sun Sep 20 2026 12:03                                                                                                    Page 49


  2737 00:0719: 20 xx xx     	jsr	_~uxTaskGetNumberOfTasks
  2738 00:071C: 85 10        	sta	<L113+uxNumberOfTasks_4
  2739 00:071E: A5 0F        	lda	<L113+cTxLock_3
  2740 00:0720: 29 FF 00     	and	#$ff
  2741 00:0723: 89 80 00     	bit	#$80
  2742 00:0726: F0 03        	beq	L129
  2743 00:0728: 09 00 FF     	ora	#$ff00
  2744                        L129:
  2745 00:072B: C5 10        	cmp	<L113+uxNumberOfTasks_4
  2746 00:072D: B0 19        	bcs	L10139
  2747 00:072F: E2 20        	sep	#$20
  2748                        	longa	off
  2749 00:0731: A5 0F        	lda	<L113+cTxLock_3
  2750 00:0733: C9 7F        	cmp	#<$7f
  2751 00:0735: C2 20        	rep	#$20
  2752                        	longa	on
  2753 00:0737: D0 03        	bne	L10144
  2754                        	asmstart
  2755 00:0739: 78           	sei
  2756                        	asmend
  2757                        L10145:
  2758 00:073A: 80 FE        	bra	L10145
  2759                        L10144:
  2760 00:073C: E2 20        	sep	#$20
  2761                        	longa	off
  2762 00:073E: A5 0F        	lda	<L113+cTxLock_3
  2763 00:0740: 1A           	ina
  2764 00:0741: A0 3B 00     	ldy	#$3b
  2765 00:0744: 97 09        	sta	[<L113+pxQueue_1],Y
  2766 00:0746: C2 20        	rep	#$20
  2767                        	longa	on
  2768                        ;            }
  2769                        L10139:
  2770                        ;
  2771                        ;            xReturn = pdPASS;
  2772 00:0748: A9 01 00     	lda	#$1
  2773 00:074B: 85 05        	sta	<L113+xReturn_1
  2774                        ;        }
  2775                        ;        else
  2776 00:074D: 80 02        	bra	L10148
  2777                        L10131:
  2778                        ;        {
  2779                        ;            traceQUEUE_SEND_FROM_ISR_FAILED( pxQueue );
  2780                        ;            xReturn = errQUEUE_FULL;
  2781 00:074F: 64 05        	stz	<L113+xReturn_1
  2782                        ;        }
  2783                        L10148:
  2784                        ;    }
  2785                        ;    taskEXIT_CRITICAL_FROM_ISR( uxSavedInterruptStatus );
  2786                        ;
  2787                        ;    traceRETURN_xQueueGiveFromISR( xReturn );
  2788                        ;
  2789                        ;    return xReturn;
  2790 00:0751: A5 05        	lda	<L113+xReturn_1
  2791 00:0753: A8           	tay
  2792 00:0754: A5 12        	lda	<L112+1
  2793 00:0756: 85 1A        	sta	<L112+1+8
  2794 00:0758: 2B           	pld
  Sun Sep 20 2026 12:03                                                                                                    Page 50


  2795 00:0759: 3B           	tsc
  2796 00:075A: 18           	clc
  2797 00:075B: 69 19 00     	adc	#L112+8
  2798 00:075E: 1B           	tcs
  2799 00:075F: 98           	tya
  2800 00:0760: 60           	rts
  2801                        ;}
  2802             00000011   L112	equ	17
  2803             00000005   L113	equ	5
  2804                        	ends
  2805                        	efunc
  2806                        ;/*-----------------------------------------------------------*/
  2807                        ;
  2808                        ;BaseType_t xQueueReceive( QueueHandle_t xQueue,
  2809                        ;                          void * const pvBuffer,
  2810                        ;                          TickType_t xTicksToWait )
  2811                        ;{
  2812                        	code
  2813                        	xdef	_~xQueueReceive
  2814                        	func
  2815                        _~xQueueReceive:
  2816                        	longa	on
  2817                        	longi	on
  2818 00:0761: 3B           	tsc
  2819 00:0762: 38           	sec
  2820 00:0763: E9 12 00     	sbc	#L133
  2821 00:0766: 1B           	tcs
  2822 00:0767: 0B           	phd
  2823 00:0768: 5B           	tcd
  2824             00000003   xQueue_0	set	3
  2825             00000007   pvBuffer_0	set	7
  2826             0000000B   xTicksToWait_0	set	11
  2827                        ;    BaseType_t xEntryTimeSet = pdFALSE;
  2828                        ;    TimeOut_t xTimeOut;
  2829                        ;    Queue_t * const pxQueue = xQueue;
  2830                        ;
  2831                        ;    traceENTER_xQueueReceive( xQueue, pvBuffer, xTicksToWait );
  2832             00000000   xEntryTimeSet_1	set	0
  2833             00000002   xTimeOut_1	set	2
  2834             00000008   pxQueue_1	set	8
  2835 00:0769: 64 05        	stz	<L134+xEntryTimeSet_1
  2836 00:076B: A5 15        	lda	<L133+xQueue_0
  2837 00:076D: 85 0D        	sta	<L134+pxQueue_1
  2838 00:076F: A5 17        	lda	<L133+xQueue_0+2
  2839 00:0771: 85 0F        	sta	<L134+pxQueue_1+2
  2840                        ;
  2841                        ;    /* Check the pointer is not NULL. */
  2842                        ;    configASSERT( ( pxQueue ) );
  2843 00:0773: A5 0D        	lda	<L134+pxQueue_1
  2844 00:0775: 05 0F        	ora	<L134+pxQueue_1+2
  2845 00:0777: D0 03        	bne	L10149
  2846                        	asmstart
  2847 00:0779: 78           	sei
  2848                        	asmend
  2849                        L10150:
  2850 00:077A: 80 FE        	bra	L10150
  2851                        L10149:
  2852                        ;
  Sun Sep 20 2026 12:03                                                                                                    Page 51


  2853                        ;    /* The buffer into which data is received can only be NULL if the data size
  2854                        ;     * is zero (so no data is copied into the buffer). */
  2855                        ;    configASSERT( !( ( ( pvBuffer ) == NULL ) && ( ( pxQueue )->uxItemSize != ( UBaseType_t ) 0U ) ) 
                    );
  2856 00:077C: A5 19        	lda	<L133+pvBuffer_0
  2857 00:077E: 05 1B        	ora	<L133+pvBuffer_0+2
  2858 00:0780: D0 0A        	bne	L10153
  2859 00:0782: A0 38 00     	ldy	#$38
  2860 00:0785: B7 0D        	lda	[<L134+pxQueue_1],Y
  2861 00:0787: F0 03        	beq	L10153
  2862                        	asmstart
  2863 00:0789: 78           	sei
  2864                        	asmend
  2865                        L10154:
  2866 00:078A: 80 FE        	bra	L10154
  2867                        L10153:
  2868                        ;
  2869                        ;    /* Cannot block if the scheduler is suspended. */
  2870                        ;    #if ( ( INCLUDE_xTaskGetSchedulerState == 1 ) || ( configUSE_TIMERS == 1 ) )
  2871                        ;    {
  2872                        ;        configASSERT( !( ( xTaskGetSchedulerState() == taskSCHEDULER_SUSPENDED ) && ( xTicksToWait !=
                     0 ) ) );
  2873 00:078C: 20 xx xx     	jsr	_~xTaskGetSchedulerState
  2874 00:078F: AA           	tax
  2875 00:0790: F0 03        	beq	*+5
  2876 00:0792: 82 E8 00     	brl	L10163
  2877 00:0795: A5 1D        	lda	<L133+xTicksToWait_0
  2878 00:0797: 05 1F        	ora	<L133+xTicksToWait_0+2
  2879 00:0799: D0 03        	bne	*+5
  2880 00:079B: 82 DF 00     	brl	L10163
  2881                        	asmstart
  2882 00:079E: 78           	sei
  2883                        	asmend
  2884                        L10158:
  2885 00:079F: 80 FE        	bra	L10158
  2886                        ;    }
  2887                        ;    #endif
  2888                        ;
  2889                        ;    for( ; ; )
  2890                        L141:
  2891 00:07A1: A9 00 00     	lda	#$0
  2892                        L143:
  2893 00:07A4: AA           	tax
  2894 00:07A5: D0 1A        	bne	L10168
  2895                        ;                    if( xTaskRemoveFromEventList( &( pxQueue->xTasksWaitingToSend ) ) != pdFALSE )
  2896                        ;                    {
  2897 00:07A7: A9 10 00     	lda	#$10
  2898 00:07AA: 18           	clc
  2899 00:07AB: 65 0D        	adc	<L134+pxQueue_1
  2900 00:07AD: 85 01        	sta	<R0
  2901 00:07AF: A9 00 00     	lda	#$0
  2902 00:07B2: 65 0F        	adc	<L134+pxQueue_1+2
  2903 00:07B4: 48           	pha
  2904 00:07B5: D4 01        	pei	<R0
  2905 00:07B7: 20 xx xx     	jsr	_~xTaskRemoveFromEventList
  2906 00:07BA: AA           	tax
  2907 00:07BB: F0 04        	beq	L10168
  2908                        ;                        queueYIELD_IF_USING_PREEMPTION();
  Sun Sep 20 2026 12:03                                                                                                    Page 52


  2909 00:07BD: 22 xx xx xx  	jsl	_~vPortYield
  2910                        ;                    }
  2911                        ;                    else
  2912                        L10168:
  2913                        ;
  2914                        ;                taskEXIT_CRITICAL();
  2915                        	asmstart
  2916 00:07C1: 58           	cli
  2917                        	asmend
  2918                        ;
  2919                        ;                traceRETURN_xQueueReceive( pdPASS );
  2920                        ;
  2921                        ;                return pdPASS;
  2922 00:07C2: A9 01 00     	lda	#$1
  2923 00:07C5: 80 04        	bra	L146
  2924                        L20006:
  2925                        ;                    /* The queue was empty and no block time is specified (or
  2926                        ;                     * the block time has expired) so leave now. */
  2927                        ;                    taskEXIT_CRITICAL();
  2928                        	asmstart
  2929 00:07C7: 58           	cli
  2930                        	asmend
  2931                        ;
  2932                        ;                    traceQUEUE_RECEIVE_FAILED( pxQueue );
  2933                        ;                    traceRETURN_xQueueReceive( errQUEUE_EMPTY );
  2934                        ;
  2935                        ;                    return errQUEUE_EMPTY;
  2936                        L20007:
  2937 00:07C8: A9 00 00     	lda	#$0
  2938                        L146:
  2939 00:07CB: A8           	tay
  2940 00:07CC: A5 13        	lda	<L133+1
  2941 00:07CE: 85 1F        	sta	<L133+1+12
  2942 00:07D0: 2B           	pld
  2943 00:07D1: 3B           	tsc
  2944 00:07D2: 18           	clc
  2945 00:07D3: 69 1E 00     	adc	#L133+12
  2946 00:07D6: 1B           	tcs
  2947 00:07D7: 98           	tya
  2948 00:07D8: 60           	rts
  2949                        ;                    {
  2950                        ;                        mtCOVERAGE_TEST_MARKER();
  2951                        ;                    }
  2952                        ;                }
  2953                        ;                else
  2954                        ;                {
  2955                        ;                    mtCOVERAGE_TEST_MARKER();
  2956                        ;                }
  2957                        ;            }
  2958                        ;            else
  2959                        L10164:
  2960                        ;            {
  2961                        ;                if( xTicksToWait == ( TickType_t ) 0 )
  2962                        ;                {
  2963 00:07D9: A5 1D        	lda	<L133+xTicksToWait_0
  2964 00:07DB: 05 1F        	ora	<L133+xTicksToWait_0+2
  2965 00:07DD: F0 E8        	beq	L20006
  2966                        ;                }
  Sun Sep 20 2026 12:03                                                                                                    Page 53


  2967                        ;                else if( xEntryTimeSet == pdFALSE )
  2968                        ;                {
  2969 00:07DF: A5 05        	lda	<L134+xEntryTimeSet_1
  2970 00:07E1: D0 11        	bne	L10171
  2971                        ;                    /* The queue was empty and a block time was specified so
  2972                        ;                     * configure the timeout structure. */
  2973                        ;                    vTaskInternalSetTimeOutState( &xTimeOut );
  2974 00:07E3: F4 00 00     	pea	#0
  2975 00:07E6: 18           	clc
  2976 00:07E7: 7B           	tdc
  2977 00:07E8: 69 07 00     	adc	#<L134+xTimeOut_1
  2978 00:07EB: 48           	pha
  2979 00:07EC: 20 xx xx     	jsr	_~vTaskInternalSetTimeOutState
  2980                        ;                    xEntryTimeSet = pdTRUE;
  2981 00:07EF: A9 01 00     	lda	#$1
  2982 00:07F2: 85 05        	sta	<L134+xEntryTimeSet_1
  2983                        ;                }
  2984                        ;                else
  2985                        ;                {
  2986                        ;                    /* Entry time was already set. */
  2987                        ;                    mtCOVERAGE_TEST_MARKER();
  2988                        ;                }
  2989                        L10171:
  2990                        ;            }
  2991                        ;        }
  2992                        ;        taskEXIT_CRITICAL();
  2993                        	asmstart
  2994 00:07F4: 58           	cli
  2995                        	asmend
  2996                        ;
  2997                        ;        /* Interrupts and other tasks can send to and receive from the queue
  2998                        ;         * now the critical section has been exited. */
  2999                        ;
  3000                        ;        vTaskSuspendAll();
  3001 00:07F5: 20 xx xx     	jsr	_~vTaskSuspendAll
  3002                        ;        prvLockQueue( pxQueue );
  3003                        	asmstart
  3004 00:07F8: 78           	sei
  3005                        	asmend
  3006 00:07F9: E2 20        	sep	#$20
  3007                        	longa	off
  3008 00:07FB: A0 3A 00     	ldy	#$3a
  3009 00:07FE: B7 0D        	lda	[<L134+pxQueue_1],Y
  3010 00:0800: C9 FF        	cmp	#<$ffffffff
  3011 00:0802: C2 20        	rep	#$20
  3012                        	longa	on
  3013 00:0804: D0 08        	bne	L10172
  3014 00:0806: E2 20        	sep	#$20
  3015                        	longa	off
  3016 00:0808: A9 00        	lda	#$0
  3017 00:080A: 97 0D        	sta	[<L134+pxQueue_1],Y
  3018 00:080C: C2 20        	rep	#$20
  3019                        	longa	on
  3020                        L10172:
  3021 00:080E: E2 20        	sep	#$20
  3022                        	longa	off
  3023 00:0810: A0 3B 00     	ldy	#$3b
  3024 00:0813: B7 0D        	lda	[<L134+pxQueue_1],Y
  Sun Sep 20 2026 12:03                                                                                                    Page 54


  3025 00:0815: C9 FF        	cmp	#<$ffffffff
  3026 00:0817: C2 20        	rep	#$20
  3027                        	longa	on
  3028 00:0819: D0 08        	bne	L10173
  3029 00:081B: E2 20        	sep	#$20
  3030                        	longa	off
  3031 00:081D: A9 00        	lda	#$0
  3032 00:081F: 97 0D        	sta	[<L134+pxQueue_1],Y
  3033 00:0821: C2 20        	rep	#$20
  3034                        	longa	on
  3035                        L10173:
  3036                        	asmstart
  3037 00:0823: 58           	cli
  3038                        	asmend
  3039                        ;
  3040                        ;        /* Update the timeout state to see if it has expired yet. */
  3041                        ;        if( xTaskCheckForTimeOut( &xTimeOut, &xTicksToWait ) == pdFALSE )
  3042                        ;        {
  3043 00:0824: F4 00 00     	pea	#0
  3044 00:0827: 18           	clc
  3045 00:0828: 7B           	tdc
  3046 00:0829: 69 1D 00     	adc	#<L133+xTicksToWait_0
  3047 00:082C: 48           	pha
  3048 00:082D: F4 00 00     	pea	#0
  3049 00:0830: 18           	clc
  3050 00:0831: 7B           	tdc
  3051 00:0832: 69 07 00     	adc	#<L134+xTimeOut_1
  3052 00:0835: 48           	pha
  3053 00:0836: 20 xx xx     	jsr	_~xTaskCheckForTimeOut
  3054 00:0839: AA           	tax
  3055 00:083A: F0 03        	beq	*+5
  3056 00:083C: 82 76 00     	brl	L10174
  3057                        ;            /* The timeout has not expired.  If the queue is still empty place
  3058                        ;             * the task on the list of tasks waiting to receive from the queue. */
  3059                        ;            if( prvIsQueueEmpty( pxQueue ) != pdFALSE )
  3060                        ;            {
  3061 00:083F: D4 0F        	pei	<L134+pxQueue_1+2
  3062 00:0841: D4 0D        	pei	<L134+pxQueue_1
  3063 00:0843: 20 xx xx     	jsr	_~prvIsQueueEmpty
  3064 00:0846: AA           	tax
  3065 00:0847: F0 2A        	beq	L10175
  3066                        ;                traceBLOCKING_ON_QUEUE_RECEIVE( pxQueue );
  3067                        ;                vTaskPlaceOnEventList( &( pxQueue->xTasksWaitingToReceive ), xTicksToWait );
  3068 00:0849: D4 1F        	pei	<L133+xTicksToWait_0+2
  3069 00:084B: D4 1D        	pei	<L133+xTicksToWait_0
  3070 00:084D: A9 22 00     	lda	#$22
  3071 00:0850: 18           	clc
  3072 00:0851: 65 0D        	adc	<L134+pxQueue_1
  3073 00:0853: 85 01        	sta	<R0
  3074 00:0855: A9 00 00     	lda	#$0
  3075 00:0858: 65 0F        	adc	<L134+pxQueue_1+2
  3076 00:085A: 48           	pha
  3077 00:085B: D4 01        	pei	<R0
  3078 00:085D: 20 xx xx     	jsr	_~vTaskPlaceOnEventList
  3079                        ;                prvUnlockQueue( pxQueue );
  3080 00:0860: D4 0F        	pei	<L134+pxQueue_1+2
  3081 00:0862: D4 0D        	pei	<L134+pxQueue_1
  3082 00:0864: 20 xx xx     	jsr	_~prvUnlockQueue
  Sun Sep 20 2026 12:03                                                                                                    Page 55


  3083                        ;
  3084                        ;                if( xTaskResumeAll() == pdFALSE )
  3085                        ;                {
  3086 00:0867: 20 xx xx     	jsr	_~xTaskResumeAll
  3087 00:086A: AA           	tax
  3088 00:086B: D0 10        	bne	L10163
  3089                        ;                    taskYIELD_WITHIN_API();
  3090 00:086D: 22 xx xx xx  	jsl	_~vPortYield
  3091                        ;                }
  3092                        ;                else
  3093 00:0871: 80 0A        	bra	L10163
  3094                        ;                {
  3095                        ;                    mtCOVERAGE_TEST_MARKER();
  3096                        ;                }
  3097                        L10175:
  3098                        ;            {
  3099                        ;                /* The queue contains data again.  Loop back to try and read the
  3100                        ;                 * data. */
  3101                        ;                prvUnlockQueue( pxQueue );
  3102 00:0873: D4 0F        	pei	<L134+pxQueue_1+2
  3103 00:0875: D4 0D        	pei	<L134+pxQueue_1
  3104 00:0877: 20 xx xx     	jsr	_~prvUnlockQueue
  3105                        ;                ( void ) xTaskResumeAll();
  3106 00:087A: 20 xx xx     	jsr	_~xTaskResumeAll
  3107                        ;            }
  3108                        ;        }
  3109                        ;        else
  3110                        ;            }
  3111                        ;            else
  3112                        L10163:
  3113                        ;    {
  3114                        ;        taskENTER_CRITICAL();
  3115                        	asmstart
  3116 00:087D: 78           	sei
  3117                        	asmend
  3118                        ;        {
  3119                        ;            const UBaseType_t uxMessagesWaiting = pxQueue->uxMessagesWaiting;
  3120                        ;
  3121                        ;            /* Is there data in the queue now?  To be running the calling task
  3122                        ;             * must be the highest priority task wanting to access the queue. */
  3123                        ;            if( uxMessagesWaiting > ( UBaseType_t ) 0 )
  3124             0000000C   uxMessagesWaiting_2	set	12
  3125 00:087E: A0 34 00     	ldy	#$34
  3126 00:0881: B7 0D        	lda	[<L134+pxQueue_1],Y
  3127 00:0883: 85 11        	sta	<L134+uxMessagesWaiting_2
  3128                        ;            {
  3129 00:0885: A9 00 00     	lda	#$0
  3130 00:0888: C5 11        	cmp	<L134+uxMessagesWaiting_2
  3131 00:088A: 90 03        	bcc	*+5
  3132 00:088C: 82 4A FF     	brl	L10164
  3133                        ;                /* Data available, remove one item. */
  3134                        ;                prvCopyDataFromQueue( pxQueue, pvBuffer );
  3135 00:088F: D4 1B        	pei	<L133+pvBuffer_0+2
  3136 00:0891: D4 19        	pei	<L133+pvBuffer_0
  3137 00:0893: D4 0F        	pei	<L134+pxQueue_1+2
  3138 00:0895: D4 0D        	pei	<L134+pxQueue_1
  3139 00:0897: 20 xx xx     	jsr	_~prvCopyDataFromQueue
  3140                        ;                traceQUEUE_RECEIVE( pxQueue );
  Sun Sep 20 2026 12:03                                                                                                    Page 56


  3141                        ;                pxQueue->uxMessagesWaiting = ( UBaseType_t ) ( uxMessagesWaiting - ( UBaseType_t ) 1 
                    );
  3142 00:089A: A9 FF FF     	lda	#$ffff
  3143 00:089D: 18           	clc
  3144 00:089E: 65 11        	adc	<L134+uxMessagesWaiting_2
  3145 00:08A0: A0 34 00     	ldy	#$34
  3146 00:08A3: 97 0D        	sta	[<L134+pxQueue_1],Y
  3147                        ;
  3148                        ;                /* There is now space in the queue, were any tasks waiting to
  3149                        ;                 * post to the queue?  If so, unblock the highest priority waiting
  3150                        ;                 * task. */
  3151                        ;                if( listLIST_IS_EMPTY( &( pxQueue->xTasksWaitingToSend ) ) == pdFALSE )
  3152                        ;                {
  3153 00:08A5: A0 10 00     	ldy	#$10
  3154 00:08A8: B7 0D        	lda	[<L134+pxQueue_1],Y
  3155 00:08AA: F0 03        	beq	*+5
  3156 00:08AC: 82 F2 FE     	brl	L141
  3157 00:08AF: A9 01 00     	lda	#$1
  3158 00:08B2: 82 EF FE     	brl	L143
  3159                        L10174:
  3160                        ;        {
  3161                        ;            /* Timed out.  If there is no data in the queue exit, otherwise loop
  3162                        ;             * back and attempt to read the data. */
  3163                        ;            prvUnlockQueue( pxQueue );
  3164 00:08B5: D4 0F        	pei	<L134+pxQueue_1+2
  3165 00:08B7: D4 0D        	pei	<L134+pxQueue_1
  3166 00:08B9: 20 xx xx     	jsr	_~prvUnlockQueue
  3167                        ;            ( void ) xTaskResumeAll();
  3168 00:08BC: 20 xx xx     	jsr	_~xTaskResumeAll
  3169                        ;
  3170                        ;            if( prvIsQueueEmpty( pxQueue ) != pdFALSE )
  3171                        ;            {
  3172 00:08BF: D4 0F        	pei	<L134+pxQueue_1+2
  3173 00:08C1: D4 0D        	pei	<L134+pxQueue_1
  3174 00:08C3: 20 xx xx     	jsr	_~prvIsQueueEmpty
  3175 00:08C6: AA           	tax
  3176 00:08C7: F0 B4        	beq	L10163
  3177                        ;                traceQUEUE_RECEIVE_FAILED( pxQueue );
  3178                        ;                traceRETURN_xQueueReceive( errQUEUE_EMPTY );
  3179                        ;
  3180                        ;                return errQUEUE_EMPTY;
  3181 00:08C9: 82 FC FE     	brl	L20007
  3182                        ;            }
  3183                        ;            else
  3184                        ;            {
  3185                        ;                mtCOVERAGE_TEST_MARKER();
  3186                        ;            }
  3187                        ;        }
  3188                        ;    }
  3189                        ;}
  3190             00000012   L133	equ	18
  3191             00000005   L134	equ	5
  3192                        	ends
  3193                        	efunc
  3194                        ;/*-----------------------------------------------------------*/
  3195                        ;
  3196                        ;BaseType_t xQueueSemaphoreTake( QueueHandle_t xQueue,
  3197                        ;                                TickType_t xTicksToWait )
  Sun Sep 20 2026 12:03                                                                                                    Page 57


  3198                        ;{
  3199                        	code
  3200                        	xdef	_~xQueueSemaphoreTake
  3201                        	func
  3202                        _~xQueueSemaphoreTake:
  3203                        	longa	on
  3204                        	longi	on
  3205 00:08CC: 3B           	tsc
  3206 00:08CD: 38           	sec
  3207 00:08CE: E9 14 00     	sbc	#L155
  3208 00:08D1: 1B           	tcs
  3209 00:08D2: 0B           	phd
  3210 00:08D3: 5B           	tcd
  3211             00000003   xQueue_0	set	3
  3212             00000007   xTicksToWait_0	set	7
  3213                        ;    BaseType_t xEntryTimeSet = pdFALSE;
  3214                        ;    TimeOut_t xTimeOut;
  3215                        ;    Queue_t * const pxQueue = xQueue;
  3216                        ;
  3217                        ;    #if ( configUSE_MUTEXES == 1 )
  3218                        ;        BaseType_t xInheritanceOccurred = pdFALSE;
  3219                        ;    #endif
  3220                        ;
  3221                        ;    traceENTER_xQueueSemaphoreTake( xQueue, xTicksToWait );
  3222             00000000   xEntryTimeSet_1	set	0
  3223             00000002   xTimeOut_1	set	2
  3224             00000008   pxQueue_1	set	8
  3225             0000000C   xInheritanceOccurred_1	set	12
  3226 00:08D4: 64 05        	stz	<L156+xEntryTimeSet_1
  3227 00:08D6: A5 17        	lda	<L155+xQueue_0
  3228 00:08D8: 85 0D        	sta	<L156+pxQueue_1
  3229 00:08DA: A5 19        	lda	<L155+xQueue_0+2
  3230 00:08DC: 85 0F        	sta	<L156+pxQueue_1+2
  3231 00:08DE: 64 11        	stz	<L156+xInheritanceOccurred_1
  3232                        ;
  3233                        ;    /* Check the queue pointer is not NULL. */
  3234                        ;    configASSERT( ( pxQueue ) );
  3235 00:08E0: A5 0D        	lda	<L156+pxQueue_1
  3236 00:08E2: 05 0F        	ora	<L156+pxQueue_1+2
  3237 00:08E4: D0 03        	bne	L10181
  3238                        	asmstart
  3239 00:08E6: 78           	sei
  3240                        	asmend
  3241                        L10182:
  3242 00:08E7: 80 FE        	bra	L10182
  3243                        L10181:
  3244                        ;
  3245                        ;    /* Check this really is a semaphore, in which case the item size will be
  3246                        ;     * 0. */
  3247                        ;    configASSERT( pxQueue->uxItemSize == 0 );
  3248 00:08E9: A0 38 00     	ldy	#$38
  3249 00:08EC: B7 0D        	lda	[<L156+pxQueue_1],Y
  3250 00:08EE: F0 03        	beq	L10185
  3251                        	asmstart
  3252 00:08F0: 78           	sei
  3253                        	asmend
  3254                        L10186:
  3255 00:08F1: 80 FE        	bra	L10186
  Sun Sep 20 2026 12:03                                                                                                    Page 58


  3256                        L10185:
  3257                        ;
  3258                        ;    /* Cannot block if the scheduler is suspended. */
  3259                        ;    #if ( ( INCLUDE_xTaskGetSchedulerState == 1 ) || ( configUSE_TIMERS == 1 ) )
  3260                        ;    {
  3261                        ;        configASSERT( !( ( xTaskGetSchedulerState() == taskSCHEDULER_SUSPENDED ) && ( xTicksToWait !=
                     0 ) ) );
  3262 00:08F3: 20 xx xx     	jsr	_~xTaskGetSchedulerState
  3263 00:08F6: AA           	tax
  3264 00:08F7: F0 03        	beq	*+5
  3265 00:08F9: 82 03 01     	brl	L10195
  3266 00:08FC: A5 1B        	lda	<L155+xTicksToWait_0
  3267 00:08FE: 05 1D        	ora	<L155+xTicksToWait_0+2
  3268 00:0900: D0 03        	bne	*+5
  3269 00:0902: 82 FA 00     	brl	L10195
  3270                        	asmstart
  3271 00:0905: 78           	sei
  3272                        	asmend
  3273                        L10190:
  3274 00:0906: 80 FE        	bra	L10190
  3275                        ;    }
  3276                        ;    #endif
  3277                        ;
  3278                        ;    for( ; ; )
  3279                        L163:
  3280 00:0908: A9 00 00     	lda	#$0
  3281                        L165:
  3282 00:090B: AA           	tax
  3283 00:090C: D0 1A        	bne	L10202
  3284                        ;                    if( xTaskRemoveFromEventList( &( pxQueue->xTasksWaitingToSend ) ) != pdFALSE )
  3285                        ;                    {
  3286 00:090E: A9 10 00     	lda	#$10
  3287 00:0911: 18           	clc
  3288 00:0912: 65 0D        	adc	<L156+pxQueue_1
  3289 00:0914: 85 01        	sta	<R0
  3290 00:0916: A9 00 00     	lda	#$0
  3291 00:0919: 65 0F        	adc	<L156+pxQueue_1+2
  3292 00:091B: 48           	pha
  3293 00:091C: D4 01        	pei	<R0
  3294 00:091E: 20 xx xx     	jsr	_~xTaskRemoveFromEventList
  3295 00:0921: AA           	tax
  3296 00:0922: F0 04        	beq	L10202
  3297                        ;                        queueYIELD_IF_USING_PREEMPTION();
  3298 00:0924: 22 xx xx xx  	jsl	_~vPortYield
  3299                        ;                    }
  3300                        ;                    else
  3301                        L10202:
  3302                        ;
  3303                        ;                taskEXIT_CRITICAL();
  3304                        	asmstart
  3305 00:0928: 58           	cli
  3306                        	asmend
  3307                        ;
  3308                        ;                traceRETURN_xQueueSemaphoreTake( pdPASS );
  3309                        ;
  3310                        ;                return pdPASS;
  3311 00:0929: A9 01 00     	lda	#$1
  3312 00:092C: 80 04        	bra	L168
  Sun Sep 20 2026 12:03                                                                                                    Page 59


  3313                        L20009:
  3314                        ;                    /* The semaphore count was 0 and no block time is specified
  3315                        ;                     * (or the block time has expired) so exit now. */
  3316                        ;                    taskEXIT_CRITICAL();
  3317                        	asmstart
  3318 00:092E: 58           	cli
  3319                        	asmend
  3320                        ;
  3321                        ;                    traceQUEUE_RECEIVE_FAILED( pxQueue );
  3322                        ;                    traceRETURN_xQueueSemaphoreTake( errQUEUE_EMPTY );
  3323                        ;
  3324                        ;                    return errQUEUE_EMPTY;
  3325                        L20010:
  3326 00:092F: A9 00 00     	lda	#$0
  3327                        L168:
  3328 00:0932: A8           	tay
  3329 00:0933: A5 15        	lda	<L155+1
  3330 00:0935: 85 1D        	sta	<L155+1+8
  3331 00:0937: 2B           	pld
  3332 00:0938: 3B           	tsc
  3333 00:0939: 18           	clc
  3334 00:093A: 69 1C 00     	adc	#L155+8
  3335 00:093D: 1B           	tcs
  3336 00:093E: 98           	tya
  3337 00:093F: 60           	rts
  3338                        ;                    {
  3339                        ;                        mtCOVERAGE_TEST_MARKER();
  3340                        ;                    }
  3341                        ;                }
  3342                        ;                else
  3343                        ;                {
  3344                        ;                    mtCOVERAGE_TEST_MARKER();
  3345                        ;                }
  3346                        ;            }
  3347                        ;            else
  3348                        L10196:
  3349                        ;            {
  3350                        ;                if( xTicksToWait == ( TickType_t ) 0 )
  3351                        ;                {
  3352 00:0940: A5 1B        	lda	<L155+xTicksToWait_0
  3353 00:0942: 05 1D        	ora	<L155+xTicksToWait_0+2
  3354 00:0944: F0 E8        	beq	L20009
  3355                        ;                }
  3356                        ;                else if( xEntryTimeSet == pdFALSE )
  3357                        ;                {
  3358 00:0946: A5 05        	lda	<L156+xEntryTimeSet_1
  3359 00:0948: D0 11        	bne	L10205
  3360                        ;                    /* The semaphore count was 0 and a block time was specified
  3361                        ;                     * so configure the timeout structure ready to block. */
  3362                        ;                    vTaskInternalSetTimeOutState( &xTimeOut );
  3363 00:094A: F4 00 00     	pea	#0
  3364 00:094D: 18           	clc
  3365 00:094E: 7B           	tdc
  3366 00:094F: 69 07 00     	adc	#<L156+xTimeOut_1
  3367 00:0952: 48           	pha
  3368 00:0953: 20 xx xx     	jsr	_~vTaskInternalSetTimeOutState
  3369                        ;                    xEntryTimeSet = pdTRUE;
  3370 00:0956: A9 01 00     	lda	#$1
  Sun Sep 20 2026 12:03                                                                                                    Page 60


  3371 00:0959: 85 05        	sta	<L156+xEntryTimeSet_1
  3372                        ;                }
  3373                        ;                else
  3374                        ;                {
  3375                        ;                    /* Entry time was already set. */
  3376                        ;                    mtCOVERAGE_TEST_MARKER();
  3377                        ;                }
  3378                        L10205:
  3379                        ;            }
  3380                        ;        }
  3381                        ;        taskEXIT_CRITICAL();
  3382                        	asmstart
  3383 00:095B: 58           	cli
  3384                        	asmend
  3385                        ;
  3386                        ;        /* Interrupts and other tasks can give to and take from the semaphore
  3387                        ;         * now the critical section has been exited. */
  3388                        ;
  3389                        ;        vTaskSuspendAll();
  3390 00:095C: 20 xx xx     	jsr	_~vTaskSuspendAll
  3391                        ;        prvLockQueue( pxQueue );
  3392                        	asmstart
  3393 00:095F: 78           	sei
  3394                        	asmend
  3395 00:0960: E2 20        	sep	#$20
  3396                        	longa	off
  3397 00:0962: A0 3A 00     	ldy	#$3a
  3398 00:0965: B7 0D        	lda	[<L156+pxQueue_1],Y
  3399 00:0967: C9 FF        	cmp	#<$ffffffff
  3400 00:0969: C2 20        	rep	#$20
  3401                        	longa	on
  3402 00:096B: D0 08        	bne	L10206
  3403 00:096D: E2 20        	sep	#$20
  3404                        	longa	off
  3405 00:096F: A9 00        	lda	#$0
  3406 00:0971: 97 0D        	sta	[<L156+pxQueue_1],Y
  3407 00:0973: C2 20        	rep	#$20
  3408                        	longa	on
  3409                        L10206:
  3410 00:0975: E2 20        	sep	#$20
  3411                        	longa	off
  3412 00:0977: A0 3B 00     	ldy	#$3b
  3413 00:097A: B7 0D        	lda	[<L156+pxQueue_1],Y
  3414 00:097C: C9 FF        	cmp	#<$ffffffff
  3415 00:097E: C2 20        	rep	#$20
  3416                        	longa	on
  3417 00:0980: D0 08        	bne	L10207
  3418 00:0982: E2 20        	sep	#$20
  3419                        	longa	off
  3420 00:0984: A9 00        	lda	#$0
  3421 00:0986: 97 0D        	sta	[<L156+pxQueue_1],Y
  3422 00:0988: C2 20        	rep	#$20
  3423                        	longa	on
  3424                        L10207:
  3425                        	asmstart
  3426 00:098A: 58           	cli
  3427                        	asmend
  3428                        ;
  Sun Sep 20 2026 12:03                                                                                                    Page 61


  3429                        ;        /* Update the timeout state to see if it has expired yet. */
  3430                        ;        if( xTaskCheckForTimeOut( &xTimeOut, &xTicksToWait ) == pdFALSE )
  3431                        ;        {
  3432 00:098B: F4 00 00     	pea	#0
  3433 00:098E: 18           	clc
  3434 00:098F: 7B           	tdc
  3435 00:0990: 69 1B 00     	adc	#<L155+xTicksToWait_0
  3436 00:0993: 48           	pha
  3437 00:0994: F4 00 00     	pea	#0
  3438 00:0997: 18           	clc
  3439 00:0998: 7B           	tdc
  3440 00:0999: 69 07 00     	adc	#<L156+xTimeOut_1
  3441 00:099C: 48           	pha
  3442 00:099D: 20 xx xx     	jsr	_~xTaskCheckForTimeOut
  3443 00:09A0: AA           	tax
  3444 00:09A1: F0 03        	beq	*+5
  3445 00:09A3: 82 9C 00     	brl	L10208
  3446                        ;            /* A block time is specified and not expired.  If the semaphore
  3447                        ;             * count is 0 then enter the Blocked state to wait for a semaphore to
  3448                        ;             * become available.  As semaphores are implemented with queues the
  3449                        ;             * queue being empty is equivalent to the semaphore count being 0. */
  3450                        ;            if( prvIsQueueEmpty( pxQueue ) != pdFALSE )
  3451                        ;            {
  3452 00:09A6: D4 0F        	pei	<L156+pxQueue_1+2
  3453 00:09A8: D4 0D        	pei	<L156+pxQueue_1
  3454 00:09AA: 20 xx xx     	jsr	_~prvIsQueueEmpty
  3455 00:09AD: AA           	tax
  3456 00:09AE: F0 45        	beq	L10209
  3457                        ;                traceBLOCKING_ON_QUEUE_RECEIVE( pxQueue );
  3458                        ;
  3459                        ;                #if ( configUSE_MUTEXES == 1 )
  3460                        ;                {
  3461                        ;                    if( pxQueue->uxQueueType == queueQUEUE_IS_MUTEX )
  3462                        ;                    {
  3463 00:09B0: A7 0D        	lda	[<L156+pxQueue_1]
  3464 00:09B2: A0 02 00     	ldy	#$2
  3465 00:09B5: 17 0D        	ora	[<L156+pxQueue_1],Y
  3466 00:09B7: D0 12        	bne	L10211
  3467                        ;                        taskENTER_CRITICAL();
  3468                        	asmstart
  3469 00:09B9: 78           	sei
  3470                        	asmend
  3471                        ;                        {
  3472                        ;                            xInheritanceOccurred = xTaskPriorityInherit( pxQueue->u.xSemaphore.xMutex
                    Holder );
  3473 00:09BA: A0 0A 00     	ldy	#$a
  3474 00:09BD: B7 0D        	lda	[<L156+pxQueue_1],Y
  3475 00:09BF: 48           	pha
  3476 00:09C0: 88           	dey
  3477 00:09C1: 88           	dey
  3478 00:09C2: B7 0D        	lda	[<L156+pxQueue_1],Y
  3479 00:09C4: 48           	pha
  3480 00:09C5: 20 xx xx     	jsr	_~xTaskPriorityInherit
  3481 00:09C8: 85 11        	sta	<L156+xInheritanceOccurred_1
  3482                        ;                        }
  3483                        ;                        taskEXIT_CRITICAL();
  3484                        	asmstart
  3485 00:09CA: 58           	cli
  Sun Sep 20 2026 12:03                                                                                                    Page 62


  3486                        	asmend
  3487                        ;                    }
  3488                        ;                    else
  3489                        ;                    {
  3490                        ;                        mtCOVERAGE_TEST_MARKER();
  3491                        ;                    }
  3492                        L10211:
  3493                        ;                }
  3494                        ;                #endif /* if ( configUSE_MUTEXES == 1 ) */
  3495                        ;
  3496                        ;                vTaskPlaceOnEventList( &( pxQueue->xTasksWaitingToReceive ), xTicksToWait );
  3497 00:09CB: D4 1D        	pei	<L155+xTicksToWait_0+2
  3498 00:09CD: D4 1B        	pei	<L155+xTicksToWait_0
  3499 00:09CF: A9 22 00     	lda	#$22
  3500 00:09D2: 18           	clc
  3501 00:09D3: 65 0D        	adc	<L156+pxQueue_1
  3502 00:09D5: 85 01        	sta	<R0
  3503 00:09D7: A9 00 00     	lda	#$0
  3504 00:09DA: 65 0F        	adc	<L156+pxQueue_1+2
  3505 00:09DC: 48           	pha
  3506 00:09DD: D4 01        	pei	<R0
  3507 00:09DF: 20 xx xx     	jsr	_~vTaskPlaceOnEventList
  3508                        ;                prvUnlockQueue( pxQueue );
  3509 00:09E2: D4 0F        	pei	<L156+pxQueue_1+2
  3510 00:09E4: D4 0D        	pei	<L156+pxQueue_1
  3511 00:09E6: 20 xx xx     	jsr	_~prvUnlockQueue
  3512                        ;
  3513                        ;                if( xTaskResumeAll() == pdFALSE )
  3514                        ;                {
  3515 00:09E9: 20 xx xx     	jsr	_~xTaskResumeAll
  3516 00:09EC: AA           	tax
  3517 00:09ED: D0 10        	bne	L10195
  3518                        ;                    taskYIELD_WITHIN_API();
  3519 00:09EF: 22 xx xx xx  	jsl	_~vPortYield
  3520                        ;                }
  3521                        ;                else
  3522 00:09F3: 80 0A        	bra	L10195
  3523                        ;                {
  3524                        ;                    mtCOVERAGE_TEST_MARKER();
  3525                        ;                }
  3526                        L10209:
  3527                        ;            {
  3528                        ;                /* There was no timeout and the semaphore count was not 0, so
  3529                        ;                 * attempt to take the semaphore again. */
  3530                        ;                prvUnlockQueue( pxQueue );
  3531 00:09F5: D4 0F        	pei	<L156+pxQueue_1+2
  3532 00:09F7: D4 0D        	pei	<L156+pxQueue_1
  3533 00:09F9: 20 xx xx     	jsr	_~prvUnlockQueue
  3534                        ;                ( void ) xTaskResumeAll();
  3535 00:09FC: 20 xx xx     	jsr	_~xTaskResumeAll
  3536                        ;            }
  3537                        ;        }
  3538                        ;        else
  3539                        ;            }
  3540                        ;            else
  3541                        L10195:
  3542                        ;    {
  3543                        ;        taskENTER_CRITICAL();
  Sun Sep 20 2026 12:03                                                                                                    Page 63


  3544                        	asmstart
  3545 00:09FF: 78           	sei
  3546                        	asmend
  3547                        ;        {
  3548                        ;            /* Semaphores are queues with an item size of 0, and where the
  3549                        ;             * number of messages in the queue is the semaphore's count value. */
  3550                        ;            const UBaseType_t uxSemaphoreCount = pxQueue->uxMessagesWaiting;
  3551                        ;
  3552                        ;            /* Is there data in the queue now?  To be running the calling task
  3553                        ;             * must be the highest priority task wanting to access the queue. */
  3554                        ;            if( uxSemaphoreCount > ( UBaseType_t ) 0 )
  3555             0000000E   uxSemaphoreCount_2	set	14
  3556 00:0A00: A0 34 00     	ldy	#$34
  3557 00:0A03: B7 0D        	lda	[<L156+pxQueue_1],Y
  3558 00:0A05: 85 13        	sta	<L156+uxSemaphoreCount_2
  3559                        ;            {
  3560 00:0A07: A9 00 00     	lda	#$0
  3561 00:0A0A: C5 13        	cmp	<L156+uxSemaphoreCount_2
  3562 00:0A0C: 90 03        	bcc	*+5
  3563 00:0A0E: 82 2F FF     	brl	L10196
  3564                        ;                traceQUEUE_RECEIVE( pxQueue );
  3565                        ;
  3566                        ;                /* Semaphores are queues with a data size of zero and where the
  3567                        ;                 * messages waiting is the semaphore's count.  Reduce the count. */
  3568                        ;                pxQueue->uxMessagesWaiting = ( UBaseType_t ) ( uxSemaphoreCount - ( UBaseType_t ) 1 )
                    ;
  3569 00:0A11: A9 FF FF     	lda	#$ffff
  3570 00:0A14: 18           	clc
  3571 00:0A15: 65 13        	adc	<L156+uxSemaphoreCount_2
  3572 00:0A17: 97 0D        	sta	[<L156+pxQueue_1],Y
  3573                        ;
  3574                        ;                #if ( configUSE_MUTEXES == 1 )
  3575                        ;                {
  3576                        ;                    if( pxQueue->uxQueueType == queueQUEUE_IS_MUTEX )
  3577                        ;                    {
  3578 00:0A19: A7 0D        	lda	[<L156+pxQueue_1]
  3579 00:0A1B: A0 02 00     	ldy	#$2
  3580 00:0A1E: 17 0D        	ora	[<L156+pxQueue_1],Y
  3581 00:0A20: D0 10        	bne	L10198
  3582                        ;                        /* Record the information required to implement
  3583                        ;                         * priority inheritance should it become necessary. */
  3584                        ;                        pxQueue->u.xSemaphore.xMutexHolder = pvTaskIncrementMutexHeldCount();
  3585 00:0A22: 20 xx xx     	jsr	_~pvTaskIncrementMutexHeldCount
  3586 00:0A25: 86 03        	stx	<R0+2
  3587 00:0A27: A0 08 00     	ldy	#$8
  3588 00:0A2A: 97 0D        	sta	[<L156+pxQueue_1],Y
  3589 00:0A2C: A5 03        	lda	<R0+2
  3590 00:0A2E: C8           	iny
  3591 00:0A2F: C8           	iny
  3592 00:0A30: 97 0D        	sta	[<L156+pxQueue_1],Y
  3593                        ;                    }
  3594                        ;                    else
  3595                        ;                    {
  3596                        ;                        mtCOVERAGE_TEST_MARKER();
  3597                        ;                    }
  3598                        L10198:
  3599                        ;                }
  3600                        ;                #endif /* configUSE_MUTEXES */
  Sun Sep 20 2026 12:03                                                                                                    Page 64


  3601                        ;
  3602                        ;                /* Check to see if other tasks are blocked waiting to give the
  3603                        ;                 * semaphore, and if so, unblock the highest priority such task. */
  3604                        ;                if( listLIST_IS_EMPTY( &( pxQueue->xTasksWaitingToSend ) ) == pdFALSE )
  3605                        ;                {
  3606 00:0A32: A0 10 00     	ldy	#$10
  3607 00:0A35: B7 0D        	lda	[<L156+pxQueue_1],Y
  3608 00:0A37: F0 03        	beq	*+5
  3609 00:0A39: 82 CC FE     	brl	L163
  3610 00:0A3C: A9 01 00     	lda	#$1
  3611 00:0A3F: 82 C9 FE     	brl	L165
  3612                        L10208:
  3613                        ;        {
  3614                        ;            /* Timed out. */
  3615                        ;            prvUnlockQueue( pxQueue );
  3616 00:0A42: D4 0F        	pei	<L156+pxQueue_1+2
  3617 00:0A44: D4 0D        	pei	<L156+pxQueue_1
  3618 00:0A46: 20 xx xx     	jsr	_~prvUnlockQueue
  3619                        ;            ( void ) xTaskResumeAll();
  3620 00:0A49: 20 xx xx     	jsr	_~xTaskResumeAll
  3621                        ;
  3622                        ;            /* If the semaphore count is 0 exit now as the timeout has
  3623                        ;             * expired.  Otherwise return to attempt to take the semaphore that is
  3624                        ;             * known to be available.  As semaphores are implemented by queues the
  3625                        ;             * queue being empty is equivalent to the semaphore count being 0. */
  3626                        ;            if( prvIsQueueEmpty( pxQueue ) != pdFALSE )
  3627                        ;            {
  3628 00:0A4C: D4 0F        	pei	<L156+pxQueue_1+2
  3629 00:0A4E: D4 0D        	pei	<L156+pxQueue_1
  3630 00:0A50: 20 xx xx     	jsr	_~prvIsQueueEmpty
  3631 00:0A53: AA           	tax
  3632 00:0A54: F0 A9        	beq	L10195
  3633                        ;                #if ( configUSE_MUTEXES == 1 )
  3634                        ;                {
  3635                        ;                    /* xInheritanceOccurred could only have be set if
  3636                        ;                     * pxQueue->uxQueueType == queueQUEUE_IS_MUTEX so no need to
  3637                        ;                     * test the mutex type again to check it is actually a mutex. */
  3638                        ;                    if( xInheritanceOccurred != pdFALSE )
  3639                        ;                    {
  3640 00:0A56: A5 11        	lda	<L156+xInheritanceOccurred_1
  3641 00:0A58: D0 03        	bne	*+5
  3642 00:0A5A: 82 D2 FE     	brl	L20010
  3643                        ;                        taskENTER_CRITICAL();
  3644                        	asmstart
  3645 00:0A5D: 78           	sei
  3646                        	asmend
  3647                        ;                        {
  3648                        ;                            UBaseType_t uxHighestWaitingPriority;
  3649                        ;
  3650                        ;                            /* This task blocking on the mutex caused another
  3651                        ;                             * task to inherit this task's priority.  Now this task
  3652                        ;                             * has timed out the priority should be disinherited
  3653                        ;                             * again, but only as low as the next highest priority
  3654                        ;                             * task that is waiting for the same mutex. */
  3655                        ;                            uxHighestWaitingPriority = prvGetHighestPriorityOfWaitToReceiveList( pxQu
                    eue );
  3656             0000000E   uxHighestWaitingPriority_3	set	14
  3657 00:0A5E: D4 0F        	pei	<L156+pxQueue_1+2
  Sun Sep 20 2026 12:03                                                                                                    Page 65


  3658 00:0A60: D4 0D        	pei	<L156+pxQueue_1
  3659 00:0A62: 20 xx xx     	jsr	_~prvGetHighestPriorityOfWaitToReceiveList
  3660 00:0A65: 85 13        	sta	<L156+uxHighestWaitingPriority_3
  3661                        ;
  3662                        ;                            /* vTaskPriorityDisinheritAfterTimeout uses the uxHighestWaitingPriority
  3663                        ;                             * parameter to index pxReadyTasksLists when adding the task holding
  3664                        ;                             * mutex to the ready list for its new priority. Coverity thinks that
  3665                        ;                             * it can result in out-of-bounds access which is not true because
  3666                        ;                             * uxHighestWaitingPriority, as returned by prvGetHighestPriorityOfWaitTo
                    ReceiveList,
  3667                        ;                             * is capped at ( configMAX_PRIORITIES - 1 ). */
  3668                        ;                            /* coverity[overrun] */
  3669                        ;                            vTaskPriorityDisinheritAfterTimeout( pxQueue->u.xSemaphore.xMutexHolder, 
                    uxHighestWaitingPriority );
  3670 00:0A67: 48           	pha
  3671 00:0A68: A0 0A 00     	ldy	#$a
  3672 00:0A6B: B7 0D        	lda	[<L156+pxQueue_1],Y
  3673 00:0A6D: 48           	pha
  3674 00:0A6E: 88           	dey
  3675 00:0A6F: 88           	dey
  3676 00:0A70: B7 0D        	lda	[<L156+pxQueue_1],Y
  3677 00:0A72: 48           	pha
  3678 00:0A73: 20 xx xx     	jsr	_~vTaskPriorityDisinheritAfterTimeout
  3679                        ;                        }
  3680                        ;                        taskEXIT_CRITICAL();
  3681                        	asmstart
  3682 00:0A76: 58           	cli
  3683                        	asmend
  3684                        ;                    }
  3685                        ;                }
  3686                        ;                #endif /* configUSE_MUTEXES */
  3687                        ;
  3688                        ;                traceQUEUE_RECEIVE_FAILED( pxQueue );
  3689                        ;                traceRETURN_xQueueSemaphoreTake( errQUEUE_EMPTY );
  3690                        ;
  3691                        ;                return errQUEUE_EMPTY;
  3692 00:0A77: 82 B5 FE     	brl	L20010
  3693                        ;            }
  3694                        ;            else
  3695                        ;            {
  3696                        ;                mtCOVERAGE_TEST_MARKER();
  3697                        ;            }
  3698                        ;        }
  3699                        ;    }
  3700                        ;}
  3701             00000014   L155	equ	20
  3702             00000005   L156	equ	5
  3703                        	ends
  3704                        	efunc
  3705                        ;/*-----------------------------------------------------------*/
  3706                        ;
  3707                        ;BaseType_t xQueuePeek( QueueHandle_t xQueue,
  3708                        ;                       void * const pvBuffer,
  3709                        ;                       TickType_t xTicksToWait )
  3710                        ;{
  3711                        	code
  3712                        	xdef	_~xQueuePeek
  3713                        	func
  Sun Sep 20 2026 12:03                                                                                                    Page 66


  3714                        _~xQueuePeek:
  3715                        	longa	on
  3716                        	longi	on
  3717 00:0A7A: 3B           	tsc
  3718 00:0A7B: 38           	sec
  3719 00:0A7C: E9 16 00     	sbc	#L179
  3720 00:0A7F: 1B           	tcs
  3721 00:0A80: 0B           	phd
  3722 00:0A81: 5B           	tcd
  3723             00000003   xQueue_0	set	3
  3724             00000007   pvBuffer_0	set	7
  3725             0000000B   xTicksToWait_0	set	11
  3726                        ;    BaseType_t xEntryTimeSet = pdFALSE;
  3727                        ;    TimeOut_t xTimeOut;
  3728                        ;    int8_t * pcOriginalReadPosition;
  3729                        ;    Queue_t * const pxQueue = xQueue;
  3730                        ;
  3731                        ;    traceENTER_xQueuePeek( xQueue, pvBuffer, xTicksToWait );
  3732             00000000   xEntryTimeSet_1	set	0
  3733             00000002   xTimeOut_1	set	2
  3734             00000008   pcOriginalReadPosition_1	set	8
  3735             0000000C   pxQueue_1	set	12
  3736 00:0A82: 64 05        	stz	<L180+xEntryTimeSet_1
  3737 00:0A84: A5 19        	lda	<L179+xQueue_0
  3738 00:0A86: 85 11        	sta	<L180+pxQueue_1
  3739 00:0A88: A5 1B        	lda	<L179+xQueue_0+2
  3740 00:0A8A: 85 13        	sta	<L180+pxQueue_1+2
  3741                        ;
  3742                        ;    /* The buffer into which data is received can only be NULL if the data size
  3743                        ;     * is zero (so no data is copied into the buffer. */
  3744                        ;    configASSERT( ( pxQueue != NULL ) && !( ( ( pvBuffer ) == NULL ) && ( ( pxQueue )->uxItemSize != 
                    ( UBaseType_t ) 0U ) ) );
  3745 00:0A8C: A5 11        	lda	<L180+pxQueue_1
  3746 00:0A8E: 05 13        	ora	<L180+pxQueue_1+2
  3747 00:0A90: F0 0D        	beq	L181
  3748 00:0A92: A5 1D        	lda	<L179+pvBuffer_0
  3749 00:0A94: 05 1F        	ora	<L179+pvBuffer_0+2
  3750 00:0A96: D0 0A        	bne	L10218
  3751 00:0A98: A0 38 00     	ldy	#$38
  3752 00:0A9B: B7 11        	lda	[<L180+pxQueue_1],Y
  3753 00:0A9D: F0 03        	beq	L10218
  3754                        L181:
  3755                        	asmstart
  3756 00:0A9F: 78           	sei
  3757                        	asmend
  3758                        L10219:
  3759 00:0AA0: 80 FE        	bra	L10219
  3760                        L10218:
  3761                        ;
  3762                        ;    /* Cannot block if the scheduler is suspended. */
  3763                        ;    #if ( ( INCLUDE_xTaskGetSchedulerState == 1 ) || ( configUSE_TIMERS == 1 ) )
  3764                        ;    {
  3765                        ;        configASSERT( !( ( xTaskGetSchedulerState() == taskSCHEDULER_SUSPENDED ) && ( xTicksToWait !=
                     0 ) ) );
  3766 00:0AA2: 20 xx xx     	jsr	_~xTaskGetSchedulerState
  3767 00:0AA5: AA           	tax
  3768 00:0AA6: F0 03        	beq	*+5
  3769 00:0AA8: 82 E8 00     	brl	L10228
  Sun Sep 20 2026 12:03                                                                                                    Page 67


  3770 00:0AAB: A5 21        	lda	<L179+xTicksToWait_0
  3771 00:0AAD: 05 23        	ora	<L179+xTicksToWait_0+2
  3772 00:0AAF: D0 03        	bne	*+5
  3773 00:0AB1: 82 DF 00     	brl	L10228
  3774                        	asmstart
  3775 00:0AB4: 78           	sei
  3776                        	asmend
  3777                        L10223:
  3778 00:0AB5: 80 FE        	bra	L10223
  3779                        ;    }
  3780                        ;    #endif
  3781                        ;
  3782                        ;    for( ; ; )
  3783                        L188:
  3784 00:0AB7: A9 00 00     	lda	#$0
  3785                        L190:
  3786 00:0ABA: AA           	tax
  3787 00:0ABB: D0 1A        	bne	L10233
  3788                        ;                    if( xTaskRemoveFromEventList( &( pxQueue->xTasksWaitingToReceive ) ) != pdFALSE )
  3789                        ;                    {
  3790 00:0ABD: A9 22 00     	lda	#$22
  3791 00:0AC0: 18           	clc
  3792 00:0AC1: 65 11        	adc	<L180+pxQueue_1
  3793 00:0AC3: 85 01        	sta	<R0
  3794 00:0AC5: A9 00 00     	lda	#$0
  3795 00:0AC8: 65 13        	adc	<L180+pxQueue_1+2
  3796 00:0ACA: 48           	pha
  3797 00:0ACB: D4 01        	pei	<R0
  3798 00:0ACD: 20 xx xx     	jsr	_~xTaskRemoveFromEventList
  3799 00:0AD0: AA           	tax
  3800 00:0AD1: F0 04        	beq	L10233
  3801                        ;                        /* The task waiting has a higher priority than this task. */
  3802                        ;                        queueYIELD_IF_USING_PREEMPTION();
  3803 00:0AD3: 22 xx xx xx  	jsl	_~vPortYield
  3804                        ;                    }
  3805                        ;                    else
  3806                        L10233:
  3807                        ;
  3808                        ;                taskEXIT_CRITICAL();
  3809                        	asmstart
  3810 00:0AD7: 58           	cli
  3811                        	asmend
  3812                        ;
  3813                        ;                traceRETURN_xQueuePeek( pdPASS );
  3814                        ;
  3815                        ;                return pdPASS;
  3816 00:0AD8: A9 01 00     	lda	#$1
  3817 00:0ADB: 80 04        	bra	L193
  3818                        L20012:
  3819                        ;                    /* The queue was empty and no block time is specified (or
  3820                        ;                     * the block time has expired) so leave now. */
  3821                        ;                    taskEXIT_CRITICAL();
  3822                        	asmstart
  3823 00:0ADD: 58           	cli
  3824                        	asmend
  3825                        ;
  3826                        ;                    traceQUEUE_PEEK_FAILED( pxQueue );
  3827                        ;                    traceRETURN_xQueuePeek( errQUEUE_EMPTY );
  Sun Sep 20 2026 12:03                                                                                                    Page 68


  3828                        ;
  3829                        ;                    return errQUEUE_EMPTY;
  3830                        L20013:
  3831 00:0ADE: A9 00 00     	lda	#$0
  3832                        L193:
  3833 00:0AE1: A8           	tay
  3834 00:0AE2: A5 17        	lda	<L179+1
  3835 00:0AE4: 85 23        	sta	<L179+1+12
  3836 00:0AE6: 2B           	pld
  3837 00:0AE7: 3B           	tsc
  3838 00:0AE8: 18           	clc
  3839 00:0AE9: 69 22 00     	adc	#L179+12
  3840 00:0AEC: 1B           	tcs
  3841 00:0AED: 98           	tya
  3842 00:0AEE: 60           	rts
  3843                        ;                    {
  3844                        ;                        mtCOVERAGE_TEST_MARKER();
  3845                        ;                    }
  3846                        ;                }
  3847                        ;                else
  3848                        ;                {
  3849                        ;                    mtCOVERAGE_TEST_MARKER();
  3850                        ;                }
  3851                        ;            }
  3852                        ;            else
  3853                        L10229:
  3854                        ;            {
  3855                        ;                if( xTicksToWait == ( TickType_t ) 0 )
  3856                        ;                {
  3857 00:0AEF: A5 21        	lda	<L179+xTicksToWait_0
  3858 00:0AF1: 05 23        	ora	<L179+xTicksToWait_0+2
  3859 00:0AF3: F0 E8        	beq	L20012
  3860                        ;                }
  3861                        ;                else if( xEntryTimeSet == pdFALSE )
  3862                        ;                {
  3863 00:0AF5: A5 05        	lda	<L180+xEntryTimeSet_1
  3864 00:0AF7: D0 11        	bne	L10236
  3865                        ;                    /* The queue was empty and a block time was specified so
  3866                        ;                     * configure the timeout structure ready to enter the blocked
  3867                        ;                     * state. */
  3868                        ;                    vTaskInternalSetTimeOutState( &xTimeOut );
  3869 00:0AF9: F4 00 00     	pea	#0
  3870 00:0AFC: 18           	clc
  3871 00:0AFD: 7B           	tdc
  3872 00:0AFE: 69 07 00     	adc	#<L180+xTimeOut_1
  3873 00:0B01: 48           	pha
  3874 00:0B02: 20 xx xx     	jsr	_~vTaskInternalSetTimeOutState
  3875                        ;                    xEntryTimeSet = pdTRUE;
  3876 00:0B05: A9 01 00     	lda	#$1
  3877 00:0B08: 85 05        	sta	<L180+xEntryTimeSet_1
  3878                        ;                }
  3879                        ;                else
  3880                        ;                {
  3881                        ;                    /* Entry time was already set. */
  3882                        ;                    mtCOVERAGE_TEST_MARKER();
  3883                        ;                }
  3884                        L10236:
  3885                        ;            }
  Sun Sep 20 2026 12:03                                                                                                    Page 69


  3886                        ;        }
  3887                        ;        taskEXIT_CRITICAL();
  3888                        	asmstart
  3889 00:0B0A: 58           	cli
  3890                        	asmend
  3891                        ;
  3892                        ;        /* Interrupts and other tasks can send to and receive from the queue
  3893                        ;         * now that the critical section has been exited. */
  3894                        ;
  3895                        ;        vTaskSuspendAll();
  3896 00:0B0B: 20 xx xx     	jsr	_~vTaskSuspendAll
  3897                        ;        prvLockQueue( pxQueue );
  3898                        	asmstart
  3899 00:0B0E: 78           	sei
  3900                        	asmend
  3901 00:0B0F: E2 20        	sep	#$20
  3902                        	longa	off
  3903 00:0B11: A0 3A 00     	ldy	#$3a
  3904 00:0B14: B7 11        	lda	[<L180+pxQueue_1],Y
  3905 00:0B16: C9 FF        	cmp	#<$ffffffff
  3906 00:0B18: C2 20        	rep	#$20
  3907                        	longa	on
  3908 00:0B1A: D0 08        	bne	L10237
  3909 00:0B1C: E2 20        	sep	#$20
  3910                        	longa	off
  3911 00:0B1E: A9 00        	lda	#$0
  3912 00:0B20: 97 11        	sta	[<L180+pxQueue_1],Y
  3913 00:0B22: C2 20        	rep	#$20
  3914                        	longa	on
  3915                        L10237:
  3916 00:0B24: E2 20        	sep	#$20
  3917                        	longa	off
  3918 00:0B26: A0 3B 00     	ldy	#$3b
  3919 00:0B29: B7 11        	lda	[<L180+pxQueue_1],Y
  3920 00:0B2B: C9 FF        	cmp	#<$ffffffff
  3921 00:0B2D: C2 20        	rep	#$20
  3922                        	longa	on
  3923 00:0B2F: D0 08        	bne	L10238
  3924 00:0B31: E2 20        	sep	#$20
  3925                        	longa	off
  3926 00:0B33: A9 00        	lda	#$0
  3927 00:0B35: 97 11        	sta	[<L180+pxQueue_1],Y
  3928 00:0B37: C2 20        	rep	#$20
  3929                        	longa	on
  3930                        L10238:
  3931                        	asmstart
  3932 00:0B39: 58           	cli
  3933                        	asmend
  3934                        ;
  3935                        ;        /* Update the timeout state to see if it has expired yet. */
  3936                        ;        if( xTaskCheckForTimeOut( &xTimeOut, &xTicksToWait ) == pdFALSE )
  3937                        ;        {
  3938 00:0B3A: F4 00 00     	pea	#0
  3939 00:0B3D: 18           	clc
  3940 00:0B3E: 7B           	tdc
  3941 00:0B3F: 69 21 00     	adc	#<L179+xTicksToWait_0
  3942 00:0B42: 48           	pha
  3943 00:0B43: F4 00 00     	pea	#0
  Sun Sep 20 2026 12:03                                                                                                    Page 70


  3944 00:0B46: 18           	clc
  3945 00:0B47: 7B           	tdc
  3946 00:0B48: 69 07 00     	adc	#<L180+xTimeOut_1
  3947 00:0B4B: 48           	pha
  3948 00:0B4C: 20 xx xx     	jsr	_~xTaskCheckForTimeOut
  3949 00:0B4F: AA           	tax
  3950 00:0B50: F0 03        	beq	*+5
  3951 00:0B52: 82 85 00     	brl	L10239
  3952                        ;            /* Timeout has not expired yet, check to see if there is data in the
  3953                        ;            * queue now, and if not enter the Blocked state to wait for data. */
  3954                        ;            if( prvIsQueueEmpty( pxQueue ) != pdFALSE )
  3955                        ;            {
  3956 00:0B55: D4 13        	pei	<L180+pxQueue_1+2
  3957 00:0B57: D4 11        	pei	<L180+pxQueue_1
  3958 00:0B59: 20 xx xx     	jsr	_~prvIsQueueEmpty
  3959 00:0B5C: AA           	tax
  3960 00:0B5D: F0 2A        	beq	L10240
  3961                        ;                traceBLOCKING_ON_QUEUE_PEEK( pxQueue );
  3962                        ;                vTaskPlaceOnEventList( &( pxQueue->xTasksWaitingToReceive ), xTicksToWait );
  3963 00:0B5F: D4 23        	pei	<L179+xTicksToWait_0+2
  3964 00:0B61: D4 21        	pei	<L179+xTicksToWait_0
  3965 00:0B63: A9 22 00     	lda	#$22
  3966 00:0B66: 18           	clc
  3967 00:0B67: 65 11        	adc	<L180+pxQueue_1
  3968 00:0B69: 85 01        	sta	<R0
  3969 00:0B6B: A9 00 00     	lda	#$0
  3970 00:0B6E: 65 13        	adc	<L180+pxQueue_1+2
  3971 00:0B70: 48           	pha
  3972 00:0B71: D4 01        	pei	<R0
  3973 00:0B73: 20 xx xx     	jsr	_~vTaskPlaceOnEventList
  3974                        ;                prvUnlockQueue( pxQueue );
  3975 00:0B76: D4 13        	pei	<L180+pxQueue_1+2
  3976 00:0B78: D4 11        	pei	<L180+pxQueue_1
  3977 00:0B7A: 20 xx xx     	jsr	_~prvUnlockQueue
  3978                        ;
  3979                        ;                if( xTaskResumeAll() == pdFALSE )
  3980                        ;                {
  3981 00:0B7D: 20 xx xx     	jsr	_~xTaskResumeAll
  3982 00:0B80: AA           	tax
  3983 00:0B81: D0 10        	bne	L10228
  3984                        ;                    taskYIELD_WITHIN_API();
  3985 00:0B83: 22 xx xx xx  	jsl	_~vPortYield
  3986                        ;                }
  3987                        ;                else
  3988 00:0B87: 80 0A        	bra	L10228
  3989                        ;                {
  3990                        ;                    mtCOVERAGE_TEST_MARKER();
  3991                        ;                }
  3992                        L10240:
  3993                        ;            {
  3994                        ;                /* There is data in the queue now, so don't enter the blocked
  3995                        ;                 * state, instead return to try and obtain the data. */
  3996                        ;                prvUnlockQueue( pxQueue );
  3997 00:0B89: D4 13        	pei	<L180+pxQueue_1+2
  3998 00:0B8B: D4 11        	pei	<L180+pxQueue_1
  3999 00:0B8D: 20 xx xx     	jsr	_~prvUnlockQueue
  4000                        ;                ( void ) xTaskResumeAll();
  4001 00:0B90: 20 xx xx     	jsr	_~xTaskResumeAll
  Sun Sep 20 2026 12:03                                                                                                    Page 71


  4002                        ;            }
  4003                        ;        }
  4004                        ;        else
  4005                        ;            }
  4006                        ;            else
  4007                        L10228:
  4008                        ;    {
  4009                        ;        taskENTER_CRITICAL();
  4010                        	asmstart
  4011 00:0B93: 78           	sei
  4012                        	asmend
  4013                        ;        {
  4014                        ;            const UBaseType_t uxMessagesWaiting = pxQueue->uxMessagesWaiting;
  4015                        ;
  4016                        ;            /* Is there data in the queue now?  To be running the calling task
  4017                        ;             * must be the highest priority task wanting to access the queue. */
  4018                        ;            if( uxMessagesWaiting > ( UBaseType_t ) 0 )
  4019             00000010   uxMessagesWaiting_2	set	16
  4020 00:0B94: A0 34 00     	ldy	#$34
  4021 00:0B97: B7 11        	lda	[<L180+pxQueue_1],Y
  4022 00:0B99: 85 15        	sta	<L180+uxMessagesWaiting_2
  4023                        ;            {
  4024 00:0B9B: A9 00 00     	lda	#$0
  4025 00:0B9E: C5 15        	cmp	<L180+uxMessagesWaiting_2
  4026 00:0BA0: 90 03        	bcc	*+5
  4027 00:0BA2: 82 4A FF     	brl	L10229
  4028                        ;                /* Remember the read position so it can be reset after the data
  4029                        ;                 * is read from the queue as this function is only peeking the
  4030                        ;                 * data, not removing it. */
  4031                        ;                pcOriginalReadPosition = pxQueue->u.xQueue.pcReadFrom;
  4032 00:0BA5: A0 0C 00     	ldy	#$c
  4033 00:0BA8: B7 11        	lda	[<L180+pxQueue_1],Y
  4034 00:0BAA: 85 0D        	sta	<L180+pcOriginalReadPosition_1
  4035 00:0BAC: C8           	iny
  4036 00:0BAD: C8           	iny
  4037 00:0BAE: B7 11        	lda	[<L180+pxQueue_1],Y
  4038 00:0BB0: 85 0F        	sta	<L180+pcOriginalReadPosition_1+2
  4039                        ;
  4040                        ;                prvCopyDataFromQueue( pxQueue, pvBuffer );
  4041 00:0BB2: D4 1F        	pei	<L179+pvBuffer_0+2
  4042 00:0BB4: D4 1D        	pei	<L179+pvBuffer_0
  4043 00:0BB6: D4 13        	pei	<L180+pxQueue_1+2
  4044 00:0BB8: D4 11        	pei	<L180+pxQueue_1
  4045 00:0BBA: 20 xx xx     	jsr	_~prvCopyDataFromQueue
  4046                        ;                traceQUEUE_PEEK( pxQueue );
  4047                        ;
  4048                        ;                /* The data is not being removed, so reset the read pointer. */
  4049                        ;                pxQueue->u.xQueue.pcReadFrom = pcOriginalReadPosition;
  4050 00:0BBD: A5 0D        	lda	<L180+pcOriginalReadPosition_1
  4051 00:0BBF: A0 0C 00     	ldy	#$c
  4052 00:0BC2: 97 11        	sta	[<L180+pxQueue_1],Y
  4053 00:0BC4: A5 0F        	lda	<L180+pcOriginalReadPosition_1+2
  4054 00:0BC6: C8           	iny
  4055 00:0BC7: C8           	iny
  4056 00:0BC8: 97 11        	sta	[<L180+pxQueue_1],Y
  4057                        ;
  4058                        ;                /* The data is being left in the queue, so see if there are
  4059                        ;                 * any other tasks waiting for the data. */
  Sun Sep 20 2026 12:03                                                                                                    Page 72


  4060                        ;                if( listLIST_IS_EMPTY( &( pxQueue->xTasksWaitingToReceive ) ) == pdFALSE )
  4061                        ;                {
  4062 00:0BCA: A0 22 00     	ldy	#$22
  4063 00:0BCD: B7 11        	lda	[<L180+pxQueue_1],Y
  4064 00:0BCF: F0 03        	beq	*+5
  4065 00:0BD1: 82 E3 FE     	brl	L188
  4066 00:0BD4: A9 01 00     	lda	#$1
  4067 00:0BD7: 82 E0 FE     	brl	L190
  4068                        L10239:
  4069                        ;        {
  4070                        ;            /* The timeout has expired.  If there is still no data in the queue
  4071                        ;             * exit, otherwise go back and try to read the data again. */
  4072                        ;            prvUnlockQueue( pxQueue );
  4073 00:0BDA: D4 13        	pei	<L180+pxQueue_1+2
  4074 00:0BDC: D4 11        	pei	<L180+pxQueue_1
  4075 00:0BDE: 20 xx xx     	jsr	_~prvUnlockQueue
  4076                        ;            ( void ) xTaskResumeAll();
  4077 00:0BE1: 20 xx xx     	jsr	_~xTaskResumeAll
  4078                        ;
  4079                        ;            if( prvIsQueueEmpty( pxQueue ) != pdFALSE )
  4080                        ;            {
  4081 00:0BE4: D4 13        	pei	<L180+pxQueue_1+2
  4082 00:0BE6: D4 11        	pei	<L180+pxQueue_1
  4083 00:0BE8: 20 xx xx     	jsr	_~prvIsQueueEmpty
  4084 00:0BEB: AA           	tax
  4085 00:0BEC: F0 A5        	beq	L10228
  4086                        ;                traceQUEUE_PEEK_FAILED( pxQueue );
  4087                        ;                traceRETURN_xQueuePeek( errQUEUE_EMPTY );
  4088                        ;
  4089                        ;                return errQUEUE_EMPTY;
  4090 00:0BEE: 82 ED FE     	brl	L20013
  4091                        ;            }
  4092                        ;            else
  4093                        ;            {
  4094                        ;                mtCOVERAGE_TEST_MARKER();
  4095                        ;            }
  4096                        ;        }
  4097                        ;    }
  4098                        ;}
  4099             00000016   L179	equ	22
  4100             00000005   L180	equ	5
  4101                        	ends
  4102                        	efunc
  4103                        ;/*-----------------------------------------------------------*/
  4104                        ;
  4105                        ;BaseType_t xQueueReceiveFromISR( QueueHandle_t xQueue,
  4106                        ;                                 void * const pvBuffer,
  4107                        ;                                 BaseType_t * const pxHigherPriorityTaskWoken )
  4108                        ;{
  4109                        	code
  4110                        	xdef	_~xQueueReceiveFromISR
  4111                        	func
  4112                        _~xQueueReceiveFromISR:
  4113                        	longa	on
  4114                        	longi	on
  4115 00:0BF1: 3B           	tsc
  4116 00:0BF2: 38           	sec
  4117 00:0BF3: E9 11 00     	sbc	#L202
  Sun Sep 20 2026 12:03                                                                                                    Page 73


  4118 00:0BF6: 1B           	tcs
  4119 00:0BF7: 0B           	phd
  4120 00:0BF8: 5B           	tcd
  4121             00000003   xQueue_0	set	3
  4122             00000007   pvBuffer_0	set	7
  4123             0000000B   pxHigherPriorityTaskWoken_0	set	11
  4124                        ;    BaseType_t xReturn;
  4125                        ;    UBaseType_t uxSavedInterruptStatus;
  4126                        ;    Queue_t * const pxQueue = xQueue;
  4127                        ;
  4128                        ;    traceENTER_xQueueReceiveFromISR( xQueue, pvBuffer, pxHigherPriorityTaskWoken );
  4129             00000000   xReturn_1	set	0
  4130             00000002   uxSavedInterruptStatus_1	set	2
  4131             00000004   pxQueue_1	set	4
  4132 00:0BF9: A5 14        	lda	<L202+xQueue_0
  4133 00:0BFB: 85 09        	sta	<L203+pxQueue_1
  4134 00:0BFD: A5 16        	lda	<L202+xQueue_0+2
  4135 00:0BFF: 85 0B        	sta	<L203+pxQueue_1+2
  4136                        ;
  4137                        ;    configASSERT( pxQueue );
  4138 00:0C01: A5 09        	lda	<L203+pxQueue_1
  4139 00:0C03: 05 0B        	ora	<L203+pxQueue_1+2
  4140 00:0C05: D0 03        	bne	L10246
  4141                        	asmstart
  4142 00:0C07: 78           	sei
  4143                        	asmend
  4144                        L10247:
  4145 00:0C08: 80 FE        	bra	L10247
  4146                        L10246:
  4147                        ;    configASSERT( !( ( pvBuffer == NULL ) && ( pxQueue->uxItemSize != ( UBaseType_t ) 0U ) ) );
  4148 00:0C0A: A5 18        	lda	<L202+pvBuffer_0
  4149 00:0C0C: 05 1A        	ora	<L202+pvBuffer_0+2
  4150 00:0C0E: D0 0A        	bne	L10250
  4151 00:0C10: A0 38 00     	ldy	#$38
  4152 00:0C13: B7 09        	lda	[<L203+pxQueue_1],Y
  4153 00:0C15: F0 03        	beq	L10250
  4154                        	asmstart
  4155 00:0C17: 78           	sei
  4156                        	asmend
  4157                        L10251:
  4158 00:0C18: 80 FE        	bra	L10251
  4159                        L10250:
  4160                        ;
  4161                        ;    /* RTOS ports that support interrupt nesting have the concept of a maximum
  4162                        ;     * system call (or maximum API call) interrupt priority.  Interrupts that are
  4163                        ;     * above the maximum system call priority are kept permanently enabled, even
  4164                        ;     * when the RTOS kernel is in a critical section, but cannot make any calls to
  4165                        ;     * FreeRTOS API functions.  If configASSERT() is defined in FreeRTOSConfig.h
  4166                        ;     * then portASSERT_IF_INTERRUPT_PRIORITY_INVALID() will result in an assertion
  4167                        ;     * failure if a FreeRTOS API function is called from an interrupt that has been
  4168                        ;     * assigned a priority above the configured maximum system call priority.
  4169                        ;     * Only FreeRTOS functions that end in FromISR can be called from interrupts
  4170                        ;     * that have been assigned a priority at or (logically) below the maximum
  4171                        ;     * system call interrupt priority.  FreeRTOS maintains a separate interrupt
  4172                        ;     * safe API to ensure interrupt entry is as fast and as simple as possible.
  4173                        ;     * More information (albeit Cortex-M specific) is provided on the following
  4174                        ;     * link: https://www.FreeRTOS.org/RTOS-Cortex-M3-M4.html */
  4175                        ;    portASSERT_IF_INTERRUPT_PRIORITY_INVALID();
  Sun Sep 20 2026 12:03                                                                                                    Page 74


  4176                        ;
  4177                        ;    /* MISRA Ref 4.7.1 [Return value shall be checked] */
  4178                        ;    /* More details at: https://github.com/FreeRTOS/FreeRTOS-Kernel/blob/main/MISRA.md#dir-47 */
  4179                        ;    /* coverity[misra_c_2012_directive_4_7_violation] */
  4180                        ;    uxSavedInterruptStatus = ( UBaseType_t ) taskENTER_CRITICAL_FROM_ISR();
  4181 00:0C1A: 64 07        	stz	<L203+uxSavedInterruptStatus_1
  4182                        ;    {
  4183                        ;        const UBaseType_t uxMessagesWaiting = pxQueue->uxMessagesWaiting;
  4184                        ;
  4185                        ;        /* Cannot block in an ISR, so check there is data available. */
  4186                        ;        if( uxMessagesWaiting > ( UBaseType_t ) 0 )
  4187             00000008   uxMessagesWaiting_2	set	8
  4188 00:0C1C: A0 34 00     	ldy	#$34
  4189 00:0C1F: B7 09        	lda	[<L203+pxQueue_1],Y
  4190 00:0C21: 85 0D        	sta	<L203+uxMessagesWaiting_2
  4191                        ;        {
  4192 00:0C23: A9 00 00     	lda	#$0
  4193 00:0C26: C5 0D        	cmp	<L203+uxMessagesWaiting_2
  4194 00:0C28: 90 03        	bcc	*+5
  4195 00:0C2A: 82 96 00     	brl	L10254
  4196                        ;            const int8_t cRxLock = pxQueue->cRxLock;
  4197                        ;
  4198                        ;            traceQUEUE_RECEIVE_FROM_ISR( pxQueue );
  4199             0000000A   cRxLock_3	set	10
  4200 00:0C2D: E2 20        	sep	#$20
  4201                        	longa	off
  4202 00:0C2F: A0 3A 00     	ldy	#$3a
  4203 00:0C32: B7 09        	lda	[<L203+pxQueue_1],Y
  4204 00:0C34: 85 0F        	sta	<L203+cRxLock_3
  4205 00:0C36: C2 20        	rep	#$20
  4206                        	longa	on
  4207                        ;
  4208                        ;            prvCopyDataFromQueue( pxQueue, pvBuffer );
  4209 00:0C38: D4 1A        	pei	<L202+pvBuffer_0+2
  4210 00:0C3A: D4 18        	pei	<L202+pvBuffer_0
  4211 00:0C3C: D4 0B        	pei	<L203+pxQueue_1+2
  4212 00:0C3E: D4 09        	pei	<L203+pxQueue_1
  4213 00:0C40: 20 xx xx     	jsr	_~prvCopyDataFromQueue
  4214                        ;            pxQueue->uxMessagesWaiting = ( UBaseType_t ) ( uxMessagesWaiting - ( UBaseType_t ) 1 );
  4215 00:0C43: A9 FF FF     	lda	#$ffff
  4216 00:0C46: 18           	clc
  4217 00:0C47: 65 0D        	adc	<L203+uxMessagesWaiting_2
  4218 00:0C49: A0 34 00     	ldy	#$34
  4219 00:0C4C: 97 09        	sta	[<L203+pxQueue_1],Y
  4220                        ;
  4221                        ;            /* If the queue is locked the event list will not be modified.
  4222                        ;             * Instead update the lock count so the task that unlocks the queue
  4223                        ;             * will know that an ISR has removed data while the queue was
  4224                        ;             * locked. */
  4225                        ;            if( cRxLock == queueUNLOCKED )
  4226                        ;            {
  4227 00:0C4E: E2 20        	sep	#$20
  4228                        	longa	off
  4229 00:0C50: A5 0F        	lda	<L203+cRxLock_3
  4230 00:0C52: C9 FF        	cmp	#<$ffffffff
  4231 00:0C54: C2 20        	rep	#$20
  4232                        	longa	on
  4233 00:0C56: D0 35        	bne	L10265
  Sun Sep 20 2026 12:03                                                                                                    Page 75


  4234                        ;                if( listLIST_IS_EMPTY( &( pxQueue->xTasksWaitingToSend ) ) == pdFALSE )
  4235                        ;                {
  4236 00:0C58: A0 10 00     	ldy	#$10
  4237 00:0C5B: B7 09        	lda	[<L203+pxQueue_1],Y
  4238 00:0C5D: D0 05        	bne	L209
  4239 00:0C5F: A9 01 00     	lda	#$1
  4240 00:0C62: 80 03        	bra	L211
  4241                        L209:
  4242 00:0C64: A9 00 00     	lda	#$0
  4243                        L211:
  4244 00:0C67: AA           	tax
  4245 00:0C68: D0 52        	bne	L10262
  4246                        ;                    if( xTaskRemoveFromEventList( &( pxQueue->xTasksWaitingToSend ) ) != pdFALSE )
  4247                        ;                    {
  4248 00:0C6A: A9 10 00     	lda	#$10
  4249 00:0C6D: 18           	clc
  4250 00:0C6E: 65 09        	adc	<L203+pxQueue_1
  4251 00:0C70: 85 01        	sta	<R0
  4252 00:0C72: A9 00 00     	lda	#$0
  4253 00:0C75: 65 0B        	adc	<L203+pxQueue_1+2
  4254 00:0C77: 48           	pha
  4255 00:0C78: D4 01        	pei	<R0
  4256 00:0C7A: 20 xx xx     	jsr	_~xTaskRemoveFromEventList
  4257 00:0C7D: AA           	tax
  4258 00:0C7E: F0 3C        	beq	L10262
  4259                        ;                        /* The task waiting has a higher priority than us so
  4260                        ;                         * force a context switch. */
  4261                        ;                        if( pxHigherPriorityTaskWoken != NULL )
  4262                        ;                        {
  4263 00:0C80: A5 1C        	lda	<L202+pxHigherPriorityTaskWoken_0
  4264 00:0C82: 05 1E        	ora	<L202+pxHigherPriorityTaskWoken_0+2
  4265 00:0C84: F0 36        	beq	L10262
  4266                        ;                            *pxHigherPriorityTaskWoken = pdTRUE;
  4267 00:0C86: A9 01 00     	lda	#$1
  4268 00:0C89: 87 1C        	sta	[<L202+pxHigherPriorityTaskWoken_0]
  4269                        ;                        }
  4270                        ;                        else
  4271                        ;                }
  4272                        ;                else
  4273 00:0C8B: 80 2F        	bra	L10262
  4274                        ;                        {
  4275                        ;                            mtCOVERAGE_TEST_MARKER();
  4276                        ;                        }
  4277                        ;                    }
  4278                        ;                    else
  4279                        ;                    {
  4280                        ;                        mtCOVERAGE_TEST_MARKER();
  4281                        ;                    }
  4282                        ;                {
  4283                        ;                    mtCOVERAGE_TEST_MARKER();
  4284                        ;                }
  4285                        ;            }
  4286                        ;            else
  4287                        ;            {
  4288                        ;                /* Increment the lock count so the task that unlocks the queue
  4289                        ;                 * knows that data was removed while it was locked. */
  4290                        ;                prvIncrementQueueRxLock( pxQueue, cRxLock );
  4291                        L10265:
  Sun Sep 20 2026 12:03                                                                                                    Page 76


  4292             0000000B   uxNumberOfTasks_4	set	11
  4293 00:0C8D: 20 xx xx     	jsr	_~uxTaskGetNumberOfTasks
  4294 00:0C90: 85 10        	sta	<L203+uxNumberOfTasks_4
  4295 00:0C92: A5 0F        	lda	<L203+cRxLock_3
  4296 00:0C94: 29 FF 00     	and	#$ff
  4297 00:0C97: 89 80 00     	bit	#$80
  4298 00:0C9A: F0 03        	beq	L215
  4299 00:0C9C: 09 00 FF     	ora	#$ff00
  4300                        L215:
  4301 00:0C9F: C5 10        	cmp	<L203+uxNumberOfTasks_4
  4302 00:0CA1: B0 19        	bcs	L10262
  4303 00:0CA3: E2 20        	sep	#$20
  4304                        	longa	off
  4305 00:0CA5: A5 0F        	lda	<L203+cRxLock_3
  4306 00:0CA7: C9 7F        	cmp	#<$7f
  4307 00:0CA9: C2 20        	rep	#$20
  4308                        	longa	on
  4309 00:0CAB: D0 03        	bne	L10267
  4310                        	asmstart
  4311 00:0CAD: 78           	sei
  4312                        	asmend
  4313                        L10268:
  4314 00:0CAE: 80 FE        	bra	L10268
  4315                        L10267:
  4316 00:0CB0: E2 20        	sep	#$20
  4317                        	longa	off
  4318 00:0CB2: A5 0F        	lda	<L203+cRxLock_3
  4319 00:0CB4: 1A           	ina
  4320 00:0CB5: A0 3A 00     	ldy	#$3a
  4321 00:0CB8: 97 09        	sta	[<L203+pxQueue_1],Y
  4322 00:0CBA: C2 20        	rep	#$20
  4323                        	longa	on
  4324                        ;            }
  4325                        L10262:
  4326                        ;
  4327                        ;            xReturn = pdPASS;
  4328 00:0CBC: A9 01 00     	lda	#$1
  4329 00:0CBF: 85 05        	sta	<L203+xReturn_1
  4330                        ;        }
  4331                        ;        else
  4332 00:0CC1: 80 02        	bra	L10271
  4333                        L10254:
  4334                        ;        {
  4335                        ;            xReturn = pdFAIL;
  4336 00:0CC3: 64 05        	stz	<L203+xReturn_1
  4337                        ;            traceQUEUE_RECEIVE_FROM_ISR_FAILED( pxQueue );
  4338                        ;        }
  4339                        L10271:
  4340                        ;    }
  4341                        ;    taskEXIT_CRITICAL_FROM_ISR( uxSavedInterruptStatus );
  4342                        ;
  4343                        ;    traceRETURN_xQueueReceiveFromISR( xReturn );
  4344                        ;
  4345                        ;    return xReturn;
  4346 00:0CC5: A5 05        	lda	<L203+xReturn_1
  4347 00:0CC7: A8           	tay
  4348 00:0CC8: A5 12        	lda	<L202+1
  4349 00:0CCA: 85 1E        	sta	<L202+1+12
  Sun Sep 20 2026 12:03                                                                                                    Page 77


  4350 00:0CCC: 2B           	pld
  4351 00:0CCD: 3B           	tsc
  4352 00:0CCE: 18           	clc
  4353 00:0CCF: 69 1D 00     	adc	#L202+12
  4354 00:0CD2: 1B           	tcs
  4355 00:0CD3: 98           	tya
  4356 00:0CD4: 60           	rts
  4357                        ;}
  4358             00000011   L202	equ	17
  4359             00000005   L203	equ	5
  4360                        	ends
  4361                        	efunc
  4362                        ;/*-----------------------------------------------------------*/
  4363                        ;
  4364                        ;BaseType_t xQueuePeekFromISR( QueueHandle_t xQueue,
  4365                        ;                              void * const pvBuffer )
  4366                        ;{
  4367                        	code
  4368                        	xdef	_~xQueuePeekFromISR
  4369                        	func
  4370                        _~xQueuePeekFromISR:
  4371                        	longa	on
  4372                        	longi	on
  4373 00:0CD5: 3B           	tsc
  4374 00:0CD6: 38           	sec
  4375 00:0CD7: E9 0C 00     	sbc	#L219
  4376 00:0CDA: 1B           	tcs
  4377 00:0CDB: 0B           	phd
  4378 00:0CDC: 5B           	tcd
  4379             00000003   xQueue_0	set	3
  4380             00000007   pvBuffer_0	set	7
  4381                        ;    BaseType_t xReturn;
  4382                        ;    UBaseType_t uxSavedInterruptStatus;
  4383                        ;    int8_t * pcOriginalReadPosition;
  4384                        ;    Queue_t * const pxQueue = xQueue;
  4385                        ;
  4386                        ;    traceENTER_xQueuePeekFromISR( xQueue, pvBuffer );
  4387             00000000   xReturn_1	set	0
  4388             00000002   uxSavedInterruptStatus_1	set	2
  4389             00000004   pcOriginalReadPosition_1	set	4
  4390             00000008   pxQueue_1	set	8
  4391 00:0CDD: A5 0F        	lda	<L219+xQueue_0
  4392 00:0CDF: 85 09        	sta	<L220+pxQueue_1
  4393 00:0CE1: A5 11        	lda	<L219+xQueue_0+2
  4394 00:0CE3: 85 0B        	sta	<L220+pxQueue_1+2
  4395                        ;
  4396                        ;    configASSERT( ( pxQueue != NULL ) && !( ( pvBuffer == NULL ) && ( pxQueue->uxItemSize != ( UBaseT
                    ype_t ) 0U ) ) );
  4397 00:0CE5: A5 09        	lda	<L220+pxQueue_1
  4398 00:0CE7: 05 0B        	ora	<L220+pxQueue_1+2
  4399 00:0CE9: F0 0D        	beq	L221
  4400 00:0CEB: A5 13        	lda	<L219+pvBuffer_0
  4401 00:0CED: 05 15        	ora	<L219+pvBuffer_0+2
  4402 00:0CEF: D0 0A        	bne	L10272
  4403 00:0CF1: A0 38 00     	ldy	#$38
  4404 00:0CF4: B7 09        	lda	[<L220+pxQueue_1],Y
  4405 00:0CF6: F0 03        	beq	L10272
  4406                        L221:
  Sun Sep 20 2026 12:03                                                                                                    Page 78


  4407                        	asmstart
  4408 00:0CF8: 78           	sei
  4409                        	asmend
  4410                        L10273:
  4411 00:0CF9: 80 FE        	bra	L10273
  4412                        L10272:
  4413                        ;    configASSERT( ( pxQueue != NULL ) && ( pxQueue->uxItemSize != 0 ) ); /* Can't peek a semaphore. *
                    /
  4414 00:0CFB: A5 09        	lda	<L220+pxQueue_1
  4415 00:0CFD: 05 0B        	ora	<L220+pxQueue_1+2
  4416 00:0CFF: F0 07        	beq	L225
  4417 00:0D01: A0 38 00     	ldy	#$38
  4418 00:0D04: B7 09        	lda	[<L220+pxQueue_1],Y
  4419 00:0D06: D0 03        	bne	L10276
  4420                        L225:
  4421                        	asmstart
  4422 00:0D08: 78           	sei
  4423                        	asmend
  4424                        L10277:
  4425 00:0D09: 80 FE        	bra	L10277
  4426                        L10276:
  4427                        ;
  4428                        ;    /* RTOS ports that support interrupt nesting have the concept of a maximum
  4429                        ;     * system call (or maximum API call) interrupt priority.  Interrupts that are
  4430                        ;     * above the maximum system call priority are kept permanently enabled, even
  4431                        ;     * when the RTOS kernel is in a critical section, but cannot make any calls to
  4432                        ;     * FreeRTOS API functions.  If configASSERT() is defined in FreeRTOSConfig.h
  4433                        ;     * then portASSERT_IF_INTERRUPT_PRIORITY_INVALID() will result in an assertion
  4434                        ;     * failure if a FreeRTOS API function is called from an interrupt that has been
  4435                        ;     * assigned a priority above the configured maximum system call priority.
  4436                        ;     * Only FreeRTOS functions that end in FromISR can be called from interrupts
  4437                        ;     * that have been assigned a priority at or (logically) below the maximum
  4438                        ;     * system call interrupt priority.  FreeRTOS maintains a separate interrupt
  4439                        ;     * safe API to ensure interrupt entry is as fast and as simple as possible.
  4440                        ;     * More information (albeit Cortex-M specific) is provided on the following
  4441                        ;     * link: https://www.FreeRTOS.org/RTOS-Cortex-M3-M4.html */
  4442                        ;    portASSERT_IF_INTERRUPT_PRIORITY_INVALID();
  4443                        ;
  4444                        ;    /* MISRA Ref 4.7.1 [Return value shall be checked] */
  4445                        ;    /* More details at: https://github.com/FreeRTOS/FreeRTOS-Kernel/blob/main/MISRA.md#dir-47 */
  4446                        ;    /* coverity[misra_c_2012_directive_4_7_violation] */
  4447                        ;    uxSavedInterruptStatus = ( UBaseType_t ) taskENTER_CRITICAL_FROM_ISR();
  4448 00:0D0B: 64 03        	stz	<L220+uxSavedInterruptStatus_1
  4449                        ;    {
  4450                        ;        /* Cannot block in an ISR, so check there is data available. */
  4451                        ;        if( pxQueue->uxMessagesWaiting > ( UBaseType_t ) 0 )
  4452                        ;        {
  4453 00:0D0D: A9 00 00     	lda	#$0
  4454 00:0D10: A0 34 00     	ldy	#$34
  4455 00:0D13: D7 09        	cmp	[<L220+pxQueue_1],Y
  4456 00:0D15: B0 2C        	bcs	L10280
  4457                        ;            traceQUEUE_PEEK_FROM_ISR( pxQueue );
  4458                        ;
  4459                        ;            /* Remember the read position so it can be reset as nothing is
  4460                        ;             * actually being removed from the queue. */
  4461                        ;            pcOriginalReadPosition = pxQueue->u.xQueue.pcReadFrom;
  4462 00:0D17: A0 0C 00     	ldy	#$c
  4463 00:0D1A: B7 09        	lda	[<L220+pxQueue_1],Y
  Sun Sep 20 2026 12:03                                                                                                    Page 79


  4464 00:0D1C: 85 05        	sta	<L220+pcOriginalReadPosition_1
  4465 00:0D1E: C8           	iny
  4466 00:0D1F: C8           	iny
  4467 00:0D20: B7 09        	lda	[<L220+pxQueue_1],Y
  4468 00:0D22: 85 07        	sta	<L220+pcOriginalReadPosition_1+2
  4469                        ;            prvCopyDataFromQueue( pxQueue, pvBuffer );
  4470 00:0D24: D4 15        	pei	<L219+pvBuffer_0+2
  4471 00:0D26: D4 13        	pei	<L219+pvBuffer_0
  4472 00:0D28: D4 0B        	pei	<L220+pxQueue_1+2
  4473 00:0D2A: D4 09        	pei	<L220+pxQueue_1
  4474 00:0D2C: 20 xx xx     	jsr	_~prvCopyDataFromQueue
  4475                        ;            pxQueue->u.xQueue.pcReadFrom = pcOriginalReadPosition;
  4476 00:0D2F: A5 05        	lda	<L220+pcOriginalReadPosition_1
  4477 00:0D31: A0 0C 00     	ldy	#$c
  4478 00:0D34: 97 09        	sta	[<L220+pxQueue_1],Y
  4479 00:0D36: A5 07        	lda	<L220+pcOriginalReadPosition_1+2
  4480 00:0D38: C8           	iny
  4481 00:0D39: C8           	iny
  4482 00:0D3A: 97 09        	sta	[<L220+pxQueue_1],Y
  4483                        ;
  4484                        ;            xReturn = pdPASS;
  4485 00:0D3C: A9 01 00     	lda	#$1
  4486 00:0D3F: 85 01        	sta	<L220+xReturn_1
  4487                        ;        }
  4488                        ;        else
  4489 00:0D41: 80 02        	bra	L10281
  4490                        L10280:
  4491                        ;        {
  4492                        ;            xReturn = pdFAIL;
  4493 00:0D43: 64 01        	stz	<L220+xReturn_1
  4494                        ;            traceQUEUE_PEEK_FROM_ISR_FAILED( pxQueue );
  4495                        ;        }
  4496                        L10281:
  4497                        ;    }
  4498                        ;    taskEXIT_CRITICAL_FROM_ISR( uxSavedInterruptStatus );
  4499                        ;
  4500                        ;    traceRETURN_xQueuePeekFromISR( xReturn );
  4501                        ;
  4502                        ;    return xReturn;
  4503 00:0D45: A5 01        	lda	<L220+xReturn_1
  4504 00:0D47: A8           	tay
  4505 00:0D48: A5 0D        	lda	<L219+1
  4506 00:0D4A: 85 15        	sta	<L219+1+8
  4507 00:0D4C: 2B           	pld
  4508 00:0D4D: 3B           	tsc
  4509 00:0D4E: 18           	clc
  4510 00:0D4F: 69 14 00     	adc	#L219+8
  4511 00:0D52: 1B           	tcs
  4512 00:0D53: 98           	tya
  4513 00:0D54: 60           	rts
  4514                        ;}
  4515             0000000C   L219	equ	12
  4516             00000001   L220	equ	1
  4517                        	ends
  4518                        	efunc
  4519                        ;/*-----------------------------------------------------------*/
  4520                        ;
  4521                        ;UBaseType_t uxQueueMessagesWaiting( const QueueHandle_t xQueue )
  Sun Sep 20 2026 12:03                                                                                                    Page 80


  4522                        ;{
  4523                        	code
  4524                        	xdef	_~uxQueueMessagesWaiting
  4525                        	func
  4526                        _~uxQueueMessagesWaiting:
  4527                        	longa	on
  4528                        	longi	on
  4529 00:0D55: 3B           	tsc
  4530 00:0D56: 38           	sec
  4531 00:0D57: E9 02 00     	sbc	#L230
  4532 00:0D5A: 1B           	tcs
  4533 00:0D5B: 0B           	phd
  4534 00:0D5C: 5B           	tcd
  4535             00000003   xQueue_0	set	3
  4536                        ;    UBaseType_t uxReturn;
  4537                        ;
  4538                        ;    traceENTER_uxQueueMessagesWaiting( xQueue );
  4539             00000000   uxReturn_1	set	0
  4540                        ;
  4541                        ;    configASSERT( xQueue );
  4542 00:0D5D: A5 05        	lda	<L230+xQueue_0
  4543 00:0D5F: 05 07        	ora	<L230+xQueue_0+2
  4544 00:0D61: D0 03        	bne	L10282
  4545                        	asmstart
  4546 00:0D63: 78           	sei
  4547                        	asmend
  4548                        L10283:
  4549 00:0D64: 80 FE        	bra	L10283
  4550                        L10282:
  4551                        ;
  4552                        ;    portBASE_TYPE_ENTER_CRITICAL();
  4553                        	asmstart
  4554 00:0D66: 78           	sei
  4555                        	asmend
  4556                        ;    {
  4557                        ;        uxReturn = ( ( Queue_t * ) xQueue )->uxMessagesWaiting;
  4558 00:0D67: A0 34 00     	ldy	#$34
  4559 00:0D6A: B7 05        	lda	[<L230+xQueue_0],Y
  4560 00:0D6C: 85 01        	sta	<L231+uxReturn_1
  4561                        ;    }
  4562                        ;    portBASE_TYPE_EXIT_CRITICAL();
  4563                        	asmstart
  4564 00:0D6E: 58           	cli
  4565                        	asmend
  4566                        ;
  4567                        ;    traceRETURN_uxQueueMessagesWaiting( uxReturn );
  4568                        ;
  4569                        ;    return uxReturn;
  4570 00:0D6F: A5 01        	lda	<L231+uxReturn_1
  4571 00:0D71: A8           	tay
  4572 00:0D72: A5 03        	lda	<L230+1
  4573 00:0D74: 85 07        	sta	<L230+1+4
  4574 00:0D76: 2B           	pld
  4575 00:0D77: 3B           	tsc
  4576 00:0D78: 18           	clc
  4577 00:0D79: 69 06 00     	adc	#L230+4
  4578 00:0D7C: 1B           	tcs
  4579 00:0D7D: 98           	tya
  Sun Sep 20 2026 12:03                                                                                                    Page 81


  4580 00:0D7E: 60           	rts
  4581                        ;}
  4582             00000002   L230	equ	2
  4583             00000001   L231	equ	1
  4584                        	ends
  4585                        	efunc
  4586                        ;/*-----------------------------------------------------------*/
  4587                        ;
  4588                        ;UBaseType_t uxQueueSpacesAvailable( const QueueHandle_t xQueue )
  4589                        ;{
  4590                        	code
  4591                        	xdef	_~uxQueueSpacesAvailable
  4592                        	func
  4593                        _~uxQueueSpacesAvailable:
  4594                        	longa	on
  4595                        	longi	on
  4596 00:0D7F: 3B           	tsc
  4597 00:0D80: 38           	sec
  4598 00:0D81: E9 06 00     	sbc	#L234
  4599 00:0D84: 1B           	tcs
  4600 00:0D85: 0B           	phd
  4601 00:0D86: 5B           	tcd
  4602             00000003   xQueue_0	set	3
  4603                        ;    UBaseType_t uxReturn;
  4604                        ;    Queue_t * const pxQueue = xQueue;
  4605                        ;
  4606                        ;    traceENTER_uxQueueSpacesAvailable( xQueue );
  4607             00000000   uxReturn_1	set	0
  4608             00000002   pxQueue_1	set	2
  4609 00:0D87: A5 09        	lda	<L234+xQueue_0
  4610 00:0D89: 85 03        	sta	<L235+pxQueue_1
  4611 00:0D8B: A5 0B        	lda	<L234+xQueue_0+2
  4612 00:0D8D: 85 05        	sta	<L235+pxQueue_1+2
  4613                        ;
  4614                        ;    configASSERT( pxQueue );
  4615 00:0D8F: A5 03        	lda	<L235+pxQueue_1
  4616 00:0D91: 05 05        	ora	<L235+pxQueue_1+2
  4617 00:0D93: D0 03        	bne	L10286
  4618                        	asmstart
  4619 00:0D95: 78           	sei
  4620                        	asmend
  4621                        L10287:
  4622 00:0D96: 80 FE        	bra	L10287
  4623                        L10286:
  4624                        ;
  4625                        ;    portBASE_TYPE_ENTER_CRITICAL();
  4626                        	asmstart
  4627 00:0D98: 78           	sei
  4628                        	asmend
  4629                        ;    {
  4630                        ;        uxReturn = ( UBaseType_t ) ( pxQueue->uxLength - pxQueue->uxMessagesWaiting );
  4631 00:0D99: 38           	sec
  4632 00:0D9A: A0 36 00     	ldy	#$36
  4633 00:0D9D: B7 03        	lda	[<L235+pxQueue_1],Y
  4634 00:0D9F: 88           	dey
  4635 00:0DA0: 88           	dey
  4636 00:0DA1: F7 03        	sbc	[<L235+pxQueue_1],Y
  4637 00:0DA3: 85 01        	sta	<L235+uxReturn_1
  Sun Sep 20 2026 12:03                                                                                                    Page 82


  4638                        ;    }
  4639                        ;    portBASE_TYPE_EXIT_CRITICAL();
  4640                        	asmstart
  4641 00:0DA5: 58           	cli
  4642                        	asmend
  4643                        ;
  4644                        ;    traceRETURN_uxQueueSpacesAvailable( uxReturn );
  4645                        ;
  4646                        ;    return uxReturn;
  4647 00:0DA6: A5 01        	lda	<L235+uxReturn_1
  4648 00:0DA8: A8           	tay
  4649 00:0DA9: A5 07        	lda	<L234+1
  4650 00:0DAB: 85 0B        	sta	<L234+1+4
  4651 00:0DAD: 2B           	pld
  4652 00:0DAE: 3B           	tsc
  4653 00:0DAF: 18           	clc
  4654 00:0DB0: 69 0A 00     	adc	#L234+4
  4655 00:0DB3: 1B           	tcs
  4656 00:0DB4: 98           	tya
  4657 00:0DB5: 60           	rts
  4658                        ;}
  4659             00000006   L234	equ	6
  4660             00000001   L235	equ	1
  4661                        	ends
  4662                        	efunc
  4663                        ;/*-----------------------------------------------------------*/
  4664                        ;
  4665                        ;UBaseType_t uxQueueMessagesWaitingFromISR( const QueueHandle_t xQueue )
  4666                        ;{
  4667                        	code
  4668                        	xdef	_~uxQueueMessagesWaitingFromISR
  4669                        	func
  4670                        _~uxQueueMessagesWaitingFromISR:
  4671                        	longa	on
  4672                        	longi	on
  4673 00:0DB6: 3B           	tsc
  4674 00:0DB7: 38           	sec
  4675 00:0DB8: E9 06 00     	sbc	#L238
  4676 00:0DBB: 1B           	tcs
  4677 00:0DBC: 0B           	phd
  4678 00:0DBD: 5B           	tcd
  4679             00000003   xQueue_0	set	3
  4680                        ;    UBaseType_t uxReturn;
  4681                        ;    Queue_t * const pxQueue = xQueue;
  4682                        ;
  4683                        ;    traceENTER_uxQueueMessagesWaitingFromISR( xQueue );
  4684             00000000   uxReturn_1	set	0
  4685             00000002   pxQueue_1	set	2
  4686 00:0DBE: A5 09        	lda	<L238+xQueue_0
  4687 00:0DC0: 85 03        	sta	<L239+pxQueue_1
  4688 00:0DC2: A5 0B        	lda	<L238+xQueue_0+2
  4689 00:0DC4: 85 05        	sta	<L239+pxQueue_1+2
  4690                        ;
  4691                        ;    configASSERT( pxQueue );
  4692 00:0DC6: A5 03        	lda	<L239+pxQueue_1
  4693 00:0DC8: 05 05        	ora	<L239+pxQueue_1+2
  4694 00:0DCA: D0 03        	bne	L10290
  4695                        	asmstart
  Sun Sep 20 2026 12:03                                                                                                    Page 83


  4696 00:0DCC: 78           	sei
  4697                        	asmend
  4698                        L10291:
  4699 00:0DCD: 80 FE        	bra	L10291
  4700                        L10290:
  4701                        ;    uxReturn = pxQueue->uxMessagesWaiting;
  4702 00:0DCF: A0 34 00     	ldy	#$34
  4703 00:0DD2: B7 03        	lda	[<L239+pxQueue_1],Y
  4704 00:0DD4: 85 01        	sta	<L239+uxReturn_1
  4705                        ;
  4706                        ;    traceRETURN_uxQueueMessagesWaitingFromISR( uxReturn );
  4707                        ;
  4708                        ;    return uxReturn;
  4709 00:0DD6: A8           	tay
  4710 00:0DD7: A5 07        	lda	<L238+1
  4711 00:0DD9: 85 0B        	sta	<L238+1+4
  4712 00:0DDB: 2B           	pld
  4713 00:0DDC: 3B           	tsc
  4714 00:0DDD: 18           	clc
  4715 00:0DDE: 69 0A 00     	adc	#L238+4
  4716 00:0DE1: 1B           	tcs
  4717 00:0DE2: 98           	tya
  4718 00:0DE3: 60           	rts
  4719                        ;}
  4720             00000006   L238	equ	6
  4721             00000001   L239	equ	1
  4722                        	ends
  4723                        	efunc
  4724                        ;/*-----------------------------------------------------------*/
  4725                        ;
  4726                        ;void vQueueDelete( QueueHandle_t xQueue )
  4727                        ;{
  4728                        	code
  4729                        	xdef	_~vQueueDelete
  4730                        	func
  4731                        _~vQueueDelete:
  4732                        	longa	on
  4733                        	longi	on
  4734 00:0DE4: 3B           	tsc
  4735 00:0DE5: 38           	sec
  4736 00:0DE6: E9 04 00     	sbc	#L242
  4737 00:0DE9: 1B           	tcs
  4738 00:0DEA: 0B           	phd
  4739 00:0DEB: 5B           	tcd
  4740             00000003   xQueue_0	set	3
  4741                        ;    Queue_t * const pxQueue = xQueue;
  4742                        ;
  4743                        ;    traceENTER_vQueueDelete( xQueue );
  4744             00000000   pxQueue_1	set	0
  4745 00:0DEC: A5 07        	lda	<L242+xQueue_0
  4746 00:0DEE: 85 01        	sta	<L243+pxQueue_1
  4747 00:0DF0: A5 09        	lda	<L242+xQueue_0+2
  4748 00:0DF2: 85 03        	sta	<L243+pxQueue_1+2
  4749                        ;
  4750                        ;    configASSERT( pxQueue );
  4751 00:0DF4: A5 01        	lda	<L243+pxQueue_1
  4752 00:0DF6: 05 03        	ora	<L243+pxQueue_1+2
  4753 00:0DF8: D0 03        	bne	L10294
  Sun Sep 20 2026 12:03                                                                                                    Page 84


  4754                        	asmstart
  4755 00:0DFA: 78           	sei
  4756                        	asmend
  4757                        L10295:
  4758 00:0DFB: 80 FE        	bra	L10295
  4759                        L10294:
  4760                        ;    configASSERT( listLIST_IS_EMPTY( &( pxQueue->xTasksWaitingToSend ) ) );
  4761 00:0DFD: A0 10 00     	ldy	#$10
  4762 00:0E00: B7 01        	lda	[<L243+pxQueue_1],Y
  4763 00:0E02: D0 05        	bne	L245
  4764 00:0E04: A9 01 00     	lda	#$1
  4765 00:0E07: 80 03        	bra	L247
  4766                        L245:
  4767 00:0E09: A9 00 00     	lda	#$0
  4768                        L247:
  4769 00:0E0C: AA           	tax
  4770 00:0E0D: D0 03        	bne	L10298
  4771                        	asmstart
  4772 00:0E0F: 78           	sei
  4773                        	asmend
  4774                        L10299:
  4775 00:0E10: 80 FE        	bra	L10299
  4776                        L10298:
  4777                        ;    configASSERT( listLIST_IS_EMPTY( &( pxQueue->xTasksWaitingToReceive ) ) );
  4778 00:0E12: A0 22 00     	ldy	#$22
  4779 00:0E15: B7 01        	lda	[<L243+pxQueue_1],Y
  4780 00:0E17: D0 05        	bne	L249
  4781 00:0E19: A9 01 00     	lda	#$1
  4782 00:0E1C: 80 03        	bra	L251
  4783                        L249:
  4784 00:0E1E: A9 00 00     	lda	#$0
  4785                        L251:
  4786 00:0E21: AA           	tax
  4787 00:0E22: D0 03        	bne	L10302
  4788                        	asmstart
  4789 00:0E24: 78           	sei
  4790                        	asmend
  4791                        L10303:
  4792 00:0E25: 80 FE        	bra	L10303
  4793                        L10302:
  4794                        ;    traceQUEUE_DELETE( pxQueue );
  4795                        ;
  4796                        ;    #if ( configQUEUE_REGISTRY_SIZE > 0 )
  4797                        ;    {
  4798                        ;        vQueueUnregisterQueue( pxQueue );
  4799                        ;    }
  4800                        ;    #endif
  4801                        ;
  4802                        ;    #if ( ( configSUPPORT_DYNAMIC_ALLOCATION == 1 ) && ( configSUPPORT_STATIC_ALLOCATION == 0 ) )
  4803                        ;    {
  4804                        ;        /* The queue can only have been allocated dynamically - free it
  4805                        ;         * again. */
  4806                        ;        vPortFree( pxQueue );
  4807 00:0E27: D4 03        	pei	<L243+pxQueue_1+2
  4808 00:0E29: D4 01        	pei	<L243+pxQueue_1
  4809 00:0E2B: 20 xx xx     	jsr	_~vPortFree
  4810                        ;    }
  4811                        ;    #elif ( ( configSUPPORT_DYNAMIC_ALLOCATION == 1 ) && ( configSUPPORT_STATIC_ALLOCATION == 1 ) )
  Sun Sep 20 2026 12:03                                                                                                    Page 85


  4812                        ;    {
  4813                        ;        /* The queue could have been allocated statically or dynamically, so
  4814                        ;         * check before attempting to free the memory. */
  4815                        ;        if( pxQueue->ucStaticallyAllocated == ( uint8_t ) pdFALSE )
  4816                        ;        {
  4817                        ;            vPortFree( pxQueue );
  4818                        ;        }
  4819                        ;        else
  4820                        ;        {
  4821                        ;            mtCOVERAGE_TEST_MARKER();
  4822                        ;        }
  4823                        ;    }
  4824                        ;    #else /* if ( ( configSUPPORT_DYNAMIC_ALLOCATION == 1 ) && ( configSUPPORT_STATIC_ALLOCATION == 0
                     ) ) */
  4825                        ;    {
  4826                        ;        /* The queue must have been statically allocated, so is not going to be
  4827                        ;         * deleted.  Avoid compiler warnings about the unused parameter. */
  4828                        ;        ( void ) pxQueue;
  4829                        ;    }
  4830                        ;    #endif /* configSUPPORT_DYNAMIC_ALLOCATION */
  4831                        ;
  4832                        ;    traceRETURN_vQueueDelete();
  4833                        ;}
  4834 00:0E2E: A5 05        	lda	<L242+1
  4835 00:0E30: 85 09        	sta	<L242+1+4
  4836 00:0E32: 2B           	pld
  4837 00:0E33: 3B           	tsc
  4838 00:0E34: 18           	clc
  4839 00:0E35: 69 08 00     	adc	#L242+4
  4840 00:0E38: 1B           	tcs
  4841 00:0E39: 60           	rts
  4842             00000004   L242	equ	4
  4843             00000001   L243	equ	1
  4844                        	ends
  4845                        	efunc
  4846                        ;/*-----------------------------------------------------------*/
  4847                        ;
  4848                        ;#if ( configUSE_TRACE_FACILITY == 1 )
  4849                        ;
  4850                        ;    UBaseType_t uxQueueGetQueueNumber( QueueHandle_t xQueue )
  4851                        ;    {
  4852                        ;        traceENTER_uxQueueGetQueueNumber( xQueue );
  4853                        ;
  4854                        ;        traceRETURN_uxQueueGetQueueNumber( ( ( Queue_t * ) xQueue )->uxQueueNumber );
  4855                        ;
  4856                        ;        return ( ( Queue_t * ) xQueue )->uxQueueNumber;
  4857                        ;    }
  4858                        ;
  4859                        ;#endif /* configUSE_TRACE_FACILITY */
  4860                        ;/*-----------------------------------------------------------*/
  4861                        ;
  4862                        ;#if ( configUSE_TRACE_FACILITY == 1 )
  4863                        ;
  4864                        ;    void vQueueSetQueueNumber( QueueHandle_t xQueue,
  4865                        ;                               UBaseType_t uxQueueNumber )
  4866                        ;    {
  4867                        ;        traceENTER_vQueueSetQueueNumber( xQueue, uxQueueNumber );
  4868                        ;
  Sun Sep 20 2026 12:03                                                                                                    Page 86


  4869                        ;        ( ( Queue_t * ) xQueue )->uxQueueNumber = uxQueueNumber;
  4870                        ;
  4871                        ;        traceRETURN_vQueueSetQueueNumber();
  4872                        ;    }
  4873                        ;
  4874                        ;#endif /* configUSE_TRACE_FACILITY */
  4875                        ;/*-----------------------------------------------------------*/
  4876                        ;
  4877                        ;#if ( configUSE_TRACE_FACILITY == 1 )
  4878                        ;
  4879                        ;    uint8_t ucQueueGetQueueType( QueueHandle_t xQueue )
  4880                        ;    {
  4881                        ;        traceENTER_ucQueueGetQueueType( xQueue );
  4882                        ;
  4883                        ;        traceRETURN_ucQueueGetQueueType( ( ( Queue_t * ) xQueue )->ucQueueType );
  4884                        ;
  4885                        ;        return ( ( Queue_t * ) xQueue )->ucQueueType;
  4886                        ;    }
  4887                        ;
  4888                        ;#endif /* configUSE_TRACE_FACILITY */
  4889                        ;/*-----------------------------------------------------------*/
  4890                        ;
  4891                        ;UBaseType_t uxQueueGetQueueItemSize( QueueHandle_t xQueue ) /* PRIVILEGED_FUNCTION */
  4892                        ;{
  4893                        	code
  4894                        	xdef	_~uxQueueGetQueueItemSize
  4895                        	func
  4896                        _~uxQueueGetQueueItemSize:
  4897                        	longa	on
  4898                        	longi	on
  4899 00:0E3A: 3B           	tsc
  4900 00:0E3B: 38           	sec
  4901 00:0E3C: E9 00 00     	sbc	#L254
  4902 00:0E3F: 1B           	tcs
  4903 00:0E40: 0B           	phd
  4904 00:0E41: 5B           	tcd
  4905             00000003   xQueue_0	set	3
  4906                        ;    traceENTER_uxQueueGetQueueItemSize( xQueue );
  4907                        ;
  4908                        ;    traceRETURN_uxQueueGetQueueItemSize( ( ( Queue_t * ) xQueue )->uxItemSize );
  4909                        ;
  4910                        ;    return ( ( Queue_t * ) xQueue )->uxItemSize;
  4911 00:0E42: A0 38 00     	ldy	#$38
  4912 00:0E45: B7 03        	lda	[<L254+xQueue_0],Y
  4913 00:0E47: A8           	tay
  4914 00:0E48: A5 01        	lda	<L254+1
  4915 00:0E4A: 85 05        	sta	<L254+1+4
  4916 00:0E4C: 2B           	pld
  4917 00:0E4D: 3B           	tsc
  4918 00:0E4E: 18           	clc
  4919 00:0E4F: 69 04 00     	adc	#L254+4
  4920 00:0E52: 1B           	tcs
  4921 00:0E53: 98           	tya
  4922 00:0E54: 60           	rts
  4923                        ;}
  4924             00000000   L254	equ	0
  4925             00000001   L255	equ	1
  4926                        	ends
  Sun Sep 20 2026 12:03                                                                                                    Page 87


  4927                        	efunc
  4928                        ;/*-----------------------------------------------------------*/
  4929                        ;
  4930                        ;UBaseType_t uxQueueGetQueueLength( QueueHandle_t xQueue ) /* PRIVILEGED_FUNCTION */
  4931                        ;{
  4932                        	code
  4933                        	xdef	_~uxQueueGetQueueLength
  4934                        	func
  4935                        _~uxQueueGetQueueLength:
  4936                        	longa	on
  4937                        	longi	on
  4938 00:0E55: 3B           	tsc
  4939 00:0E56: 38           	sec
  4940 00:0E57: E9 00 00     	sbc	#L257
  4941 00:0E5A: 1B           	tcs
  4942 00:0E5B: 0B           	phd
  4943 00:0E5C: 5B           	tcd
  4944             00000003   xQueue_0	set	3
  4945                        ;    traceENTER_uxQueueGetQueueLength( xQueue );
  4946                        ;
  4947                        ;    traceRETURN_uxQueueGetQueueLength( ( ( Queue_t * ) xQueue )->uxLength );
  4948                        ;
  4949                        ;    return ( ( Queue_t * ) xQueue )->uxLength;
  4950 00:0E5D: A0 36 00     	ldy	#$36
  4951 00:0E60: B7 03        	lda	[<L257+xQueue_0],Y
  4952 00:0E62: A8           	tay
  4953 00:0E63: A5 01        	lda	<L257+1
  4954 00:0E65: 85 05        	sta	<L257+1+4
  4955 00:0E67: 2B           	pld
  4956 00:0E68: 3B           	tsc
  4957 00:0E69: 18           	clc
  4958 00:0E6A: 69 04 00     	adc	#L257+4
  4959 00:0E6D: 1B           	tcs
  4960 00:0E6E: 98           	tya
  4961 00:0E6F: 60           	rts
  4962                        ;}
  4963             00000000   L257	equ	0
  4964             00000001   L258	equ	1
  4965                        	ends
  4966                        	efunc
  4967                        ;/*-----------------------------------------------------------*/
  4968                        ;
  4969                        ;#if ( configUSE_MUTEXES == 1 )
  4970                        ;
  4971                        ;    static UBaseType_t prvGetHighestPriorityOfWaitToReceiveList( const Queue_t * const pxQueue )
  4972                        ;    {
  4973                        	code
  4974                        	func
  4975                        _~prvGetHighestPriorityOfWaitToReceiveList:
  4976                        	longa	on
  4977                        	longi	on
  4978 00:0E70: 3B           	tsc
  4979 00:0E71: 38           	sec
  4980 00:0E72: E9 06 00     	sbc	#L260
  4981 00:0E75: 1B           	tcs
  4982 00:0E76: 0B           	phd
  4983 00:0E77: 5B           	tcd
  4984             00000003   pxQueue_0	set	3
  Sun Sep 20 2026 12:03                                                                                                    Page 88


  4985                        ;        UBaseType_t uxHighestPriorityOfWaitingTasks;
  4986                        ;
  4987                        ;        /* If a task waiting for a mutex causes the mutex holder to inherit a
  4988                        ;         * priority, but the waiting task times out, then the holder should
  4989                        ;         * disinherit the priority - but only down to the highest priority of any
  4990                        ;         * other tasks that are waiting for the same mutex.  For this purpose,
  4991                        ;         * return the priority of the highest priority task that is waiting for the
  4992                        ;         * mutex. */
  4993                        ;        if( listCURRENT_LIST_LENGTH( &( pxQueue->xTasksWaitingToReceive ) ) > 0U )
  4994             00000000   uxHighestPriorityOfWaitingTasks_1	set	0
  4995                        ;        {
  4996 00:0E78: A9 00 00     	lda	#$0
  4997 00:0E7B: A0 22 00     	ldy	#$22
  4998 00:0E7E: D7 09        	cmp	[<L260+pxQueue_0],Y
  4999 00:0E80: B0 17        	bcs	L10306
  5000                        ;            uxHighestPriorityOfWaitingTasks = ( UBaseType_t ) ( ( UBaseType_t ) configMAX_PRIORITIES 
                    - ( UBaseType_t ) listGET_ITEM_VALUE_OF_HEAD_ENTRY( &( pxQueue->xTasksWaitingToReceive ) ) );
  5001 00:0E82: A0 2C 00     	ldy	#$2c
  5002 00:0E85: B7 09        	lda	[<L260+pxQueue_0],Y
  5003 00:0E87: 85 01        	sta	<R0
  5004 00:0E89: C8           	iny
  5005 00:0E8A: C8           	iny
  5006 00:0E8B: B7 09        	lda	[<L260+pxQueue_0],Y
  5007 00:0E8D: 85 03        	sta	<R0+2
  5008 00:0E8F: 38           	sec
  5009 00:0E90: A9 05 00     	lda	#$5
  5010 00:0E93: E7 01        	sbc	[<R0]
  5011 00:0E95: 85 05        	sta	<L261+uxHighestPriorityOfWaitingTasks_1
  5012                        ;        }
  5013                        ;        else
  5014 00:0E97: 80 02        	bra	L10307
  5015                        L10306:
  5016                        ;        {
  5017                        ;            uxHighestPriorityOfWaitingTasks = tskIDLE_PRIORITY;
  5018 00:0E99: 64 05        	stz	<L261+uxHighestPriorityOfWaitingTasks_1
  5019                        ;        }
  5020                        L10307:
  5021                        ;
  5022                        ;        return uxHighestPriorityOfWaitingTasks;
  5023 00:0E9B: A5 05        	lda	<L261+uxHighestPriorityOfWaitingTasks_1
  5024 00:0E9D: A8           	tay
  5025 00:0E9E: A5 07        	lda	<L260+1
  5026 00:0EA0: 85 0B        	sta	<L260+1+4
  5027 00:0EA2: 2B           	pld
  5028 00:0EA3: 3B           	tsc
  5029 00:0EA4: 18           	clc
  5030 00:0EA5: 69 0A 00     	adc	#L260+4
  5031 00:0EA8: 1B           	tcs
  5032 00:0EA9: 98           	tya
  5033 00:0EAA: 60           	rts
  5034                        ;    }
  5035             00000006   L260	equ	6
  5036             00000005   L261	equ	5
  5037                        	ends
  5038                        	efunc
  5039                        ;
  5040                        ;#endif /* configUSE_MUTEXES */
  5041                        ;/*-----------------------------------------------------------*/
  Sun Sep 20 2026 12:03                                                                                                    Page 89


  5042                        ;
  5043                        ;static BaseType_t prvCopyDataToQueue( Queue_t * const pxQueue,
  5044                        ;                                      const void * pvItemToQueue,
  5045                        ;                                      const BaseType_t xPosition )
  5046                        ;{
  5047                        	code
  5048                        	func
  5049                        _~prvCopyDataToQueue:
  5050                        	longa	on
  5051                        	longi	on
  5052 00:0EAB: 3B           	tsc
  5053 00:0EAC: 38           	sec
  5054 00:0EAD: E9 0C 00     	sbc	#L264
  5055 00:0EB0: 1B           	tcs
  5056 00:0EB1: 0B           	phd
  5057 00:0EB2: 5B           	tcd
  5058             00000003   pxQueue_0	set	3
  5059             00000007   pvItemToQueue_0	set	7
  5060             0000000B   xPosition_0	set	11
  5061                        ;    BaseType_t xReturn = pdFALSE;
  5062                        ;    UBaseType_t uxMessagesWaiting;
  5063                        ;
  5064                        ;    /* This function is called from a critical section. */
  5065                        ;
  5066                        ;    uxMessagesWaiting = pxQueue->uxMessagesWaiting;
  5067             00000000   xReturn_1	set	0
  5068             00000002   uxMessagesWaiting_1	set	2
  5069 00:0EB3: 64 09        	stz	<L265+xReturn_1
  5070 00:0EB5: A0 34 00     	ldy	#$34
  5071 00:0EB8: B7 0F        	lda	[<L264+pxQueue_0],Y
  5072 00:0EBA: 85 0B        	sta	<L265+uxMessagesWaiting_1
  5073                        ;
  5074                        ;    if( pxQueue->uxItemSize == ( UBaseType_t ) 0 )
  5075                        ;    {
  5076 00:0EBC: A0 38 00     	ldy	#$38
  5077 00:0EBF: B7 0F        	lda	[<L264+pxQueue_0],Y
  5078 00:0EC1: D0 3D        	bne	L10308
  5079                        ;        #if ( configUSE_MUTEXES == 1 )
  5080                        ;        {
  5081                        ;            if( pxQueue->uxQueueType == queueQUEUE_IS_MUTEX )
  5082                        ;            {
  5083 00:0EC3: A7 0F        	lda	[<L264+pxQueue_0]
  5084 00:0EC5: A0 02 00     	ldy	#$2
  5085 00:0EC8: 17 0F        	ora	[<L264+pxQueue_0],Y
  5086 00:0ECA: D0 1C        	bne	L10311
  5087                        ;                /* The mutex is no longer being held. */
  5088                        ;                xReturn = xTaskPriorityDisinherit( pxQueue->u.xSemaphore.xMutexHolder );
  5089 00:0ECC: A0 0A 00     	ldy	#$a
  5090 00:0ECF: B7 0F        	lda	[<L264+pxQueue_0],Y
  5091 00:0ED1: 48           	pha
  5092 00:0ED2: 88           	dey
  5093 00:0ED3: 88           	dey
  5094 00:0ED4: B7 0F        	lda	[<L264+pxQueue_0],Y
  5095 00:0ED6: 48           	pha
  5096 00:0ED7: 20 xx xx     	jsr	_~xTaskPriorityDisinherit
  5097 00:0EDA: 85 09        	sta	<L265+xReturn_1
  5098                        ;                pxQueue->u.xSemaphore.xMutexHolder = NULL;
  5099 00:0EDC: A9 00 00     	lda	#$0
  Sun Sep 20 2026 12:03                                                                                                    Page 90


  5100 00:0EDF: A0 08 00     	ldy	#$8
  5101 00:0EE2: 97 0F        	sta	[<L264+pxQueue_0],Y
  5102 00:0EE4: C8           	iny
  5103 00:0EE5: C8           	iny
  5104                        L20014:
  5105 00:0EE6: 97 0F        	sta	[<L264+pxQueue_0],Y
  5106                        ;            }
  5107                        ;            else
  5108                        L10311:
  5109                        ;
  5110                        ;    pxQueue->uxMessagesWaiting = ( UBaseType_t ) ( uxMessagesWaiting + ( UBaseType_t ) 1 );
  5111 00:0EE8: A5 0B        	lda	<L265+uxMessagesWaiting_1
  5112 00:0EEA: 1A           	ina
  5113 00:0EEB: A0 34 00     	ldy	#$34
  5114 00:0EEE: 97 0F        	sta	[<L264+pxQueue_0],Y
  5115                        ;
  5116                        ;    return xReturn;
  5117 00:0EF0: A5 09        	lda	<L265+xReturn_1
  5118 00:0EF2: A8           	tay
  5119 00:0EF3: A5 0D        	lda	<L264+1
  5120 00:0EF5: 85 17        	sta	<L264+1+10
  5121 00:0EF7: 2B           	pld
  5122 00:0EF8: 3B           	tsc
  5123 00:0EF9: 18           	clc
  5124 00:0EFA: 69 16 00     	adc	#L264+10
  5125 00:0EFD: 1B           	tcs
  5126 00:0EFE: 98           	tya
  5127 00:0EFF: 60           	rts
  5128                        ;            {
  5129                        ;                mtCOVERAGE_TEST_MARKER();
  5130                        ;            }
  5131                        ;        }
  5132                        ;        #endif /* configUSE_MUTEXES */
  5133                        ;    }
  5134                        ;    else if( xPosition == queueSEND_TO_BACK )
  5135                        L10308:
  5136                        ;    {
  5137 00:0F00: A5 17        	lda	<L264+xPosition_0
  5138 00:0F02: D0 69        	bne	L10312
  5139                        ;        ( void ) memcpy( ( void * ) pxQueue->pcWriteTo, pvItemToQueue, ( size_t ) pxQueue->uxItemSize
                     );
  5140 00:0F04: A0 38 00     	ldy	#$38
  5141 00:0F07: B7 0F        	lda	[<L264+pxQueue_0],Y
  5142 00:0F09: 48           	pha
  5143 00:0F0A: D4 15        	pei	<L264+pvItemToQueue_0+2
  5144 00:0F0C: D4 13        	pei	<L264+pvItemToQueue_0
  5145 00:0F0E: A0 06 00     	ldy	#$6
  5146 00:0F11: B7 0F        	lda	[<L264+pxQueue_0],Y
  5147 00:0F13: 48           	pha
  5148 00:0F14: 88           	dey
  5149 00:0F15: 88           	dey
  5150 00:0F16: B7 0F        	lda	[<L264+pxQueue_0],Y
  5151 00:0F18: 48           	pha
  5152 00:0F19: 20 xx xx     	jsr	_~memcpy
  5153 00:0F1C: 85 01        	sta	<R0
  5154 00:0F1E: 86 03        	stx	<R0+2
  5155                        ;        pxQueue->pcWriteTo += pxQueue->uxItemSize;
  5156 00:0F20: A0 38 00     	ldy	#$38
  Sun Sep 20 2026 12:03                                                                                                    Page 91


  5157 00:0F23: B7 0F        	lda	[<L264+pxQueue_0],Y
  5158 00:0F25: 85 01        	sta	<R0
  5159 00:0F27: 64 03        	stz	<R0+2
  5160 00:0F29: A9 04 00     	lda	#$4
  5161 00:0F2C: 18           	clc
  5162 00:0F2D: 65 0F        	adc	<L264+pxQueue_0
  5163 00:0F2F: 85 05        	sta	<R1
  5164 00:0F31: A9 00 00     	lda	#$0
  5165 00:0F34: 65 11        	adc	<L264+pxQueue_0+2
  5166 00:0F36: 85 07        	sta	<R1+2
  5167 00:0F38: A7 05        	lda	[<R1]
  5168 00:0F3A: 18           	clc
  5169 00:0F3B: 65 01        	adc	<R0
  5170 00:0F3D: 87 05        	sta	[<R1]
  5171 00:0F3F: A0 02 00     	ldy	#$2
  5172 00:0F42: B7 05        	lda	[<R1],Y
  5173 00:0F44: 65 03        	adc	<R0+2
  5174 00:0F46: 97 05        	sta	[<R1],Y
  5175                        ;
  5176                        ;        if( pxQueue->pcWriteTo >= pxQueue->u.xQueue.pcTail )
  5177                        ;        {
  5178 00:0F48: C8           	iny
  5179 00:0F49: C8           	iny
  5180 00:0F4A: B7 0F        	lda	[<L264+pxQueue_0],Y
  5181 00:0F4C: A0 08 00     	ldy	#$8
  5182 00:0F4F: D7 0F        	cmp	[<L264+pxQueue_0],Y
  5183 00:0F51: 88           	dey
  5184 00:0F52: 88           	dey
  5185 00:0F53: B7 0F        	lda	[<L264+pxQueue_0],Y
  5186 00:0F55: A0 0A 00     	ldy	#$a
  5187 00:0F58: F7 0F        	sbc	[<L264+pxQueue_0],Y
  5188 00:0F5A: 90 8C        	bcc	L10311
  5189                        ;            pxQueue->pcWriteTo = pxQueue->pcHead;
  5190 00:0F5C: A7 0F        	lda	[<L264+pxQueue_0]
  5191 00:0F5E: A0 04 00     	ldy	#$4
  5192 00:0F61: 97 0F        	sta	[<L264+pxQueue_0],Y
  5193 00:0F63: 88           	dey
  5194 00:0F64: 88           	dey
  5195 00:0F65: B7 0F        	lda	[<L264+pxQueue_0],Y
  5196 00:0F67: A0 06 00     	ldy	#$6
  5197 00:0F6A: 82 79 FF     	brl	L20014
  5198                        ;        }
  5199                        ;        else
  5200                        ;        {
  5201                        ;            mtCOVERAGE_TEST_MARKER();
  5202                        ;        }
  5203                        ;    }
  5204                        ;    else
  5205                        L10312:
  5206                        ;    {
  5207                        ;        ( void ) memcpy( ( void * ) pxQueue->u.xQueue.pcReadFrom, pvItemToQueue, ( size_t ) pxQueue->
                    uxItemSize );
  5208 00:0F6D: A0 38 00     	ldy	#$38
  5209 00:0F70: B7 0F        	lda	[<L264+pxQueue_0],Y
  5210 00:0F72: 48           	pha
  5211 00:0F73: D4 15        	pei	<L264+pvItemToQueue_0+2
  5212 00:0F75: D4 13        	pei	<L264+pvItemToQueue_0
  5213 00:0F77: A0 0E 00     	ldy	#$e
  Sun Sep 20 2026 12:03                                                                                                    Page 92


  5214 00:0F7A: B7 0F        	lda	[<L264+pxQueue_0],Y
  5215 00:0F7C: 48           	pha
  5216 00:0F7D: 88           	dey
  5217 00:0F7E: 88           	dey
  5218 00:0F7F: B7 0F        	lda	[<L264+pxQueue_0],Y
  5219 00:0F81: 48           	pha
  5220 00:0F82: 20 xx xx     	jsr	_~memcpy
  5221 00:0F85: 85 01        	sta	<R0
  5222 00:0F87: 86 03        	stx	<R0+2
  5223                        ;        pxQueue->u.xQueue.pcReadFrom -= pxQueue->uxItemSize;
  5224 00:0F89: A0 38 00     	ldy	#$38
  5225 00:0F8C: B7 0F        	lda	[<L264+pxQueue_0],Y
  5226 00:0F8E: 85 01        	sta	<R0
  5227 00:0F90: 64 03        	stz	<R0+2
  5228 00:0F92: A9 0C 00     	lda	#$c
  5229 00:0F95: 18           	clc
  5230 00:0F96: 65 0F        	adc	<L264+pxQueue_0
  5231 00:0F98: 85 05        	sta	<R1
  5232 00:0F9A: A9 00 00     	lda	#$0
  5233 00:0F9D: 65 11        	adc	<L264+pxQueue_0+2
  5234 00:0F9F: 85 07        	sta	<R1+2
  5235 00:0FA1: 38           	sec
  5236 00:0FA2: A7 05        	lda	[<R1]
  5237 00:0FA4: E5 01        	sbc	<R0
  5238 00:0FA6: 87 05        	sta	[<R1]
  5239 00:0FA8: A0 02 00     	ldy	#$2
  5240 00:0FAB: B7 05        	lda	[<R1],Y
  5241 00:0FAD: E5 03        	sbc	<R0+2
  5242 00:0FAF: 97 05        	sta	[<R1],Y
  5243                        ;
  5244                        ;        if( pxQueue->u.xQueue.pcReadFrom < pxQueue->pcHead )
  5245                        ;        {
  5246 00:0FB1: A0 0C 00     	ldy	#$c
  5247 00:0FB4: B7 0F        	lda	[<L264+pxQueue_0],Y
  5248 00:0FB6: C7 0F        	cmp	[<L264+pxQueue_0]
  5249 00:0FB8: C8           	iny
  5250 00:0FB9: C8           	iny
  5251 00:0FBA: B7 0F        	lda	[<L264+pxQueue_0],Y
  5252 00:0FBC: A0 02 00     	ldy	#$2
  5253 00:0FBF: F7 0F        	sbc	[<L264+pxQueue_0],Y
  5254 00:0FC1: B0 27        	bcs	L10317
  5255                        ;            pxQueue->u.xQueue.pcReadFrom = ( pxQueue->u.xQueue.pcTail - pxQueue->uxItemSize );
  5256 00:0FC3: A0 38 00     	ldy	#$38
  5257 00:0FC6: B7 0F        	lda	[<L264+pxQueue_0],Y
  5258 00:0FC8: 85 01        	sta	<R0
  5259 00:0FCA: 64 03        	stz	<R0+2
  5260 00:0FCC: 38           	sec
  5261 00:0FCD: A0 08 00     	ldy	#$8
  5262 00:0FD0: B7 0F        	lda	[<L264+pxQueue_0],Y
  5263 00:0FD2: E5 01        	sbc	<R0
  5264 00:0FD4: 85 05        	sta	<R1
  5265 00:0FD6: C8           	iny
  5266 00:0FD7: C8           	iny
  5267 00:0FD8: B7 0F        	lda	[<L264+pxQueue_0],Y
  5268 00:0FDA: E5 03        	sbc	<R0+2
  5269 00:0FDC: 85 07        	sta	<R1+2
  5270 00:0FDE: A5 05        	lda	<R1
  5271 00:0FE0: C8           	iny
  Sun Sep 20 2026 12:03                                                                                                    Page 93


  5272 00:0FE1: C8           	iny
  5273 00:0FE2: 97 0F        	sta	[<L264+pxQueue_0],Y
  5274 00:0FE4: A5 07        	lda	<R1+2
  5275 00:0FE6: C8           	iny
  5276 00:0FE7: C8           	iny
  5277 00:0FE8: 97 0F        	sta	[<L264+pxQueue_0],Y
  5278                        ;        }
  5279                        ;        else
  5280                        ;        {
  5281                        ;            mtCOVERAGE_TEST_MARKER();
  5282                        ;        }
  5283                        L10317:
  5284                        ;
  5285                        ;        if( xPosition == queueOVERWRITE )
  5286                        ;        {
  5287 00:0FEA: A5 17        	lda	<L264+xPosition_0
  5288 00:0FEC: C9 02 00     	cmp	#<$2
  5289 00:0FEF: F0 03        	beq	*+5
  5290 00:0FF1: 82 F4 FE     	brl	L10311
  5291                        ;            if( uxMessagesWaiting > ( UBaseType_t ) 0 )
  5292                        ;            {
  5293 00:0FF4: A9 00 00     	lda	#$0
  5294 00:0FF7: C5 0B        	cmp	<L265+uxMessagesWaiting_1
  5295 00:0FF9: 90 03        	bcc	*+5
  5296 00:0FFB: 82 EA FE     	brl	L10311
  5297                        ;                /* An item is not being added but overwritten, so subtract
  5298                        ;                 * one from the recorded number of items in the queue so when
  5299                        ;                 * one is added again below the number of recorded items remains
  5300                        ;                 * correct. */
  5301                        ;                --uxMessagesWaiting;
  5302 00:0FFE: C6 0B        	dec	<L265+uxMessagesWaiting_1
  5303                        ;            }
  5304                        ;            else
  5305 00:1000: 82 E5 FE     	brl	L10311
  5306                        ;            {
  5307                        ;                mtCOVERAGE_TEST_MARKER();
  5308                        ;            }
  5309                        ;        }
  5310                        ;        else
  5311                        ;        {
  5312                        ;            mtCOVERAGE_TEST_MARKER();
  5313                        ;        }
  5314                        ;    }
  5315                        ;}
  5316             0000000C   L264	equ	12
  5317             00000009   L265	equ	9
  5318                        	ends
  5319                        	efunc
  5320                        ;/*-----------------------------------------------------------*/
  5321                        ;
  5322                        ;static void prvCopyDataFromQueue( Queue_t * const pxQueue,
  5323                        ;                                  void * const pvBuffer )
  5324                        ;{
  5325                        	code
  5326                        	func
  5327                        _~prvCopyDataFromQueue:
  5328                        	longa	on
  5329                        	longi	on
  Sun Sep 20 2026 12:03                                                                                                    Page 94


  5330 00:1003: 3B           	tsc
  5331 00:1004: 38           	sec
  5332 00:1005: E9 08 00     	sbc	#L274
  5333 00:1008: 1B           	tcs
  5334 00:1009: 0B           	phd
  5335 00:100A: 5B           	tcd
  5336             00000003   pxQueue_0	set	3
  5337             00000007   pvBuffer_0	set	7
  5338                        ;    if( pxQueue->uxItemSize != ( UBaseType_t ) 0 )
  5339                        ;    {
  5340 00:100B: A0 38 00     	ldy	#$38
  5341 00:100E: B7 0B        	lda	[<L274+pxQueue_0],Y
  5342 00:1010: F0 67        	beq	L278
  5343                        ;        pxQueue->u.xQueue.pcReadFrom += pxQueue->uxItemSize;
  5344 00:1012: B7 0B        	lda	[<L274+pxQueue_0],Y
  5345 00:1014: 85 01        	sta	<R0
  5346 00:1016: 64 03        	stz	<R0+2
  5347 00:1018: A9 0C 00     	lda	#$c
  5348 00:101B: 18           	clc
  5349 00:101C: 65 0B        	adc	<L274+pxQueue_0
  5350 00:101E: 85 05        	sta	<R1
  5351 00:1020: A9 00 00     	lda	#$0
  5352 00:1023: 65 0D        	adc	<L274+pxQueue_0+2
  5353 00:1025: 85 07        	sta	<R1+2
  5354 00:1027: A7 05        	lda	[<R1]
  5355 00:1029: 18           	clc
  5356 00:102A: 65 01        	adc	<R0
  5357 00:102C: 87 05        	sta	[<R1]
  5358 00:102E: A0 02 00     	ldy	#$2
  5359 00:1031: B7 05        	lda	[<R1],Y
  5360 00:1033: 65 03        	adc	<R0+2
  5361 00:1035: 97 05        	sta	[<R1],Y
  5362                        ;
  5363                        ;        if( pxQueue->u.xQueue.pcReadFrom >= pxQueue->u.xQueue.pcTail )
  5364                        ;        {
  5365 00:1037: A0 0C 00     	ldy	#$c
  5366 00:103A: B7 0B        	lda	[<L274+pxQueue_0],Y
  5367 00:103C: A0 08 00     	ldy	#$8
  5368 00:103F: D7 0B        	cmp	[<L274+pxQueue_0],Y
  5369 00:1041: A0 0E 00     	ldy	#$e
  5370 00:1044: B7 0B        	lda	[<L274+pxQueue_0],Y
  5371 00:1046: A0 0A 00     	ldy	#$a
  5372 00:1049: F7 0B        	sbc	[<L274+pxQueue_0],Y
  5373 00:104B: 90 10        	bcc	L10324
  5374                        ;            pxQueue->u.xQueue.pcReadFrom = pxQueue->pcHead;
  5375 00:104D: A7 0B        	lda	[<L274+pxQueue_0]
  5376 00:104F: C8           	iny
  5377 00:1050: C8           	iny
  5378 00:1051: 97 0B        	sta	[<L274+pxQueue_0],Y
  5379 00:1053: A0 02 00     	ldy	#$2
  5380 00:1056: B7 0B        	lda	[<L274+pxQueue_0],Y
  5381 00:1058: A0 0E 00     	ldy	#$e
  5382 00:105B: 97 0B        	sta	[<L274+pxQueue_0],Y
  5383                        ;        }
  5384                        ;        else
  5385                        ;        {
  5386                        ;            mtCOVERAGE_TEST_MARKER();
  5387                        ;        }
  Sun Sep 20 2026 12:03                                                                                                    Page 95


  5388                        L10324:
  5389                        ;
  5390                        ;        ( void ) memcpy( ( void * ) pvBuffer, ( void * ) pxQueue->u.xQueue.pcReadFrom, ( size_t ) pxQ
                    ueue->uxItemSize );
  5391 00:105D: A0 38 00     	ldy	#$38
  5392 00:1060: B7 0B        	lda	[<L274+pxQueue_0],Y
  5393 00:1062: 48           	pha
  5394 00:1063: A0 0E 00     	ldy	#$e
  5395 00:1066: B7 0B        	lda	[<L274+pxQueue_0],Y
  5396 00:1068: 48           	pha
  5397 00:1069: 88           	dey
  5398 00:106A: 88           	dey
  5399 00:106B: B7 0B        	lda	[<L274+pxQueue_0],Y
  5400 00:106D: 48           	pha
  5401 00:106E: D4 11        	pei	<L274+pvBuffer_0+2
  5402 00:1070: D4 0F        	pei	<L274+pvBuffer_0
  5403 00:1072: 20 xx xx     	jsr	_~memcpy
  5404 00:1075: 85 01        	sta	<R0
  5405 00:1077: 86 03        	stx	<R0+2
  5406                        ;    }
  5407                        ;}
  5408                        L278:
  5409 00:1079: A5 09        	lda	<L274+1
  5410 00:107B: 85 11        	sta	<L274+1+8
  5411 00:107D: 2B           	pld
  5412 00:107E: 3B           	tsc
  5413 00:107F: 18           	clc
  5414 00:1080: 69 10 00     	adc	#L274+8
  5415 00:1083: 1B           	tcs
  5416 00:1084: 60           	rts
  5417             00000008   L274	equ	8
  5418             00000009   L275	equ	9
  5419                        	ends
  5420                        	efunc
  5421                        ;/*-----------------------------------------------------------*/
  5422                        ;
  5423                        ;static void prvUnlockQueue( Queue_t * const pxQueue )
  5424                        ;{
  5425                        	code
  5426                        	func
  5427                        _~prvUnlockQueue:
  5428                        	longa	on
  5429                        	longi	on
  5430 00:1085: 3B           	tsc
  5431 00:1086: 38           	sec
  5432 00:1087: E9 05 00     	sbc	#L279
  5433 00:108A: 1B           	tcs
  5434 00:108B: 0B           	phd
  5435 00:108C: 5B           	tcd
  5436             00000003   pxQueue_0	set	3
  5437                        ;    /* THIS FUNCTION MUST BE CALLED WITH THE SCHEDULER SUSPENDED. */
  5438                        ;
  5439                        ;    /* The lock counts contains the number of extra data items placed or
  5440                        ;     * removed from the queue while the queue was locked.  When a queue is
  5441                        ;     * locked items can be added or removed, but the event lists cannot be
  5442                        ;     * updated. */
  5443                        ;    taskENTER_CRITICAL();
  5444                        	asmstart
  Sun Sep 20 2026 12:03                                                                                                    Page 96


  5445 00:108D: 78           	sei
  5446                        	asmend
  5447                        ;    {
  5448                        ;        int8_t cTxLock = pxQueue->cTxLock;
  5449                        ;
  5450                        ;        /* See if data was added to the queue while it was locked. */
  5451                        ;        while( cTxLock > queueLOCKED_UNMODIFIED )
  5452             00000000   cTxLock_2	set	0
  5453 00:108E: E2 20        	sep	#$20
  5454                        	longa	off
  5455 00:1090: A0 3B 00     	ldy	#$3b
  5456 00:1093: B7 08        	lda	[<L279+pxQueue_0],Y
  5457 00:1095: 85 05        	sta	<L280+cTxLock_2
  5458 00:1097: C2 20        	rep	#$20
  5459                        	longa	on
  5460 00:1099: 80 31        	bra	L10325
  5461                        L20016:
  5462                        ;        {
  5463                        ;            /* Data was posted while the queue was locked.  Are any tasks
  5464                        ;             * blocked waiting for data to become available? */
  5465                        ;            #if ( configUSE_QUEUE_SETS == 1 )
  5466                        ;            {
  5467                        ;                if( pxQueue->pxQueueSetContainer != NULL )
  5468                        ;                {
  5469                        ;                    if( prvNotifyQueueSetContainer( pxQueue ) != pdFALSE )
  5470                        ;                    {
  5471                        ;                        /* The queue is a member of a queue set, and posting to
  5472                        ;                         * the queue set caused a higher priority task to unblock.
  5473                        ;                         * A context switch is required. */
  5474                        ;                        vTaskMissedYield();
  5475                        ;                    }
  5476                        ;                    else
  5477                        ;                    {
  5478                        ;                        mtCOVERAGE_TEST_MARKER();
  5479                        ;                    }
  5480                        ;                }
  5481                        ;                else
  5482                        ;                {
  5483                        ;                    /* Tasks that are removed from the event list will get
  5484                        ;                     * added to the pending ready list as the scheduler is still
  5485                        ;                     * suspended. */
  5486                        ;                    if( listLIST_IS_EMPTY( &( pxQueue->xTasksWaitingToReceive ) ) == pdFALSE )
  5487                        ;                    {
  5488                        ;                        if( xTaskRemoveFromEventList( &( pxQueue->xTasksWaitingToReceive ) ) != pdFAL
                    SE )
  5489                        ;                        {
  5490                        ;                            /* The task waiting has a higher priority so record that a
  5491                        ;                             * context switch is required. */
  5492                        ;                            vTaskMissedYield();
  5493                        ;                        }
  5494                        ;                        else
  5495                        ;                        {
  5496                        ;                            mtCOVERAGE_TEST_MARKER();
  5497                        ;                        }
  5498                        ;                    }
  5499                        ;                    else
  5500                        ;                    {
  5501                        ;                        break;
  Sun Sep 20 2026 12:03                                                                                                    Page 97


  5502                        ;                    }
  5503                        ;                }
  5504                        ;            }
  5505                        ;            #else /* configUSE_QUEUE_SETS */
  5506                        ;            {
  5507                        ;                /* Tasks that are removed from the event list will get added to
  5508                        ;                 * the pending ready list as the scheduler is still suspended. */
  5509                        ;                if( listLIST_IS_EMPTY( &( pxQueue->xTasksWaitingToReceive ) ) == pdFALSE )
  5510                        ;                {
  5511 00:109B: A0 22 00     	ldy	#$22
  5512 00:109E: B7 08        	lda	[<L279+pxQueue_0],Y
  5513 00:10A0: D0 05        	bne	L283
  5514 00:10A2: A9 01 00     	lda	#$1
  5515 00:10A5: 80 03        	bra	L285
  5516                        L283:
  5517 00:10A7: A9 00 00     	lda	#$0
  5518                        L285:
  5519 00:10AA: AA           	tax
  5520 00:10AB: D0 32        	bne	L10326
  5521                        ;                    if( xTaskRemoveFromEventList( &( pxQueue->xTasksWaitingToReceive ) ) != pdFALSE )
  5522                        ;                    {
  5523 00:10AD: A9 22 00     	lda	#$22
  5524 00:10B0: 18           	clc
  5525 00:10B1: 65 08        	adc	<L279+pxQueue_0
  5526 00:10B3: 85 01        	sta	<R0
  5527 00:10B5: A9 00 00     	lda	#$0
  5528 00:10B8: 65 0A        	adc	<L279+pxQueue_0+2
  5529 00:10BA: 48           	pha
  5530 00:10BB: D4 01        	pei	<R0
  5531 00:10BD: 20 xx xx     	jsr	_~xTaskRemoveFromEventList
  5532 00:10C0: AA           	tax
  5533 00:10C1: F0 03        	beq	L10330
  5534                        ;                        /* The task waiting has a higher priority so record that
  5535                        ;                         * a context switch is required. */
  5536                        ;                        vTaskMissedYield();
  5537 00:10C3: 20 xx xx     	jsr	_~vTaskMissedYield
  5538                        ;                    }
  5539                        ;                    else
  5540                        L10330:
  5541                        ;            }
  5542                        ;            #endif /* configUSE_QUEUE_SETS */
  5543                        ;
  5544                        ;            --cTxLock;
  5545 00:10C6: E2 20        	sep	#$20
  5546                        	longa	off
  5547 00:10C8: C6 05        	dec	<L280+cTxLock_2
  5548 00:10CA: C2 20        	rep	#$20
  5549                        	longa	on
  5550                        ;        }
  5551                        L10325:
  5552 00:10CC: E2 20        	sep	#$20
  5553                        	longa	off
  5554 00:10CE: 38           	sec
  5555 00:10CF: A9 00        	lda	#$0
  5556 00:10D1: E5 05        	sbc	<L280+cTxLock_2
  5557 00:10D3: C2 20        	rep	#$20
  5558                        	longa	on
  5559 00:10D5: 70 06        	bvs	L281
  Sun Sep 20 2026 12:03                                                                                                    Page 98


  5560 00:10D7: E2 20        	sep	#$20
  5561                        	longa	off
  5562 00:10D9: 49 80        	eor	#$80
  5563 00:10DB: C2 20        	rep	#$20
  5564                        	longa	on
  5565                        L281:
  5566 00:10DD: 10 BC        	bpl	L20016
  5567                        ;                    {
  5568                        ;                        mtCOVERAGE_TEST_MARKER();
  5569                        ;                    }
  5570                        ;                }
  5571                        ;                else
  5572                        ;                {
  5573                        ;                    break;
  5574                        ;                }
  5575                        L10326:
  5576                        ;
  5577                        ;        pxQueue->cTxLock = queueUNLOCKED;
  5578 00:10DF: E2 20        	sep	#$20
  5579                        	longa	off
  5580 00:10E1: A9 FF        	lda	#$ff
  5581 00:10E3: A0 3B 00     	ldy	#$3b
  5582 00:10E6: 97 08        	sta	[<L279+pxQueue_0],Y
  5583 00:10E8: C2 20        	rep	#$20
  5584                        	longa	on
  5585                        ;    }
  5586                        ;    taskEXIT_CRITICAL();
  5587                        	asmstart
  5588 00:10EA: 58           	cli
  5589                        	asmend
  5590                        ;
  5591                        ;    /* Do the same for the Rx lock. */
  5592                        ;    taskENTER_CRITICAL();
  5593                        	asmstart
  5594 00:10EB: 78           	sei
  5595                        	asmend
  5596                        ;    {
  5597                        ;        int8_t cRxLock = pxQueue->cRxLock;
  5598                        ;
  5599                        ;        while( cRxLock > queueLOCKED_UNMODIFIED )
  5600             00000000   cRxLock_3	set	0
  5601 00:10EC: E2 20        	sep	#$20
  5602                        	longa	off
  5603 00:10EE: 88           	dey
  5604 00:10EF: B7 08        	lda	[<L279+pxQueue_0],Y
  5605 00:10F1: 85 05        	sta	<L280+cRxLock_3
  5606 00:10F3: C2 20        	rep	#$20
  5607                        	longa	on
  5608 00:10F5: 80 31        	bra	L10331
  5609                        L20018:
  5610                        ;        {
  5611                        ;            if( listLIST_IS_EMPTY( &( pxQueue->xTasksWaitingToSend ) ) == pdFALSE )
  5612                        ;            {
  5613 00:10F7: A0 10 00     	ldy	#$10
  5614 00:10FA: B7 08        	lda	[<L279+pxQueue_0],Y
  5615 00:10FC: D0 05        	bne	L290
  5616 00:10FE: A9 01 00     	lda	#$1
  5617 00:1101: 80 03        	bra	L292
  Sun Sep 20 2026 12:03                                                                                                    Page 99


  5618                        L290:
  5619 00:1103: A9 00 00     	lda	#$0
  5620                        L292:
  5621 00:1106: AA           	tax
  5622 00:1107: D0 32        	bne	L10332
  5623                        ;                if( xTaskRemoveFromEventList( &( pxQueue->xTasksWaitingToSend ) ) != pdFALSE )
  5624                        ;                {
  5625 00:1109: A9 10 00     	lda	#$10
  5626 00:110C: 18           	clc
  5627 00:110D: 65 08        	adc	<L279+pxQueue_0
  5628 00:110F: 85 01        	sta	<R0
  5629 00:1111: A9 00 00     	lda	#$0
  5630 00:1114: 65 0A        	adc	<L279+pxQueue_0+2
  5631 00:1116: 48           	pha
  5632 00:1117: D4 01        	pei	<R0
  5633 00:1119: 20 xx xx     	jsr	_~xTaskRemoveFromEventList
  5634 00:111C: AA           	tax
  5635 00:111D: F0 03        	beq	L10335
  5636                        ;                    vTaskMissedYield();
  5637 00:111F: 20 xx xx     	jsr	_~vTaskMissedYield
  5638                        ;                }
  5639                        ;                else
  5640                        ;                {
  5641                        ;                    mtCOVERAGE_TEST_MARKER();
  5642                        ;                }
  5643                        L10335:
  5644                        ;
  5645                        ;                --cRxLock;
  5646 00:1122: E2 20        	sep	#$20
  5647                        	longa	off
  5648 00:1124: C6 05        	dec	<L280+cRxLock_3
  5649 00:1126: C2 20        	rep	#$20
  5650                        	longa	on
  5651                        ;            }
  5652                        ;            else
  5653                        L10331:
  5654 00:1128: E2 20        	sep	#$20
  5655                        	longa	off
  5656 00:112A: 38           	sec
  5657 00:112B: A9 00        	lda	#$0
  5658 00:112D: E5 05        	sbc	<L280+cRxLock_3
  5659 00:112F: C2 20        	rep	#$20
  5660                        	longa	on
  5661 00:1131: 70 06        	bvs	L288
  5662 00:1133: E2 20        	sep	#$20
  5663                        	longa	off
  5664 00:1135: 49 80        	eor	#$80
  5665 00:1137: C2 20        	rep	#$20
  5666                        	longa	on
  5667                        L288:
  5668 00:1139: 10 BC        	bpl	L20018
  5669                        ;            {
  5670                        ;                break;
  5671                        ;            }
  5672                        ;        }
  5673                        L10332:
  5674                        ;
  5675                        ;        pxQueue->cRxLock = queueUNLOCKED;
  Sun Sep 20 2026 12:03                                                                                                    Page 100


  5676 00:113B: E2 20        	sep	#$20
  5677                        	longa	off
  5678 00:113D: A9 FF        	lda	#$ff
  5679 00:113F: A0 3A 00     	ldy	#$3a
  5680 00:1142: 97 08        	sta	[<L279+pxQueue_0],Y
  5681 00:1144: C2 20        	rep	#$20
  5682                        	longa	on
  5683                        ;    }
  5684                        ;    taskEXIT_CRITICAL();
  5685                        	asmstart
  5686 00:1146: 58           	cli
  5687                        	asmend
  5688                        ;}
  5689 00:1147: A5 06        	lda	<L279+1
  5690 00:1149: 85 0A        	sta	<L279+1+4
  5691 00:114B: 2B           	pld
  5692 00:114C: 3B           	tsc
  5693 00:114D: 18           	clc
  5694 00:114E: 69 09 00     	adc	#L279+4
  5695 00:1151: 1B           	tcs
  5696 00:1152: 60           	rts
  5697             00000005   L279	equ	5
  5698             00000005   L280	equ	5
  5699                        	ends
  5700                        	efunc
  5701                        ;/*-----------------------------------------------------------*/
  5702                        ;
  5703                        ;static BaseType_t prvIsQueueEmpty( const Queue_t * pxQueue )
  5704                        ;{
  5705                        	code
  5706                        	func
  5707                        _~prvIsQueueEmpty:
  5708                        	longa	on
  5709                        	longi	on
  5710 00:1153: 3B           	tsc
  5711 00:1154: 38           	sec
  5712 00:1155: E9 02 00     	sbc	#L296
  5713 00:1158: 1B           	tcs
  5714 00:1159: 0B           	phd
  5715 00:115A: 5B           	tcd
  5716             00000003   pxQueue_0	set	3
  5717                        ;    BaseType_t xReturn;
  5718                        ;
  5719                        ;    taskENTER_CRITICAL();
  5720             00000000   xReturn_1	set	0
  5721                        	asmstart
  5722 00:115B: 78           	sei
  5723                        	asmend
  5724                        ;    {
  5725                        ;        if( pxQueue->uxMessagesWaiting == ( UBaseType_t ) 0 )
  5726                        ;        {
  5727 00:115C: A0 34 00     	ldy	#$34
  5728 00:115F: B7 05        	lda	[<L296+pxQueue_0],Y
  5729 00:1161: D0 07        	bne	L10337
  5730                        ;            xReturn = pdTRUE;
  5731 00:1163: A9 01 00     	lda	#$1
  5732 00:1166: 85 01        	sta	<L297+xReturn_1
  5733                        ;        }
  Sun Sep 20 2026 12:03                                                                                                    Page 101


  5734                        ;        else
  5735 00:1168: 80 02        	bra	L10338
  5736                        L10337:
  5737                        ;        {
  5738                        ;            xReturn = pdFALSE;
  5739 00:116A: 64 01        	stz	<L297+xReturn_1
  5740                        ;        }
  5741                        L10338:
  5742                        ;    }
  5743                        ;    taskEXIT_CRITICAL();
  5744                        	asmstart
  5745 00:116C: 58           	cli
  5746                        	asmend
  5747                        ;
  5748                        ;    return xReturn;
  5749 00:116D: A5 01        	lda	<L297+xReturn_1
  5750 00:116F: A8           	tay
  5751 00:1170: A5 03        	lda	<L296+1
  5752 00:1172: 85 07        	sta	<L296+1+4
  5753 00:1174: 2B           	pld
  5754 00:1175: 3B           	tsc
  5755 00:1176: 18           	clc
  5756 00:1177: 69 06 00     	adc	#L296+4
  5757 00:117A: 1B           	tcs
  5758 00:117B: 98           	tya
  5759 00:117C: 60           	rts
  5760                        ;}
  5761             00000002   L296	equ	2
  5762             00000001   L297	equ	1
  5763                        	ends
  5764                        	efunc
  5765                        ;/*-----------------------------------------------------------*/
  5766                        ;
  5767                        ;BaseType_t xQueueIsQueueEmptyFromISR( const QueueHandle_t xQueue )
  5768                        ;{
  5769                        	code
  5770                        	xdef	_~xQueueIsQueueEmptyFromISR
  5771                        	func
  5772                        _~xQueueIsQueueEmptyFromISR:
  5773                        	longa	on
  5774                        	longi	on
  5775 00:117D: 3B           	tsc
  5776 00:117E: 38           	sec
  5777 00:117F: E9 06 00     	sbc	#L300
  5778 00:1182: 1B           	tcs
  5779 00:1183: 0B           	phd
  5780 00:1184: 5B           	tcd
  5781             00000003   xQueue_0	set	3
  5782                        ;    BaseType_t xReturn;
  5783                        ;    Queue_t * const pxQueue = xQueue;
  5784                        ;
  5785                        ;    traceENTER_xQueueIsQueueEmptyFromISR( xQueue );
  5786             00000000   xReturn_1	set	0
  5787             00000002   pxQueue_1	set	2
  5788 00:1185: A5 09        	lda	<L300+xQueue_0
  5789 00:1187: 85 03        	sta	<L301+pxQueue_1
  5790 00:1189: A5 0B        	lda	<L300+xQueue_0+2
  5791 00:118B: 85 05        	sta	<L301+pxQueue_1+2
  Sun Sep 20 2026 12:03                                                                                                    Page 102


  5792                        ;
  5793                        ;    configASSERT( pxQueue );
  5794 00:118D: A5 03        	lda	<L301+pxQueue_1
  5795 00:118F: 05 05        	ora	<L301+pxQueue_1+2
  5796 00:1191: D0 03        	bne	L10339
  5797                        	asmstart
  5798 00:1193: 78           	sei
  5799                        	asmend
  5800                        L10340:
  5801 00:1194: 80 FE        	bra	L10340
  5802                        L10339:
  5803                        ;
  5804                        ;    if( pxQueue->uxMessagesWaiting == ( UBaseType_t ) 0 )
  5805                        ;    {
  5806 00:1196: A0 34 00     	ldy	#$34
  5807 00:1199: B7 03        	lda	[<L301+pxQueue_1],Y
  5808 00:119B: D0 07        	bne	L10343
  5809                        ;        xReturn = pdTRUE;
  5810 00:119D: A9 01 00     	lda	#$1
  5811 00:11A0: 85 01        	sta	<L301+xReturn_1
  5812                        ;    }
  5813                        ;    else
  5814 00:11A2: 80 02        	bra	L10344
  5815                        L10343:
  5816                        ;    {
  5817                        ;        xReturn = pdFALSE;
  5818 00:11A4: 64 01        	stz	<L301+xReturn_1
  5819                        ;    }
  5820                        L10344:
  5821                        ;
  5822                        ;    traceRETURN_xQueueIsQueueEmptyFromISR( xReturn );
  5823                        ;
  5824                        ;    return xReturn;
  5825 00:11A6: A5 01        	lda	<L301+xReturn_1
  5826 00:11A8: A8           	tay
  5827 00:11A9: A5 07        	lda	<L300+1
  5828 00:11AB: 85 0B        	sta	<L300+1+4
  5829 00:11AD: 2B           	pld
  5830 00:11AE: 3B           	tsc
  5831 00:11AF: 18           	clc
  5832 00:11B0: 69 0A 00     	adc	#L300+4
  5833 00:11B3: 1B           	tcs
  5834 00:11B4: 98           	tya
  5835 00:11B5: 60           	rts
  5836                        ;}
  5837             00000006   L300	equ	6
  5838             00000001   L301	equ	1
  5839                        	ends
  5840                        	efunc
  5841                        ;/*-----------------------------------------------------------*/
  5842                        ;
  5843                        ;static BaseType_t prvIsQueueFull( const Queue_t * pxQueue )
  5844                        ;{
  5845                        	code
  5846                        	func
  5847                        _~prvIsQueueFull:
  5848                        	longa	on
  5849                        	longi	on
  Sun Sep 20 2026 12:03                                                                                                    Page 103


  5850 00:11B6: 3B           	tsc
  5851 00:11B7: 38           	sec
  5852 00:11B8: E9 02 00     	sbc	#L305
  5853 00:11BB: 1B           	tcs
  5854 00:11BC: 0B           	phd
  5855 00:11BD: 5B           	tcd
  5856             00000003   pxQueue_0	set	3
  5857                        ;    BaseType_t xReturn;
  5858                        ;
  5859                        ;    taskENTER_CRITICAL();
  5860             00000000   xReturn_1	set	0
  5861                        	asmstart
  5862 00:11BE: 78           	sei
  5863                        	asmend
  5864                        ;    {
  5865                        ;        if( pxQueue->uxMessagesWaiting == pxQueue->uxLength )
  5866                        ;        {
  5867 00:11BF: A0 34 00     	ldy	#$34
  5868 00:11C2: B7 05        	lda	[<L305+pxQueue_0],Y
  5869 00:11C4: C8           	iny
  5870 00:11C5: C8           	iny
  5871 00:11C6: D7 05        	cmp	[<L305+pxQueue_0],Y
  5872 00:11C8: D0 07        	bne	L10345
  5873                        ;            xReturn = pdTRUE;
  5874 00:11CA: A9 01 00     	lda	#$1
  5875 00:11CD: 85 01        	sta	<L306+xReturn_1
  5876                        ;        }
  5877                        ;        else
  5878 00:11CF: 80 02        	bra	L10346
  5879                        L10345:
  5880                        ;        {
  5881                        ;            xReturn = pdFALSE;
  5882 00:11D1: 64 01        	stz	<L306+xReturn_1
  5883                        ;        }
  5884                        L10346:
  5885                        ;    }
  5886                        ;    taskEXIT_CRITICAL();
  5887                        	asmstart
  5888 00:11D3: 58           	cli
  5889                        	asmend
  5890                        ;
  5891                        ;    return xReturn;
  5892 00:11D4: A5 01        	lda	<L306+xReturn_1
  5893 00:11D6: A8           	tay
  5894 00:11D7: A5 03        	lda	<L305+1
  5895 00:11D9: 85 07        	sta	<L305+1+4
  5896 00:11DB: 2B           	pld
  5897 00:11DC: 3B           	tsc
  5898 00:11DD: 18           	clc
  5899 00:11DE: 69 06 00     	adc	#L305+4
  5900 00:11E1: 1B           	tcs
  5901 00:11E2: 98           	tya
  5902 00:11E3: 60           	rts
  5903                        ;}
  5904             00000002   L305	equ	2
  5905             00000001   L306	equ	1
  5906                        	ends
  5907                        	efunc
  Sun Sep 20 2026 12:03                                                                                                    Page 104


  5908                        ;/*-----------------------------------------------------------*/
  5909                        ;
  5910                        ;BaseType_t xQueueIsQueueFullFromISR( const QueueHandle_t xQueue )
  5911                        ;{
  5912                        	code
  5913                        	xdef	_~xQueueIsQueueFullFromISR
  5914                        	func
  5915                        _~xQueueIsQueueFullFromISR:
  5916                        	longa	on
  5917                        	longi	on
  5918 00:11E4: 3B           	tsc
  5919 00:11E5: 38           	sec
  5920 00:11E6: E9 06 00     	sbc	#L309
  5921 00:11E9: 1B           	tcs
  5922 00:11EA: 0B           	phd
  5923 00:11EB: 5B           	tcd
  5924             00000003   xQueue_0	set	3
  5925                        ;    BaseType_t xReturn;
  5926                        ;    Queue_t * const pxQueue = xQueue;
  5927                        ;
  5928                        ;    traceENTER_xQueueIsQueueFullFromISR( xQueue );
  5929             00000000   xReturn_1	set	0
  5930             00000002   pxQueue_1	set	2
  5931 00:11EC: A5 09        	lda	<L309+xQueue_0
  5932 00:11EE: 85 03        	sta	<L310+pxQueue_1
  5933 00:11F0: A5 0B        	lda	<L309+xQueue_0+2
  5934 00:11F2: 85 05        	sta	<L310+pxQueue_1+2
  5935                        ;
  5936                        ;    configASSERT( pxQueue );
  5937 00:11F4: A5 03        	lda	<L310+pxQueue_1
  5938 00:11F6: 05 05        	ora	<L310+pxQueue_1+2
  5939 00:11F8: D0 03        	bne	L10347
  5940                        	asmstart
  5941 00:11FA: 78           	sei
  5942                        	asmend
  5943                        L10348:
  5944 00:11FB: 80 FE        	bra	L10348
  5945                        L10347:
  5946                        ;
  5947                        ;    if( pxQueue->uxMessagesWaiting == pxQueue->uxLength )
  5948                        ;    {
  5949 00:11FD: A0 34 00     	ldy	#$34
  5950 00:1200: B7 03        	lda	[<L310+pxQueue_1],Y
  5951 00:1202: C8           	iny
  5952 00:1203: C8           	iny
  5953 00:1204: D7 03        	cmp	[<L310+pxQueue_1],Y
  5954 00:1206: D0 07        	bne	L10351
  5955                        ;        xReturn = pdTRUE;
  5956 00:1208: A9 01 00     	lda	#$1
  5957 00:120B: 85 01        	sta	<L310+xReturn_1
  5958                        ;    }
  5959                        ;    else
  5960 00:120D: 80 02        	bra	L10352
  5961                        L10351:
  5962                        ;    {
  5963                        ;        xReturn = pdFALSE;
  5964 00:120F: 64 01        	stz	<L310+xReturn_1
  5965                        ;    }
  Sun Sep 20 2026 12:03                                                                                                    Page 105


  5966                        L10352:
  5967                        ;
  5968                        ;    traceRETURN_xQueueIsQueueFullFromISR( xReturn );
  5969                        ;
  5970                        ;    return xReturn;
  5971 00:1211: A5 01        	lda	<L310+xReturn_1
  5972 00:1213: A8           	tay
  5973 00:1214: A5 07        	lda	<L309+1
  5974 00:1216: 85 0B        	sta	<L309+1+4
  5975 00:1218: 2B           	pld
  5976 00:1219: 3B           	tsc
  5977 00:121A: 18           	clc
  5978 00:121B: 69 0A 00     	adc	#L309+4
  5979 00:121E: 1B           	tcs
  5980 00:121F: 98           	tya
  5981 00:1220: 60           	rts
  5982                        ;}
  5983             00000006   L309	equ	6
  5984             00000001   L310	equ	1
  5985                        	ends
  5986                        	efunc
  5987                        ;/*-----------------------------------------------------------*/
  5988                        ;
  5989                        ;#if ( configUSE_CO_ROUTINES == 1 )
  5990                        ;
  5991                        ;    BaseType_t xQueueCRSend( QueueHandle_t xQueue,
  5992                        ;                             const void * pvItemToQueue,
  5993                        ;                             TickType_t xTicksToWait )
  5994                        ;    {
  5995                        ;        BaseType_t xReturn;
  5996                        ;        Queue_t * const pxQueue = xQueue;
  5997                        ;
  5998                        ;        traceENTER_xQueueCRSend( xQueue, pvItemToQueue, xTicksToWait );
  5999                        ;
  6000                        ;        /* If the queue is already full we may have to block.  A critical section
  6001                        ;         * is required to prevent an interrupt removing something from the queue
  6002                        ;         * between the check to see if the queue is full and blocking on the queue. */
  6003                        ;        portDISABLE_INTERRUPTS();
  6004                        ;        {
  6005                        ;            if( prvIsQueueFull( pxQueue ) != pdFALSE )
  6006                        ;            {
  6007                        ;                /* The queue is full - do we want to block or just leave without
  6008                        ;                 * posting? */
  6009                        ;                if( xTicksToWait > ( TickType_t ) 0 )
  6010                        ;                {
  6011                        ;                    /* As this is called from a coroutine we cannot block directly, but
  6012                        ;                     * return indicating that we need to block. */
  6013                        ;                    vCoRoutineAddToDelayedList( xTicksToWait, &( pxQueue->xTasksWaitingToSend ) );
  6014                        ;                    portENABLE_INTERRUPTS();
  6015                        ;                    return errQUEUE_BLOCKED;
  6016                        ;                }
  6017                        ;                else
  6018                        ;                {
  6019                        ;                    portENABLE_INTERRUPTS();
  6020                        ;                    return errQUEUE_FULL;
  6021                        ;                }
  6022                        ;            }
  6023                        ;        }
  Sun Sep 20 2026 12:03                                                                                                    Page 106


  6024                        ;        portENABLE_INTERRUPTS();
  6025                        ;
  6026                        ;        portDISABLE_INTERRUPTS();
  6027                        ;        {
  6028                        ;            if( pxQueue->uxMessagesWaiting < pxQueue->uxLength )
  6029                        ;            {
  6030                        ;                /* There is room in the queue, copy the data into the queue. */
  6031                        ;                prvCopyDataToQueue( pxQueue, pvItemToQueue, queueSEND_TO_BACK );
  6032                        ;                xReturn = pdPASS;
  6033                        ;
  6034                        ;                /* Were any co-routines waiting for data to become available? */
  6035                        ;                if( listLIST_IS_EMPTY( &( pxQueue->xTasksWaitingToReceive ) ) == pdFALSE )
  6036                        ;                {
  6037                        ;                    /* In this instance the co-routine could be placed directly
  6038                        ;                     * into the ready list as we are within a critical section.
  6039                        ;                     * Instead the same pending ready list mechanism is used as if
  6040                        ;                     * the event were caused from within an interrupt. */
  6041                        ;                    if( xCoRoutineRemoveFromEventList( &( pxQueue->xTasksWaitingToReceive ) ) != pdFA
                    LSE )
  6042                        ;                    {
  6043                        ;                        /* The co-routine waiting has a higher priority so record
  6044                        ;                         * that a yield might be appropriate. */
  6045                        ;                        xReturn = errQUEUE_YIELD;
  6046                        ;                    }
  6047                        ;                    else
  6048                        ;                    {
  6049                        ;                        mtCOVERAGE_TEST_MARKER();
  6050                        ;                    }
  6051                        ;                }
  6052                        ;                else
  6053                        ;                {
  6054                        ;                    mtCOVERAGE_TEST_MARKER();
  6055                        ;                }
  6056                        ;            }
  6057                        ;            else
  6058                        ;            {
  6059                        ;                xReturn = errQUEUE_FULL;
  6060                        ;            }
  6061                        ;        }
  6062                        ;        portENABLE_INTERRUPTS();
  6063                        ;
  6064                        ;        traceRETURN_xQueueCRSend( xReturn );
  6065                        ;
  6066                        ;        return xReturn;
  6067                        ;    }
  6068                        ;
  6069                        ;#endif /* configUSE_CO_ROUTINES */
  6070                        ;/*-----------------------------------------------------------*/
  6071                        ;
  6072                        ;#if ( configUSE_CO_ROUTINES == 1 )
  6073                        ;
  6074                        ;    BaseType_t xQueueCRReceive( QueueHandle_t xQueue,
  6075                        ;                                void * pvBuffer,
  6076                        ;                                TickType_t xTicksToWait )
  6077                        ;    {
  6078                        ;        BaseType_t xReturn;
  6079                        ;        Queue_t * const pxQueue = xQueue;
  6080                        ;
  Sun Sep 20 2026 12:03                                                                                                    Page 107


  6081                        ;        traceENTER_xQueueCRReceive( xQueue, pvBuffer, xTicksToWait );
  6082                        ;
  6083                        ;        /* If the queue is already empty we may have to block.  A critical section
  6084                        ;         * is required to prevent an interrupt adding something to the queue
  6085                        ;         * between the check to see if the queue is empty and blocking on the queue. */
  6086                        ;        portDISABLE_INTERRUPTS();
  6087                        ;        {
  6088                        ;            if( pxQueue->uxMessagesWaiting == ( UBaseType_t ) 0 )
  6089                        ;            {
  6090                        ;                /* There are no messages in the queue, do we want to block or just
  6091                        ;                 * leave with nothing? */
  6092                        ;                if( xTicksToWait > ( TickType_t ) 0 )
  6093                        ;                {
  6094                        ;                    /* As this is a co-routine we cannot block directly, but return
  6095                        ;                     * indicating that we need to block. */
  6096                        ;                    vCoRoutineAddToDelayedList( xTicksToWait, &( pxQueue->xTasksWaitingToReceive ) );
  6097                        ;                    portENABLE_INTERRUPTS();
  6098                        ;                    return errQUEUE_BLOCKED;
  6099                        ;                }
  6100                        ;                else
  6101                        ;                {
  6102                        ;                    portENABLE_INTERRUPTS();
  6103                        ;                    return errQUEUE_FULL;
  6104                        ;                }
  6105                        ;            }
  6106                        ;            else
  6107                        ;            {
  6108                        ;                mtCOVERAGE_TEST_MARKER();
  6109                        ;            }
  6110                        ;        }
  6111                        ;        portENABLE_INTERRUPTS();
  6112                        ;
  6113                        ;        portDISABLE_INTERRUPTS();
  6114                        ;        {
  6115                        ;            if( pxQueue->uxMessagesWaiting > ( UBaseType_t ) 0 )
  6116                        ;            {
  6117                        ;                /* Data is available from the queue. */
  6118                        ;                pxQueue->u.xQueue.pcReadFrom += pxQueue->uxItemSize;
  6119                        ;
  6120                        ;                if( pxQueue->u.xQueue.pcReadFrom >= pxQueue->u.xQueue.pcTail )
  6121                        ;                {
  6122                        ;                    pxQueue->u.xQueue.pcReadFrom = pxQueue->pcHead;
  6123                        ;                }
  6124                        ;                else
  6125                        ;                {
  6126                        ;                    mtCOVERAGE_TEST_MARKER();
  6127                        ;                }
  6128                        ;
  6129                        ;                --( pxQueue->uxMessagesWaiting );
  6130                        ;                ( void ) memcpy( ( void * ) pvBuffer, ( void * ) pxQueue->u.xQueue.pcReadFrom, ( unsi
                    gned ) pxQueue->uxItemSize );
  6131                        ;
  6132                        ;                xReturn = pdPASS;
  6133                        ;
  6134                        ;                /* Were any co-routines waiting for space to become available? */
  6135                        ;                if( listLIST_IS_EMPTY( &( pxQueue->xTasksWaitingToSend ) ) == pdFALSE )
  6136                        ;                {
  6137                        ;                    /* In this instance the co-routine could be placed directly
  Sun Sep 20 2026 12:03                                                                                                    Page 108


  6138                        ;                     * into the ready list as we are within a critical section.
  6139                        ;                     * Instead the same pending ready list mechanism is used as if
  6140                        ;                     * the event were caused from within an interrupt. */
  6141                        ;                    if( xCoRoutineRemoveFromEventList( &( pxQueue->xTasksWaitingToSend ) ) != pdFALSE
                     )
  6142                        ;                    {
  6143                        ;                        xReturn = errQUEUE_YIELD;
  6144                        ;                    }
  6145                        ;                    else
  6146                        ;                    {
  6147                        ;                        mtCOVERAGE_TEST_MARKER();
  6148                        ;                    }
  6149                        ;                }
  6150                        ;                else
  6151                        ;                {
  6152                        ;                    mtCOVERAGE_TEST_MARKER();
  6153                        ;                }
  6154                        ;            }
  6155                        ;            else
  6156                        ;            {
  6157                        ;                xReturn = pdFAIL;
  6158                        ;            }
  6159                        ;        }
  6160                        ;        portENABLE_INTERRUPTS();
  6161                        ;
  6162                        ;        traceRETURN_xQueueCRReceive( xReturn );
  6163                        ;
  6164                        ;        return xReturn;
  6165                        ;    }
  6166                        ;
  6167                        ;#endif /* configUSE_CO_ROUTINES */
  6168                        ;/*-----------------------------------------------------------*/
  6169                        ;
  6170                        ;#if ( configUSE_CO_ROUTINES == 1 )
  6171                        ;
  6172                        ;    BaseType_t xQueueCRSendFromISR( QueueHandle_t xQueue,
  6173                        ;                                    const void * pvItemToQueue,
  6174                        ;                                    BaseType_t xCoRoutinePreviouslyWoken )
  6175                        ;    {
  6176                        ;        Queue_t * const pxQueue = xQueue;
  6177                        ;
  6178                        ;        traceENTER_xQueueCRSendFromISR( xQueue, pvItemToQueue, xCoRoutinePreviouslyWoken );
  6179                        ;
  6180                        ;        /* Cannot block within an ISR so if there is no space on the queue then
  6181                        ;         * exit without doing anything. */
  6182                        ;        if( pxQueue->uxMessagesWaiting < pxQueue->uxLength )
  6183                        ;        {
  6184                        ;            prvCopyDataToQueue( pxQueue, pvItemToQueue, queueSEND_TO_BACK );
  6185                        ;
  6186                        ;            /* We only want to wake one co-routine per ISR, so check that a
  6187                        ;             * co-routine has not already been woken. */
  6188                        ;            if( xCoRoutinePreviouslyWoken == pdFALSE )
  6189                        ;            {
  6190                        ;                if( listLIST_IS_EMPTY( &( pxQueue->xTasksWaitingToReceive ) ) == pdFALSE )
  6191                        ;                {
  6192                        ;                    if( xCoRoutineRemoveFromEventList( &( pxQueue->xTasksWaitingToReceive ) ) != pdFA
                    LSE )
  6193                        ;                    {
  Sun Sep 20 2026 12:03                                                                                                    Page 109


  6194                        ;                        return pdTRUE;
  6195                        ;                    }
  6196                        ;                    else
  6197                        ;                    {
  6198                        ;                        mtCOVERAGE_TEST_MARKER();
  6199                        ;                    }
  6200                        ;                }
  6201                        ;                else
  6202                        ;                {
  6203                        ;                    mtCOVERAGE_TEST_MARKER();
  6204                        ;                }
  6205                        ;            }
  6206                        ;            else
  6207                        ;            {
  6208                        ;                mtCOVERAGE_TEST_MARKER();
  6209                        ;            }
  6210                        ;        }
  6211                        ;        else
  6212                        ;        {
  6213                        ;            mtCOVERAGE_TEST_MARKER();
  6214                        ;        }
  6215                        ;
  6216                        ;        traceRETURN_xQueueCRSendFromISR( xCoRoutinePreviouslyWoken );
  6217                        ;
  6218                        ;        return xCoRoutinePreviouslyWoken;
  6219                        ;    }
  6220                        ;
  6221                        ;#endif /* configUSE_CO_ROUTINES */
  6222                        ;/*-----------------------------------------------------------*/
  6223                        ;
  6224                        ;#if ( configUSE_CO_ROUTINES == 1 )
  6225                        ;
  6226                        ;    BaseType_t xQueueCRReceiveFromISR( QueueHandle_t xQueue,
  6227                        ;                                       void * pvBuffer,
  6228                        ;                                       BaseType_t * pxCoRoutineWoken )
  6229                        ;    {
  6230                        ;        BaseType_t xReturn;
  6231                        ;        Queue_t * const pxQueue = xQueue;
  6232                        ;
  6233                        ;        traceENTER_xQueueCRReceiveFromISR( xQueue, pvBuffer, pxCoRoutineWoken );
  6234                        ;
  6235                        ;        /* We cannot block from an ISR, so check there is data available. If
  6236                        ;         * not then just leave without doing anything. */
  6237                        ;        if( pxQueue->uxMessagesWaiting > ( UBaseType_t ) 0 )
  6238                        ;        {
  6239                        ;            /* Copy the data from the queue. */
  6240                        ;            pxQueue->u.xQueue.pcReadFrom += pxQueue->uxItemSize;
  6241                        ;
  6242                        ;            if( pxQueue->u.xQueue.pcReadFrom >= pxQueue->u.xQueue.pcTail )
  6243                        ;            {
  6244                        ;                pxQueue->u.xQueue.pcReadFrom = pxQueue->pcHead;
  6245                        ;            }
  6246                        ;            else
  6247                        ;            {
  6248                        ;                mtCOVERAGE_TEST_MARKER();
  6249                        ;            }
  6250                        ;
  6251                        ;            --( pxQueue->uxMessagesWaiting );
  Sun Sep 20 2026 12:03                                                                                                    Page 110


  6252                        ;            ( void ) memcpy( ( void * ) pvBuffer, ( void * ) pxQueue->u.xQueue.pcReadFrom, ( unsigned
                     ) pxQueue->uxItemSize );
  6253                        ;
  6254                        ;            if( ( *pxCoRoutineWoken ) == pdFALSE )
  6255                        ;            {
  6256                        ;                if( listLIST_IS_EMPTY( &( pxQueue->xTasksWaitingToSend ) ) == pdFALSE )
  6257                        ;                {
  6258                        ;                    if( xCoRoutineRemoveFromEventList( &( pxQueue->xTasksWaitingToSend ) ) != pdFALSE
                     )
  6259                        ;                    {
  6260                        ;                        *pxCoRoutineWoken = pdTRUE;
  6261                        ;                    }
  6262                        ;                    else
  6263                        ;                    {
  6264                        ;                        mtCOVERAGE_TEST_MARKER();
  6265                        ;                    }
  6266                        ;                }
  6267                        ;                else
  6268                        ;                {
  6269                        ;                    mtCOVERAGE_TEST_MARKER();
  6270                        ;                }
  6271                        ;            }
  6272                        ;            else
  6273                        ;            {
  6274                        ;                mtCOVERAGE_TEST_MARKER();
  6275                        ;            }
  6276                        ;
  6277                        ;            xReturn = pdPASS;
  6278                        ;        }
  6279                        ;        else
  6280                        ;        {
  6281                        ;            xReturn = pdFAIL;
  6282                        ;        }
  6283                        ;
  6284                        ;        traceRETURN_xQueueCRReceiveFromISR( xReturn );
  6285                        ;
  6286                        ;        return xReturn;
  6287                        ;    }
  6288                        ;
  6289                        ;#endif /* configUSE_CO_ROUTINES */
  6290                        ;/*-----------------------------------------------------------*/
  6291                        ;
  6292                        ;#if ( configQUEUE_REGISTRY_SIZE > 0 )
  6293                        ;
  6294                        ;    void vQueueAddToRegistry( QueueHandle_t xQueue,
  6295                        ;                              const char * pcQueueName )
  6296                        ;    {
  6297                        ;        UBaseType_t ux;
  6298                        ;        QueueRegistryItem_t * pxEntryToWrite = NULL;
  6299                        ;
  6300                        ;        traceENTER_vQueueAddToRegistry( xQueue, pcQueueName );
  6301                        ;
  6302                        ;        configASSERT( xQueue );
  6303                        ;
  6304                        ;        if( pcQueueName != NULL )
  6305                        ;        {
  6306                        ;            /* See if there is an empty space in the registry.  A NULL name denotes
  6307                        ;             * a free slot. */
  Sun Sep 20 2026 12:03                                                                                                    Page 111


  6308                        ;            for( ux = ( UBaseType_t ) 0U; ux < ( UBaseType_t ) configQUEUE_REGISTRY_SIZE; ux++ )
  6309                        ;            {
  6310                        ;                /* Replace an existing entry if the queue is already in the registry. */
  6311                        ;                if( xQueue == xQueueRegistry[ ux ].xHandle )
  6312                        ;                {
  6313                        ;                    pxEntryToWrite = &( xQueueRegistry[ ux ] );
  6314                        ;                    break;
  6315                        ;                }
  6316                        ;                /* Otherwise, store in the next empty location */
  6317                        ;                else if( ( pxEntryToWrite == NULL ) && ( xQueueRegistry[ ux ].pcQueueName == NULL ) )
  6318                        ;                {
  6319                        ;                    pxEntryToWrite = &( xQueueRegistry[ ux ] );
  6320                        ;                }
  6321                        ;                else
  6322                        ;                {
  6323                        ;                    mtCOVERAGE_TEST_MARKER();
  6324                        ;                }
  6325                        ;            }
  6326                        ;        }
  6327                        ;
  6328                        ;        if( pxEntryToWrite != NULL )
  6329                        ;        {
  6330                        ;            /* Store the information on this queue. */
  6331                        ;            pxEntryToWrite->pcQueueName = pcQueueName;
  6332                        ;            pxEntryToWrite->xHandle = xQueue;
  6333                        ;
  6334                        ;            traceQUEUE_REGISTRY_ADD( xQueue, pcQueueName );
  6335                        ;        }
  6336                        ;
  6337                        ;        traceRETURN_vQueueAddToRegistry();
  6338                        ;    }
  6339                        ;
  6340                        ;#endif /* configQUEUE_REGISTRY_SIZE */
  6341                        ;/*-----------------------------------------------------------*/
  6342                        ;
  6343                        ;#if ( configQUEUE_REGISTRY_SIZE > 0 )
  6344                        ;
  6345                        ;    const char * pcQueueGetName( QueueHandle_t xQueue )
  6346                        ;    {
  6347                        ;        UBaseType_t ux;
  6348                        ;        const char * pcReturn = NULL;
  6349                        ;
  6350                        ;        traceENTER_pcQueueGetName( xQueue );
  6351                        ;
  6352                        ;        configASSERT( xQueue );
  6353                        ;
  6354                        ;        /* Note there is nothing here to protect against another task adding or
  6355                        ;         * removing entries from the registry while it is being searched. */
  6356                        ;
  6357                        ;        for( ux = ( UBaseType_t ) 0U; ux < ( UBaseType_t ) configQUEUE_REGISTRY_SIZE; ux++ )
  6358                        ;        {
  6359                        ;            if( xQueueRegistry[ ux ].xHandle == xQueue )
  6360                        ;            {
  6361                        ;                pcReturn = xQueueRegistry[ ux ].pcQueueName;
  6362                        ;                break;
  6363                        ;            }
  6364                        ;            else
  6365                        ;            {
  Sun Sep 20 2026 12:03                                                                                                    Page 112


  6366                        ;                mtCOVERAGE_TEST_MARKER();
  6367                        ;            }
  6368                        ;        }
  6369                        ;
  6370                        ;        traceRETURN_pcQueueGetName( pcReturn );
  6371                        ;
  6372                        ;        return pcReturn;
  6373                        ;    }
  6374                        ;
  6375                        ;#endif /* configQUEUE_REGISTRY_SIZE */
  6376                        ;/*-----------------------------------------------------------*/
  6377                        ;
  6378                        ;#if ( configQUEUE_REGISTRY_SIZE > 0 )
  6379                        ;
  6380                        ;    void vQueueUnregisterQueue( QueueHandle_t xQueue )
  6381                        ;    {
  6382                        ;        UBaseType_t ux;
  6383                        ;
  6384                        ;        traceENTER_vQueueUnregisterQueue( xQueue );
  6385                        ;
  6386                        ;        configASSERT( xQueue );
  6387                        ;
  6388                        ;        /* See if the handle of the queue being unregistered in actually in the
  6389                        ;         * registry. */
  6390                        ;        for( ux = ( UBaseType_t ) 0U; ux < ( UBaseType_t ) configQUEUE_REGISTRY_SIZE; ux++ )
  6391                        ;        {
  6392                        ;            if( xQueueRegistry[ ux ].xHandle == xQueue )
  6393                        ;            {
  6394                        ;                /* Set the name to NULL to show that this slot if free again. */
  6395                        ;                xQueueRegistry[ ux ].pcQueueName = NULL;
  6396                        ;
  6397                        ;                /* Set the handle to NULL to ensure the same queue handle cannot
  6398                        ;                 * appear in the registry twice if it is added, removed, then
  6399                        ;                 * added again. */
  6400                        ;                xQueueRegistry[ ux ].xHandle = ( QueueHandle_t ) 0;
  6401                        ;                break;
  6402                        ;            }
  6403                        ;            else
  6404                        ;            {
  6405                        ;                mtCOVERAGE_TEST_MARKER();
  6406                        ;            }
  6407                        ;        }
  6408                        ;
  6409                        ;        traceRETURN_vQueueUnregisterQueue();
  6410                        ;    }
  6411                        ;
  6412                        ;#endif /* configQUEUE_REGISTRY_SIZE */
  6413                        ;/*-----------------------------------------------------------*/
  6414                        ;
  6415                        ;#if ( configUSE_TIMERS == 1 )
  6416                        ;
  6417                        ;    void vQueueWaitForMessageRestricted( QueueHandle_t xQueue,
  6418                        ;                                         TickType_t xTicksToWait,
  6419                        ;                                         const BaseType_t xWaitIndefinitely )
  6420                        ;    {
  6421                        ;        Queue_t * const pxQueue = xQueue;
  6422                        ;
  6423                        ;        traceENTER_vQueueWaitForMessageRestricted( xQueue, xTicksToWait, xWaitIndefinitely );
  Sun Sep 20 2026 12:03                                                                                                    Page 113


  6424                        ;
  6425                        ;        /* This function should not be called by application code hence the
  6426                        ;         * 'Restricted' in its name.  It is not part of the public API.  It is
  6427                        ;         * designed for use by kernel code, and has special calling requirements.
  6428                        ;         * It can result in vListInsert() being called on a list that can only
  6429                        ;         * possibly ever have one item in it, so the list will be fast, but even
  6430                        ;         * so it should be called with the scheduler locked and not from a critical
  6431                        ;         * section. */
  6432                        ;
  6433                        ;        /* Only do anything if there are no messages in the queue.  This function
  6434                        ;         *  will not actually cause the task to block, just place it on a blocked
  6435                        ;         *  list.  It will not block until the scheduler is unlocked - at which
  6436                        ;         *  time a yield will be performed.  If an item is added to the queue while
  6437                        ;         *  the queue is locked, and the calling task blocks on the queue, then the
  6438                        ;         *  calling task will be immediately unblocked when the queue is unlocked. */
  6439                        ;        prvLockQueue( pxQueue );
  6440                        ;
  6441                        ;        if( pxQueue->uxMessagesWaiting == ( UBaseType_t ) 0U )
  6442                        ;        {
  6443                        ;            /* There is nothing in the queue, block for the specified period. */
  6444                        ;            vTaskPlaceOnEventListRestricted( &( pxQueue->xTasksWaitingToReceive ), xTicksToWait, xWai
                    tIndefinitely );
  6445                        ;        }
  6446                        ;        else
  6447                        ;        {
  6448                        ;            mtCOVERAGE_TEST_MARKER();
  6449                        ;        }
  6450                        ;
  6451                        ;        prvUnlockQueue( pxQueue );
  6452                        ;
  6453                        ;        traceRETURN_vQueueWaitForMessageRestricted();
  6454                        ;    }
  6455                        ;
  6456                        ;#endif /* configUSE_TIMERS */
  6457                        ;/*-----------------------------------------------------------*/
  6458                        ;
  6459                        ;#if ( ( configUSE_QUEUE_SETS == 1 ) && ( configSUPPORT_DYNAMIC_ALLOCATION == 1 ) )
  6460                        ;
  6461                        ;    QueueSetHandle_t xQueueCreateSet( const UBaseType_t uxEventQueueLength )
  6462                        ;    {
  6463                        ;        QueueSetHandle_t pxQueue;
  6464                        ;
  6465                        ;        traceENTER_xQueueCreateSet( uxEventQueueLength );
  6466                        ;
  6467                        ;        pxQueue = xQueueGenericCreate( uxEventQueueLength, ( UBaseType_t ) sizeof( Queue_t * ), queue
                    QUEUE_TYPE_SET );
  6468                        ;
  6469                        ;        traceRETURN_xQueueCreateSet( pxQueue );
  6470                        ;
  6471                        ;        return pxQueue;
  6472                        ;    }
  6473                        ;
  6474                        ;#endif /* #if ( ( configUSE_QUEUE_SETS == 1 ) && ( configSUPPORT_DYNAMIC_ALLOCATION == 1 ) ) */
  6475                        ;/*-----------------------------------------------------------*/
  6476                        ;
  6477                        ;#if ( ( configUSE_QUEUE_SETS == 1 ) && ( configSUPPORT_STATIC_ALLOCATION == 1 ) )
  6478                        ;
  6479                        ;    QueueSetHandle_t xQueueCreateSetStatic( const UBaseType_t uxEventQueueLength,
  Sun Sep 20 2026 12:03                                                                                                    Page 114


  6480                        ;                                            uint8_t * pucQueueStorage,
  6481                        ;                                            StaticQueue_t * pxStaticQueue )
  6482                        ;    {
  6483                        ;        QueueSetHandle_t pxQueue;
  6484                        ;
  6485                        ;        traceENTER_xQueueCreateSetStatic( uxEventQueueLength );
  6486                        ;
  6487                        ;        pxQueue = xQueueGenericCreateStatic( uxEventQueueLength, ( UBaseType_t ) sizeof( Queue_t * ),
                     pucQueueStorage, pxStaticQueue, queueQUEUE_TYPE_SET );
  6488                        ;
  6489                        ;        traceRETURN_xQueueCreateSetStatic( pxQueue );
  6490                        ;
  6491                        ;        return pxQueue;
  6492                        ;    }
  6493                        ;
  6494                        ;#endif /* #if ( ( configUSE_QUEUE_SETS == 1 ) && ( configSUPPORT_STATIC_ALLOCATION == 1 ) ) */
  6495                        ;/*-----------------------------------------------------------*/
  6496                        ;
  6497                        ;#if ( configUSE_QUEUE_SETS == 1 )
  6498                        ;
  6499                        ;    BaseType_t xQueueAddToSet( QueueSetMemberHandle_t xQueueOrSemaphore,
  6500                        ;                               QueueSetHandle_t xQueueSet )
  6501                        ;    {
  6502                        ;        BaseType_t xReturn;
  6503                        ;
  6504                        ;        traceENTER_xQueueAddToSet( xQueueOrSemaphore, xQueueSet );
  6505                        ;
  6506                        ;        taskENTER_CRITICAL();
  6507                        ;        {
  6508                        ;            if( ( ( Queue_t * ) xQueueSet )->uxItemSize != ( UBaseType_t ) sizeof( Queue_t * ) )
  6509                        ;            {
  6510                        ;                /* The object passed as the queue set is not a queue set. A queue
  6511                        ;                 * set always has an item size of sizeof( Queue_t * ). Reject any
  6512                        ;                 * other object to prevent a type confusion in which
  6513                        ;                 * prvNotifyQueueSetContainer() would later copy uxItemSize bytes
  6514                        ;                 * from a single pointer on the stack. */
  6515                        ;                xReturn = pdFAIL;
  6516                        ;            }
  6517                        ;            else if( ( ( Queue_t * ) xQueueOrSemaphore )->pxQueueSetContainer != NULL )
  6518                        ;            {
  6519                        ;                /* Cannot add a queue/semaphore to more than one queue set. */
  6520                        ;                xReturn = pdFAIL;
  6521                        ;            }
  6522                        ;            else if( ( ( Queue_t * ) xQueueOrSemaphore )->uxMessagesWaiting != ( UBaseType_t ) 0 )
  6523                        ;            {
  6524                        ;                /* Cannot add a queue/semaphore to a queue set if there are already
  6525                        ;                 * items in the queue/semaphore. */
  6526                        ;                xReturn = pdFAIL;
  6527                        ;            }
  6528                        ;            else
  6529                        ;            {
  6530                        ;                ( ( Queue_t * ) xQueueOrSemaphore )->pxQueueSetContainer = xQueueSet;
  6531                        ;                xReturn = pdPASS;
  6532                        ;            }
  6533                        ;        }
  6534                        ;        taskEXIT_CRITICAL();
  6535                        ;
  6536                        ;        traceRETURN_xQueueAddToSet( xReturn );
  Sun Sep 20 2026 12:03                                                                                                    Page 115


  6537                        ;
  6538                        ;        return xReturn;
  6539                        ;    }
  6540                        ;
  6541                        ;#endif /* configUSE_QUEUE_SETS */
  6542                        ;/*-----------------------------------------------------------*/
  6543                        ;
  6544                        ;#if ( configUSE_QUEUE_SETS == 1 )
  6545                        ;
  6546                        ;    BaseType_t xQueueRemoveFromSet( QueueSetMemberHandle_t xQueueOrSemaphore,
  6547                        ;                                    QueueSetHandle_t xQueueSet )
  6548                        ;    {
  6549                        ;        BaseType_t xReturn;
  6550                        ;        Queue_t * const pxQueueOrSemaphore = ( Queue_t * ) xQueueOrSemaphore;
  6551                        ;
  6552                        ;        traceENTER_xQueueRemoveFromSet( xQueueOrSemaphore, xQueueSet );
  6553                        ;
  6554                        ;        if( pxQueueOrSemaphore->pxQueueSetContainer != xQueueSet )
  6555                        ;        {
  6556                        ;            /* The queue was not a member of the set. */
  6557                        ;            xReturn = pdFAIL;
  6558                        ;        }
  6559                        ;        else if( pxQueueOrSemaphore->uxMessagesWaiting != ( UBaseType_t ) 0 )
  6560                        ;        {
  6561                        ;            /* It is dangerous to remove a queue from a set when the queue is
  6562                        ;             * not empty because the queue set will still hold pending events for
  6563                        ;             * the queue. */
  6564                        ;            xReturn = pdFAIL;
  6565                        ;        }
  6566                        ;        else
  6567                        ;        {
  6568                        ;            taskENTER_CRITICAL();
  6569                        ;            {
  6570                        ;                /* The queue is no longer contained in the set. */
  6571                        ;                pxQueueOrSemaphore->pxQueueSetContainer = NULL;
  6572                        ;            }
  6573                        ;            taskEXIT_CRITICAL();
  6574                        ;            xReturn = pdPASS;
  6575                        ;        }
  6576                        ;
  6577                        ;        traceRETURN_xQueueRemoveFromSet( xReturn );
  6578                        ;
  6579                        ;        return xReturn;
  6580                        ;    }
  6581                        ;
  6582                        ;#endif /* configUSE_QUEUE_SETS */
  6583                        ;/*-----------------------------------------------------------*/
  6584                        ;
  6585                        ;#if ( configUSE_QUEUE_SETS == 1 )
  6586                        ;
  6587                        ;    QueueSetMemberHandle_t xQueueSelectFromSet( QueueSetHandle_t xQueueSet,
  6588                        ;                                                TickType_t const xTicksToWait )
  6589                        ;    {
  6590                        ;        QueueSetMemberHandle_t xReturn = NULL;
  6591                        ;
  6592                        ;        traceENTER_xQueueSelectFromSet( xQueueSet, xTicksToWait );
  6593                        ;
  6594                        ;        ( void ) xQueueReceive( ( QueueHandle_t ) xQueueSet, &xReturn, xTicksToWait );
  Sun Sep 20 2026 12:03                                                                                                    Page 116


  6595                        ;
  6596                        ;        traceRETURN_xQueueSelectFromSet( xReturn );
  6597                        ;
  6598                        ;        return xReturn;
  6599                        ;    }
  6600                        ;
  6601                        ;#endif /* configUSE_QUEUE_SETS */
  6602                        ;/*-----------------------------------------------------------*/
  6603                        ;
  6604                        ;#if ( configUSE_QUEUE_SETS == 1 )
  6605                        ;
  6606                        ;    QueueSetMemberHandle_t xQueueSelectFromSetFromISR( QueueSetHandle_t xQueueSet )
  6607                        ;    {
  6608                        ;        QueueSetMemberHandle_t xReturn = NULL;
  6609                        ;
  6610                        ;        traceENTER_xQueueSelectFromSetFromISR( xQueueSet );
  6611                        ;
  6612                        ;        ( void ) xQueueReceiveFromISR( ( QueueHandle_t ) xQueueSet, &xReturn, NULL );
  6613                        ;
  6614                        ;        traceRETURN_xQueueSelectFromSetFromISR( xReturn );
  6615                        ;
  6616                        ;        return xReturn;
  6617                        ;    }
  6618                        ;
  6619                        ;#endif /* configUSE_QUEUE_SETS */
  6620                        ;/*-----------------------------------------------------------*/
  6621                        ;
  6622                        ;#if ( configUSE_QUEUE_SETS == 1 )
  6623                        ;
  6624                        ;    static BaseType_t prvNotifyQueueSetContainer( const Queue_t * const pxQueue )
  6625                        ;    {
  6626                        ;        Queue_t * pxQueueSetContainer = pxQueue->pxQueueSetContainer;
  6627                        ;        BaseType_t xReturn = pdFALSE;
  6628                        ;
  6629                        ;        /* This function must be called form a critical section. */
  6630                        ;
  6631                        ;        /* The following line is not reachable in unit tests because every call
  6632                        ;         * to prvNotifyQueueSetContainer is preceded by a check that
  6633                        ;         * pxQueueSetContainer != NULL */
  6634                        ;        configASSERT( pxQueueSetContainer ); /* LCOV_EXCL_BR_LINE */
  6635                        ;        configASSERT( pxQueueSetContainer->uxMessagesWaiting < pxQueueSetContainer->uxLength );
  6636                        ;
  6637                        ;        /* pxQueue->pxQueueSetContainer is verified to be non-null by caller. */
  6638                        ;        /* coverity[dereference] */
  6639                        ;        if( pxQueueSetContainer->uxMessagesWaiting < pxQueueSetContainer->uxLength )
  6640                        ;        {
  6641                        ;            const int8_t cTxLock = pxQueueSetContainer->cTxLock;
  6642                        ;
  6643                        ;            traceQUEUE_SET_SEND( pxQueueSetContainer );
  6644                        ;
  6645                        ;            /* The data copied is the handle of the queue that contains data. */
  6646                        ;            xReturn = prvCopyDataToQueue( pxQueueSetContainer, &pxQueue, queueSEND_TO_BACK );
  6647                        ;
  6648                        ;            if( cTxLock == queueUNLOCKED )
  6649                        ;            {
  6650                        ;                if( listLIST_IS_EMPTY( &( pxQueueSetContainer->xTasksWaitingToReceive ) ) == pdFALSE 
                    )
  6651                        ;                {
  Sun Sep 20 2026 12:03                                                                                                    Page 117


  6652                        ;                    if( xTaskRemoveFromEventList( &( pxQueueSetContainer->xTasksWaitingToReceive ) ) 
                    != pdFALSE )
  6653                        ;                    {
  6654                        ;                        /* The task waiting has a higher priority. */
  6655                        ;                        xReturn = pdTRUE;
  6656                        ;                    }
  6657                        ;                    else
  6658                        ;                    {
  6659                        ;                        mtCOVERAGE_TEST_MARKER();
  6660                        ;                    }
  6661                        ;                }
  6662                        ;                else
  6663                        ;                {
  6664                        ;                    mtCOVERAGE_TEST_MARKER();
  6665                        ;                }
  6666                        ;            }
  6667                        ;            else
  6668                        ;            {
  6669                        ;                prvIncrementQueueTxLock( pxQueueSetContainer, cTxLock );
  6670                        ;            }
  6671                        ;        }
  6672                        ;        else
  6673                        ;        {
  6674                        ;            mtCOVERAGE_TEST_MARKER();
  6675                        ;        }
  6676                        ;
  6677                        ;        return xReturn;
  6678                        ;    }
  6679                        ;
  6680                        ;#endif /* configUSE_QUEUE_SETS */
  6681                        ;
  6682                        	xref	_~vTaskInternalSetTimeOutState
  6683                        	xref	_~pvTaskIncrementMutexHeldCount
  6684                        	xref	_~vTaskPriorityDisinheritAfterTimeout
  6685                        	xref	_~xTaskPriorityDisinherit
  6686                        	xref	_~xTaskPriorityInherit
  6687                        	xref	_~xTaskGetSchedulerState
  6688                        	xref	_~vTaskMissedYield
  6689                        	xref	_~xTaskGetCurrentTaskHandle
  6690                        	xref	_~xTaskRemoveFromEventList
  6691                        	xref	_~vTaskPlaceOnEventList
  6692                        	xref	_~xTaskCheckForTimeOut
  6693                        	xref	_~uxTaskGetNumberOfTasks
  6694                        	xref	_~xTaskResumeAll
  6695                        	xref	_~vTaskSuspendAll
  6696                        	xref	_~vListInitialise
  6697                        	xref	_~vPortFree
  6698                        	xref	_~pvPortMalloc
  6699                        	xref	_~vPortYield
  6700                        	xref	_~memcpy


      Lines assembled: 6700
      Errors: 0
