  Tue Sep 15 2026 17:44                                                                                                    Page 1


                                               ***************************************
                                               **      WDC 65C816 Macro Assembler   **
                                               **                                   **
                                               **     Version 3.49.1- Feb  6 2006    **
                                               ***************************************

     1                        ;:ts=8
     2             00000001   R0	equ	1
     3             00000005   R1	equ	5
     4             00000009   R2	equ	9
     5             0000000D   R3	equ	13
     6                        ;/*
     7                        ; * FreeRTOS Kernel V11.3.1
     8                        ; * Copyright (C) 2021 Amazon.com, Inc. or its affiliates. All Rights Reserved.
     9                        ; *
    10                        ; * SPDX-License-Identifier: MIT
    11                        ; *
    12                        ; * Permission is hereby granted, free of charge, to any person obtaining a copy of
    13                        ; * this software and associated documentation files (the "Software"), to deal in
    14                        ; * the Software without restriction, including without limitation the rights to
    15                        ; * use, copy, modify, merge, publish, distribute, sublicense, and/or sell copies of
    16                        ; * the Software, and to permit persons to whom the Software is furnished to do so,
    17                        ; * subject to the following conditions:
    18                        ; *
    19                        ; * The above copyright notice and this permission notice shall be included in all
    20                        ; * copies or substantial portions of the Software.
    21                        ; *
    22                        ; * THE SOFTWARE IS PROVIDED "AS IS", WITHOUT WARRANTY OF ANY KIND, EXPRESS OR
    23                        ; * IMPLIED, INCLUDING BUT NOT LIMITED TO THE WARRANTIES OF MERCHANTABILITY, FITNESS
    24                        ; * FOR A PARTICULAR PURPOSE AND NONINFRINGEMENT. IN NO EVENT SHALL THE AUTHORS OR
    25                        ; * COPYRIGHT HOLDERS BE LIABLE FOR ANY CLAIM, DAMAGES OR OTHER LIABILITY, WHETHER
    26                        ; * IN AN ACTION OF CONTRACT, TORT OR OTHERWISE, ARISING FROM, OUT OF OR IN
    27                        ; * CONNECTION WITH THE SOFTWARE OR THE USE OR OTHER DEALINGS IN THE SOFTWARE.
    28                        ; *
    29                        ; * https://www.FreeRTOS.org
    30                        ; * https://github.com/FreeRTOS
    31                        ; *
    32                        ; */
    33                        ;
    34                        ;/* Standard includes. */
    35                        ;#include <string.h>
    36                        ;
    37                        ;/* Defining MPU_WRAPPERS_INCLUDED_FROM_API_FILE prevents task.h from redefining
    38                        ; * all the API functions to use the MPU wrappers.  That should only be done when
    39                        ; * task.h is included from an application file. */
    40                        ;#define MPU_WRAPPERS_INCLUDED_FROM_API_FILE
    41                        ;
    42                        ;/* FreeRTOS includes. */
    43                        ;#include "FreeRTOS.h"
    44                        ;#include "task.h"
    45                        ;#include "stream_buffer.h"
    46                        ;
    47                        ;/* The MPU ports require MPU_WRAPPERS_INCLUDED_FROM_API_FILE to be defined
    48                        ; * for the header files above, but not in this file, in order to generate the
    49                        ; * correct privileged Vs unprivileged linkage and placement. */
    50                        ;#undef MPU_WRAPPERS_INCLUDED_FROM_API_FILE
    51                        ;
    52                        ;/* This entire source file will be skipped if the application is not configured
  Tue Sep 15 2026 17:44                                                                                                    Page 2


    53                        ; * to include stream buffer functionality. This #if is closed at the very bottom
    54                        ; * of this file. If you want to include stream buffers then ensure
    55                        ; * configUSE_STREAM_BUFFERS is set to 1 in FreeRTOSConfig.h. */
    56                        ;#if ( configUSE_STREAM_BUFFERS == 1 )
    57                        ;
    58                        ;    #if ( configUSE_TASK_NOTIFICATIONS != 1 )
    59                        ;        #error configUSE_TASK_NOTIFICATIONS must be set to 1 to build stream_buffer.c
    60                        ;    #endif
    61                        ;
    62                        ;    #if ( INCLUDE_xTaskGetCurrentTaskHandle != 1 )
    63                        ;        #error INCLUDE_xTaskGetCurrentTaskHandle must be set to 1 to build stream_buffer.c
    64                        ;    #endif
    65                        ;
    66                        ;/* If the user has not provided application specific Rx notification macros,
    67                        ; * or #defined the notification macros away, then provide default implementations
    68                        ; * that uses task notifications. */
    69                        ;    #ifndef sbRECEIVE_COMPLETED
    70                        ;        #define sbRECEIVE_COMPLETED( pxStreamBuffer )                                 \
    71                        ;    do                                                                                \
    72                        ;    {                                                                                 \
    73                        ;        vTaskSuspendAll();                                                            \
    74                        ;        {                                                                             \
    75                        ;            if( ( pxStreamBuffer )->xTaskWaitingToSend != NULL )                      \
    76                        ;            {                                                                         \
    77                        ;                ( void ) xTaskNotifyIndexed( ( pxStreamBuffer )->xTaskWaitingToSend,  \
    78                        ;                                             ( pxStreamBuffer )->uxNotificationIndex, \
    79                        ;                                             ( uint32_t ) 0,                          \
    80                        ;                                             eNoAction );                             \
    81                        ;                ( pxStreamBuffer )->xTaskWaitingToSend = NULL;                        \
    82                        ;            }                                                                         \
    83                        ;        }                                                                             \
    84                        ;        ( void ) xTaskResumeAll();                                                    \
    85                        ;    } while( 0 )
    86                        ;    #endif /* sbRECEIVE_COMPLETED */
    87                        ;
    88                        ;/* If user has provided a per-instance receive complete callback, then
    89                        ; * invoke the callback else use the receive complete macro which is provided by default for all insta
                    nces.
    90                        ; */
    91                        ;    #if ( configUSE_SB_COMPLETED_CALLBACK == 1 )
    92                        ;        #define prvRECEIVE_COMPLETED( pxStreamBuffer )                                           \
    93                        ;    do {                                                                                         \
    94                        ;        if( ( pxStreamBuffer )->pxReceiveCompletedCallback != NULL )                             \
    95                        ;        {                                                                                        \
    96                        ;            ( pxStreamBuffer )->pxReceiveCompletedCallback( ( pxStreamBuffer ), pdFALSE, NULL ); \
    97                        ;        }                                                                                        \
    98                        ;        else                                                                                     \
    99                        ;        {                                                                                        \
   100                        ;            sbRECEIVE_COMPLETED( ( pxStreamBuffer ) );                                           \
   101                        ;        }                                                                                        \
   102                        ;    } while( 0 )
   103                        ;    #else /* if ( configUSE_SB_COMPLETED_CALLBACK == 1 ) */
   104                        ;        #define prvRECEIVE_COMPLETED( pxStreamBuffer )    sbRECEIVE_COMPLETED( ( pxStreamBuffer ) )
   105                        ;    #endif /* if ( configUSE_SB_COMPLETED_CALLBACK == 1 ) */
   106                        ;
   107                        ;    #ifndef sbRECEIVE_COMPLETED_FROM_ISR
   108                        ;        #define sbRECEIVE_COMPLETED_FROM_ISR( pxStreamBuffer,                                \
   109                        ;                                              pxHigherPriorityTaskWoken )                    \
  Tue Sep 15 2026 17:44                                                                                                    Page 3


   110                        ;    do {                                                                                     \
   111                        ;        UBaseType_t uxSavedInterruptStatus;                                                  \
   112                        ;                                                                                             \
   113                        ;        uxSavedInterruptStatus = taskENTER_CRITICAL_FROM_ISR();                              \
   114                        ;        {                                                                                    \
   115                        ;            if( ( pxStreamBuffer )->xTaskWaitingToSend != NULL )                             \
   116                        ;            {                                                                                \
   117                        ;                ( void ) xTaskNotifyIndexedFromISR( ( pxStreamBuffer )->xTaskWaitingToSend,  \
   118                        ;                                                    ( pxStreamBuffer )->uxNotificationIndex, \
   119                        ;                                                    ( uint32_t ) 0,                          \
   120                        ;                                                    eNoAction,                               \
   121                        ;                                                    ( pxHigherPriorityTaskWoken ) );         \
   122                        ;                ( pxStreamBuffer )->xTaskWaitingToSend = NULL;                               \
   123                        ;            }                                                                                \
   124                        ;        }                                                                                    \
   125                        ;        taskEXIT_CRITICAL_FROM_ISR( uxSavedInterruptStatus );                                \
   126                        ;    } while( 0 )
   127                        ;    #endif /* sbRECEIVE_COMPLETED_FROM_ISR */
   128                        ;
   129                        ;    #if ( configUSE_SB_COMPLETED_CALLBACK == 1 )
   130                        ;        #define prvRECEIVE_COMPLETED_FROM_ISR( pxStreamBuffer,                                       
                                        \
   131                        ;                                               pxHigherPriorityTaskWoken )                           
                                        \
   132                        ;    do {                                                                                             
                                        \
   133                        ;        if( ( pxStreamBuffer )->pxReceiveCompletedCallback != NULL )                                 
                                        \
   134                        ;        {                                                                                            
                                        \
   135                        ;            ( pxStreamBuffer )->pxReceiveCompletedCallback( ( pxStreamBuffer ), pdTRUE, ( pxHigherPri
                    orityTaskWoken ) ); \
   136                        ;        }                                                                                            
                                        \
   137                        ;        else                                                                                         
                                        \
   138                        ;        {                                                                                            
                                        \
   139                        ;            sbRECEIVE_COMPLETED_FROM_ISR( ( pxStreamBuffer ), ( pxHigherPriorityTaskWoken ) );       
                                        \
   140                        ;        }                                                                                            
                                        \
   141                        ;    } while( 0 )
   142                        ;    #else /* if ( configUSE_SB_COMPLETED_CALLBACK == 1 ) */
   143                        ;        #define prvRECEIVE_COMPLETED_FROM_ISR( pxStreamBuffer, pxHigherPriorityTaskWoken ) \
   144                        ;    sbRECEIVE_COMPLETED_FROM_ISR( ( pxStreamBuffer ), ( pxHigherPriorityTaskWoken ) )
   145                        ;    #endif /* if ( configUSE_SB_COMPLETED_CALLBACK == 1 ) */
   146                        ;
   147                        ;/* If the user has not provided an application specific Tx notification macro,
   148                        ; * or #defined the notification macro away, then provide a default
   149                        ; * implementation that uses task notifications.
   150                        ; */
   151                        ;    #ifndef sbSEND_COMPLETED
   152                        ;        #define sbSEND_COMPLETED( pxStreamBuffer )                                  \
   153                        ;    vTaskSuspendAll();                                                              \
   154                        ;    {                                                                               \
   155                        ;        if( ( pxStreamBuffer )->xTaskWaitingToReceive != NULL )                     \
   156                        ;        {                                                                           \
  Tue Sep 15 2026 17:44                                                                                                    Page 4


   157                        ;            ( void ) xTaskNotifyIndexed( ( pxStreamBuffer )->xTaskWaitingToReceive, \
   158                        ;                                         ( pxStreamBuffer )->uxNotificationIndex,   \
   159                        ;                                         ( uint32_t ) 0,                            \
   160                        ;                                         eNoAction );                               \
   161                        ;            ( pxStreamBuffer )->xTaskWaitingToReceive = NULL;                       \
   162                        ;        }                                                                           \
   163                        ;    }                                                                               \
   164                        ;    ( void ) xTaskResumeAll()
   165                        ;    #endif /* sbSEND_COMPLETED */
   166                        ;
   167                        ;/* If user has provided a per-instance send completed callback, then
   168                        ; * invoke the callback else use the send complete macro which is provided by default for all instance
                    s.
   169                        ; */
   170                        ;    #if ( configUSE_SB_COMPLETED_CALLBACK == 1 )
   171                        ;        #define prvSEND_COMPLETED( pxStreamBuffer )                                           \
   172                        ;    do {                                                                                      \
   173                        ;        if( ( pxStreamBuffer )->pxSendCompletedCallback != NULL )                             \
   174                        ;        {                                                                                     \
   175                        ;            ( pxStreamBuffer )->pxSendCompletedCallback( ( pxStreamBuffer ), pdFALSE, NULL ); \
   176                        ;        }                                                                                     \
   177                        ;        else                                                                                  \
   178                        ;        {                                                                                     \
   179                        ;            sbSEND_COMPLETED( ( pxStreamBuffer ) );                                           \
   180                        ;        }                                                                                     \
   181                        ;    } while( 0 )
   182                        ;    #else /* if ( configUSE_SB_COMPLETED_CALLBACK == 1 ) */
   183                        ;        #define prvSEND_COMPLETED( pxStreamBuffer )    sbSEND_COMPLETED( ( pxStreamBuffer ) )
   184                        ;    #endif /* if ( configUSE_SB_COMPLETED_CALLBACK == 1 ) */
   185                        ;
   186                        ;
   187                        ;    #ifndef sbSEND_COMPLETE_FROM_ISR
   188                        ;        #define sbSEND_COMPLETE_FROM_ISR( pxStreamBuffer, pxHigherPriorityTaskWoken )          \
   189                        ;    do {                                                                                       \
   190                        ;        UBaseType_t uxSavedInterruptStatus;                                                    \
   191                        ;                                                                                               \
   192                        ;        uxSavedInterruptStatus = taskENTER_CRITICAL_FROM_ISR();                                \
   193                        ;        {                                                                                      \
   194                        ;            if( ( pxStreamBuffer )->xTaskWaitingToReceive != NULL )                            \
   195                        ;            {                                                                                  \
   196                        ;                ( void ) xTaskNotifyIndexedFromISR( ( pxStreamBuffer )->xTaskWaitingToReceive, \
   197                        ;                                                    ( pxStreamBuffer )->uxNotificationIndex,   \
   198                        ;                                                    ( uint32_t ) 0,                            \
   199                        ;                                                    eNoAction,                                 \
   200                        ;                                                    ( pxHigherPriorityTaskWoken ) );           \
   201                        ;                ( pxStreamBuffer )->xTaskWaitingToReceive = NULL;                              \
   202                        ;            }                                                                                  \
   203                        ;        }                                                                                      \
   204                        ;        taskEXIT_CRITICAL_FROM_ISR( uxSavedInterruptStatus );                                  \
   205                        ;    } while( 0 )
   206                        ;    #endif /* sbSEND_COMPLETE_FROM_ISR */
   207                        ;
   208                        ;
   209                        ;    #if ( configUSE_SB_COMPLETED_CALLBACK == 1 )
   210                        ;        #define prvSEND_COMPLETE_FROM_ISR( pxStreamBuffer, pxHigherPriorityTaskWoken )               
                                     \
   211                        ;    do {                                                                                             
                                     \
  Tue Sep 15 2026 17:44                                                                                                    Page 5


   212                        ;        if( ( pxStreamBuffer )->pxSendCompletedCallback != NULL )                                    
                                     \
   213                        ;        {                                                                                            
                                     \
   214                        ;            ( pxStreamBuffer )->pxSendCompletedCallback( ( pxStreamBuffer ), pdTRUE, ( pxHigherPriori
                    tyTaskWoken ) ); \
   215                        ;        }                                                                                            
                                     \
   216                        ;        else                                                                                         
                                     \
   217                        ;        {                                                                                            
                                     \
   218                        ;            sbSEND_COMPLETE_FROM_ISR( ( pxStreamBuffer ), ( pxHigherPriorityTaskWoken ) );           
                                     \
   219                        ;        }                                                                                            
                                     \
   220                        ;    } while( 0 )
   221                        ;    #else /* if ( configUSE_SB_COMPLETED_CALLBACK == 1 ) */
   222                        ;        #define prvSEND_COMPLETE_FROM_ISR( pxStreamBuffer, pxHigherPriorityTaskWoken ) \
   223                        ;    sbSEND_COMPLETE_FROM_ISR( ( pxStreamBuffer ), ( pxHigherPriorityTaskWoken ) )
   224                        ;    #endif /* if ( configUSE_SB_COMPLETED_CALLBACK == 1 ) */
   225                        ;
   226                        ;/* The number of bytes used to hold the length of a message in the buffer. */
   227                        ;    #define sbBYTES_TO_STORE_MESSAGE_LENGTH    ( sizeof( configMESSAGE_BUFFER_LENGTH_TYPE ) )
   228                        ;
   229                        ;/* Bits stored in the ucFlags field of the stream buffer. */
   230                        ;    #define sbFLAGS_IS_MESSAGE_BUFFER          ( ( uint8_t ) 1 ) /* Set if the stream buffer was crea
                    ted as a message buffer, in which case it holds discrete messages rather than a stream. */
   231                        ;    #define sbFLAGS_IS_STATICALLY_ALLOCATED    ( ( uint8_t ) 2 ) /* Set if the stream buffer was crea
                    ted using statically allocated memory. */
   232                        ;    #define sbFLAGS_IS_BATCHING_BUFFER         ( ( uint8_t ) 4 ) /* Set if the stream buffer was crea
                    ted as a batching buffer, meaning the receiver task will only unblock when the trigger level exceededs. */
   233                        ;
   234                        ;/*-----------------------------------------------------------*/
   235                        ;
   236                        ;/* Structure that hold state information on the buffer. */
   237                        ;typedef struct StreamBufferDef_t
   238                        ;{
   239                        ;    volatile size_t xTail;                       /* Index to the next item to read within the buffer.
                     */
   240                        ;    volatile size_t xHead;                       /* Index to the next item to write within the buffer
                    . */
   241                        ;    size_t xLength;                              /* The length of the buffer pointed to by pucBuffer.
                     */
   242                        ;    size_t xTriggerLevelBytes;                   /* The number of bytes that must be in the stream bu
                    ffer before a task that is waiting for data is unblocked. */
   243                        ;    volatile TaskHandle_t xTaskWaitingToReceive; /* Holds the handle of a task waiting for data, or N
                    ULL if no tasks are waiting. */
   244                        ;    volatile TaskHandle_t xTaskWaitingToSend;    /* Holds the handle of a task waiting to send data t
                    o a message buffer that is full. */
   245                        ;    uint8_t * pucBuffer;                         /* Points to the buffer itself - that is - the RAM t
                    hat stores the data passed through the buffer. */
   246                        ;    uint8_t ucFlags;
   247                        ;
   248                        ;    #if ( configUSE_TRACE_FACILITY == 1 )
   249                        ;        UBaseType_t uxStreamBufferNumber; /* Used for tracing purposes. */
   250                        ;    #endif
   251                        ;
  Tue Sep 15 2026 17:44                                                                                                    Page 6


   252                        ;    #if ( configUSE_SB_COMPLETED_CALLBACK == 1 )
   253                        ;        StreamBufferCallbackFunction_t pxSendCompletedCallback;    /* Optional callback called on sen
                    d complete. sbSEND_COMPLETED is called if this is NULL. */
   254                        ;        StreamBufferCallbackFunction_t pxReceiveCompletedCallback; /* Optional callback called on rec
                    eive complete.  sbRECEIVE_COMPLETED is called if this is NULL. */
   255                        ;    #endif
   256                        ;    UBaseType_t uxNotificationIndex;                               /* The index we are using for noti
                    fication, by default tskDEFAULT_INDEX_TO_NOTIFY. */
   257                        ;} StreamBuffer_t;
   258                        ;
   259                        ;/*
   260                        ; * The number of bytes available to be read from the buffer.
   261                        ; */
   262                        ;static size_t prvBytesInBuffer( const StreamBuffer_t * const pxStreamBuffer ) PRIVILEGED_FUNCTION;
   263                        ;
   264                        ;/*
   265                        ; * Returns pdTRUE when the amount of buffered data should unblock a task that
   266                        ; * is waiting to receive data. Stream batching buffers require the buffered
   267                        ; * data to exceed the trigger level, whereas stream and message buffers unblock
   268                        ; * when the trigger level is reached.
   269                        ; */
   270                        ;static BaseType_t prvBytesInBufferMeetTriggerLevel( const StreamBuffer_t * const pxStreamBuffer,
   271                        ;                                                    size_t xBytesInBuffer ) PRIVILEGED_FUNCTION;
   272                        ;
   273                        ;/*
   274                        ; * Add xCount bytes from pucData into the pxStreamBuffer's data storage area.
   275                        ; * This function does not update the buffer's xHead pointer, so multiple writes
   276                        ; * may be chained together "atomically". This is useful for Message Buffers where
   277                        ; * the length and data bytes are written in two separate chunks, and we don't want
   278                        ; * the reader to see the buffer as having grown until after all data is copied over.
   279                        ; * This function takes a custom xHead value to indicate where to write to (necessary
   280                        ; * for chaining) and returns the resulting xHead position.
   281                        ; * To mark the write as complete, manually set the buffer's xHead field with the
   282                        ; * returned xHead from this function.
   283                        ; */
   284                        ;static size_t prvWriteBytesToBuffer( StreamBuffer_t * const pxStreamBuffer,
   285                        ;                                     const uint8_t * pucData,
   286                        ;                                     size_t xCount,
   287                        ;                                     size_t xHead ) PRIVILEGED_FUNCTION;
   288                        ;
   289                        ;/*
   290                        ; * If the stream buffer is being used as a message buffer, then reads an entire
   291                        ; * message out of the buffer.  If the stream buffer is being used as a stream
   292                        ; * buffer then read as many bytes as possible from the buffer.
   293                        ; * prvReadBytesFromBuffer() is called to actually extract the bytes from the
   294                        ; * buffer's data storage area.
   295                        ; */
   296                        ;static size_t prvReadMessageFromBuffer( StreamBuffer_t * pxStreamBuffer,
   297                        ;                                        void * pvRxData,
   298                        ;                                        size_t xBufferLengthBytes,
   299                        ;                                        size_t xBytesAvailable ) PRIVILEGED_FUNCTION;
   300                        ;
   301                        ;/*
   302                        ; * If the stream buffer is being used as a message buffer, then writes an entire
   303                        ; * message to the buffer.  If the stream buffer is being used as a stream
   304                        ; * buffer then write as many bytes as possible to the buffer.
   305                        ; * prvWriteBytestoBuffer() is called to actually send the bytes to the buffer's
   306                        ; * data storage area.
  Tue Sep 15 2026 17:44                                                                                                    Page 7


   307                        ; */
   308                        ;static size_t prvWriteMessageToBuffer( StreamBuffer_t * const pxStreamBuffer,
   309                        ;                                       const void * pvTxData,
   310                        ;                                       size_t xDataLengthBytes,
   311                        ;                                       size_t xSpace,
   312                        ;                                       size_t xRequiredSpace ) PRIVILEGED_FUNCTION;
   313                        ;
   314                        ;/*
   315                        ; * Copies xCount bytes from the pxStreamBuffer's data storage area to pucData.
   316                        ; * This function does not update the buffer's xTail pointer, so multiple reads
   317                        ; * may be chained together "atomically". This is useful for Message Buffers where
   318                        ; * the length and data bytes are read in two separate chunks, and we don't want
   319                        ; * the writer to see the buffer as having more free space until after all data is
   320                        ; * copied over, especially if we have to abort the read due to insufficient receiving space.
   321                        ; * This function takes a custom xTail value to indicate where to read from (necessary
   322                        ; * for chaining) and returns the resulting xTail position.
   323                        ; * To mark the read as complete, manually set the buffer's xTail field with the
   324                        ; * returned xTail from this function.
   325                        ; */
   326                        ;static size_t prvReadBytesFromBuffer( StreamBuffer_t * pxStreamBuffer,
   327                        ;                                      uint8_t * pucData,
   328                        ;                                      size_t xCount,
   329                        ;                                      size_t xTail ) PRIVILEGED_FUNCTION;
   330                        ;
   331                        ;/*
   332                        ; * Called by both pxStreamBufferCreate() and pxStreamBufferCreateStatic() to
   333                        ; * initialise the members of the newly created stream buffer structure.
   334                        ; */
   335                        ;static void prvInitialiseNewStreamBuffer( StreamBuffer_t * const pxStreamBuffer,
   336                        ;                                          uint8_t * const pucBuffer,
   337                        ;                                          size_t xBufferSizeBytes,
   338                        ;                                          size_t xTriggerLevelBytes,
   339                        ;                                          uint8_t ucFlags,
   340                        ;                                          StreamBufferCallbackFunction_t pxSendCompletedCallback,
   341                        ;                                          StreamBufferCallbackFunction_t pxReceiveCompletedCallback )
                     PRIVILEGED_FUNCTION;
   342                        ;
   343                        ;/*-----------------------------------------------------------*/
   344                        ;    #if ( configSUPPORT_DYNAMIC_ALLOCATION == 1 )
   345                        ;    StreamBufferHandle_t xStreamBufferGenericCreate( size_t xBufferSizeBytes,
   346                        ;                                                     size_t xTriggerLevelBytes,
   347                        ;                                                     BaseType_t xStreamBufferType,
   348                        ;                                                     StreamBufferCallbackFunction_t pxSendCompletedCa
                    llback,
   349                        ;                                                     StreamBufferCallbackFunction_t pxReceiveComplete
                    dCallback )
   350                        ;    {
   351                        	code
   352                        	xdef	_~xStreamBufferGenericCreate
   353                        	func
   354                        _~xStreamBufferGenericCreate:
   355                        	longa	on
   356                        	longi	on
   357 00:0000: 3B           	tsc
   358 00:0001: 38           	sec
   359 00:0002: E9 09 00     	sbc	#L2
   360 00:0005: 1B           	tcs
   361 00:0006: 0B           	phd
  Tue Sep 15 2026 17:44                                                                                                    Page 8


   362 00:0007: 5B           	tcd
   363             00000003   xBufferSizeBytes_0	set	3
   364             00000005   xTriggerLevelBytes_0	set	5
   365             00000007   xStreamBufferType_0	set	7
   366             00000009   pxSendCompletedCallback_0	set	9
   367             0000000B   pxReceiveCompletedCallback_0	set	11
   368                        ;        void * pvAllocatedMemory;
   369                        ;        uint8_t ucFlags;
   370                        ;
   371                        ;        traceENTER_xStreamBufferGenericCreate( xBufferSizeBytes, xTriggerLevelBytes, xStreamBufferTyp
                    e, pxSendCompletedCallback, pxReceiveCompletedCallback );
   372             00000000   pvAllocatedMemory_1	set	0
   373             00000004   ucFlags_1	set	4
   374                        ;
   375                        ;        /* In case the stream buffer is going to be used as a message buffer
   376                        ;         * (that is, it will hold discrete messages with a little meta data that
   377                        ;         * says how big the next message is) check the buffer will be large enough
   378                        ;         * to hold at least one message. */
   379                        ;        if( xStreamBufferType == sbTYPE_MESSAGE_BUFFER )
   380                        ;        {
   381 00:0008: A5 10        	lda	<L2+xStreamBufferType_0
   382 00:000A: C9 01 00     	cmp	#<$1
   383 00:000D: D0 11        	bne	L10001
   384                        ;            /* Is a message buffer but not statically allocated. */
   385                        ;            ucFlags = sbFLAGS_IS_MESSAGE_BUFFER;
   386 00:000F: E2 20        	sep	#$20
   387                        	longa	off
   388 00:0011: A9 01        	lda	#$1
   389 00:0013: 85 09        	sta	<L3+ucFlags_1
   390 00:0015: C2 20        	rep	#$20
   391                        	longa	on
   392                        ;            configASSERT( xBufferSizeBytes > sbBYTES_TO_STORE_MESSAGE_LENGTH );
   393 00:0017: A9 02 00     	lda	#$2
   394 00:001A: C5 0C        	cmp	<L2+xBufferSizeBytes_0
   395 00:001C: 90 1A        	bcc	L10009
   396                        L10006:
   397 00:001E: 80 FE        	bra	L10006
   398                        L10001:
   399                        ;        {
   400 00:0020: A5 10        	lda	<L2+xStreamBufferType_0
   401 00:0022: C9 02 00     	cmp	#<$2
   402 00:0025: D0 1D        	bne	L10010
   403                        ;            /* Is a batching buffer but not statically allocated. */
   404                        ;            ucFlags = sbFLAGS_IS_BATCHING_BUFFER;
   405 00:0027: E2 20        	sep	#$20
   406                        	longa	off
   407 00:0029: A9 04        	lda	#$4
   408 00:002B: 85 09        	sta	<L3+ucFlags_1
   409 00:002D: C2 20        	rep	#$20
   410                        	longa	on
   411                        ;            configASSERT( xBufferSizeBytes > 0 );
   412 00:002F: A9 00 00     	lda	#$0
   413 00:0032: C5 0C        	cmp	<L2+xBufferSizeBytes_0
   414 00:0034: 90 02        	bcc	L10009
   415                        L10015:
   416 00:0036: 80 FE        	bra	L10015
   417                        ;        }
   418                        ;        else
  Tue Sep 15 2026 17:44                                                                                                    Page 9


   419                        ;        }
   420                        ;        else if( xStreamBufferType == sbTYPE_STREAM_BATCHING_BUFFER )
   421                        L10009:
   422                        ;
   423                        ;        configASSERT( xTriggerLevelBytes <= xBufferSizeBytes );
   424 00:0038: A5 0C        	lda	<L2+xBufferSizeBytes_0
   425 00:003A: C5 0E        	cmp	<L2+xTriggerLevelBytes_0
   426 00:003C: 90 15        	bcc	L10030
   427                        ;
   428                        ;        /* A trigger level of 0 would cause a waiting task to unblock even when
   429                        ;         * the buffer was empty. */
   430                        ;        if( xTriggerLevelBytes == ( size_t ) 0 )
   431                        ;        {
   432 00:003E: A5 0E        	lda	<L2+xTriggerLevelBytes_0
   433 00:0040: F0 13        	beq	L10
   434 00:0042: 80 16        	bra	L10033
   435                        L10010:
   436                        ;        {
   437                        ;            /* Not a message buffer and not statically allocated. */
   438                        ;            ucFlags = 0;
   439 00:0044: E2 20        	sep	#$20
   440                        	longa	off
   441 00:0046: 64 09        	stz	<L3+ucFlags_1
   442 00:0048: C2 20        	rep	#$20
   443                        	longa	on
   444                        ;            configASSERT( xBufferSizeBytes > 0 );
   445 00:004A: A9 00 00     	lda	#$0
   446 00:004D: C5 0C        	cmp	<L2+xBufferSizeBytes_0
   447 00:004F: 90 E7        	bcc	L10009
   448                        L10023:
   449 00:0051: 80 FE        	bra	L10023
   450                        ;        }
   451                        L10030:
   452 00:0053: 80 FE        	bra	L10030
   453                        L10:
   454                        ;            xTriggerLevelBytes = ( size_t ) 1;
   455 00:0055: A9 01 00     	lda	#$1
   456 00:0058: 85 0E        	sta	<L2+xTriggerLevelBytes_0
   457                        ;        }
   458                        ;
   459                        ;        /* A stream buffer requires a StreamBuffer_t structure and a buffer.
   460                        ;         * Both are allocated in a single call to pvPortMalloc().  The
   461                        ;         * StreamBuffer_t structure is placed at the start of the allocated memory
   462                        ;         * and the buffer follows immediately after.  The requested size is
   463                        ;         * incremented so the free space is returned as the user would expect -
   464                        ;         * this is a quirk of the implementation that means otherwise the free
   465                        ;         * space would be reported as one byte smaller than would be logically
   466                        ;         * expected. */
   467                        ;        if( xBufferSizeBytes < ( xBufferSizeBytes + 1U + sizeof( StreamBuffer_t ) ) )
   468                        L10033:
   469                        ;        {
   470 00:005A: A9 18 00     	lda	#$18
   471 00:005D: 18           	clc
   472 00:005E: 65 0C        	adc	<L2+xBufferSizeBytes_0
   473 00:0060: 85 01        	sta	<R0
   474 00:0062: A5 0C        	lda	<L2+xBufferSizeBytes_0
   475 00:0064: C5 01        	cmp	<R0
   476 00:0066: B0 12        	bcs	L10034
  Tue Sep 15 2026 17:44                                                                                                    Page 10


   477                        ;            xBufferSizeBytes++;
   478 00:0068: E6 0C        	inc	<L2+xBufferSizeBytes_0
   479                        ;            pvAllocatedMemory = pvPortMalloc( xBufferSizeBytes + sizeof( StreamBuffer_t ) );
   480 00:006A: A9 17 00     	lda	#$17
   481 00:006D: 18           	clc
   482 00:006E: 65 0C        	adc	<L2+xBufferSizeBytes_0
   483 00:0070: 48           	pha
   484 00:0071: 20 xx xx     	jsr	_~pvPortMalloc
   485 00:0074: 85 05        	sta	<L3+pvAllocatedMemory_1
   486 00:0076: 86 07        	stx	<L3+pvAllocatedMemory_1+2
   487                        ;        }
   488                        ;        else
   489 00:0078: 80 04        	bra	L10035
   490                        L10034:
   491                        ;        {
   492                        ;            pvAllocatedMemory = NULL;
   493 00:007A: 64 05        	stz	<L3+pvAllocatedMemory_1
   494 00:007C: 64 07        	stz	<L3+pvAllocatedMemory_1+2
   495                        ;        }
   496                        L10035:
   497                        ;
   498                        ;        if( pvAllocatedMemory != NULL )
   499                        ;        {
   500 00:007E: A5 05        	lda	<L3+pvAllocatedMemory_1
   501 00:0080: 05 07        	ora	<L3+pvAllocatedMemory_1+2
   502 00:0082: F0 21        	beq	L10037
   503                        ;            /* MISRA Ref 11.5.1 [Malloc memory assignment] */
   504                        ;            /* More details at: https://github.com/FreeRTOS/FreeRTOS-Kernel/blob/main/MISRA.md#rule-1
                    15 */
   505                        ;            /* coverity[misra_c_2012_rule_11_5_violation] */
   506                        ;            prvInitialiseNewStreamBuffer( ( StreamBuffer_t * ) pvAllocatedMemory,                    
                         /* Structure at the start of the allocated memory. */
   507                        ;                                                                                                     
                         /* MISRA Ref 11.5.1 [Malloc memory assignment] */
   508                        ;                                                                                                     
                         /* More details at: https://github.com/FreeRTOS/FreeRTOS-Kernel/blob/main/MISRA.md#rule-115 */
   509                        ;                                                                                                     
                         /* coverity[misra_c_2012_rule_11_5_violation] */
   510                        ;                                          ( ( uint8_t * ) pvAllocatedMemory ) + sizeof( StreamBuffer_
                    t ), /* Storage area follows. */
   511                        ;                                          xBufferSizeBytes,
   512                        ;                                          xTriggerLevelBytes,
   513                        ;                                          ucFlags,
   514                        ;                                          pxSendCompletedCallback,
   515                        ;                                          pxReceiveCompletedCallback );
   516 00:0084: D4 14        	pei	<L2+pxReceiveCompletedCallback_0
   517 00:0086: D4 12        	pei	<L2+pxSendCompletedCallback_0
   518 00:0088: D4 09        	pei	<L3+ucFlags_1
   519 00:008A: D4 0E        	pei	<L2+xTriggerLevelBytes_0
   520 00:008C: D4 0C        	pei	<L2+xBufferSizeBytes_0
   521 00:008E: A9 17 00     	lda	#$17
   522 00:0091: 18           	clc
   523 00:0092: 65 05        	adc	<L3+pvAllocatedMemory_1
   524 00:0094: 85 01        	sta	<R0
   525 00:0096: A9 00 00     	lda	#$0
   526 00:0099: 65 07        	adc	<L3+pvAllocatedMemory_1+2
   527 00:009B: 48           	pha
   528 00:009C: D4 01        	pei	<R0
  Tue Sep 15 2026 17:44                                                                                                    Page 11


   529 00:009E: D4 07        	pei	<L3+pvAllocatedMemory_1+2
   530 00:00A0: D4 05        	pei	<L3+pvAllocatedMemory_1
   531 00:00A2: 20 xx xx     	jsr	_~prvInitialiseNewStreamBuffer
   532                        ;
   533                        ;            traceSTREAM_BUFFER_CREATE( ( ( StreamBuffer_t * ) pvAllocatedMemory ), xStreamBufferType 
                    );
   534                        ;        }
   535                        ;        else
   536                        ;        {
   537                        ;            traceSTREAM_BUFFER_CREATE_FAILED( xStreamBufferType );
   538                        ;        }
   539                        L10037:
   540                        ;
   541                        ;        traceRETURN_xStreamBufferGenericCreate( pvAllocatedMemory );
   542                        ;
   543                        ;        /* MISRA Ref 11.5.1 [Malloc memory assignment] */
   544                        ;        /* More details at: https://github.com/FreeRTOS/FreeRTOS-Kernel/blob/main/MISRA.md#rule-115 *
                    /
   545                        ;        /* coverity[misra_c_2012_rule_11_5_violation] */
   546                        ;        return ( StreamBufferHandle_t ) pvAllocatedMemory;
   547 00:00A5: A6 07        	ldx	<L3+pvAllocatedMemory_1+2
   548 00:00A7: A5 05        	lda	<L3+pvAllocatedMemory_1
   549 00:00A9: A8           	tay
   550 00:00AA: A5 0A        	lda	<L2+1
   551 00:00AC: 85 14        	sta	<L2+1+10
   552 00:00AE: 2B           	pld
   553 00:00AF: 3B           	tsc
   554 00:00B0: 18           	clc
   555 00:00B1: 69 13 00     	adc	#L2+10
   556 00:00B4: 1B           	tcs
   557 00:00B5: 98           	tya
   558 00:00B6: 60           	rts
   559                        ;    }
   560             00000009   L2	equ	9
   561             00000005   L3	equ	5
   562                        	ends
   563                        	efunc
   564                        ;    #endif /* configSUPPORT_DYNAMIC_ALLOCATION */
   565                        ;/*-----------------------------------------------------------*/
   566                        ;
   567                        ;    #if ( configSUPPORT_STATIC_ALLOCATION == 1 )
   568                        ;
   569                        ;    StreamBufferHandle_t xStreamBufferGenericCreateStatic( size_t xBufferSizeBytes,
   570                        ;                                                           size_t xTriggerLevelBytes,
   571                        ;                                                           BaseType_t xStreamBufferType,
   572                        ;                                                           uint8_t * const pucStreamBufferStorageArea
                    ,
   573                        ;                                                           StaticStreamBuffer_t * const pxStaticStrea
                    mBuffer,
   574                        ;                                                           StreamBufferCallbackFunction_t pxSendCompl
                    etedCallback,
   575                        ;                                                           StreamBufferCallbackFunction_t pxReceiveCo
                    mpletedCallback )
   576                        ;    {
   577                        ;        /* MISRA Ref 11.3.1 [Misaligned access] */
   578                        ;        /* More details at: https://github.com/FreeRTOS/FreeRTOS-Kernel/blob/main/MISRA.md#rule-113 *
                    /
   579                        ;        /* coverity[misra_c_2012_rule_11_3_violation] */
  Tue Sep 15 2026 17:44                                                                                                    Page 12


   580                        ;        StreamBuffer_t * const pxStreamBuffer = ( StreamBuffer_t * ) pxStaticStreamBuffer;
   581                        ;        StreamBufferHandle_t xReturn;
   582                        ;        uint8_t ucFlags;
   583                        ;
   584                        ;        traceENTER_xStreamBufferGenericCreateStatic( xBufferSizeBytes, xTriggerLevelBytes, xStreamBuf
                    ferType, pucStreamBufferStorageArea, pxStaticStreamBuffer, pxSendCompletedCallback, pxReceiveCompletedCallback )
                    ;
   585                        ;
   586                        ;        configASSERT( pucStreamBufferStorageArea );
   587                        ;        configASSERT( pxStaticStreamBuffer );
   588                        ;        configASSERT( xTriggerLevelBytes <= xBufferSizeBytes );
   589                        ;
   590                        ;        /* A trigger level of 0 would cause a waiting task to unblock even when
   591                        ;         * the buffer was empty. */
   592                        ;        if( xTriggerLevelBytes == ( size_t ) 0 )
   593                        ;        {
   594                        ;            xTriggerLevelBytes = ( size_t ) 1;
   595                        ;        }
   596                        ;
   597                        ;        /* In case the stream buffer is going to be used as a message buffer
   598                        ;         * (that is, it will hold discrete messages with a little meta data that
   599                        ;         * says how big the next message is) check the buffer will be large enough
   600                        ;         * to hold at least one message. */
   601                        ;
   602                        ;        if( xStreamBufferType == sbTYPE_MESSAGE_BUFFER )
   603                        ;        {
   604                        ;            /* Statically allocated message buffer. */
   605                        ;            ucFlags = sbFLAGS_IS_MESSAGE_BUFFER | sbFLAGS_IS_STATICALLY_ALLOCATED;
   606                        ;            configASSERT( xBufferSizeBytes > sbBYTES_TO_STORE_MESSAGE_LENGTH );
   607                        ;        }
   608                        ;        else if( xStreamBufferType == sbTYPE_STREAM_BATCHING_BUFFER )
   609                        ;        {
   610                        ;            /* Statically allocated batching buffer. */
   611                        ;            ucFlags = sbFLAGS_IS_BATCHING_BUFFER | sbFLAGS_IS_STATICALLY_ALLOCATED;
   612                        ;            configASSERT( xBufferSizeBytes > 0 );
   613                        ;        }
   614                        ;        else
   615                        ;        {
   616                        ;            /* Statically allocated stream buffer. */
   617                        ;            ucFlags = sbFLAGS_IS_STATICALLY_ALLOCATED;
   618                        ;        }
   619                        ;
   620                        ;        #if ( configASSERT_DEFINED == 1 )
   621                        ;        {
   622                        ;            /* Sanity check that the size of the structure used to declare a
   623                        ;             * variable of type StaticStreamBuffer_t equals the size of the real
   624                        ;             * message buffer structure. */
   625                        ;            volatile size_t xSize = sizeof( StaticStreamBuffer_t );
   626                        ;            configASSERT( xSize == sizeof( StreamBuffer_t ) );
   627                        ;        }
   628                        ;        #endif /* configASSERT_DEFINED */
   629                        ;
   630                        ;        if( ( pucStreamBufferStorageArea != NULL ) && ( pxStaticStreamBuffer != NULL ) )
   631                        ;        {
   632                        ;            prvInitialiseNewStreamBuffer( pxStreamBuffer,
   633                        ;                                          pucStreamBufferStorageArea,
   634                        ;                                          xBufferSizeBytes,
   635                        ;                                          xTriggerLevelBytes,
  Tue Sep 15 2026 17:44                                                                                                    Page 13


   636                        ;                                          ucFlags,
   637                        ;                                          pxSendCompletedCallback,
   638                        ;                                          pxReceiveCompletedCallback );
   639                        ;
   640                        ;            /* Remember this was statically allocated in case it is ever deleted
   641                        ;             * again. */
   642                        ;            pxStreamBuffer->ucFlags |= sbFLAGS_IS_STATICALLY_ALLOCATED;
   643                        ;
   644                        ;            traceSTREAM_BUFFER_CREATE( pxStreamBuffer, xStreamBufferType );
   645                        ;
   646                        ;            /* MISRA Ref 11.3.1 [Misaligned access] */
   647                        ;            /* More details at: https://github.com/FreeRTOS/FreeRTOS-Kernel/blob/main/MISRA.md#rule-1
                    13 */
   648                        ;            /* coverity[misra_c_2012_rule_11_3_violation] */
   649                        ;            xReturn = ( StreamBufferHandle_t ) pxStaticStreamBuffer;
   650                        ;        }
   651                        ;        else
   652                        ;        {
   653                        ;            xReturn = NULL;
   654                        ;            traceSTREAM_BUFFER_CREATE_STATIC_FAILED( xReturn, xStreamBufferType );
   655                        ;        }
   656                        ;
   657                        ;        traceRETURN_xStreamBufferGenericCreateStatic( xReturn );
   658                        ;
   659                        ;        return xReturn;
   660                        ;    }
   661                        ;    #endif /* ( configSUPPORT_STATIC_ALLOCATION == 1 ) */
   662                        ;/*-----------------------------------------------------------*/
   663                        ;
   664                        ;    #if ( configSUPPORT_STATIC_ALLOCATION == 1 )
   665                        ;    BaseType_t xStreamBufferGetStaticBuffers( StreamBufferHandle_t xStreamBuffer,
   666                        ;                                              uint8_t ** ppucStreamBufferStorageArea,
   667                        ;                                              StaticStreamBuffer_t ** ppxStaticStreamBuffer )
   668                        ;    {
   669                        ;        BaseType_t xReturn;
   670                        ;        StreamBuffer_t * const pxStreamBuffer = xStreamBuffer;
   671                        ;
   672                        ;        traceENTER_xStreamBufferGetStaticBuffers( xStreamBuffer, ppucStreamBufferStorageArea, ppxStat
                    icStreamBuffer );
   673                        ;
   674                        ;        configASSERT( pxStreamBuffer );
   675                        ;        configASSERT( ppucStreamBufferStorageArea );
   676                        ;        configASSERT( ppxStaticStreamBuffer );
   677                        ;
   678                        ;        if( ( pxStreamBuffer->ucFlags & sbFLAGS_IS_STATICALLY_ALLOCATED ) != ( uint8_t ) 0 )
   679                        ;        {
   680                        ;            *ppucStreamBufferStorageArea = pxStreamBuffer->pucBuffer;
   681                        ;            /* MISRA Ref 11.3.1 [Misaligned access] */
   682                        ;            /* More details at: https://github.com/FreeRTOS/FreeRTOS-Kernel/blob/main/MISRA.md#rule-1
                    13 */
   683                        ;            /* coverity[misra_c_2012_rule_11_3_violation] */
   684                        ;            *ppxStaticStreamBuffer = ( StaticStreamBuffer_t * ) pxStreamBuffer;
   685                        ;            xReturn = pdTRUE;
   686                        ;        }
   687                        ;        else
   688                        ;        {
   689                        ;            xReturn = pdFALSE;
   690                        ;        }
  Tue Sep 15 2026 17:44                                                                                                    Page 14


   691                        ;
   692                        ;        traceRETURN_xStreamBufferGetStaticBuffers( xReturn );
   693                        ;
   694                        ;        return xReturn;
   695                        ;    }
   696                        ;    #endif /* configSUPPORT_STATIC_ALLOCATION */
   697                        ;/*-----------------------------------------------------------*/
   698                        ;
   699                        ;void vStreamBufferDelete( StreamBufferHandle_t xStreamBuffer )
   700                        ;{
   701                        	code
   702                        	xdef	_~vStreamBufferDelete
   703                        	func
   704                        _~vStreamBufferDelete:
   705                        	longa	on
   706                        	longi	on
   707 00:00B7: 3B           	tsc
   708 00:00B8: 38           	sec
   709 00:00B9: E9 08 00     	sbc	#L14
   710 00:00BC: 1B           	tcs
   711 00:00BD: 0B           	phd
   712 00:00BE: 5B           	tcd
   713             00000003   xStreamBuffer_0	set	3
   714                        ;    StreamBuffer_t * pxStreamBuffer = xStreamBuffer;
   715                        ;
   716                        ;    traceENTER_vStreamBufferDelete( xStreamBuffer );
   717             00000000   pxStreamBuffer_1	set	0
   718 00:00BF: A5 0B        	lda	<L14+xStreamBuffer_0
   719 00:00C1: 85 05        	sta	<L15+pxStreamBuffer_1
   720 00:00C3: A5 0D        	lda	<L14+xStreamBuffer_0+2
   721 00:00C5: 85 07        	sta	<L15+pxStreamBuffer_1+2
   722                        ;
   723                        ;    configASSERT( pxStreamBuffer );
   724 00:00C7: A5 05        	lda	<L15+pxStreamBuffer_1
   725 00:00C9: 05 07        	ora	<L15+pxStreamBuffer_1+2
   726 00:00CB: D0 02        	bne	L10038
   727                        L10042:
   728 00:00CD: 80 FE        	bra	L10042
   729                        L10038:
   730                        ;
   731                        ;    traceSTREAM_BUFFER_DELETE( xStreamBuffer );
   732                        ;
   733                        ;    if( ( pxStreamBuffer->ucFlags & sbFLAGS_IS_STATICALLY_ALLOCATED ) == ( uint8_t ) pdFALSE )
   734                        ;    {
   735 00:00CF: E2 20        	sep	#$20
   736                        	longa	off
   737 00:00D1: A0 14 00     	ldy	#$14
   738 00:00D4: B7 05        	lda	[<L15+pxStreamBuffer_1],Y
   739 00:00D6: 29 02        	and	#<$2
   740 00:00D8: C2 20        	rep	#$20
   741                        	longa	on
   742 00:00DA: D0 09        	bne	L10045
   743                        ;        #if ( configSUPPORT_DYNAMIC_ALLOCATION == 1 )
   744                        ;        {
   745                        ;            /* Both the structure and the buffer were allocated using a single call
   746                        ;            * to pvPortMalloc(), hence only one call to vPortFree() is required. */
   747                        ;            vPortFree( ( void * ) pxStreamBuffer );
   748 00:00DC: D4 07        	pei	<L15+pxStreamBuffer_1+2
  Tue Sep 15 2026 17:44                                                                                                    Page 15


   749 00:00DE: D4 05        	pei	<L15+pxStreamBuffer_1
   750 00:00E0: 20 xx xx     	jsr	_~vPortFree
   751                        ;        }
   752                        ;        #else
   753                        ;        {
   754                        ;            /* Should not be possible to get here, ucFlags must be corrupt.
   755                        ;             * Force an assert. */
   756                        ;            configASSERT( xStreamBuffer == ( StreamBufferHandle_t ) ~0 );
   757                        ;        }
   758                        ;        #endif
   759                        ;    }
   760                        ;    else
   761 00:00E3: 80 0D        	bra	L18
   762                        L10045:
   763                        ;    {
   764                        ;        /* The structure and buffer were not allocated dynamically and cannot be
   765                        ;         * freed - just scrub the structure so future use will assert. */
   766                        ;        ( void ) memset( pxStreamBuffer, 0x00, sizeof( StreamBuffer_t ) );
   767 00:00E5: F4 17 00     	pea	#<$17
   768 00:00E8: F4 00 00     	pea	#<$0
   769 00:00EB: D4 07        	pei	<L15+pxStreamBuffer_1+2
   770 00:00ED: D4 05        	pei	<L15+pxStreamBuffer_1
   771 00:00EF: 20 xx xx     	jsr	_~memset
   772                        ;    }
   773                        ;
   774                        ;    traceRETURN_vStreamBufferDelete();
   775                        ;}
   776                        L18:
   777 00:00F2: A5 09        	lda	<L14+1
   778 00:00F4: 85 0D        	sta	<L14+1+4
   779 00:00F6: 2B           	pld
   780 00:00F7: 3B           	tsc
   781 00:00F8: 18           	clc
   782 00:00F9: 69 0C 00     	adc	#L14+4
   783 00:00FC: 1B           	tcs
   784 00:00FD: 60           	rts
   785             00000008   L14	equ	8
   786             00000005   L15	equ	5
   787                        	ends
   788                        	efunc
   789                        ;/*-----------------------------------------------------------*/
   790                        ;
   791                        ;BaseType_t xStreamBufferReset( StreamBufferHandle_t xStreamBuffer )
   792                        ;{
   793                        	code
   794                        	xdef	_~xStreamBufferReset
   795                        	func
   796                        _~xStreamBufferReset:
   797                        	longa	on
   798                        	longi	on
   799 00:00FE: 3B           	tsc
   800 00:00FF: 38           	sec
   801 00:0100: E9 0A 00     	sbc	#L19
   802 00:0103: 1B           	tcs
   803 00:0104: 0B           	phd
   804 00:0105: 5B           	tcd
   805             00000003   xStreamBuffer_0	set	3
   806                        ;    StreamBuffer_t * const pxStreamBuffer = xStreamBuffer;
  Tue Sep 15 2026 17:44                                                                                                    Page 16


   807                        ;    BaseType_t xReturn = pdFAIL;
   808                        ;    StreamBufferCallbackFunction_t pxSendCallback;
   809                        ;	StreamBufferCallbackFunction_t pxReceiveCallback;
   810                        ;	
   811                        ;	
   812                        ;	pxSendCallback = (StreamBufferCallbackFunction_t)0;
   813             00000000   pxStreamBuffer_1	set	0
   814             00000004   xReturn_1	set	4
   815             00000006   pxSendCallback_1	set	6
   816             00000008   pxReceiveCallback_1	set	8
   817 00:0106: A5 0D        	lda	<L19+xStreamBuffer_0
   818 00:0108: 85 01        	sta	<L20+pxStreamBuffer_1
   819 00:010A: A5 0F        	lda	<L19+xStreamBuffer_0+2
   820 00:010C: 85 03        	sta	<L20+pxStreamBuffer_1+2
   821 00:010E: 64 05        	stz	<L20+xReturn_1
   822 00:0110: 64 07        	stz	<L20+pxSendCallback_1
   823                        ;	pxReceiveCallback = (StreamBufferCallbackFunction_t)0;
   824 00:0112: 64 09        	stz	<L20+pxReceiveCallback_1
   825                        ;	
   826                        ;    #if ( configUSE_TRACE_FACILITY == 1 )
   827                        ;        UBaseType_t uxStreamBufferNumber;
   828                        ;    #endif
   829                        ;
   830                        ;    traceENTER_xStreamBufferReset( xStreamBuffer );
   831                        ;
   832                        ;    configASSERT( pxStreamBuffer );
   833 00:0114: A5 01        	lda	<L20+pxStreamBuffer_1
   834 00:0116: 05 03        	ora	<L20+pxStreamBuffer_1+2
   835 00:0118: D0 02        	bne	L10055
   836                        L10051:
   837 00:011A: 80 FE        	bra	L10051
   838                        ;
   839                        ;    #if ( configUSE_TRACE_FACILITY == 1 )
   840                        ;    {
   841                        ;        /* Store the stream buffer number so it can be restored after the
   842                        ;         * reset. */
   843                        ;        uxStreamBufferNumber = pxStreamBuffer->uxStreamBufferNumber;
   844                        ;    }
   845                        ;    #endif
   846                        ;
   847                        ;    /* Can only reset a message buffer if there are no tasks blocked on it. */
   848                        ;    taskENTER_CRITICAL();
   849                        L10055:
   850                        ;    {
   851                        ;        if( ( pxStreamBuffer->xTaskWaitingToReceive == NULL ) && ( pxStreamBuffer->xTaskWaitingToSend
                     == NULL ) )
   852                        ;        {
   853 00:011C: A0 08 00     	ldy	#$8
   854 00:011F: B7 01        	lda	[<L20+pxStreamBuffer_1],Y
   855 00:0121: C8           	iny
   856 00:0122: C8           	iny
   857 00:0123: 17 01        	ora	[<L20+pxStreamBuffer_1],Y
   858 00:0125: D0 36        	bne	L10059
   859 00:0127: C8           	iny
   860 00:0128: C8           	iny
   861 00:0129: B7 01        	lda	[<L20+pxStreamBuffer_1],Y
   862 00:012B: C8           	iny
   863 00:012C: C8           	iny
  Tue Sep 15 2026 17:44                                                                                                    Page 17


   864 00:012D: 17 01        	ora	[<L20+pxStreamBuffer_1],Y
   865 00:012F: D0 2C        	bne	L10059
   866                        ;            #if ( configUSE_SB_COMPLETED_CALLBACK == 1 )
   867                        ;            {
   868                        ;                pxSendCallback = pxStreamBuffer->pxSendCompletedCallback;
   869                        ;                pxReceiveCallback = pxStreamBuffer->pxReceiveCompletedCallback;
   870                        ;            }
   871                        ;            #endif
   872                        ;
   873                        ;            prvInitialiseNewStreamBuffer( pxStreamBuffer,
   874                        ;                                          pxStreamBuffer->pucBuffer,
   875                        ;                                          pxStreamBuffer->xLength,
   876                        ;                                          pxStreamBuffer->xTriggerLevelBytes,
   877                        ;                                          pxStreamBuffer->ucFlags,
   878                        ;                                          pxSendCallback,
   879                        ;                                          pxReceiveCallback );
   880 00:0131: D4 09        	pei	<L20+pxReceiveCallback_1
   881 00:0133: D4 07        	pei	<L20+pxSendCallback_1
   882 00:0135: A0 14 00     	ldy	#$14
   883 00:0138: B7 01        	lda	[<L20+pxStreamBuffer_1],Y
   884 00:013A: 48           	pha
   885 00:013B: A0 06 00     	ldy	#$6
   886 00:013E: B7 01        	lda	[<L20+pxStreamBuffer_1],Y
   887 00:0140: 48           	pha
   888 00:0141: 88           	dey
   889 00:0142: 88           	dey
   890 00:0143: B7 01        	lda	[<L20+pxStreamBuffer_1],Y
   891 00:0145: 48           	pha
   892 00:0146: A0 12 00     	ldy	#$12
   893 00:0149: B7 01        	lda	[<L20+pxStreamBuffer_1],Y
   894 00:014B: 48           	pha
   895 00:014C: 88           	dey
   896 00:014D: 88           	dey
   897 00:014E: B7 01        	lda	[<L20+pxStreamBuffer_1],Y
   898 00:0150: 48           	pha
   899 00:0151: D4 03        	pei	<L20+pxStreamBuffer_1+2
   900 00:0153: D4 01        	pei	<L20+pxStreamBuffer_1
   901 00:0155: 20 xx xx     	jsr	_~prvInitialiseNewStreamBuffer
   902                        ;
   903                        ;            #if ( configUSE_TRACE_FACILITY == 1 )
   904                        ;            {
   905                        ;                pxStreamBuffer->uxStreamBufferNumber = uxStreamBufferNumber;
   906                        ;            }
   907                        ;            #endif
   908                        ;
   909                        ;            traceSTREAM_BUFFER_RESET( xStreamBuffer );
   910                        ;
   911                        ;            xReturn = pdPASS;
   912 00:0158: A9 01 00     	lda	#$1
   913 00:015B: 85 05        	sta	<L20+xReturn_1
   914                        ;        }
   915                        ;    }
   916                        ;    taskEXIT_CRITICAL();
   917                        L10059:
   918                        ;
   919                        ;    traceRETURN_xStreamBufferReset( xReturn );
   920                        ;
   921                        ;    return xReturn;
  Tue Sep 15 2026 17:44                                                                                                    Page 18


   922 00:015D: A5 05        	lda	<L20+xReturn_1
   923 00:015F: A8           	tay
   924 00:0160: A5 0B        	lda	<L19+1
   925 00:0162: 85 0F        	sta	<L19+1+4
   926 00:0164: 2B           	pld
   927 00:0165: 3B           	tsc
   928 00:0166: 18           	clc
   929 00:0167: 69 0E 00     	adc	#L19+4
   930 00:016A: 1B           	tcs
   931 00:016B: 98           	tya
   932 00:016C: 60           	rts
   933                        ;}
   934             0000000A   L19	equ	10
   935             00000001   L20	equ	1
   936                        	ends
   937                        	efunc
   938                        ;/*-----------------------------------------------------------*/
   939                        ;
   940                        ;BaseType_t xStreamBufferResetFromISR( StreamBufferHandle_t xStreamBuffer )
   941                        ;{
   942                        	code
   943                        	xdef	_~xStreamBufferResetFromISR
   944                        	func
   945                        _~xStreamBufferResetFromISR:
   946                        	longa	on
   947                        	longi	on
   948 00:016D: 3B           	tsc
   949 00:016E: 38           	sec
   950 00:016F: E9 0C 00     	sbc	#L25
   951 00:0172: 1B           	tcs
   952 00:0173: 0B           	phd
   953 00:0174: 5B           	tcd
   954             00000003   xStreamBuffer_0	set	3
   955                        ;    StreamBuffer_t * const pxStreamBuffer = xStreamBuffer;
   956                        ;    BaseType_t xReturn = pdFAIL;
   957                        ;//    StreamBufferCallbackFunction_t pxSendCallback = NULL, pxReceiveCallback = NULL;
   958                        ;    StreamBufferCallbackFunction_t pxSendCallback = 0, pxReceiveCallback = 0;
   959                        ;    UBaseType_t uxSavedInterruptStatus;
   960                        ;
   961                        ;    #if ( configUSE_TRACE_FACILITY == 1 )
   962                        ;        UBaseType_t uxStreamBufferNumber;
   963                        ;    #endif
   964                        ;
   965                        ;    traceENTER_xStreamBufferResetFromISR( xStreamBuffer );
   966             00000000   pxStreamBuffer_1	set	0
   967             00000004   xReturn_1	set	4
   968             00000006   pxSendCallback_1	set	6
   969             00000008   pxReceiveCallback_1	set	8
   970             0000000A   uxSavedInterruptStatus_1	set	10
   971 00:0175: A5 0F        	lda	<L25+xStreamBuffer_0
   972 00:0177: 85 01        	sta	<L26+pxStreamBuffer_1
   973 00:0179: A5 11        	lda	<L25+xStreamBuffer_0+2
   974 00:017B: 85 03        	sta	<L26+pxStreamBuffer_1+2
   975 00:017D: 64 05        	stz	<L26+xReturn_1
   976 00:017F: 64 07        	stz	<L26+pxSendCallback_1
   977 00:0181: 64 09        	stz	<L26+pxReceiveCallback_1
   978                        ;
   979                        ;    configASSERT( pxStreamBuffer );
  Tue Sep 15 2026 17:44                                                                                                    Page 19


   980 00:0183: A5 01        	lda	<L26+pxStreamBuffer_1
   981 00:0185: 05 03        	ora	<L26+pxStreamBuffer_1+2
   982 00:0187: D0 02        	bne	L10061
   983                        L10065:
   984 00:0189: 80 FE        	bra	L10065
   985                        L10061:
   986                        ;
   987                        ;    #if ( configUSE_TRACE_FACILITY == 1 )
   988                        ;    {
   989                        ;        /* Store the stream buffer number so it can be restored after the
   990                        ;         * reset. */
   991                        ;        uxStreamBufferNumber = pxStreamBuffer->uxStreamBufferNumber;
   992                        ;    }
   993                        ;    #endif
   994                        ;
   995                        ;    /* Can only reset a message buffer if there are no tasks blocked on it. */
   996                        ;    /* MISRA Ref 4.7.1 [Return value shall be checked] */
   997                        ;    /* More details at: https://github.com/FreeRTOS/FreeRTOS-Kernel/blob/main/MISRA.md#dir-47 */
   998                        ;    /* coverity[misra_c_2012_directive_4_7_violation] */
   999                        ;    uxSavedInterruptStatus = taskENTER_CRITICAL_FROM_ISR();
  1000 00:018B: 64 0B        	stz	<L26+uxSavedInterruptStatus_1
  1001                        ;    {
  1002                        ;        if( ( pxStreamBuffer->xTaskWaitingToReceive == NULL ) && ( pxStreamBuffer->xTaskWaitingToSend
                     == NULL ) )
  1003                        ;        {
  1004 00:018D: A0 08 00     	ldy	#$8
  1005 00:0190: B7 01        	lda	[<L26+pxStreamBuffer_1],Y
  1006 00:0192: C8           	iny
  1007 00:0193: C8           	iny
  1008 00:0194: 17 01        	ora	[<L26+pxStreamBuffer_1],Y
  1009 00:0196: D0 36        	bne	L10068
  1010 00:0198: C8           	iny
  1011 00:0199: C8           	iny
  1012 00:019A: B7 01        	lda	[<L26+pxStreamBuffer_1],Y
  1013 00:019C: C8           	iny
  1014 00:019D: C8           	iny
  1015 00:019E: 17 01        	ora	[<L26+pxStreamBuffer_1],Y
  1016 00:01A0: D0 2C        	bne	L10068
  1017                        ;            #if ( configUSE_SB_COMPLETED_CALLBACK == 1 )
  1018                        ;            {
  1019                        ;                pxSendCallback = pxStreamBuffer->pxSendCompletedCallback;
  1020                        ;                pxReceiveCallback = pxStreamBuffer->pxReceiveCompletedCallback;
  1021                        ;            }
  1022                        ;            #endif
  1023                        ;
  1024                        ;            prvInitialiseNewStreamBuffer( pxStreamBuffer,
  1025                        ;                                          pxStreamBuffer->pucBuffer,
  1026                        ;                                          pxStreamBuffer->xLength,
  1027                        ;                                          pxStreamBuffer->xTriggerLevelBytes,
  1028                        ;                                          pxStreamBuffer->ucFlags,
  1029                        ;                                          pxSendCallback,
  1030                        ;                                          pxReceiveCallback );
  1031 00:01A2: D4 09        	pei	<L26+pxReceiveCallback_1
  1032 00:01A4: D4 07        	pei	<L26+pxSendCallback_1
  1033 00:01A6: A0 14 00     	ldy	#$14
  1034 00:01A9: B7 01        	lda	[<L26+pxStreamBuffer_1],Y
  1035 00:01AB: 48           	pha
  1036 00:01AC: A0 06 00     	ldy	#$6
  Tue Sep 15 2026 17:44                                                                                                    Page 20


  1037 00:01AF: B7 01        	lda	[<L26+pxStreamBuffer_1],Y
  1038 00:01B1: 48           	pha
  1039 00:01B2: 88           	dey
  1040 00:01B3: 88           	dey
  1041 00:01B4: B7 01        	lda	[<L26+pxStreamBuffer_1],Y
  1042 00:01B6: 48           	pha
  1043 00:01B7: A0 12 00     	ldy	#$12
  1044 00:01BA: B7 01        	lda	[<L26+pxStreamBuffer_1],Y
  1045 00:01BC: 48           	pha
  1046 00:01BD: 88           	dey
  1047 00:01BE: 88           	dey
  1048 00:01BF: B7 01        	lda	[<L26+pxStreamBuffer_1],Y
  1049 00:01C1: 48           	pha
  1050 00:01C2: D4 03        	pei	<L26+pxStreamBuffer_1+2
  1051 00:01C4: D4 01        	pei	<L26+pxStreamBuffer_1
  1052 00:01C6: 20 xx xx     	jsr	_~prvInitialiseNewStreamBuffer
  1053                        ;
  1054                        ;            #if ( configUSE_TRACE_FACILITY == 1 )
  1055                        ;            {
  1056                        ;                pxStreamBuffer->uxStreamBufferNumber = uxStreamBufferNumber;
  1057                        ;            }
  1058                        ;            #endif
  1059                        ;
  1060                        ;            traceSTREAM_BUFFER_RESET_FROM_ISR( xStreamBuffer );
  1061                        ;
  1062                        ;            xReturn = pdPASS;
  1063 00:01C9: A9 01 00     	lda	#$1
  1064 00:01CC: 85 05        	sta	<L26+xReturn_1
  1065                        ;        }
  1066                        ;    }
  1067                        L10068:
  1068                        ;    taskEXIT_CRITICAL_FROM_ISR( uxSavedInterruptStatus );
  1069                        ;
  1070                        ;    traceRETURN_xStreamBufferResetFromISR( xReturn );
  1071                        ;
  1072                        ;    return xReturn;
  1073 00:01CE: A5 05        	lda	<L26+xReturn_1
  1074 00:01D0: A8           	tay
  1075 00:01D1: A5 0D        	lda	<L25+1
  1076 00:01D3: 85 11        	sta	<L25+1+4
  1077 00:01D5: 2B           	pld
  1078 00:01D6: 3B           	tsc
  1079 00:01D7: 18           	clc
  1080 00:01D8: 69 10 00     	adc	#L25+4
  1081 00:01DB: 1B           	tcs
  1082 00:01DC: 98           	tya
  1083 00:01DD: 60           	rts
  1084                        ;}
  1085             0000000C   L25	equ	12
  1086             00000001   L26	equ	1
  1087                        	ends
  1088                        	efunc
  1089                        ;/*-----------------------------------------------------------*/
  1090                        ;
  1091                        ;BaseType_t xStreamBufferSetTriggerLevel( StreamBufferHandle_t xStreamBuffer,
  1092                        ;                                         size_t xTriggerLevel )
  1093                        ;{
  1094                        	code
  Tue Sep 15 2026 17:44                                                                                                    Page 21


  1095                        	xdef	_~xStreamBufferSetTriggerLevel
  1096                        	func
  1097                        _~xStreamBufferSetTriggerLevel:
  1098                        	longa	on
  1099                        	longi	on
  1100 00:01DE: 3B           	tsc
  1101 00:01DF: 38           	sec
  1102 00:01E0: E9 06 00     	sbc	#L31
  1103 00:01E3: 1B           	tcs
  1104 00:01E4: 0B           	phd
  1105 00:01E5: 5B           	tcd
  1106             00000003   xStreamBuffer_0	set	3
  1107             00000007   xTriggerLevel_0	set	7
  1108                        ;    StreamBuffer_t * const pxStreamBuffer = xStreamBuffer;
  1109                        ;    BaseType_t xReturn;
  1110                        ;
  1111                        ;    traceENTER_xStreamBufferSetTriggerLevel( xStreamBuffer, xTriggerLevel );
  1112             00000000   pxStreamBuffer_1	set	0
  1113             00000004   xReturn_1	set	4
  1114 00:01E6: A5 09        	lda	<L31+xStreamBuffer_0
  1115 00:01E8: 85 01        	sta	<L32+pxStreamBuffer_1
  1116 00:01EA: A5 0B        	lda	<L31+xStreamBuffer_0+2
  1117 00:01EC: 85 03        	sta	<L32+pxStreamBuffer_1+2
  1118                        ;
  1119                        ;    configASSERT( pxStreamBuffer );
  1120 00:01EE: A5 01        	lda	<L32+pxStreamBuffer_1
  1121 00:01F0: 05 03        	ora	<L32+pxStreamBuffer_1+2
  1122 00:01F2: D0 02        	bne	L10069
  1123                        L10073:
  1124 00:01F4: 80 FE        	bra	L10073
  1125                        L10069:
  1126                        ;
  1127                        ;    /* It is not valid for the trigger level to be 0. */
  1128                        ;    if( xTriggerLevel == ( size_t ) 0 )
  1129                        ;    {
  1130 00:01F6: A5 0D        	lda	<L31+xTriggerLevel_0
  1131 00:01F8: D0 05        	bne	L10076
  1132                        ;        xTriggerLevel = ( size_t ) 1;
  1133 00:01FA: A9 01 00     	lda	#$1
  1134 00:01FD: 85 0D        	sta	<L31+xTriggerLevel_0
  1135                        ;    }
  1136                        ;
  1137                        ;    /* The trigger level is the number of bytes that must be in the stream
  1138                        ;     * buffer before a task that is waiting for data is unblocked. */
  1139                        ;    if( xTriggerLevel < pxStreamBuffer->xLength )
  1140                        L10076:
  1141                        ;    {
  1142 00:01FF: A5 0D        	lda	<L31+xTriggerLevel_0
  1143 00:0201: A0 04 00     	ldy	#$4
  1144 00:0204: D7 01        	cmp	[<L32+pxStreamBuffer_1],Y
  1145 00:0206: B0 0D        	bcs	L10077
  1146                        ;        pxStreamBuffer->xTriggerLevelBytes = xTriggerLevel;
  1147 00:0208: A5 0D        	lda	<L31+xTriggerLevel_0
  1148 00:020A: C8           	iny
  1149 00:020B: C8           	iny
  1150 00:020C: 97 01        	sta	[<L32+pxStreamBuffer_1],Y
  1151                        ;        xReturn = pdPASS;
  1152 00:020E: A9 01 00     	lda	#$1
  Tue Sep 15 2026 17:44                                                                                                    Page 22


  1153 00:0211: 85 05        	sta	<L32+xReturn_1
  1154                        ;    }
  1155                        ;    else
  1156 00:0213: 80 02        	bra	L10078
  1157                        L10077:
  1158                        ;    {
  1159                        ;        xReturn = pdFALSE;
  1160 00:0215: 64 05        	stz	<L32+xReturn_1
  1161                        ;    }
  1162                        L10078:
  1163                        ;
  1164                        ;    traceRETURN_xStreamBufferSetTriggerLevel( xReturn );
  1165                        ;
  1166                        ;    return xReturn;
  1167 00:0217: A5 05        	lda	<L32+xReturn_1
  1168 00:0219: A8           	tay
  1169 00:021A: A5 07        	lda	<L31+1
  1170 00:021C: 85 0D        	sta	<L31+1+6
  1171 00:021E: 2B           	pld
  1172 00:021F: 3B           	tsc
  1173 00:0220: 18           	clc
  1174 00:0221: 69 0C 00     	adc	#L31+6
  1175 00:0224: 1B           	tcs
  1176 00:0225: 98           	tya
  1177 00:0226: 60           	rts
  1178                        ;}
  1179             00000006   L31	equ	6
  1180             00000001   L32	equ	1
  1181                        	ends
  1182                        	efunc
  1183                        ;/*-----------------------------------------------------------*/
  1184                        ;
  1185                        ;size_t xStreamBufferSpacesAvailable( StreamBufferHandle_t xStreamBuffer )
  1186                        ;{
  1187                        	code
  1188                        	xdef	_~xStreamBufferSpacesAvailable
  1189                        	func
  1190                        _~xStreamBufferSpacesAvailable:
  1191                        	longa	on
  1192                        	longi	on
  1193 00:0227: 3B           	tsc
  1194 00:0228: 38           	sec
  1195 00:0229: E9 08 00     	sbc	#L37
  1196 00:022C: 1B           	tcs
  1197 00:022D: 0B           	phd
  1198 00:022E: 5B           	tcd
  1199             00000003   xStreamBuffer_0	set	3
  1200                        ;    const StreamBuffer_t * const pxStreamBuffer = xStreamBuffer;
  1201                        ;    size_t xSpace;
  1202                        ;    size_t xOriginalTail;
  1203                        ;
  1204                        ;    traceENTER_xStreamBufferSpacesAvailable( xStreamBuffer );
  1205             00000000   pxStreamBuffer_1	set	0
  1206             00000004   xSpace_1	set	4
  1207             00000006   xOriginalTail_1	set	6
  1208 00:022F: A5 0B        	lda	<L37+xStreamBuffer_0
  1209 00:0231: 85 01        	sta	<L38+pxStreamBuffer_1
  1210 00:0233: A5 0D        	lda	<L37+xStreamBuffer_0+2
  Tue Sep 15 2026 17:44                                                                                                    Page 23


  1211 00:0235: 85 03        	sta	<L38+pxStreamBuffer_1+2
  1212                        ;
  1213                        ;    configASSERT( pxStreamBuffer );
  1214 00:0237: A5 01        	lda	<L38+pxStreamBuffer_1
  1215 00:0239: 05 03        	ora	<L38+pxStreamBuffer_1+2
  1216 00:023B: D0 02        	bne	L10088
  1217                        L10083:
  1218 00:023D: 80 FE        	bra	L10083
  1219                        ;
  1220                        ;    /* The code below reads xTail and then xHead.  This is safe if the stream
  1221                        ;     * buffer is updated once between the two reads - but not if the stream buffer
  1222                        ;     * is updated more than once between the two reads - hence the loop. */
  1223                        ;    do
  1224                        L10088:
  1225                        ;    {
  1226                        ;        xOriginalTail = pxStreamBuffer->xTail;
  1227 00:023F: A7 01        	lda	[<L38+pxStreamBuffer_1]
  1228 00:0241: 85 07        	sta	<L38+xOriginalTail_1
  1229                        ;        xSpace = pxStreamBuffer->xLength + pxStreamBuffer->xTail;
  1230 00:0243: 18           	clc
  1231 00:0244: A0 04 00     	ldy	#$4
  1232 00:0247: B7 01        	lda	[<L38+pxStreamBuffer_1],Y
  1233 00:0249: 67 01        	adc	[<L38+pxStreamBuffer_1]
  1234 00:024B: 85 05        	sta	<L38+xSpace_1
  1235                        ;        xSpace -= pxStreamBuffer->xHead;
  1236 00:024D: 38           	sec
  1237 00:024E: 88           	dey
  1238 00:024F: 88           	dey
  1239 00:0250: F7 01        	sbc	[<L38+pxStreamBuffer_1],Y
  1240 00:0252: 85 05        	sta	<L38+xSpace_1
  1241                        ;    } while( xOriginalTail != pxStreamBuffer->xTail );
  1242 00:0254: A5 07        	lda	<L38+xOriginalTail_1
  1243 00:0256: C7 01        	cmp	[<L38+pxStreamBuffer_1]
  1244 00:0258: D0 E5        	bne	L10088
  1245                        ;
  1246                        ;    xSpace -= ( size_t ) 1;
  1247 00:025A: C6 05        	dec	<L38+xSpace_1
  1248                        ;
  1249                        ;    if( xSpace >= pxStreamBuffer->xLength )
  1250                        ;    {
  1251 00:025C: A5 05        	lda	<L38+xSpace_1
  1252 00:025E: C8           	iny
  1253 00:025F: C8           	iny
  1254 00:0260: D7 01        	cmp	[<L38+pxStreamBuffer_1],Y
  1255 00:0262: 90 07        	bcc	L10090
  1256                        ;        xSpace -= pxStreamBuffer->xLength;
  1257 00:0264: 38           	sec
  1258 00:0265: A5 05        	lda	<L38+xSpace_1
  1259 00:0267: F7 01        	sbc	[<L38+pxStreamBuffer_1],Y
  1260 00:0269: 85 05        	sta	<L38+xSpace_1
  1261                        ;    }
  1262                        ;    else
  1263                        ;    {
  1264                        ;        mtCOVERAGE_TEST_MARKER();
  1265                        ;    }
  1266                        L10090:
  1267                        ;
  1268                        ;    traceRETURN_xStreamBufferSpacesAvailable( xSpace );
  Tue Sep 15 2026 17:44                                                                                                    Page 24


  1269                        ;
  1270                        ;    return xSpace;
  1271 00:026B: A5 05        	lda	<L38+xSpace_1
  1272 00:026D: A8           	tay
  1273 00:026E: A5 09        	lda	<L37+1
  1274 00:0270: 85 0D        	sta	<L37+1+4
  1275 00:0272: 2B           	pld
  1276 00:0273: 3B           	tsc
  1277 00:0274: 18           	clc
  1278 00:0275: 69 0C 00     	adc	#L37+4
  1279 00:0278: 1B           	tcs
  1280 00:0279: 98           	tya
  1281 00:027A: 60           	rts
  1282                        ;}
  1283             00000008   L37	equ	8
  1284             00000001   L38	equ	1
  1285                        	ends
  1286                        	efunc
  1287                        ;/*-----------------------------------------------------------*/
  1288                        ;
  1289                        ;size_t xStreamBufferBytesAvailable( StreamBufferHandle_t xStreamBuffer )
  1290                        ;{
  1291                        	code
  1292                        	xdef	_~xStreamBufferBytesAvailable
  1293                        	func
  1294                        _~xStreamBufferBytesAvailable:
  1295                        	longa	on
  1296                        	longi	on
  1297 00:027B: 3B           	tsc
  1298 00:027C: 38           	sec
  1299 00:027D: E9 06 00     	sbc	#L43
  1300 00:0280: 1B           	tcs
  1301 00:0281: 0B           	phd
  1302 00:0282: 5B           	tcd
  1303             00000003   xStreamBuffer_0	set	3
  1304                        ;    const StreamBuffer_t * const pxStreamBuffer = xStreamBuffer;
  1305                        ;    size_t xReturn;
  1306                        ;
  1307                        ;    traceENTER_xStreamBufferBytesAvailable( xStreamBuffer );
  1308             00000000   pxStreamBuffer_1	set	0
  1309             00000004   xReturn_1	set	4
  1310 00:0283: A5 09        	lda	<L43+xStreamBuffer_0
  1311 00:0285: 85 01        	sta	<L44+pxStreamBuffer_1
  1312 00:0287: A5 0B        	lda	<L43+xStreamBuffer_0+2
  1313 00:0289: 85 03        	sta	<L44+pxStreamBuffer_1+2
  1314                        ;
  1315                        ;    configASSERT( pxStreamBuffer );
  1316 00:028B: A5 01        	lda	<L44+pxStreamBuffer_1
  1317 00:028D: 05 03        	ora	<L44+pxStreamBuffer_1+2
  1318 00:028F: D0 02        	bne	L10091
  1319                        L10095:
  1320 00:0291: 80 FE        	bra	L10095
  1321                        L10091:
  1322                        ;
  1323                        ;    xReturn = prvBytesInBuffer( pxStreamBuffer );
  1324 00:0293: D4 03        	pei	<L44+pxStreamBuffer_1+2
  1325 00:0295: D4 01        	pei	<L44+pxStreamBuffer_1
  1326 00:0297: 20 xx xx     	jsr	_~prvBytesInBuffer
  Tue Sep 15 2026 17:44                                                                                                    Page 25


  1327 00:029A: 85 05        	sta	<L44+xReturn_1
  1328                        ;
  1329                        ;    traceRETURN_xStreamBufferBytesAvailable( xReturn );
  1330                        ;
  1331                        ;    return xReturn;
  1332 00:029C: A8           	tay
  1333 00:029D: A5 07        	lda	<L43+1
  1334 00:029F: 85 0B        	sta	<L43+1+4
  1335 00:02A1: 2B           	pld
  1336 00:02A2: 3B           	tsc
  1337 00:02A3: 18           	clc
  1338 00:02A4: 69 0A 00     	adc	#L43+4
  1339 00:02A7: 1B           	tcs
  1340 00:02A8: 98           	tya
  1341 00:02A9: 60           	rts
  1342                        ;}
  1343             00000006   L43	equ	6
  1344             00000001   L44	equ	1
  1345                        	ends
  1346                        	efunc
  1347                        ;/*-----------------------------------------------------------*/
  1348                        ;
  1349                        ;size_t xStreamBufferSend( StreamBufferHandle_t xStreamBuffer,
  1350                        ;                          const void * pvTxData,
  1351                        ;                          size_t xDataLengthBytes,
  1352                        ;                          TickType_t xTicksToWait )
  1353                        ;{
  1354                        	code
  1355                        	xdef	_~xStreamBufferSend
  1356                        	func
  1357                        _~xStreamBufferSend:
  1358                        	longa	on
  1359                        	longi	on
  1360 00:02AA: 3B           	tsc
  1361 00:02AB: 38           	sec
  1362 00:02AC: E9 16 00     	sbc	#L47
  1363 00:02AF: 1B           	tcs
  1364 00:02B0: 0B           	phd
  1365 00:02B1: 5B           	tcd
  1366             00000003   xStreamBuffer_0	set	3
  1367             00000007   pvTxData_0	set	7
  1368             0000000B   xDataLengthBytes_0	set	11
  1369             0000000D   xTicksToWait_0	set	13
  1370                        ;    StreamBuffer_t * const pxStreamBuffer = xStreamBuffer;
  1371                        ;    size_t xReturn, xSpace = 0;
  1372                        ;    size_t xRequiredSpace = xDataLengthBytes;
  1373                        ;    TimeOut_t xTimeOut;
  1374                        ;    size_t xMaxReportedSpace = 0;
  1375                        ;
  1376                        ;    traceENTER_xStreamBufferSend( xStreamBuffer, pvTxData, xDataLengthBytes, xTicksToWait );
  1377             00000000   pxStreamBuffer_1	set	0
  1378             00000004   xReturn_1	set	4
  1379             00000006   xSpace_1	set	6
  1380             00000008   xRequiredSpace_1	set	8
  1381             0000000A   xTimeOut_1	set	10
  1382             00000010   xMaxReportedSpace_1	set	16
  1383 00:02B2: A5 19        	lda	<L47+xStreamBuffer_0
  1384 00:02B4: 85 05        	sta	<L48+pxStreamBuffer_1
  Tue Sep 15 2026 17:44                                                                                                    Page 26


  1385 00:02B6: A5 1B        	lda	<L47+xStreamBuffer_0+2
  1386 00:02B8: 85 07        	sta	<L48+pxStreamBuffer_1+2
  1387 00:02BA: 64 0B        	stz	<L48+xSpace_1
  1388 00:02BC: A5 21        	lda	<L47+xDataLengthBytes_0
  1389 00:02BE: 85 0D        	sta	<L48+xRequiredSpace_1
  1390 00:02C0: 64 15        	stz	<L48+xMaxReportedSpace_1
  1391                        ;
  1392                        ;    configASSERT( pvTxData );
  1393 00:02C2: A5 1D        	lda	<L47+pvTxData_0
  1394 00:02C4: 05 1F        	ora	<L47+pvTxData_0+2
  1395 00:02C6: D0 02        	bne	L10098
  1396                        L10102:
  1397 00:02C8: 80 FE        	bra	L10102
  1398                        L10098:
  1399                        ;    configASSERT( pxStreamBuffer );
  1400 00:02CA: A5 05        	lda	<L48+pxStreamBuffer_1
  1401 00:02CC: 05 07        	ora	<L48+pxStreamBuffer_1+2
  1402 00:02CE: D0 02        	bne	L10105
  1403                        L10109:
  1404 00:02D0: 80 FE        	bra	L10109
  1405                        L10105:
  1406                        ;
  1407                        ;    /* The maximum amount of space a stream buffer will ever report is its length
  1408                        ;     * minus 1. */
  1409                        ;    xMaxReportedSpace = pxStreamBuffer->xLength - ( size_t ) 1;
  1410 00:02D2: 18           	clc
  1411 00:02D3: A9 FF FF     	lda	#$ffff
  1412 00:02D6: A0 04 00     	ldy	#$4
  1413 00:02D9: 77 05        	adc	[<L48+pxStreamBuffer_1],Y
  1414 00:02DB: 85 15        	sta	<L48+xMaxReportedSpace_1
  1415                        ;
  1416                        ;    /* This send function is used to write to both message buffers and stream
  1417                        ;     * buffers.  If this is a message buffer then the space needed must be
  1418                        ;     * increased by the amount of bytes needed to store the length of the
  1419                        ;     * message. */
  1420                        ;    if( ( pxStreamBuffer->ucFlags & sbFLAGS_IS_MESSAGE_BUFFER ) != ( uint8_t ) 0 )
  1421                        ;    {
  1422 00:02DD: E2 20        	sep	#$20
  1423                        	longa	off
  1424 00:02DF: A0 14 00     	ldy	#$14
  1425 00:02E2: B7 05        	lda	[<L48+pxStreamBuffer_1],Y
  1426 00:02E4: 29 01        	and	#<$1
  1427 00:02E6: C2 20        	rep	#$20
  1428                        	longa	on
  1429 00:02E8: F0 18        	beq	L10112
  1430                        ;        xRequiredSpace += sbBYTES_TO_STORE_MESSAGE_LENGTH;
  1431 00:02EA: E6 0D        	inc	<L48+xRequiredSpace_1
  1432 00:02EC: E6 0D        	inc	<L48+xRequiredSpace_1
  1433                        ;
  1434                        ;        /* Overflow? */
  1435                        ;        configASSERT( xRequiredSpace > xDataLengthBytes );
  1436 00:02EE: A5 21        	lda	<L47+xDataLengthBytes_0
  1437 00:02F0: C5 0D        	cmp	<L48+xRequiredSpace_1
  1438 00:02F2: 90 02        	bcc	L10113
  1439                        L10117:
  1440 00:02F4: 80 FE        	bra	L10117
  1441                        L10113:
  1442                        ;
  Tue Sep 15 2026 17:44                                                                                                    Page 27


  1443                        ;        /* If this is a message buffer then it must be possible to write the
  1444                        ;         * whole message. */
  1445                        ;        if( xRequiredSpace > xMaxReportedSpace )
  1446                        ;        {
  1447 00:02F6: A5 15        	lda	<L48+xMaxReportedSpace_1
  1448 00:02F8: C5 0D        	cmp	<L48+xRequiredSpace_1
  1449 00:02FA: B0 10        	bcs	L10122
  1450                        ;            /* The message would not fit even if the entire buffer was empty,
  1451                        ;             * so don't wait for space. */
  1452                        ;            xTicksToWait = ( TickType_t ) 0;
  1453 00:02FC: 64 23        	stz	<L47+xTicksToWait_0
  1454 00:02FE: 64 25        	stz	<L47+xTicksToWait_0+2
  1455                        ;        }
  1456                        ;        else
  1457 00:0300: 80 0A        	bra	L10122
  1458                        ;        {
  1459                        ;            mtCOVERAGE_TEST_MARKER();
  1460                        ;        }
  1461                        ;    }
  1462                        ;    else
  1463                        L10112:
  1464                        ;    {
  1465                        ;        /* If this is a stream buffer then it is acceptable to write only part
  1466                        ;         * of the message to the buffer.  Cap the length to the total length of
  1467                        ;         * the buffer. */
  1468                        ;        if( xRequiredSpace > xMaxReportedSpace )
  1469                        ;        {
  1470 00:0302: A5 15        	lda	<L48+xMaxReportedSpace_1
  1471 00:0304: C5 0D        	cmp	<L48+xRequiredSpace_1
  1472 00:0306: B0 04        	bcs	L10122
  1473                        ;            xRequiredSpace = xMaxReportedSpace;
  1474 00:0308: A5 15        	lda	<L48+xMaxReportedSpace_1
  1475 00:030A: 85 0D        	sta	<L48+xRequiredSpace_1
  1476                        ;        }
  1477                        ;        else
  1478                        L10122:
  1479                        ;
  1480                        ;    if( xTicksToWait != ( TickType_t ) 0 )
  1481                        ;    {
  1482 00:030C: A5 23        	lda	<L47+xTicksToWait_0
  1483 00:030E: 05 25        	ora	<L47+xTicksToWait_0+2
  1484 00:0310: D0 03        	bne	*+5
  1485 00:0312: 82 91 00     	brl	L10147
  1486                        ;        {
  1487                        ;            mtCOVERAGE_TEST_MARKER();
  1488                        ;        }
  1489                        ;    }
  1490                        ;        vTaskSetTimeOutState( &xTimeOut );
  1491 00:0315: F4 00 00     	pea	#0
  1492 00:0318: 18           	clc
  1493 00:0319: 7B           	tdc
  1494 00:031A: 69 0F 00     	adc	#<L48+xTimeOut_1
  1495 00:031D: 48           	pha
  1496 00:031E: 20 xx xx     	jsr	_~vTaskSetTimeOutState
  1497                        ;
  1498                        ;        do
  1499                        ;        {
  1500                        ;            /* Wait until the required number of bytes are free in the message
  Tue Sep 15 2026 17:44                                                                                                    Page 28


  1501                        ;             * buffer. */
  1502                        ;            taskENTER_CRITICAL();
  1503 00:0321: 80 73        	bra	L10130
  1504                        L20002:
  1505                        ;                    /* Clear notification state as going to wait for space. */
  1506                        ;                    ( void ) xTaskNotifyStateClearIndexed( NULL, pxStreamBuffer->uxNotificationIndex 
                    );
  1507 00:0323: A0 15 00     	ldy	#$15
  1508 00:0326: B7 05        	lda	[<L48+pxStreamBuffer_1],Y
  1509 00:0328: 48           	pha
  1510 00:0329: F4 00 00     	pea	#^$0
  1511 00:032C: F4 00 00     	pea	#<$0
  1512 00:032F: 20 xx xx     	jsr	_~xTaskGenericNotifyStateClear
  1513 00:0332: 85 01        	sta	<R0
  1514                        ;
  1515                        ;                    /* Should only be one writer. */
  1516                        ;                    configASSERT( pxStreamBuffer->xTaskWaitingToSend == NULL );
  1517 00:0334: A0 0C 00     	ldy	#$c
  1518 00:0337: B7 05        	lda	[<L48+pxStreamBuffer_1],Y
  1519 00:0339: C8           	iny
  1520 00:033A: C8           	iny
  1521 00:033B: 17 05        	ora	[<L48+pxStreamBuffer_1],Y
  1522 00:033D: F0 02        	beq	L10133
  1523                        L10137:
  1524 00:033F: 80 FE        	bra	L10137
  1525                        L10133:
  1526                        ;                    pxStreamBuffer->xTaskWaitingToSend = xTaskGetCurrentTaskHandle();
  1527 00:0341: 20 xx xx     	jsr	_~xTaskGetCurrentTaskHandle
  1528 00:0344: 86 03        	stx	<R0+2
  1529 00:0346: A0 0C 00     	ldy	#$c
  1530 00:0349: 97 05        	sta	[<L48+pxStreamBuffer_1],Y
  1531 00:034B: A5 03        	lda	<R0+2
  1532 00:034D: C8           	iny
  1533 00:034E: C8           	iny
  1534 00:034F: 97 05        	sta	[<L48+pxStreamBuffer_1],Y
  1535                        ;                }
  1536                        ;                else
  1537                        ;
  1538                        ;            traceBLOCKING_ON_STREAM_BUFFER_SEND( xStreamBuffer );
  1539                        ;            ( void ) xTaskNotifyWaitIndexed( pxStreamBuffer->uxNotificationIndex, ( uint32_t ) 0, ( u
                    int32_t ) 0, NULL, xTicksToWait );
  1540 00:0351: D4 25        	pei	<L47+xTicksToWait_0+2
  1541 00:0353: D4 23        	pei	<L47+xTicksToWait_0
  1542 00:0355: F4 00 00     	pea	#^$0
  1543 00:0358: F4 00 00     	pea	#<$0
  1544 00:035B: F4 00 00     	pea	#^$0
  1545 00:035E: F4 00 00     	pea	#<$0
  1546 00:0361: F4 00 00     	pea	#^$0
  1547 00:0364: F4 00 00     	pea	#<$0
  1548 00:0367: A0 15 00     	ldy	#$15
  1549 00:036A: B7 05        	lda	[<L48+pxStreamBuffer_1],Y
  1550 00:036C: 48           	pha
  1551 00:036D: 20 xx xx     	jsr	_~xTaskGenericNotifyWait
  1552 00:0370: 85 01        	sta	<R0
  1553                        ;            pxStreamBuffer->xTaskWaitingToSend = NULL;
  1554 00:0372: A9 00 00     	lda	#$0
  1555 00:0375: A0 0C 00     	ldy	#$c
  1556 00:0378: 97 05        	sta	[<L48+pxStreamBuffer_1],Y
  Tue Sep 15 2026 17:44                                                                                                    Page 29


  1557 00:037A: C8           	iny
  1558 00:037B: C8           	iny
  1559 00:037C: 97 05        	sta	[<L48+pxStreamBuffer_1],Y
  1560                        ;        } while( xTaskCheckForTimeOut( &xTimeOut, &xTicksToWait ) == pdFALSE );
  1561 00:037E: F4 00 00     	pea	#0
  1562 00:0381: 18           	clc
  1563 00:0382: 7B           	tdc
  1564 00:0383: 69 23 00     	adc	#<L47+xTicksToWait_0
  1565 00:0386: 48           	pha
  1566 00:0387: F4 00 00     	pea	#0
  1567 00:038A: 18           	clc
  1568 00:038B: 7B           	tdc
  1569 00:038C: 69 0F 00     	adc	#<L48+xTimeOut_1
  1570 00:038F: 48           	pha
  1571 00:0390: 20 xx xx     	jsr	_~xTaskCheckForTimeOut
  1572 00:0393: AA           	tax
  1573 00:0394: D0 10        	bne	L10147
  1574                        L10130:
  1575                        ;            {
  1576                        ;                xSpace = xStreamBufferSpacesAvailable( pxStreamBuffer );
  1577 00:0396: D4 07        	pei	<L48+pxStreamBuffer_1+2
  1578 00:0398: D4 05        	pei	<L48+pxStreamBuffer_1
  1579 00:039A: 20 xx xx     	jsr	_~xStreamBufferSpacesAvailable
  1580 00:039D: 85 0B        	sta	<L48+xSpace_1
  1581                        ;
  1582                        ;                if( xSpace < xRequiredSpace )
  1583                        ;                {
  1584 00:039F: C5 0D        	cmp	<L48+xRequiredSpace_1
  1585 00:03A1: B0 03        	bcs	*+5
  1586 00:03A3: 82 7D FF     	brl	L20002
  1587                        ;                {
  1588                        ;                    taskEXIT_CRITICAL();
  1589                        ;                    break;
  1590                        L10147:
  1591                        ;
  1592                        ;    if( xSpace == ( size_t ) 0 )
  1593                        ;    {
  1594 00:03A6: A5 0B        	lda	<L48+xSpace_1
  1595 00:03A8: D0 09        	bne	L10149
  1596                        ;                }
  1597                        ;            }
  1598                        ;            taskEXIT_CRITICAL();
  1599                        ;    }
  1600                        ;    else
  1601                        ;    {
  1602                        ;        mtCOVERAGE_TEST_MARKER();
  1603                        ;    }
  1604                        ;        xSpace = xStreamBufferSpacesAvailable( pxStreamBuffer );
  1605 00:03AA: D4 07        	pei	<L48+pxStreamBuffer_1+2
  1606 00:03AC: D4 05        	pei	<L48+pxStreamBuffer_1
  1607 00:03AE: 20 xx xx     	jsr	_~xStreamBufferSpacesAvailable
  1608 00:03B1: 85 0B        	sta	<L48+xSpace_1
  1609                        ;    }
  1610                        ;    else
  1611                        L10149:
  1612                        ;
  1613                        ;    xReturn = prvWriteMessageToBuffer( pxStreamBuffer, pvTxData, xDataLengthBytes, xSpace, xRequiredS
                    pace );
  Tue Sep 15 2026 17:44                                                                                                    Page 30


  1614 00:03B3: D4 0D        	pei	<L48+xRequiredSpace_1
  1615 00:03B5: D4 0B        	pei	<L48+xSpace_1
  1616 00:03B7: D4 21        	pei	<L47+xDataLengthBytes_0
  1617 00:03B9: D4 1F        	pei	<L47+pvTxData_0+2
  1618 00:03BB: D4 1D        	pei	<L47+pvTxData_0
  1619 00:03BD: D4 07        	pei	<L48+pxStreamBuffer_1+2
  1620 00:03BF: D4 05        	pei	<L48+pxStreamBuffer_1
  1621 00:03C1: 20 xx xx     	jsr	_~prvWriteMessageToBuffer
  1622 00:03C4: 85 09        	sta	<L48+xReturn_1
  1623                        ;
  1624                        ;    if( xReturn > ( size_t ) 0 )
  1625                        ;    {
  1626 00:03C6: A9 00 00     	lda	#$0
  1627 00:03C9: C5 09        	cmp	<L48+xReturn_1
  1628 00:03CB: B0 54        	bcs	L10154
  1629                        ;    {
  1630                        ;        mtCOVERAGE_TEST_MARKER();
  1631                        ;    }
  1632                        ;        traceSTREAM_BUFFER_SEND( xStreamBuffer, xReturn );
  1633                        ;
  1634                        ;        /* Was a task waiting for the data? */
  1635                        ;        if( prvBytesInBufferMeetTriggerLevel( pxStreamBuffer, prvBytesInBuffer( pxStreamBuffer ) ) !=
                     pdFALSE )
  1636                        ;        {
  1637 00:03CD: D4 07        	pei	<L48+pxStreamBuffer_1+2
  1638 00:03CF: D4 05        	pei	<L48+pxStreamBuffer_1
  1639 00:03D1: 20 xx xx     	jsr	_~prvBytesInBuffer
  1640 00:03D4: 48           	pha
  1641 00:03D5: D4 07        	pei	<L48+pxStreamBuffer_1+2
  1642 00:03D7: D4 05        	pei	<L48+pxStreamBuffer_1
  1643 00:03D9: 20 xx xx     	jsr	_~prvBytesInBufferMeetTriggerLevel
  1644 00:03DC: AA           	tax
  1645 00:03DD: F0 42        	beq	L10154
  1646                        ;            prvSEND_COMPLETED( pxStreamBuffer );
  1647 00:03DF: 20 xx xx     	jsr	_~vTaskSuspendAll
  1648 00:03E2: A0 08 00     	ldy	#$8
  1649 00:03E5: B7 05        	lda	[<L48+pxStreamBuffer_1],Y
  1650 00:03E7: C8           	iny
  1651 00:03E8: C8           	iny
  1652 00:03E9: 17 05        	ora	[<L48+pxStreamBuffer_1],Y
  1653 00:03EB: F0 31        	beq	L10152
  1654 00:03ED: F4 00 00     	pea	#^$0
  1655 00:03F0: F4 00 00     	pea	#<$0
  1656 00:03F3: F4 00 00     	pea	#<$0
  1657 00:03F6: F4 00 00     	pea	#^$0
  1658 00:03F9: F4 00 00     	pea	#<$0
  1659 00:03FC: A0 15 00     	ldy	#$15
  1660 00:03FF: B7 05        	lda	[<L48+pxStreamBuffer_1],Y
  1661 00:0401: 48           	pha
  1662 00:0402: A0 0A 00     	ldy	#$a
  1663 00:0405: B7 05        	lda	[<L48+pxStreamBuffer_1],Y
  1664 00:0407: 48           	pha
  1665 00:0408: 88           	dey
  1666 00:0409: 88           	dey
  1667 00:040A: B7 05        	lda	[<L48+pxStreamBuffer_1],Y
  1668 00:040C: 48           	pha
  1669 00:040D: 20 xx xx     	jsr	_~xTaskGenericNotify
  1670 00:0410: 85 01        	sta	<R0
  Tue Sep 15 2026 17:44                                                                                                    Page 31


  1671 00:0412: A9 00 00     	lda	#$0
  1672 00:0415: A0 08 00     	ldy	#$8
  1673 00:0418: 97 05        	sta	[<L48+pxStreamBuffer_1],Y
  1674 00:041A: C8           	iny
  1675 00:041B: C8           	iny
  1676 00:041C: 97 05        	sta	[<L48+pxStreamBuffer_1],Y
  1677                        L10152:
  1678 00:041E: 20 xx xx     	jsr	_~xTaskResumeAll
  1679                        ;        }
  1680                        ;        else
  1681                        L10154:
  1682                        ;
  1683                        ;    traceRETURN_xStreamBufferSend( xReturn );
  1684                        ;
  1685                        ;    return xReturn;
  1686 00:0421: A5 09        	lda	<L48+xReturn_1
  1687 00:0423: A8           	tay
  1688 00:0424: A5 17        	lda	<L47+1
  1689 00:0426: 85 25        	sta	<L47+1+14
  1690 00:0428: 2B           	pld
  1691 00:0429: 3B           	tsc
  1692 00:042A: 18           	clc
  1693 00:042B: 69 24 00     	adc	#L47+14
  1694 00:042E: 1B           	tcs
  1695 00:042F: 98           	tya
  1696 00:0430: 60           	rts
  1697                        ;        {
  1698                        ;            mtCOVERAGE_TEST_MARKER();
  1699                        ;        }
  1700                        ;    }
  1701                        ;    else
  1702                        ;    {
  1703                        ;        mtCOVERAGE_TEST_MARKER();
  1704                        ;        traceSTREAM_BUFFER_SEND_FAILED( xStreamBuffer );
  1705                        ;    }
  1706                        ;}
  1707             00000016   L47	equ	22
  1708             00000005   L48	equ	5
  1709                        	ends
  1710                        	efunc
  1711                        ;/*-----------------------------------------------------------*/
  1712                        ;
  1713                        ;size_t xStreamBufferSendFromISR( StreamBufferHandle_t xStreamBuffer,
  1714                        ;                                 const void * pvTxData,
  1715                        ;                                 size_t xDataLengthBytes,
  1716                        ;                                 BaseType_t * const pxHigherPriorityTaskWoken )
  1717                        ;{
  1718                        	code
  1719                        	xdef	_~xStreamBufferSendFromISR
  1720                        	func
  1721                        _~xStreamBufferSendFromISR:
  1722                        	longa	on
  1723                        	longi	on
  1724 00:0431: 3B           	tsc
  1725 00:0432: 38           	sec
  1726 00:0433: E9 10 00     	sbc	#L64
  1727 00:0436: 1B           	tcs
  1728 00:0437: 0B           	phd
  Tue Sep 15 2026 17:44                                                                                                    Page 32


  1729 00:0438: 5B           	tcd
  1730             00000003   xStreamBuffer_0	set	3
  1731             00000007   pvTxData_0	set	7
  1732             0000000B   xDataLengthBytes_0	set	11
  1733             0000000D   pxHigherPriorityTaskWoken_0	set	13
  1734                        ;    StreamBuffer_t * const pxStreamBuffer = xStreamBuffer;
  1735                        ;    size_t xReturn, xSpace;
  1736                        ;    size_t xRequiredSpace = xDataLengthBytes;
  1737                        ;
  1738                        ;    traceENTER_xStreamBufferSendFromISR( xStreamBuffer, pvTxData, xDataLengthBytes, pxHigherPriorityT
                    askWoken );
  1739             00000000   pxStreamBuffer_1	set	0
  1740             00000004   xReturn_1	set	4
  1741             00000006   xSpace_1	set	6
  1742             00000008   xRequiredSpace_1	set	8
  1743 00:0439: A5 13        	lda	<L64+xStreamBuffer_0
  1744 00:043B: 85 05        	sta	<L65+pxStreamBuffer_1
  1745 00:043D: A5 15        	lda	<L64+xStreamBuffer_0+2
  1746 00:043F: 85 07        	sta	<L65+pxStreamBuffer_1+2
  1747 00:0441: A5 1B        	lda	<L64+xDataLengthBytes_0
  1748 00:0443: 85 0D        	sta	<L65+xRequiredSpace_1
  1749                        ;
  1750                        ;    configASSERT( pvTxData );
  1751 00:0445: A5 17        	lda	<L64+pvTxData_0
  1752 00:0447: 05 19        	ora	<L64+pvTxData_0+2
  1753 00:0449: D0 02        	bne	L10155
  1754                        L10159:
  1755 00:044B: 80 FE        	bra	L10159
  1756                        L10155:
  1757                        ;    configASSERT( pxStreamBuffer );
  1758 00:044D: A5 05        	lda	<L65+pxStreamBuffer_1
  1759 00:044F: 05 07        	ora	<L65+pxStreamBuffer_1+2
  1760 00:0451: D0 02        	bne	L10162
  1761                        L10166:
  1762 00:0453: 80 FE        	bra	L10166
  1763                        L10162:
  1764                        ;
  1765                        ;    /* This send function is used to write to both message buffers and stream
  1766                        ;     * buffers.  If this is a message buffer then the space needed must be
  1767                        ;     * increased by the amount of bytes needed to store the length of the
  1768                        ;     * message. */
  1769                        ;    if( ( pxStreamBuffer->ucFlags & sbFLAGS_IS_MESSAGE_BUFFER ) != ( uint8_t ) 0 )
  1770                        ;    {
  1771 00:0455: E2 20        	sep	#$20
  1772                        	longa	off
  1773 00:0457: A0 14 00     	ldy	#$14
  1774 00:045A: B7 05        	lda	[<L65+pxStreamBuffer_1],Y
  1775 00:045C: 29 01        	and	#<$1
  1776 00:045E: C2 20        	rep	#$20
  1777                        	longa	on
  1778 00:0460: F0 0C        	beq	L10177
  1779                        ;        xRequiredSpace += sbBYTES_TO_STORE_MESSAGE_LENGTH;
  1780 00:0462: E6 0D        	inc	<L65+xRequiredSpace_1
  1781 00:0464: E6 0D        	inc	<L65+xRequiredSpace_1
  1782                        ;
  1783                        ;        /* Overflow? */
  1784                        ;        configASSERT( xRequiredSpace > xDataLengthBytes );
  1785 00:0466: A5 1B        	lda	<L64+xDataLengthBytes_0
  Tue Sep 15 2026 17:44                                                                                                    Page 33


  1786 00:0468: C5 0D        	cmp	<L65+xRequiredSpace_1
  1787 00:046A: 90 02        	bcc	L10177
  1788                        L10174:
  1789 00:046C: 80 FE        	bra	L10174
  1790                        ;    }
  1791                        ;    else
  1792                        ;    {
  1793                        ;        mtCOVERAGE_TEST_MARKER();
  1794                        ;    }
  1795                        L10177:
  1796                        ;
  1797                        ;    xSpace = xStreamBufferSpacesAvailable( pxStreamBuffer );
  1798 00:046E: D4 07        	pei	<L65+pxStreamBuffer_1+2
  1799 00:0470: D4 05        	pei	<L65+pxStreamBuffer_1
  1800 00:0472: 20 xx xx     	jsr	_~xStreamBufferSpacesAvailable
  1801 00:0475: 85 0B        	sta	<L65+xSpace_1
  1802                        ;    xReturn = prvWriteMessageToBuffer( pxStreamBuffer, pvTxData, xDataLengthBytes, xSpace, xRequiredS
                    pace );
  1803 00:0477: D4 0D        	pei	<L65+xRequiredSpace_1
  1804 00:0479: D4 0B        	pei	<L65+xSpace_1
  1805 00:047B: D4 1B        	pei	<L64+xDataLengthBytes_0
  1806 00:047D: D4 19        	pei	<L64+pvTxData_0+2
  1807 00:047F: D4 17        	pei	<L64+pvTxData_0
  1808 00:0481: D4 07        	pei	<L65+pxStreamBuffer_1+2
  1809 00:0483: D4 05        	pei	<L65+pxStreamBuffer_1
  1810 00:0485: 20 xx xx     	jsr	_~prvWriteMessageToBuffer
  1811 00:0488: 85 09        	sta	<L65+xReturn_1
  1812                        ;
  1813                        ;    if( xReturn > ( size_t ) 0 )
  1814                        ;    {
  1815 00:048A: A9 00 00     	lda	#$0
  1816 00:048D: C5 09        	cmp	<L65+xReturn_1
  1817 00:048F: B0 54        	bcs	L10185
  1818                        ;        /* Was a task waiting for the data? */
  1819                        ;        if( prvBytesInBufferMeetTriggerLevel( pxStreamBuffer, prvBytesInBuffer( pxStreamBuffer ) ) !=
                     pdFALSE )
  1820                        ;        {
  1821 00:0491: D4 07        	pei	<L65+pxStreamBuffer_1+2
  1822 00:0493: D4 05        	pei	<L65+pxStreamBuffer_1
  1823 00:0495: 20 xx xx     	jsr	_~prvBytesInBuffer
  1824 00:0498: 48           	pha
  1825 00:0499: D4 07        	pei	<L65+pxStreamBuffer_1+2
  1826 00:049B: D4 05        	pei	<L65+pxStreamBuffer_1
  1827 00:049D: 20 xx xx     	jsr	_~prvBytesInBufferMeetTriggerLevel
  1828 00:04A0: AA           	tax
  1829 00:04A1: F0 42        	beq	L10185
  1830                        ;            /* MISRA Ref 4.7.1 [Return value shall be checked] */
  1831                        ;            /* More details at: https://github.com/FreeRTOS/FreeRTOS-Kernel/blob/main/MISRA.md#dir-47
                     */
  1832                        ;            /* coverity[misra_c_2012_directive_4_7_violation] */
  1833                        ;            prvSEND_COMPLETE_FROM_ISR( pxStreamBuffer, pxHigherPriorityTaskWoken );
  1834             0000000A   uxSavedInterruptStatus_2	set	10
  1835 00:04A3: 64 0F        	stz	<L65+uxSavedInterruptStatus_2
  1836 00:04A5: A0 08 00     	ldy	#$8
  1837 00:04A8: B7 05        	lda	[<L65+pxStreamBuffer_1],Y
  1838 00:04AA: C8           	iny
  1839 00:04AB: C8           	iny
  1840 00:04AC: 17 05        	ora	[<L65+pxStreamBuffer_1],Y
  Tue Sep 15 2026 17:44                                                                                                    Page 34


  1841 00:04AE: F0 35        	beq	L10185
  1842 00:04B0: D4 1F        	pei	<L64+pxHigherPriorityTaskWoken_0+2
  1843 00:04B2: D4 1D        	pei	<L64+pxHigherPriorityTaskWoken_0
  1844 00:04B4: F4 00 00     	pea	#^$0
  1845 00:04B7: F4 00 00     	pea	#<$0
  1846 00:04BA: F4 00 00     	pea	#<$0
  1847 00:04BD: F4 00 00     	pea	#^$0
  1848 00:04C0: F4 00 00     	pea	#<$0
  1849 00:04C3: A0 15 00     	ldy	#$15
  1850 00:04C6: B7 05        	lda	[<L65+pxStreamBuffer_1],Y
  1851 00:04C8: 48           	pha
  1852 00:04C9: A0 0A 00     	ldy	#$a
  1853 00:04CC: B7 05        	lda	[<L65+pxStreamBuffer_1],Y
  1854 00:04CE: 48           	pha
  1855 00:04CF: 88           	dey
  1856 00:04D0: 88           	dey
  1857 00:04D1: B7 05        	lda	[<L65+pxStreamBuffer_1],Y
  1858 00:04D3: 48           	pha
  1859 00:04D4: 20 xx xx     	jsr	_~xTaskGenericNotifyFromISR
  1860 00:04D7: 85 01        	sta	<R0
  1861 00:04D9: A9 00 00     	lda	#$0
  1862 00:04DC: A0 08 00     	ldy	#$8
  1863 00:04DF: 97 05        	sta	[<L65+pxStreamBuffer_1],Y
  1864 00:04E1: C8           	iny
  1865 00:04E2: C8           	iny
  1866 00:04E3: 97 05        	sta	[<L65+pxStreamBuffer_1],Y
  1867                        ;        }
  1868                        ;        else
  1869                        L10185:
  1870                        ;
  1871                        ;    traceSTREAM_BUFFER_SEND_FROM_ISR( xStreamBuffer, xReturn );
  1872                        ;    traceRETURN_xStreamBufferSendFromISR( xReturn );
  1873                        ;
  1874                        ;    return xReturn;
  1875 00:04E5: A5 09        	lda	<L65+xReturn_1
  1876 00:04E7: A8           	tay
  1877 00:04E8: A5 11        	lda	<L64+1
  1878 00:04EA: 85 1F        	sta	<L64+1+14
  1879 00:04EC: 2B           	pld
  1880 00:04ED: 3B           	tsc
  1881 00:04EE: 18           	clc
  1882 00:04EF: 69 1E 00     	adc	#L64+14
  1883 00:04F2: 1B           	tcs
  1884 00:04F3: 98           	tya
  1885 00:04F4: 60           	rts
  1886                        ;        {
  1887                        ;            mtCOVERAGE_TEST_MARKER();
  1888                        ;        }
  1889                        ;    }
  1890                        ;    else
  1891                        ;    {
  1892                        ;        mtCOVERAGE_TEST_MARKER();
  1893                        ;    }
  1894                        ;}
  1895             00000010   L64	equ	16
  1896             00000005   L65	equ	5
  1897                        	ends
  1898                        	efunc
  Tue Sep 15 2026 17:44                                                                                                    Page 35


  1899                        ;/*-----------------------------------------------------------*/
  1900                        ;
  1901                        ;static size_t prvWriteMessageToBuffer( StreamBuffer_t * const pxStreamBuffer,
  1902                        ;                                       const void * pvTxData,
  1903                        ;                                       size_t xDataLengthBytes,
  1904                        ;                                       size_t xSpace,
  1905                        ;                                       size_t xRequiredSpace )
  1906                        ;{
  1907                        	code
  1908                        	func
  1909                        _~prvWriteMessageToBuffer:
  1910                        	longa	on
  1911                        	longi	on
  1912 00:04F5: 3B           	tsc
  1913 00:04F6: 38           	sec
  1914 00:04F7: E9 04 00     	sbc	#L74
  1915 00:04FA: 1B           	tcs
  1916 00:04FB: 0B           	phd
  1917 00:04FC: 5B           	tcd
  1918             00000003   pxStreamBuffer_0	set	3
  1919             00000007   pvTxData_0	set	7
  1920             0000000B   xDataLengthBytes_0	set	11
  1921             0000000D   xSpace_0	set	13
  1922             0000000F   xRequiredSpace_0	set	15
  1923                        ;    size_t xNextHead = pxStreamBuffer->xHead;
  1924                        ;    configMESSAGE_BUFFER_LENGTH_TYPE xMessageLength;
  1925                        ;
  1926                        ;    if( ( pxStreamBuffer->ucFlags & sbFLAGS_IS_MESSAGE_BUFFER ) != ( uint8_t ) 0 )
  1927             00000000   xNextHead_1	set	0
  1928             00000002   xMessageLength_1	set	2
  1929 00:04FD: A0 02 00     	ldy	#$2
  1930 00:0500: B7 07        	lda	[<L74+pxStreamBuffer_0],Y
  1931 00:0502: 85 01        	sta	<L75+xNextHead_1
  1932                        ;    {
  1933 00:0504: E2 20        	sep	#$20
  1934                        	longa	off
  1935 00:0506: A0 14 00     	ldy	#$14
  1936 00:0509: B7 07        	lda	[<L74+pxStreamBuffer_0],Y
  1937 00:050B: 29 01        	and	#<$1
  1938 00:050D: C2 20        	rep	#$20
  1939                        	longa	on
  1940 00:050F: F0 2D        	beq	L10186
  1941                        ;        /* This is a message buffer, as opposed to a stream buffer. */
  1942                        ;
  1943                        ;        /* Convert xDataLengthBytes to the message length type. */
  1944                        ;        xMessageLength = ( configMESSAGE_BUFFER_LENGTH_TYPE ) xDataLengthBytes;
  1945 00:0511: A5 0F        	lda	<L74+xDataLengthBytes_0
  1946 00:0513: 85 03        	sta	<L75+xMessageLength_1
  1947                        ;
  1948                        ;        /* Ensure the data length given fits within configMESSAGE_BUFFER_LENGTH_TYPE. */
  1949                        ;        configASSERT( ( size_t ) xMessageLength == xDataLengthBytes );
  1950 00:0515: C5 0F        	cmp	<L74+xDataLengthBytes_0
  1951 00:0517: F0 02        	beq	L10187
  1952                        L10191:
  1953 00:0519: 80 FE        	bra	L10191
  1954                        L10187:
  1955                        ;
  1956                        ;        if( xSpace >= xRequiredSpace )
  Tue Sep 15 2026 17:44                                                                                                    Page 36


  1957                        ;        {
  1958 00:051B: A5 11        	lda	<L74+xSpace_0
  1959 00:051D: C5 13        	cmp	<L74+xRequiredSpace_0
  1960 00:051F: 90 19        	bcc	L10194
  1961                        ;            /* There is enough space to write both the message length and the message
  1962                        ;             * itself into the buffer.  Start by writing the length of the data, the data
  1963                        ;             * itself will be written later in this function. */
  1964                        ;            xNextHead = prvWriteBytesToBuffer( pxStreamBuffer, ( const uint8_t * ) &( xMessageLength 
                    ), sbBYTES_TO_STORE_MESSAGE_LENGTH, xNextHead );
  1965 00:0521: D4 01        	pei	<L75+xNextHead_1
  1966 00:0523: F4 02 00     	pea	#<$2
  1967 00:0526: F4 00 00     	pea	#0
  1968 00:0529: 18           	clc
  1969 00:052A: 7B           	tdc
  1970 00:052B: 69 03 00     	adc	#<L75+xMessageLength_1
  1971 00:052E: 48           	pha
  1972 00:052F: D4 09        	pei	<L74+pxStreamBuffer_0+2
  1973 00:0531: D4 07        	pei	<L74+pxStreamBuffer_0
  1974 00:0533: 20 xx xx     	jsr	_~prvWriteBytesToBuffer
  1975 00:0536: 85 01        	sta	<L75+xNextHead_1
  1976                        ;        }
  1977                        ;        else
  1978 00:0538: 80 12        	bra	L10196
  1979                        L10194:
  1980                        ;        {
  1981                        ;            /* Not enough space, so do not write data to the buffer. */
  1982                        ;            xDataLengthBytes = 0;
  1983 00:053A: 64 0F        	stz	<L74+xDataLengthBytes_0
  1984                        ;        }
  1985                        ;    }
  1986                        ;    else
  1987 00:053C: 80 0E        	bra	L10196
  1988                        L10186:
  1989                        ;    {
  1990                        ;        /* This is a stream buffer, as opposed to a message buffer, so writing a
  1991                        ;         * stream of bytes rather than discrete messages.  Plan to write as many
  1992                        ;         * bytes as possible. */
  1993                        ;        xDataLengthBytes = configMIN( xDataLengthBytes, xSpace );
  1994 00:053E: A5 0F        	lda	<L74+xDataLengthBytes_0
  1995 00:0540: C5 11        	cmp	<L74+xSpace_0
  1996 00:0542: B0 04        	bcs	L79
  1997 00:0544: A5 0F        	lda	<L74+xDataLengthBytes_0
  1998 00:0546: 80 02        	bra	L81
  1999                        L79:
  2000 00:0548: A5 11        	lda	<L74+xSpace_0
  2001                        L81:
  2002 00:054A: 85 0F        	sta	<L74+xDataLengthBytes_0
  2003                        ;    }
  2004                        L10196:
  2005                        ;
  2006                        ;    if( xDataLengthBytes != ( size_t ) 0 )
  2007                        ;    {
  2008 00:054C: A5 0F        	lda	<L74+xDataLengthBytes_0
  2009 00:054E: F0 14        	beq	L10197
  2010                        ;        /* Write the data to the buffer. */
  2011                        ;        /* MISRA Ref 11.5.5 [Void pointer assignment] */
  2012                        ;        /* More details at: https://github.com/FreeRTOS/FreeRTOS-Kernel/blob/main/MISRA.md#rule-115 *
                    /
  Tue Sep 15 2026 17:44                                                                                                    Page 37


  2013                        ;        /* coverity[misra_c_2012_rule_11_5_violation] */
  2014                        ;        pxStreamBuffer->xHead = prvWriteBytesToBuffer( pxStreamBuffer, ( const uint8_t * ) pvTxData, 
                    xDataLengthBytes, xNextHead );
  2015 00:0550: D4 01        	pei	<L75+xNextHead_1
  2016 00:0552: D4 0F        	pei	<L74+xDataLengthBytes_0
  2017 00:0554: D4 0D        	pei	<L74+pvTxData_0+2
  2018 00:0556: D4 0B        	pei	<L74+pvTxData_0
  2019 00:0558: D4 09        	pei	<L74+pxStreamBuffer_0+2
  2020 00:055A: D4 07        	pei	<L74+pxStreamBuffer_0
  2021 00:055C: 20 xx xx     	jsr	_~prvWriteBytesToBuffer
  2022 00:055F: A0 02 00     	ldy	#$2
  2023 00:0562: 97 07        	sta	[<L74+pxStreamBuffer_0],Y
  2024                        ;    }
  2025                        ;
  2026                        ;    return xDataLengthBytes;
  2027                        L10197:
  2028 00:0564: A5 0F        	lda	<L74+xDataLengthBytes_0
  2029 00:0566: A8           	tay
  2030 00:0567: A5 05        	lda	<L74+1
  2031 00:0569: 85 13        	sta	<L74+1+14
  2032 00:056B: 2B           	pld
  2033 00:056C: 3B           	tsc
  2034 00:056D: 18           	clc
  2035 00:056E: 69 12 00     	adc	#L74+14
  2036 00:0571: 1B           	tcs
  2037 00:0572: 98           	tya
  2038 00:0573: 60           	rts
  2039                        ;}
  2040             00000004   L74	equ	4
  2041             00000001   L75	equ	1
  2042                        	ends
  2043                        	efunc
  2044                        ;/*-----------------------------------------------------------*/
  2045                        ;
  2046                        ;size_t xStreamBufferReceive( StreamBufferHandle_t xStreamBuffer,
  2047                        ;                             void * pvRxData,
  2048                        ;                             size_t xBufferLengthBytes,
  2049                        ;                             TickType_t xTicksToWait )
  2050                        ;{
  2051                        	code
  2052                        	xdef	_~xStreamBufferReceive
  2053                        	func
  2054                        _~xStreamBufferReceive:
  2055                        	longa	on
  2056                        	longi	on
  2057 00:0574: 3B           	tsc
  2058 00:0575: 38           	sec
  2059 00:0576: E9 0E 00     	sbc	#L84
  2060 00:0579: 1B           	tcs
  2061 00:057A: 0B           	phd
  2062 00:057B: 5B           	tcd
  2063             00000003   xStreamBuffer_0	set	3
  2064             00000007   pvRxData_0	set	7
  2065             0000000B   xBufferLengthBytes_0	set	11
  2066             0000000D   xTicksToWait_0	set	13
  2067                        ;    StreamBuffer_t * const pxStreamBuffer = xStreamBuffer;
  2068                        ;    size_t xReceivedLength = 0, xBytesAvailable, xBytesToStoreMessageLength;
  2069                        ;
  Tue Sep 15 2026 17:44                                                                                                    Page 38


  2070                        ;    traceENTER_xStreamBufferReceive( xStreamBuffer, pvRxData, xBufferLengthBytes, xTicksToWait );
  2071             00000000   pxStreamBuffer_1	set	0
  2072             00000004   xReceivedLength_1	set	4
  2073             00000006   xBytesAvailable_1	set	6
  2074             00000008   xBytesToStoreMessageLength_1	set	8
  2075 00:057C: A5 11        	lda	<L84+xStreamBuffer_0
  2076 00:057E: 85 05        	sta	<L85+pxStreamBuffer_1
  2077 00:0580: A5 13        	lda	<L84+xStreamBuffer_0+2
  2078 00:0582: 85 07        	sta	<L85+pxStreamBuffer_1+2
  2079 00:0584: 64 09        	stz	<L85+xReceivedLength_1
  2080                        ;
  2081                        ;    configASSERT( pvRxData );
  2082 00:0586: A5 15        	lda	<L84+pvRxData_0
  2083 00:0588: 05 17        	ora	<L84+pvRxData_0+2
  2084 00:058A: D0 02        	bne	L10198
  2085                        L10202:
  2086 00:058C: 80 FE        	bra	L10202
  2087                        L10198:
  2088                        ;    configASSERT( pxStreamBuffer );
  2089 00:058E: A5 05        	lda	<L85+pxStreamBuffer_1
  2090 00:0590: 05 07        	ora	<L85+pxStreamBuffer_1+2
  2091 00:0592: D0 02        	bne	L10205
  2092                        L10209:
  2093 00:0594: 80 FE        	bra	L10209
  2094                        L10205:
  2095                        ;
  2096                        ;    /* This receive function is used by both message buffers, which store
  2097                        ;     * discrete messages, and stream buffers, which store a continuous stream of
  2098                        ;     * bytes.  Discrete messages include an additional
  2099                        ;     * sbBYTES_TO_STORE_MESSAGE_LENGTH bytes that hold the length of the
  2100                        ;     * message. */
  2101                        ;    if( ( pxStreamBuffer->ucFlags & sbFLAGS_IS_MESSAGE_BUFFER ) != ( uint8_t ) 0 )
  2102                        ;    {
  2103 00:0596: E2 20        	sep	#$20
  2104                        	longa	off
  2105 00:0598: A0 14 00     	ldy	#$14
  2106 00:059B: B7 05        	lda	[<L85+pxStreamBuffer_1],Y
  2107 00:059D: 29 01        	and	#<$1
  2108 00:059F: C2 20        	rep	#$20
  2109                        	longa	on
  2110 00:05A1: F0 0E        	beq	L10212
  2111                        ;        xBytesToStoreMessageLength = sbBYTES_TO_STORE_MESSAGE_LENGTH;
  2112 00:05A3: A9 02 00     	lda	#$2
  2113 00:05A6: 80 05        	bra	L20007
  2114                        L20009:
  2115                        ;        /* Force task to block if the batching buffer contains less bytes than
  2116                        ;         * the trigger level. */
  2117                        ;        xBytesToStoreMessageLength = pxStreamBuffer->xTriggerLevelBytes;
  2118 00:05A8: A0 06 00     	ldy	#$6
  2119 00:05AB: B7 05        	lda	[<L85+pxStreamBuffer_1],Y
  2120                        ;    }
  2121                        ;    else
  2122                        L20007:
  2123 00:05AD: 85 0D        	sta	<L85+xBytesToStoreMessageLength_1
  2124                        ;    }
  2125                        ;    else if( ( pxStreamBuffer->ucFlags & sbFLAGS_IS_BATCHING_BUFFER ) != ( uint8_t ) 0 )
  2126 00:05AF: 80 0F        	bra	L10213
  2127                        L10212:
  Tue Sep 15 2026 17:44                                                                                                    Page 39


  2128                        ;    {
  2129 00:05B1: E2 20        	sep	#$20
  2130                        	longa	off
  2131 00:05B3: A0 14 00     	ldy	#$14
  2132 00:05B6: B7 05        	lda	[<L85+pxStreamBuffer_1],Y
  2133 00:05B8: 29 04        	and	#<$4
  2134 00:05BA: C2 20        	rep	#$20
  2135                        	longa	on
  2136 00:05BC: D0 EA        	bne	L20009
  2137                        ;    {
  2138                        ;        xBytesToStoreMessageLength = 0;
  2139 00:05BE: 64 0D        	stz	<L85+xBytesToStoreMessageLength_1
  2140                        ;    }
  2141                        L10213:
  2142                        ;
  2143                        ;    if( xTicksToWait != ( TickType_t ) 0 )
  2144                        ;    {
  2145 00:05C0: A5 1B        	lda	<L84+xTicksToWait_0
  2146 00:05C2: 05 1D        	ora	<L84+xTicksToWait_0+2
  2147 00:05C4: F0 70        	beq	L10216
  2148                        ;        /* Checking if there is data and clearing the notification state must be
  2149                        ;         * performed atomically. */
  2150                        ;        taskENTER_CRITICAL();
  2151                        ;        {
  2152                        ;            xBytesAvailable = prvBytesInBuffer( pxStreamBuffer );
  2153 00:05C6: D4 07        	pei	<L85+pxStreamBuffer_1+2
  2154 00:05C8: D4 05        	pei	<L85+pxStreamBuffer_1
  2155 00:05CA: 20 xx xx     	jsr	_~prvBytesInBuffer
  2156 00:05CD: 85 0B        	sta	<L85+xBytesAvailable_1
  2157                        ;
  2158                        ;            /* If this function was invoked by a message buffer read then
  2159                        ;             * xBytesToStoreMessageLength holds the number of bytes used to hold
  2160                        ;             * the length of the next discrete message.  If this function was
  2161                        ;             * invoked by a stream buffer read then xBytesToStoreMessageLength will
  2162                        ;             * be 0. If this function was invoked by a stream batch buffer read
  2163                        ;             * then xBytesToStoreMessageLength will be xTriggerLevelBytes value
  2164                        ;             * for the buffer.*/
  2165                        ;            if( xBytesAvailable <= xBytesToStoreMessageLength )
  2166                        ;            {
  2167 00:05CF: A5 0D        	lda	<L85+xBytesToStoreMessageLength_1
  2168 00:05D1: C5 0B        	cmp	<L85+xBytesAvailable_1
  2169 00:05D3: 90 2E        	bcc	L10230
  2170                        ;                /* Clear notification state as going to wait for data. */
  2171                        ;                ( void ) xTaskNotifyStateClearIndexed( NULL, pxStreamBuffer->uxNotificationIndex );
  2172 00:05D5: A0 15 00     	ldy	#$15
  2173 00:05D8: B7 05        	lda	[<L85+pxStreamBuffer_1],Y
  2174 00:05DA: 48           	pha
  2175 00:05DB: F4 00 00     	pea	#^$0
  2176 00:05DE: F4 00 00     	pea	#<$0
  2177 00:05E1: 20 xx xx     	jsr	_~xTaskGenericNotifyStateClear
  2178 00:05E4: 85 01        	sta	<R0
  2179                        ;
  2180                        ;                /* Should only be one reader. */
  2181                        ;                configASSERT( pxStreamBuffer->xTaskWaitingToReceive == NULL );
  2182 00:05E6: A0 08 00     	ldy	#$8
  2183 00:05E9: B7 05        	lda	[<L85+pxStreamBuffer_1],Y
  2184 00:05EB: C8           	iny
  2185 00:05EC: C8           	iny
  Tue Sep 15 2026 17:44                                                                                                    Page 40


  2186 00:05ED: 17 05        	ora	[<L85+pxStreamBuffer_1],Y
  2187 00:05EF: F0 02        	beq	L10221
  2188                        L10225:
  2189 00:05F1: 80 FE        	bra	L10225
  2190                        L10221:
  2191                        ;                pxStreamBuffer->xTaskWaitingToReceive = xTaskGetCurrentTaskHandle();
  2192 00:05F3: 20 xx xx     	jsr	_~xTaskGetCurrentTaskHandle
  2193 00:05F6: 86 03        	stx	<R0+2
  2194 00:05F8: A0 08 00     	ldy	#$8
  2195 00:05FB: 97 05        	sta	[<L85+pxStreamBuffer_1],Y
  2196 00:05FD: A5 03        	lda	<R0+2
  2197 00:05FF: C8           	iny
  2198 00:0600: C8           	iny
  2199 00:0601: 97 05        	sta	[<L85+pxStreamBuffer_1],Y
  2200                        ;            }
  2201                        ;            else
  2202                        ;            {
  2203                        ;                mtCOVERAGE_TEST_MARKER();
  2204                        ;            }
  2205                        ;        }
  2206                        ;        taskEXIT_CRITICAL();
  2207                        L10230:
  2208                        ;
  2209                        ;        if( xBytesAvailable <= xBytesToStoreMessageLength )
  2210                        ;        {
  2211 00:0603: A5 0D        	lda	<L85+xBytesToStoreMessageLength_1
  2212 00:0605: C5 0B        	cmp	<L85+xBytesAvailable_1
  2213 00:0607: 90 36        	bcc	L10234
  2214                        ;            /* Wait for data to be available. */
  2215                        ;            traceBLOCKING_ON_STREAM_BUFFER_RECEIVE( xStreamBuffer );
  2216                        ;            ( void ) xTaskNotifyWaitIndexed( pxStreamBuffer->uxNotificationIndex, ( uint32_t ) 0, ( u
                    int32_t ) 0, NULL, xTicksToWait );
  2217 00:0609: D4 1D        	pei	<L84+xTicksToWait_0+2
  2218 00:060B: D4 1B        	pei	<L84+xTicksToWait_0
  2219 00:060D: F4 00 00     	pea	#^$0
  2220 00:0610: F4 00 00     	pea	#<$0
  2221 00:0613: F4 00 00     	pea	#^$0
  2222 00:0616: F4 00 00     	pea	#<$0
  2223 00:0619: F4 00 00     	pea	#^$0
  2224 00:061C: F4 00 00     	pea	#<$0
  2225 00:061F: A0 15 00     	ldy	#$15
  2226 00:0622: B7 05        	lda	[<L85+pxStreamBuffer_1],Y
  2227 00:0624: 48           	pha
  2228 00:0625: 20 xx xx     	jsr	_~xTaskGenericNotifyWait
  2229 00:0628: 85 01        	sta	<R0
  2230                        ;            pxStreamBuffer->xTaskWaitingToReceive = NULL;
  2231 00:062A: A9 00 00     	lda	#$0
  2232 00:062D: A0 08 00     	ldy	#$8
  2233 00:0630: 97 05        	sta	[<L85+pxStreamBuffer_1],Y
  2234 00:0632: C8           	iny
  2235 00:0633: C8           	iny
  2236 00:0634: 97 05        	sta	[<L85+pxStreamBuffer_1],Y
  2237                        ;
  2238                        ;            /* Recheck the data available after blocking. */
  2239                        ;            xBytesAvailable = prvBytesInBuffer( pxStreamBuffer );
  2240                        ;        }
  2241                        ;        else
  2242                        ;        {
  Tue Sep 15 2026 17:44                                                                                                    Page 41


  2243                        ;            mtCOVERAGE_TEST_MARKER();
  2244                        ;        }
  2245                        ;    }
  2246                        ;    else
  2247                        L10216:
  2248                        ;    {
  2249                        ;        xBytesAvailable = prvBytesInBuffer( pxStreamBuffer );
  2250 00:0636: D4 07        	pei	<L85+pxStreamBuffer_1+2
  2251 00:0638: D4 05        	pei	<L85+pxStreamBuffer_1
  2252 00:063A: 20 xx xx     	jsr	_~prvBytesInBuffer
  2253 00:063D: 85 0B        	sta	<L85+xBytesAvailable_1
  2254                        ;    }
  2255                        L10234:
  2256                        ;
  2257                        ;    /* Whether receiving a discrete message (where xBytesToStoreMessageLength
  2258                        ;     * holds the number of bytes used to store the message length) or a stream of
  2259                        ;     * bytes (where xBytesToStoreMessageLength is zero), the number of bytes
  2260                        ;     * available must be greater than xBytesToStoreMessageLength to be able to
  2261                        ;     * read bytes from the buffer. */
  2262                        ;    if( xBytesAvailable > xBytesToStoreMessageLength )
  2263                        ;    {
  2264 00:063F: A5 0D        	lda	<L85+xBytesToStoreMessageLength_1
  2265 00:0641: C5 0B        	cmp	<L85+xBytesAvailable_1
  2266 00:0643: B0 57        	bcs	L10242
  2267                        ;        xReceivedLength = prvReadMessageFromBuffer( pxStreamBuffer, pvRxData, xBufferLengthBytes, xBy
                    tesAvailable );
  2268 00:0645: D4 0B        	pei	<L85+xBytesAvailable_1
  2269 00:0647: D4 19        	pei	<L84+xBufferLengthBytes_0
  2270 00:0649: D4 17        	pei	<L84+pvRxData_0+2
  2271 00:064B: D4 15        	pei	<L84+pvRxData_0
  2272 00:064D: D4 07        	pei	<L85+pxStreamBuffer_1+2
  2273 00:064F: D4 05        	pei	<L85+pxStreamBuffer_1
  2274 00:0651: 20 xx xx     	jsr	_~prvReadMessageFromBuffer
  2275 00:0654: 85 09        	sta	<L85+xReceivedLength_1
  2276                        ;
  2277                        ;        /* Was a task waiting for space in the buffer? */
  2278                        ;        if( xReceivedLength != ( size_t ) 0 )
  2279                        ;        {
  2280 00:0656: A5 09        	lda	<L85+xReceivedLength_1
  2281 00:0658: F0 42        	beq	L10242
  2282                        ;            traceSTREAM_BUFFER_RECEIVE( xStreamBuffer, xReceivedLength );
  2283                        ;            prvRECEIVE_COMPLETED( xStreamBuffer );
  2284 00:065A: 20 xx xx     	jsr	_~vTaskSuspendAll
  2285 00:065D: A0 0C 00     	ldy	#$c
  2286 00:0660: B7 11        	lda	[<L84+xStreamBuffer_0],Y
  2287 00:0662: C8           	iny
  2288 00:0663: C8           	iny
  2289 00:0664: 17 11        	ora	[<L84+xStreamBuffer_0],Y
  2290 00:0666: F0 31        	beq	L10240
  2291 00:0668: F4 00 00     	pea	#^$0
  2292 00:066B: F4 00 00     	pea	#<$0
  2293 00:066E: F4 00 00     	pea	#<$0
  2294 00:0671: F4 00 00     	pea	#^$0
  2295 00:0674: F4 00 00     	pea	#<$0
  2296 00:0677: A0 15 00     	ldy	#$15
  2297 00:067A: B7 11        	lda	[<L84+xStreamBuffer_0],Y
  2298 00:067C: 48           	pha
  2299 00:067D: A0 0E 00     	ldy	#$e
  Tue Sep 15 2026 17:44                                                                                                    Page 42


  2300 00:0680: B7 11        	lda	[<L84+xStreamBuffer_0],Y
  2301 00:0682: 48           	pha
  2302 00:0683: 88           	dey
  2303 00:0684: 88           	dey
  2304 00:0685: B7 11        	lda	[<L84+xStreamBuffer_0],Y
  2305 00:0687: 48           	pha
  2306 00:0688: 20 xx xx     	jsr	_~xTaskGenericNotify
  2307 00:068B: 85 01        	sta	<R0
  2308 00:068D: A9 00 00     	lda	#$0
  2309 00:0690: A0 0C 00     	ldy	#$c
  2310 00:0693: 97 11        	sta	[<L84+xStreamBuffer_0],Y
  2311 00:0695: C8           	iny
  2312 00:0696: C8           	iny
  2313 00:0697: 97 11        	sta	[<L84+xStreamBuffer_0],Y
  2314                        L10240:
  2315 00:0699: 20 xx xx     	jsr	_~xTaskResumeAll
  2316                        ;        }
  2317                        ;        else
  2318                        L10242:
  2319                        ;
  2320                        ;    traceRETURN_xStreamBufferReceive( xReceivedLength );
  2321                        ;
  2322                        ;    return xReceivedLength;
  2323 00:069C: A5 09        	lda	<L85+xReceivedLength_1
  2324 00:069E: A8           	tay
  2325 00:069F: A5 0F        	lda	<L84+1
  2326 00:06A1: 85 1D        	sta	<L84+1+14
  2327 00:06A3: 2B           	pld
  2328 00:06A4: 3B           	tsc
  2329 00:06A5: 18           	clc
  2330 00:06A6: 69 1C 00     	adc	#L84+14
  2331 00:06A9: 1B           	tcs
  2332 00:06AA: 98           	tya
  2333 00:06AB: 60           	rts
  2334                        ;        {
  2335                        ;            mtCOVERAGE_TEST_MARKER();
  2336                        ;        }
  2337                        ;    }
  2338                        ;    else
  2339                        ;    {
  2340                        ;        traceSTREAM_BUFFER_RECEIVE_FAILED( xStreamBuffer );
  2341                        ;        mtCOVERAGE_TEST_MARKER();
  2342                        ;    }
  2343                        ;}
  2344             0000000E   L84	equ	14
  2345             00000005   L85	equ	5
  2346                        	ends
  2347                        	efunc
  2348                        ;/*-----------------------------------------------------------*/
  2349                        ;
  2350                        ;size_t xStreamBufferNextMessageLengthBytes( StreamBufferHandle_t xStreamBuffer )
  2351                        ;{
  2352                        	code
  2353                        	xdef	_~xStreamBufferNextMessageLengthBytes
  2354                        	func
  2355                        _~xStreamBufferNextMessageLengthBytes:
  2356                        	longa	on
  2357                        	longi	on
  Tue Sep 15 2026 17:44                                                                                                    Page 43


  2358 00:06AC: 3B           	tsc
  2359 00:06AD: 38           	sec
  2360 00:06AE: E9 0E 00     	sbc	#L98
  2361 00:06B1: 1B           	tcs
  2362 00:06B2: 0B           	phd
  2363 00:06B3: 5B           	tcd
  2364             00000003   xStreamBuffer_0	set	3
  2365                        ;    StreamBuffer_t * const pxStreamBuffer = xStreamBuffer;
  2366                        ;    size_t xReturn, xBytesAvailable;
  2367                        ;    configMESSAGE_BUFFER_LENGTH_TYPE xTempReturn;
  2368                        ;
  2369                        ;    traceENTER_xStreamBufferNextMessageLengthBytes( xStreamBuffer );
  2370             00000000   pxStreamBuffer_1	set	0
  2371             00000004   xReturn_1	set	4
  2372             00000006   xBytesAvailable_1	set	6
  2373             00000008   xTempReturn_1	set	8
  2374 00:06B4: A5 11        	lda	<L98+xStreamBuffer_0
  2375 00:06B6: 85 05        	sta	<L99+pxStreamBuffer_1
  2376 00:06B8: A5 13        	lda	<L98+xStreamBuffer_0+2
  2377 00:06BA: 85 07        	sta	<L99+pxStreamBuffer_1+2
  2378                        ;
  2379                        ;    configASSERT( pxStreamBuffer );
  2380 00:06BC: A5 05        	lda	<L99+pxStreamBuffer_1
  2381 00:06BE: 05 07        	ora	<L99+pxStreamBuffer_1+2
  2382 00:06C0: D0 02        	bne	L10243
  2383                        L10247:
  2384 00:06C2: 80 FE        	bra	L10247
  2385                        L10243:
  2386                        ;
  2387                        ;    /* Ensure the stream buffer is being used as a message buffer. */
  2388                        ;    if( ( pxStreamBuffer->ucFlags & sbFLAGS_IS_MESSAGE_BUFFER ) != ( uint8_t ) 0 )
  2389                        ;    {
  2390 00:06C4: E2 20        	sep	#$20
  2391                        	longa	off
  2392 00:06C6: A0 14 00     	ldy	#$14
  2393 00:06C9: B7 05        	lda	[<L99+pxStreamBuffer_1],Y
  2394 00:06CB: 29 01        	and	#<$1
  2395 00:06CD: C2 20        	rep	#$20
  2396                        	longa	on
  2397 00:06CF: F0 34        	beq	L10250
  2398                        ;        xBytesAvailable = prvBytesInBuffer( pxStreamBuffer );
  2399 00:06D1: D4 07        	pei	<L99+pxStreamBuffer_1+2
  2400 00:06D3: D4 05        	pei	<L99+pxStreamBuffer_1
  2401 00:06D5: 20 xx xx     	jsr	_~prvBytesInBuffer
  2402 00:06D8: 85 0B        	sta	<L99+xBytesAvailable_1
  2403                        ;
  2404                        ;        if( xBytesAvailable > sbBYTES_TO_STORE_MESSAGE_LENGTH )
  2405                        ;        {
  2406 00:06DA: A9 02 00     	lda	#$2
  2407 00:06DD: C5 0B        	cmp	<L99+xBytesAvailable_1
  2408 00:06DF: B0 1E        	bcs	L10251
  2409                        ;            /* The number of bytes available is greater than the number of bytes
  2410                        ;             * required to hold the length of the next message, so another message
  2411                        ;             * is available. */
  2412                        ;            ( void ) prvReadBytesFromBuffer( pxStreamBuffer, ( uint8_t * ) &xTempReturn, sbBYTES_TO_S
                    TORE_MESSAGE_LENGTH, pxStreamBuffer->xTail );
  2413 00:06E1: A7 05        	lda	[<L99+pxStreamBuffer_1]
  2414 00:06E3: 48           	pha
  Tue Sep 15 2026 17:44                                                                                                    Page 44


  2415 00:06E4: F4 02 00     	pea	#<$2
  2416 00:06E7: F4 00 00     	pea	#0
  2417 00:06EA: 18           	clc
  2418 00:06EB: 7B           	tdc
  2419 00:06EC: 69 0D 00     	adc	#<L99+xTempReturn_1
  2420 00:06EF: 48           	pha
  2421 00:06F0: D4 07        	pei	<L99+pxStreamBuffer_1+2
  2422 00:06F2: D4 05        	pei	<L99+pxStreamBuffer_1
  2423 00:06F4: 20 xx xx     	jsr	_~prvReadBytesFromBuffer
  2424 00:06F7: 85 01        	sta	<R0
  2425                        ;            xReturn = ( size_t ) xTempReturn;
  2426 00:06F9: A5 0D        	lda	<L99+xTempReturn_1
  2427 00:06FB: 85 09        	sta	<L99+xReturn_1
  2428                        ;        }
  2429                        ;        else
  2430 00:06FD: 80 08        	bra	L10260
  2431                        L10251:
  2432                        ;        {
  2433                        ;            /* The minimum amount of bytes in a message buffer is
  2434                        ;             * ( sbBYTES_TO_STORE_MESSAGE_LENGTH + 1 ), so if xBytesAvailable is
  2435                        ;             * less than sbBYTES_TO_STORE_MESSAGE_LENGTH the only other valid
  2436                        ;             * value is 0. */
  2437                        ;            configASSERT( xBytesAvailable == 0 );
  2438 00:06FF: A5 0B        	lda	<L99+xBytesAvailable_1
  2439 00:0701: F0 02        	beq	L10250
  2440                        L10257:
  2441 00:0703: 80 FE        	bra	L10257
  2442                        ;            xReturn = 0;
  2443                        ;        }
  2444                        ;    }
  2445                        ;    else
  2446                        L10250:
  2447                        ;    {
  2448                        ;        xReturn = 0;
  2449 00:0705: 64 09        	stz	<L99+xReturn_1
  2450                        ;    }
  2451                        L10260:
  2452                        ;
  2453                        ;    traceRETURN_xStreamBufferNextMessageLengthBytes( xReturn );
  2454                        ;
  2455                        ;    return xReturn;
  2456 00:0707: A5 09        	lda	<L99+xReturn_1
  2457 00:0709: A8           	tay
  2458 00:070A: A5 0F        	lda	<L98+1
  2459 00:070C: 85 13        	sta	<L98+1+4
  2460 00:070E: 2B           	pld
  2461 00:070F: 3B           	tsc
  2462 00:0710: 18           	clc
  2463 00:0711: 69 12 00     	adc	#L98+4
  2464 00:0714: 1B           	tcs
  2465 00:0715: 98           	tya
  2466 00:0716: 60           	rts
  2467                        ;}
  2468             0000000E   L98	equ	14
  2469             00000005   L99	equ	5
  2470                        	ends
  2471                        	efunc
  2472                        ;/*-----------------------------------------------------------*/
  Tue Sep 15 2026 17:44                                                                                                    Page 45


  2473                        ;
  2474                        ;size_t xStreamBufferReceiveFromISR( StreamBufferHandle_t xStreamBuffer,
  2475                        ;                                    void * pvRxData,
  2476                        ;                                    size_t xBufferLengthBytes,
  2477                        ;                                    BaseType_t * const pxHigherPriorityTaskWoken )
  2478                        ;{
  2479                        	code
  2480                        	xdef	_~xStreamBufferReceiveFromISR
  2481                        	func
  2482                        _~xStreamBufferReceiveFromISR:
  2483                        	longa	on
  2484                        	longi	on
  2485 00:0717: 3B           	tsc
  2486 00:0718: 38           	sec
  2487 00:0719: E9 10 00     	sbc	#L105
  2488 00:071C: 1B           	tcs
  2489 00:071D: 0B           	phd
  2490 00:071E: 5B           	tcd
  2491             00000003   xStreamBuffer_0	set	3
  2492             00000007   pvRxData_0	set	7
  2493             0000000B   xBufferLengthBytes_0	set	11
  2494             0000000D   pxHigherPriorityTaskWoken_0	set	13
  2495                        ;    StreamBuffer_t * const pxStreamBuffer = xStreamBuffer;
  2496                        ;    size_t xReceivedLength = 0, xBytesAvailable, xBytesToStoreMessageLength;
  2497                        ;
  2498                        ;    traceENTER_xStreamBufferReceiveFromISR( xStreamBuffer, pvRxData, xBufferLengthBytes, pxHigherPrio
                    rityTaskWoken );
  2499             00000000   pxStreamBuffer_1	set	0
  2500             00000004   xReceivedLength_1	set	4
  2501             00000006   xBytesAvailable_1	set	6
  2502             00000008   xBytesToStoreMessageLength_1	set	8
  2503 00:071F: A5 13        	lda	<L105+xStreamBuffer_0
  2504 00:0721: 85 05        	sta	<L106+pxStreamBuffer_1
  2505 00:0723: A5 15        	lda	<L105+xStreamBuffer_0+2
  2506 00:0725: 85 07        	sta	<L106+pxStreamBuffer_1+2
  2507 00:0727: 64 09        	stz	<L106+xReceivedLength_1
  2508                        ;
  2509                        ;    configASSERT( pvRxData );
  2510 00:0729: A5 17        	lda	<L105+pvRxData_0
  2511 00:072B: 05 19        	ora	<L105+pvRxData_0+2
  2512 00:072D: D0 02        	bne	L10261
  2513                        L10265:
  2514 00:072F: 80 FE        	bra	L10265
  2515                        L10261:
  2516                        ;    configASSERT( pxStreamBuffer );
  2517 00:0731: A5 05        	lda	<L106+pxStreamBuffer_1
  2518 00:0733: 05 07        	ora	<L106+pxStreamBuffer_1+2
  2519 00:0735: D0 02        	bne	L10268
  2520                        L10272:
  2521 00:0737: 80 FE        	bra	L10272
  2522                        L10268:
  2523                        ;
  2524                        ;    /* This receive function is used by both message buffers, which store
  2525                        ;     * discrete messages, and stream buffers, which store a continuous stream of
  2526                        ;     * bytes.  Discrete messages include an additional
  2527                        ;     * sbBYTES_TO_STORE_MESSAGE_LENGTH bytes that hold the length of the
  2528                        ;     * message. */
  2529                        ;    if( ( pxStreamBuffer->ucFlags & sbFLAGS_IS_MESSAGE_BUFFER ) != ( uint8_t ) 0 )
  Tue Sep 15 2026 17:44                                                                                                    Page 46


  2530                        ;    {
  2531 00:0739: E2 20        	sep	#$20
  2532                        	longa	off
  2533 00:073B: A0 14 00     	ldy	#$14
  2534 00:073E: B7 05        	lda	[<L106+pxStreamBuffer_1],Y
  2535 00:0740: 29 01        	and	#<$1
  2536 00:0742: C2 20        	rep	#$20
  2537                        	longa	on
  2538 00:0744: F0 07        	beq	L10275
  2539                        ;        xBytesToStoreMessageLength = sbBYTES_TO_STORE_MESSAGE_LENGTH;
  2540 00:0746: A9 02 00     	lda	#$2
  2541 00:0749: 85 0D        	sta	<L106+xBytesToStoreMessageLength_1
  2542                        ;    }
  2543                        ;    else
  2544 00:074B: 80 02        	bra	L10276
  2545                        L10275:
  2546                        ;    {
  2547                        ;        xBytesToStoreMessageLength = 0;
  2548 00:074D: 64 0D        	stz	<L106+xBytesToStoreMessageLength_1
  2549                        ;    }
  2550                        L10276:
  2551                        ;
  2552                        ;    xBytesAvailable = prvBytesInBuffer( pxStreamBuffer );
  2553 00:074F: D4 07        	pei	<L106+pxStreamBuffer_1+2
  2554 00:0751: D4 05        	pei	<L106+pxStreamBuffer_1
  2555 00:0753: 20 xx xx     	jsr	_~prvBytesInBuffer
  2556 00:0756: 85 0B        	sta	<L106+xBytesAvailable_1
  2557                        ;
  2558                        ;    /* Whether receiving a discrete message (where xBytesToStoreMessageLength
  2559                        ;     * holds the number of bytes used to store the message length) or a stream of
  2560                        ;     * bytes (where xBytesToStoreMessageLength is zero), the number of bytes
  2561                        ;     * available must be greater than xBytesToStoreMessageLength to be able to
  2562                        ;     * read bytes from the buffer. */
  2563                        ;    if( xBytesAvailable > xBytesToStoreMessageLength )
  2564                        ;    {
  2565 00:0758: A5 0D        	lda	<L106+xBytesToStoreMessageLength_1
  2566 00:075A: C5 0B        	cmp	<L106+xBytesAvailable_1
  2567 00:075C: B0 57        	bcs	L10284
  2568                        ;        xReceivedLength = prvReadMessageFromBuffer( pxStreamBuffer, pvRxData, xBufferLengthBytes, xBy
                    tesAvailable );
  2569 00:075E: D4 0B        	pei	<L106+xBytesAvailable_1
  2570 00:0760: D4 1B        	pei	<L105+xBufferLengthBytes_0
  2571 00:0762: D4 19        	pei	<L105+pvRxData_0+2
  2572 00:0764: D4 17        	pei	<L105+pvRxData_0
  2573 00:0766: D4 07        	pei	<L106+pxStreamBuffer_1+2
  2574 00:0768: D4 05        	pei	<L106+pxStreamBuffer_1
  2575 00:076A: 20 xx xx     	jsr	_~prvReadMessageFromBuffer
  2576 00:076D: 85 09        	sta	<L106+xReceivedLength_1
  2577                        ;
  2578                        ;        /* Was a task waiting for space in the buffer? */
  2579                        ;        if( xReceivedLength != ( size_t ) 0 )
  2580                        ;        {
  2581 00:076F: A5 09        	lda	<L106+xReceivedLength_1
  2582 00:0771: F0 42        	beq	L10284
  2583                        ;            /* MISRA Ref 4.7.1 [Return value shall be checked] */
  2584                        ;            /* More details at: https://github.com/FreeRTOS/FreeRTOS-Kernel/blob/main/MISRA.md#dir-47
                     */
  2585                        ;            /* coverity[misra_c_2012_directive_4_7_violation] */
  Tue Sep 15 2026 17:44                                                                                                    Page 47


  2586                        ;            prvRECEIVE_COMPLETED_FROM_ISR( pxStreamBuffer, pxHigherPriorityTaskWoken );
  2587             0000000A   uxSavedInterruptStatus_2	set	10
  2588 00:0773: 64 0F        	stz	<L106+uxSavedInterruptStatus_2
  2589 00:0775: A0 0C 00     	ldy	#$c
  2590 00:0778: B7 05        	lda	[<L106+pxStreamBuffer_1],Y
  2591 00:077A: C8           	iny
  2592 00:077B: C8           	iny
  2593 00:077C: 17 05        	ora	[<L106+pxStreamBuffer_1],Y
  2594 00:077E: F0 35        	beq	L10284
  2595 00:0780: D4 1F        	pei	<L105+pxHigherPriorityTaskWoken_0+2
  2596 00:0782: D4 1D        	pei	<L105+pxHigherPriorityTaskWoken_0
  2597 00:0784: F4 00 00     	pea	#^$0
  2598 00:0787: F4 00 00     	pea	#<$0
  2599 00:078A: F4 00 00     	pea	#<$0
  2600 00:078D: F4 00 00     	pea	#^$0
  2601 00:0790: F4 00 00     	pea	#<$0
  2602 00:0793: A0 15 00     	ldy	#$15
  2603 00:0796: B7 05        	lda	[<L106+pxStreamBuffer_1],Y
  2604 00:0798: 48           	pha
  2605 00:0799: A0 0E 00     	ldy	#$e
  2606 00:079C: B7 05        	lda	[<L106+pxStreamBuffer_1],Y
  2607 00:079E: 48           	pha
  2608 00:079F: 88           	dey
  2609 00:07A0: 88           	dey
  2610 00:07A1: B7 05        	lda	[<L106+pxStreamBuffer_1],Y
  2611 00:07A3: 48           	pha
  2612 00:07A4: 20 xx xx     	jsr	_~xTaskGenericNotifyFromISR
  2613 00:07A7: 85 01        	sta	<R0
  2614 00:07A9: A9 00 00     	lda	#$0
  2615 00:07AC: A0 0C 00     	ldy	#$c
  2616 00:07AF: 97 05        	sta	[<L106+pxStreamBuffer_1],Y
  2617 00:07B1: C8           	iny
  2618 00:07B2: C8           	iny
  2619 00:07B3: 97 05        	sta	[<L106+pxStreamBuffer_1],Y
  2620                        ;        }
  2621                        ;        else
  2622                        L10284:
  2623                        ;
  2624                        ;    traceSTREAM_BUFFER_RECEIVE_FROM_ISR( xStreamBuffer, xReceivedLength );
  2625                        ;    traceRETURN_xStreamBufferReceiveFromISR( xReceivedLength );
  2626                        ;
  2627                        ;    return xReceivedLength;
  2628 00:07B5: A5 09        	lda	<L106+xReceivedLength_1
  2629 00:07B7: A8           	tay
  2630 00:07B8: A5 11        	lda	<L105+1
  2631 00:07BA: 85 1F        	sta	<L105+1+14
  2632 00:07BC: 2B           	pld
  2633 00:07BD: 3B           	tsc
  2634 00:07BE: 18           	clc
  2635 00:07BF: 69 1E 00     	adc	#L105+14
  2636 00:07C2: 1B           	tcs
  2637 00:07C3: 98           	tya
  2638 00:07C4: 60           	rts
  2639                        ;        {
  2640                        ;            mtCOVERAGE_TEST_MARKER();
  2641                        ;        }
  2642                        ;    }
  2643                        ;    else
  Tue Sep 15 2026 17:44                                                                                                    Page 48


  2644                        ;    {
  2645                        ;        mtCOVERAGE_TEST_MARKER();
  2646                        ;    }
  2647                        ;}
  2648             00000010   L105	equ	16
  2649             00000005   L106	equ	5
  2650                        	ends
  2651                        	efunc
  2652                        ;/*-----------------------------------------------------------*/
  2653                        ;
  2654                        ;static size_t prvReadMessageFromBuffer( StreamBuffer_t * pxStreamBuffer,
  2655                        ;                                        void * pvRxData,
  2656                        ;                                        size_t xBufferLengthBytes,
  2657                        ;                                        size_t xBytesAvailable )
  2658                        ;{
  2659                        	code
  2660                        	func
  2661                        _~prvReadMessageFromBuffer:
  2662                        	longa	on
  2663                        	longi	on
  2664 00:07C5: 3B           	tsc
  2665 00:07C6: 38           	sec
  2666 00:07C7: E9 08 00     	sbc	#L114
  2667 00:07CA: 1B           	tcs
  2668 00:07CB: 0B           	phd
  2669 00:07CC: 5B           	tcd
  2670             00000003   pxStreamBuffer_0	set	3
  2671             00000007   pvRxData_0	set	7
  2672             0000000B   xBufferLengthBytes_0	set	11
  2673             0000000D   xBytesAvailable_0	set	13
  2674                        ;    size_t xCount, xNextMessageLength;
  2675                        ;    configMESSAGE_BUFFER_LENGTH_TYPE xTempNextMessageLength;
  2676                        ;    size_t xNextTail = pxStreamBuffer->xTail;
  2677                        ;
  2678                        ;    if( ( pxStreamBuffer->ucFlags & sbFLAGS_IS_MESSAGE_BUFFER ) != ( uint8_t ) 0 )
  2679             00000000   xCount_1	set	0
  2680             00000002   xNextMessageLength_1	set	2
  2681             00000004   xTempNextMessageLength_1	set	4
  2682             00000006   xNextTail_1	set	6
  2683 00:07CD: A7 0B        	lda	[<L114+pxStreamBuffer_0]
  2684 00:07CF: 85 07        	sta	<L115+xNextTail_1
  2685                        ;    {
  2686 00:07D1: E2 20        	sep	#$20
  2687                        	longa	off
  2688 00:07D3: A0 14 00     	ldy	#$14
  2689 00:07D6: B7 0B        	lda	[<L114+pxStreamBuffer_0],Y
  2690 00:07D8: 29 01        	and	#<$1
  2691 00:07DA: C2 20        	rep	#$20
  2692                        	longa	on
  2693 00:07DC: F0 29        	beq	L10285
  2694                        ;        /* A discrete message is being received.  First receive the length
  2695                        ;         * of the message. */
  2696                        ;        xNextTail = prvReadBytesFromBuffer( pxStreamBuffer, ( uint8_t * ) &xTempNextMessageLength, sb
                    BYTES_TO_STORE_MESSAGE_LENGTH, xNextTail );
  2697 00:07DE: D4 07        	pei	<L115+xNextTail_1
  2698 00:07E0: F4 02 00     	pea	#<$2
  2699 00:07E3: F4 00 00     	pea	#0
  2700 00:07E6: 18           	clc
  Tue Sep 15 2026 17:44                                                                                                    Page 49


  2701 00:07E7: 7B           	tdc
  2702 00:07E8: 69 05 00     	adc	#<L115+xTempNextMessageLength_1
  2703 00:07EB: 48           	pha
  2704 00:07EC: D4 0D        	pei	<L114+pxStreamBuffer_0+2
  2705 00:07EE: D4 0B        	pei	<L114+pxStreamBuffer_0
  2706 00:07F0: 20 xx xx     	jsr	_~prvReadBytesFromBuffer
  2707 00:07F3: 85 07        	sta	<L115+xNextTail_1
  2708                        ;        xNextMessageLength = ( size_t ) xTempNextMessageLength;
  2709 00:07F5: A5 05        	lda	<L115+xTempNextMessageLength_1
  2710 00:07F7: 85 03        	sta	<L115+xNextMessageLength_1
  2711                        ;
  2712                        ;        /* Reduce the number of bytes available by the number of bytes just
  2713                        ;         * read out. */
  2714                        ;        xBytesAvailable -= sbBYTES_TO_STORE_MESSAGE_LENGTH;
  2715 00:07F9: C6 15        	dec	<L114+xBytesAvailable_0
  2716 00:07FB: C6 15        	dec	<L114+xBytesAvailable_0
  2717                        ;
  2718                        ;        /* Check there is enough space in the buffer provided by the
  2719                        ;         * user. */
  2720                        ;        if( xNextMessageLength > xBufferLengthBytes )
  2721                        ;        {
  2722 00:07FD: A5 13        	lda	<L114+xBufferLengthBytes_0
  2723 00:07FF: C5 03        	cmp	<L115+xNextMessageLength_1
  2724 00:0801: B0 08        	bcs	L10288
  2725                        ;            /* The user has provided insufficient space to read the message. */
  2726                        ;            xNextMessageLength = 0;
  2727 00:0803: 64 03        	stz	<L115+xNextMessageLength_1
  2728                        ;        }
  2729                        ;        else
  2730 00:0805: 80 04        	bra	L10288
  2731                        ;        {
  2732                        ;            mtCOVERAGE_TEST_MARKER();
  2733                        ;        }
  2734                        ;    }
  2735                        ;    else
  2736                        L10285:
  2737                        ;    {
  2738                        ;        /* A stream of bytes is being received (as opposed to a discrete
  2739                        ;         * message), so read as many bytes as possible. */
  2740                        ;        xNextMessageLength = xBufferLengthBytes;
  2741 00:0807: A5 13        	lda	<L114+xBufferLengthBytes_0
  2742 00:0809: 85 03        	sta	<L115+xNextMessageLength_1
  2743                        ;    }
  2744                        L10288:
  2745                        ;
  2746                        ;    /* Use the minimum of the wanted bytes and the available bytes. */
  2747                        ;    xCount = configMIN( xNextMessageLength, xBytesAvailable );
  2748 00:080B: A5 03        	lda	<L115+xNextMessageLength_1
  2749 00:080D: C5 15        	cmp	<L114+xBytesAvailable_0
  2750 00:080F: B0 04        	bcs	L118
  2751 00:0811: A5 03        	lda	<L115+xNextMessageLength_1
  2752 00:0813: 80 02        	bra	L120
  2753                        L118:
  2754 00:0815: A5 15        	lda	<L114+xBytesAvailable_0
  2755                        L120:
  2756 00:0817: 85 01        	sta	<L115+xCount_1
  2757                        ;
  2758                        ;    if( xCount != ( size_t ) 0 )
  Tue Sep 15 2026 17:44                                                                                                    Page 50


  2759                        ;    {
  2760 00:0819: A5 01        	lda	<L115+xCount_1
  2761 00:081B: F0 11        	beq	L10289
  2762                        ;        /* Read the actual data and update the tail to mark the data as officially consumed. */
  2763                        ;        /* MISRA Ref 11.5.5 [Void pointer assignment] */
  2764                        ;        /* More details at: https://github.com/FreeRTOS/FreeRTOS-Kernel/blob/main/MISRA.md#rule-115 *
                    /
  2765                        ;        /* coverity[misra_c_2012_rule_11_5_violation] */
  2766                        ;        pxStreamBuffer->xTail = prvReadBytesFromBuffer( pxStreamBuffer, ( uint8_t * ) pvRxData, xCoun
                    t, xNextTail );
  2767 00:081D: D4 07        	pei	<L115+xNextTail_1
  2768 00:081F: D4 01        	pei	<L115+xCount_1
  2769 00:0821: D4 11        	pei	<L114+pvRxData_0+2
  2770 00:0823: D4 0F        	pei	<L114+pvRxData_0
  2771 00:0825: D4 0D        	pei	<L114+pxStreamBuffer_0+2
  2772 00:0827: D4 0B        	pei	<L114+pxStreamBuffer_0
  2773 00:0829: 20 xx xx     	jsr	_~prvReadBytesFromBuffer
  2774 00:082C: 87 0B        	sta	[<L114+pxStreamBuffer_0]
  2775                        ;    }
  2776                        ;
  2777                        ;    return xCount;
  2778                        L10289:
  2779 00:082E: A5 01        	lda	<L115+xCount_1
  2780 00:0830: A8           	tay
  2781 00:0831: A5 09        	lda	<L114+1
  2782 00:0833: 85 15        	sta	<L114+1+12
  2783 00:0835: 2B           	pld
  2784 00:0836: 3B           	tsc
  2785 00:0837: 18           	clc
  2786 00:0838: 69 14 00     	adc	#L114+12
  2787 00:083B: 1B           	tcs
  2788 00:083C: 98           	tya
  2789 00:083D: 60           	rts
  2790                        ;}
  2791             00000008   L114	equ	8
  2792             00000001   L115	equ	1
  2793                        	ends
  2794                        	efunc
  2795                        ;/*-----------------------------------------------------------*/
  2796                        ;
  2797                        ;BaseType_t xStreamBufferIsEmpty( StreamBufferHandle_t xStreamBuffer )
  2798                        ;{
  2799                        	code
  2800                        	xdef	_~xStreamBufferIsEmpty
  2801                        	func
  2802                        _~xStreamBufferIsEmpty:
  2803                        	longa	on
  2804                        	longi	on
  2805 00:083E: 3B           	tsc
  2806 00:083F: 38           	sec
  2807 00:0840: E9 08 00     	sbc	#L123
  2808 00:0843: 1B           	tcs
  2809 00:0844: 0B           	phd
  2810 00:0845: 5B           	tcd
  2811             00000003   xStreamBuffer_0	set	3
  2812                        ;    const StreamBuffer_t * const pxStreamBuffer = xStreamBuffer;
  2813                        ;    BaseType_t xReturn;
  2814                        ;    size_t xTail;
  Tue Sep 15 2026 17:44                                                                                                    Page 51


  2815                        ;
  2816                        ;    traceENTER_xStreamBufferIsEmpty( xStreamBuffer );
  2817             00000000   pxStreamBuffer_1	set	0
  2818             00000004   xReturn_1	set	4
  2819             00000006   xTail_1	set	6
  2820 00:0846: A5 0B        	lda	<L123+xStreamBuffer_0
  2821 00:0848: 85 01        	sta	<L124+pxStreamBuffer_1
  2822 00:084A: A5 0D        	lda	<L123+xStreamBuffer_0+2
  2823 00:084C: 85 03        	sta	<L124+pxStreamBuffer_1+2
  2824                        ;
  2825                        ;    configASSERT( pxStreamBuffer );
  2826 00:084E: A5 01        	lda	<L124+pxStreamBuffer_1
  2827 00:0850: 05 03        	ora	<L124+pxStreamBuffer_1+2
  2828 00:0852: D0 02        	bne	L10290
  2829                        L10294:
  2830 00:0854: 80 FE        	bra	L10294
  2831                        L10290:
  2832                        ;
  2833                        ;    /* True if no bytes are available. */
  2834                        ;    xTail = pxStreamBuffer->xTail;
  2835 00:0856: A7 01        	lda	[<L124+pxStreamBuffer_1]
  2836 00:0858: 85 07        	sta	<L124+xTail_1
  2837                        ;
  2838                        ;    if( pxStreamBuffer->xHead == xTail )
  2839                        ;    {
  2840 00:085A: A0 02 00     	ldy	#$2
  2841 00:085D: B7 01        	lda	[<L124+pxStreamBuffer_1],Y
  2842 00:085F: C5 07        	cmp	<L124+xTail_1
  2843 00:0861: D0 07        	bne	L10297
  2844                        ;        xReturn = pdTRUE;
  2845 00:0863: A9 01 00     	lda	#$1
  2846 00:0866: 85 05        	sta	<L124+xReturn_1
  2847                        ;    }
  2848                        ;    else
  2849 00:0868: 80 02        	bra	L10298
  2850                        L10297:
  2851                        ;    {
  2852                        ;        xReturn = pdFALSE;
  2853 00:086A: 64 05        	stz	<L124+xReturn_1
  2854                        ;    }
  2855                        L10298:
  2856                        ;
  2857                        ;    traceRETURN_xStreamBufferIsEmpty( xReturn );
  2858                        ;
  2859                        ;    return xReturn;
  2860 00:086C: A5 05        	lda	<L124+xReturn_1
  2861 00:086E: A8           	tay
  2862 00:086F: A5 09        	lda	<L123+1
  2863 00:0871: 85 0D        	sta	<L123+1+4
  2864 00:0873: 2B           	pld
  2865 00:0874: 3B           	tsc
  2866 00:0875: 18           	clc
  2867 00:0876: 69 0C 00     	adc	#L123+4
  2868 00:0879: 1B           	tcs
  2869 00:087A: 98           	tya
  2870 00:087B: 60           	rts
  2871                        ;}
  2872             00000008   L123	equ	8
  Tue Sep 15 2026 17:44                                                                                                    Page 52


  2873             00000001   L124	equ	1
  2874                        	ends
  2875                        	efunc
  2876                        ;/*-----------------------------------------------------------*/
  2877                        ;
  2878                        ;BaseType_t xStreamBufferIsFull( StreamBufferHandle_t xStreamBuffer )
  2879                        ;{
  2880                        	code
  2881                        	xdef	_~xStreamBufferIsFull
  2882                        	func
  2883                        _~xStreamBufferIsFull:
  2884                        	longa	on
  2885                        	longi	on
  2886 00:087C: 3B           	tsc
  2887 00:087D: 38           	sec
  2888 00:087E: E9 0C 00     	sbc	#L128
  2889 00:0881: 1B           	tcs
  2890 00:0882: 0B           	phd
  2891 00:0883: 5B           	tcd
  2892             00000003   xStreamBuffer_0	set	3
  2893                        ;    BaseType_t xReturn;
  2894                        ;    size_t xBytesToStoreMessageLength;
  2895                        ;    const StreamBuffer_t * const pxStreamBuffer = xStreamBuffer;
  2896                        ;
  2897                        ;    traceENTER_xStreamBufferIsFull( xStreamBuffer );
  2898             00000000   xReturn_1	set	0
  2899             00000002   xBytesToStoreMessageLength_1	set	2
  2900             00000004   pxStreamBuffer_1	set	4
  2901 00:0884: A5 0F        	lda	<L128+xStreamBuffer_0
  2902 00:0886: 85 09        	sta	<L129+pxStreamBuffer_1
  2903 00:0888: A5 11        	lda	<L128+xStreamBuffer_0+2
  2904 00:088A: 85 0B        	sta	<L129+pxStreamBuffer_1+2
  2905                        ;
  2906                        ;    configASSERT( pxStreamBuffer );
  2907 00:088C: A5 09        	lda	<L129+pxStreamBuffer_1
  2908 00:088E: 05 0B        	ora	<L129+pxStreamBuffer_1+2
  2909 00:0890: D0 02        	bne	L10299
  2910                        L10303:
  2911 00:0892: 80 FE        	bra	L10303
  2912                        L10299:
  2913                        ;
  2914                        ;    /* This generic version of the receive function is used by both message
  2915                        ;     * buffers, which store discrete messages, and stream buffers, which store a
  2916                        ;     * continuous stream of bytes.  Discrete messages include an additional
  2917                        ;     * sbBYTES_TO_STORE_MESSAGE_LENGTH bytes that hold the length of the message. */
  2918                        ;    if( ( pxStreamBuffer->ucFlags & sbFLAGS_IS_MESSAGE_BUFFER ) != ( uint8_t ) 0 )
  2919                        ;    {
  2920 00:0894: E2 20        	sep	#$20
  2921                        	longa	off
  2922 00:0896: A0 14 00     	ldy	#$14
  2923 00:0899: B7 09        	lda	[<L129+pxStreamBuffer_1],Y
  2924 00:089B: 29 01        	and	#<$1
  2925 00:089D: C2 20        	rep	#$20
  2926                        	longa	on
  2927 00:089F: F0 07        	beq	L10306
  2928                        ;        xBytesToStoreMessageLength = sbBYTES_TO_STORE_MESSAGE_LENGTH;
  2929 00:08A1: A9 02 00     	lda	#$2
  2930 00:08A4: 85 07        	sta	<L129+xBytesToStoreMessageLength_1
  Tue Sep 15 2026 17:44                                                                                                    Page 53


  2931                        ;    }
  2932                        ;    else
  2933 00:08A6: 80 02        	bra	L10307
  2934                        L10306:
  2935                        ;    {
  2936                        ;        xBytesToStoreMessageLength = 0;
  2937 00:08A8: 64 07        	stz	<L129+xBytesToStoreMessageLength_1
  2938                        ;    }
  2939                        L10307:
  2940                        ;
  2941                        ;    /* True if the available space equals zero. */
  2942                        ;    if( xStreamBufferSpacesAvailable( xStreamBuffer ) <= xBytesToStoreMessageLength )
  2943                        ;    {
  2944 00:08AA: D4 11        	pei	<L128+xStreamBuffer_0+2
  2945 00:08AC: D4 0F        	pei	<L128+xStreamBuffer_0
  2946 00:08AE: 20 xx xx     	jsr	_~xStreamBufferSpacesAvailable
  2947 00:08B1: 85 01        	sta	<R0
  2948 00:08B3: A5 07        	lda	<L129+xBytesToStoreMessageLength_1
  2949 00:08B5: C5 01        	cmp	<R0
  2950 00:08B7: 90 07        	bcc	L10308
  2951                        ;        xReturn = pdTRUE;
  2952 00:08B9: A9 01 00     	lda	#$1
  2953 00:08BC: 85 05        	sta	<L129+xReturn_1
  2954                        ;    }
  2955                        ;    else
  2956 00:08BE: 80 02        	bra	L10309
  2957                        L10308:
  2958                        ;    {
  2959                        ;        xReturn = pdFALSE;
  2960 00:08C0: 64 05        	stz	<L129+xReturn_1
  2961                        ;    }
  2962                        L10309:
  2963                        ;
  2964                        ;    traceRETURN_xStreamBufferIsFull( xReturn );
  2965                        ;
  2966                        ;    return xReturn;
  2967 00:08C2: A5 05        	lda	<L129+xReturn_1
  2968 00:08C4: A8           	tay
  2969 00:08C5: A5 0D        	lda	<L128+1
  2970 00:08C7: 85 11        	sta	<L128+1+4
  2971 00:08C9: 2B           	pld
  2972 00:08CA: 3B           	tsc
  2973 00:08CB: 18           	clc
  2974 00:08CC: 69 10 00     	adc	#L128+4
  2975 00:08CF: 1B           	tcs
  2976 00:08D0: 98           	tya
  2977 00:08D1: 60           	rts
  2978                        ;}
  2979             0000000C   L128	equ	12
  2980             00000005   L129	equ	5
  2981                        	ends
  2982                        	efunc
  2983                        ;/*-----------------------------------------------------------*/
  2984                        ;
  2985                        ;BaseType_t xStreamBufferSendCompletedFromISR( StreamBufferHandle_t xStreamBuffer,
  2986                        ;                                              BaseType_t * pxHigherPriorityTaskWoken )
  2987                        ;{
  2988                        	code
  Tue Sep 15 2026 17:44                                                                                                    Page 54


  2989                        	xdef	_~xStreamBufferSendCompletedFromISR
  2990                        	func
  2991                        _~xStreamBufferSendCompletedFromISR:
  2992                        	longa	on
  2993                        	longi	on
  2994 00:08D2: 3B           	tsc
  2995 00:08D3: 38           	sec
  2996 00:08D4: E9 0C 00     	sbc	#L134
  2997 00:08D7: 1B           	tcs
  2998 00:08D8: 0B           	phd
  2999 00:08D9: 5B           	tcd
  3000             00000003   xStreamBuffer_0	set	3
  3001             00000007   pxHigherPriorityTaskWoken_0	set	7
  3002                        ;    StreamBuffer_t * const pxStreamBuffer = xStreamBuffer;
  3003                        ;    BaseType_t xReturn;
  3004                        ;    UBaseType_t uxSavedInterruptStatus;
  3005                        ;
  3006                        ;    traceENTER_xStreamBufferSendCompletedFromISR( xStreamBuffer, pxHigherPriorityTaskWoken );
  3007             00000000   pxStreamBuffer_1	set	0
  3008             00000004   xReturn_1	set	4
  3009             00000006   uxSavedInterruptStatus_1	set	6
  3010 00:08DA: A5 0F        	lda	<L134+xStreamBuffer_0
  3011 00:08DC: 85 05        	sta	<L135+pxStreamBuffer_1
  3012 00:08DE: A5 11        	lda	<L134+xStreamBuffer_0+2
  3013 00:08E0: 85 07        	sta	<L135+pxStreamBuffer_1+2
  3014                        ;
  3015                        ;    configASSERT( pxStreamBuffer );
  3016 00:08E2: A5 05        	lda	<L135+pxStreamBuffer_1
  3017 00:08E4: 05 07        	ora	<L135+pxStreamBuffer_1+2
  3018 00:08E6: D0 02        	bne	L10310
  3019                        L10314:
  3020 00:08E8: 80 FE        	bra	L10314
  3021                        L10310:
  3022                        ;
  3023                        ;    /* MISRA Ref 4.7.1 [Return value shall be checked] */
  3024                        ;    /* More details at: https://github.com/FreeRTOS/FreeRTOS-Kernel/blob/main/MISRA.md#dir-47 */
  3025                        ;    /* coverity[misra_c_2012_directive_4_7_violation] */
  3026                        ;    uxSavedInterruptStatus = taskENTER_CRITICAL_FROM_ISR();
  3027 00:08EA: 64 0B        	stz	<L135+uxSavedInterruptStatus_1
  3028                        ;    {
  3029                        ;        if( ( pxStreamBuffer )->xTaskWaitingToReceive != NULL )
  3030                        ;        {
  3031 00:08EC: A0 08 00     	ldy	#$8
  3032 00:08EF: B7 05        	lda	[<L135+pxStreamBuffer_1],Y
  3033 00:08F1: C8           	iny
  3034 00:08F2: C8           	iny
  3035 00:08F3: 17 05        	ora	[<L135+pxStreamBuffer_1],Y
  3036 00:08F5: F0 3A        	beq	L10317
  3037                        ;            ( void ) xTaskNotifyIndexedFromISR( ( pxStreamBuffer )->xTaskWaitingToReceive,
  3038                        ;                                                ( pxStreamBuffer )->uxNotificationIndex,
  3039                        ;                                                ( uint32_t ) 0,
  3040                        ;                                                eNoAction,
  3041                        ;                                                pxHigherPriorityTaskWoken );
  3042 00:08F7: D4 15        	pei	<L134+pxHigherPriorityTaskWoken_0+2
  3043 00:08F9: D4 13        	pei	<L134+pxHigherPriorityTaskWoken_0
  3044 00:08FB: F4 00 00     	pea	#^$0
  3045 00:08FE: F4 00 00     	pea	#<$0
  3046 00:0901: F4 00 00     	pea	#<$0
  Tue Sep 15 2026 17:44                                                                                                    Page 55


  3047 00:0904: F4 00 00     	pea	#^$0
  3048 00:0907: F4 00 00     	pea	#<$0
  3049 00:090A: A0 15 00     	ldy	#$15
  3050 00:090D: B7 05        	lda	[<L135+pxStreamBuffer_1],Y
  3051 00:090F: 48           	pha
  3052 00:0910: A0 0A 00     	ldy	#$a
  3053 00:0913: B7 05        	lda	[<L135+pxStreamBuffer_1],Y
  3054 00:0915: 48           	pha
  3055 00:0916: 88           	dey
  3056 00:0917: 88           	dey
  3057 00:0918: B7 05        	lda	[<L135+pxStreamBuffer_1],Y
  3058 00:091A: 48           	pha
  3059 00:091B: 20 xx xx     	jsr	_~xTaskGenericNotifyFromISR
  3060 00:091E: 85 01        	sta	<R0
  3061                        ;            ( pxStreamBuffer )->xTaskWaitingToReceive = NULL;
  3062 00:0920: A9 00 00     	lda	#$0
  3063 00:0923: A0 08 00     	ldy	#$8
  3064 00:0926: 97 05        	sta	[<L135+pxStreamBuffer_1],Y
  3065 00:0928: C8           	iny
  3066 00:0929: C8           	iny
  3067 00:092A: 97 05        	sta	[<L135+pxStreamBuffer_1],Y
  3068                        ;            xReturn = pdTRUE;
  3069 00:092C: 1A           	ina
  3070 00:092D: 85 09        	sta	<L135+xReturn_1
  3071                        ;        }
  3072                        ;        else
  3073 00:092F: 80 02        	bra	L10318
  3074                        L10317:
  3075                        ;        {
  3076                        ;            xReturn = pdFALSE;
  3077 00:0931: 64 09        	stz	<L135+xReturn_1
  3078                        ;        }
  3079                        L10318:
  3080                        ;    }
  3081                        ;    taskEXIT_CRITICAL_FROM_ISR( uxSavedInterruptStatus );
  3082                        ;
  3083                        ;    traceRETURN_xStreamBufferSendCompletedFromISR( xReturn );
  3084                        ;
  3085                        ;    return xReturn;
  3086 00:0933: A5 09        	lda	<L135+xReturn_1
  3087 00:0935: A8           	tay
  3088 00:0936: A5 0D        	lda	<L134+1
  3089 00:0938: 85 15        	sta	<L134+1+8
  3090 00:093A: 2B           	pld
  3091 00:093B: 3B           	tsc
  3092 00:093C: 18           	clc
  3093 00:093D: 69 14 00     	adc	#L134+8
  3094 00:0940: 1B           	tcs
  3095 00:0941: 98           	tya
  3096 00:0942: 60           	rts
  3097                        ;}
  3098             0000000C   L134	equ	12
  3099             00000005   L135	equ	5
  3100                        	ends
  3101                        	efunc
  3102                        ;/*-----------------------------------------------------------*/
  3103                        ;
  3104                        ;BaseType_t xStreamBufferReceiveCompletedFromISR( StreamBufferHandle_t xStreamBuffer,
  Tue Sep 15 2026 17:44                                                                                                    Page 56


  3105                        ;                                                 BaseType_t * pxHigherPriorityTaskWoken )
  3106                        ;{
  3107                        	code
  3108                        	xdef	_~xStreamBufferReceiveCompletedFromISR
  3109                        	func
  3110                        _~xStreamBufferReceiveCompletedFromISR:
  3111                        	longa	on
  3112                        	longi	on
  3113 00:0943: 3B           	tsc
  3114 00:0944: 38           	sec
  3115 00:0945: E9 0C 00     	sbc	#L139
  3116 00:0948: 1B           	tcs
  3117 00:0949: 0B           	phd
  3118 00:094A: 5B           	tcd
  3119             00000003   xStreamBuffer_0	set	3
  3120             00000007   pxHigherPriorityTaskWoken_0	set	7
  3121                        ;    StreamBuffer_t * const pxStreamBuffer = xStreamBuffer;
  3122                        ;    BaseType_t xReturn;
  3123                        ;    UBaseType_t uxSavedInterruptStatus;
  3124                        ;
  3125                        ;    traceENTER_xStreamBufferReceiveCompletedFromISR( xStreamBuffer, pxHigherPriorityTaskWoken );
  3126             00000000   pxStreamBuffer_1	set	0
  3127             00000004   xReturn_1	set	4
  3128             00000006   uxSavedInterruptStatus_1	set	6
  3129 00:094B: A5 0F        	lda	<L139+xStreamBuffer_0
  3130 00:094D: 85 05        	sta	<L140+pxStreamBuffer_1
  3131 00:094F: A5 11        	lda	<L139+xStreamBuffer_0+2
  3132 00:0951: 85 07        	sta	<L140+pxStreamBuffer_1+2
  3133                        ;
  3134                        ;    configASSERT( pxStreamBuffer );
  3135 00:0953: A5 05        	lda	<L140+pxStreamBuffer_1
  3136 00:0955: 05 07        	ora	<L140+pxStreamBuffer_1+2
  3137 00:0957: D0 02        	bne	L10319
  3138                        L10323:
  3139 00:0959: 80 FE        	bra	L10323
  3140                        L10319:
  3141                        ;
  3142                        ;    /* MISRA Ref 4.7.1 [Return value shall be checked] */
  3143                        ;    /* More details at: https://github.com/FreeRTOS/FreeRTOS-Kernel/blob/main/MISRA.md#dir-47 */
  3144                        ;    /* coverity[misra_c_2012_directive_4_7_violation] */
  3145                        ;    uxSavedInterruptStatus = taskENTER_CRITICAL_FROM_ISR();
  3146 00:095B: 64 0B        	stz	<L140+uxSavedInterruptStatus_1
  3147                        ;    {
  3148                        ;        if( ( pxStreamBuffer )->xTaskWaitingToSend != NULL )
  3149                        ;        {
  3150 00:095D: A0 0C 00     	ldy	#$c
  3151 00:0960: B7 05        	lda	[<L140+pxStreamBuffer_1],Y
  3152 00:0962: C8           	iny
  3153 00:0963: C8           	iny
  3154 00:0964: 17 05        	ora	[<L140+pxStreamBuffer_1],Y
  3155 00:0966: F0 3A        	beq	L10326
  3156                        ;            ( void ) xTaskNotifyIndexedFromISR( ( pxStreamBuffer )->xTaskWaitingToSend,
  3157                        ;                                                ( pxStreamBuffer )->uxNotificationIndex,
  3158                        ;                                                ( uint32_t ) 0,
  3159                        ;                                                eNoAction,
  3160                        ;                                                pxHigherPriorityTaskWoken );
  3161 00:0968: D4 15        	pei	<L139+pxHigherPriorityTaskWoken_0+2
  3162 00:096A: D4 13        	pei	<L139+pxHigherPriorityTaskWoken_0
  Tue Sep 15 2026 17:44                                                                                                    Page 57


  3163 00:096C: F4 00 00     	pea	#^$0
  3164 00:096F: F4 00 00     	pea	#<$0
  3165 00:0972: F4 00 00     	pea	#<$0
  3166 00:0975: F4 00 00     	pea	#^$0
  3167 00:0978: F4 00 00     	pea	#<$0
  3168 00:097B: A0 15 00     	ldy	#$15
  3169 00:097E: B7 05        	lda	[<L140+pxStreamBuffer_1],Y
  3170 00:0980: 48           	pha
  3171 00:0981: A0 0E 00     	ldy	#$e
  3172 00:0984: B7 05        	lda	[<L140+pxStreamBuffer_1],Y
  3173 00:0986: 48           	pha
  3174 00:0987: 88           	dey
  3175 00:0988: 88           	dey
  3176 00:0989: B7 05        	lda	[<L140+pxStreamBuffer_1],Y
  3177 00:098B: 48           	pha
  3178 00:098C: 20 xx xx     	jsr	_~xTaskGenericNotifyFromISR
  3179 00:098F: 85 01        	sta	<R0
  3180                        ;            ( pxStreamBuffer )->xTaskWaitingToSend = NULL;
  3181 00:0991: A9 00 00     	lda	#$0
  3182 00:0994: A0 0C 00     	ldy	#$c
  3183 00:0997: 97 05        	sta	[<L140+pxStreamBuffer_1],Y
  3184 00:0999: C8           	iny
  3185 00:099A: C8           	iny
  3186 00:099B: 97 05        	sta	[<L140+pxStreamBuffer_1],Y
  3187                        ;            xReturn = pdTRUE;
  3188 00:099D: 1A           	ina
  3189 00:099E: 85 09        	sta	<L140+xReturn_1
  3190                        ;        }
  3191                        ;        else
  3192 00:09A0: 80 02        	bra	L10327
  3193                        L10326:
  3194                        ;        {
  3195                        ;            xReturn = pdFALSE;
  3196 00:09A2: 64 09        	stz	<L140+xReturn_1
  3197                        ;        }
  3198                        L10327:
  3199                        ;    }
  3200                        ;    taskEXIT_CRITICAL_FROM_ISR( uxSavedInterruptStatus );
  3201                        ;
  3202                        ;    traceRETURN_xStreamBufferReceiveCompletedFromISR( xReturn );
  3203                        ;
  3204                        ;    return xReturn;
  3205 00:09A4: A5 09        	lda	<L140+xReturn_1
  3206 00:09A6: A8           	tay
  3207 00:09A7: A5 0D        	lda	<L139+1
  3208 00:09A9: 85 15        	sta	<L139+1+8
  3209 00:09AB: 2B           	pld
  3210 00:09AC: 3B           	tsc
  3211 00:09AD: 18           	clc
  3212 00:09AE: 69 14 00     	adc	#L139+8
  3213 00:09B1: 1B           	tcs
  3214 00:09B2: 98           	tya
  3215 00:09B3: 60           	rts
  3216                        ;}
  3217             0000000C   L139	equ	12
  3218             00000005   L140	equ	5
  3219                        	ends
  3220                        	efunc
  Tue Sep 15 2026 17:44                                                                                                    Page 58


  3221                        ;/*-----------------------------------------------------------*/
  3222                        ;
  3223                        ;static size_t prvWriteBytesToBuffer( StreamBuffer_t * const pxStreamBuffer,
  3224                        ;                                     const uint8_t * pucData,
  3225                        ;                                     size_t xCount,
  3226                        ;                                     size_t xHead )
  3227                        ;{
  3228                        	code
  3229                        	func
  3230                        _~prvWriteBytesToBuffer:
  3231                        	longa	on
  3232                        	longi	on
  3233 00:09B4: 3B           	tsc
  3234 00:09B5: 38           	sec
  3235 00:09B6: E9 0A 00     	sbc	#L144
  3236 00:09B9: 1B           	tcs
  3237 00:09BA: 0B           	phd
  3238 00:09BB: 5B           	tcd
  3239             00000003   pxStreamBuffer_0	set	3
  3240             00000007   pucData_0	set	7
  3241             0000000B   xCount_0	set	11
  3242             0000000D   xHead_0	set	13
  3243                        ;    size_t xFirstLength;
  3244                        ;
  3245                        ;    configASSERT( xCount > ( size_t ) 0 );
  3246             00000000   xFirstLength_1	set	0
  3247 00:09BC: A9 00 00     	lda	#$0
  3248 00:09BF: C5 15        	cmp	<L144+xCount_0
  3249 00:09C1: 90 02        	bcc	L10328
  3250                        L10332:
  3251 00:09C3: 80 FE        	bra	L10332
  3252                        L10328:
  3253                        ;
  3254                        ;    /* Calculate the number of bytes that can be added in the first write -
  3255                        ;     * which may be less than the total number of bytes that need to be added if
  3256                        ;     * the buffer will wrap back to the beginning. */
  3257                        ;    xFirstLength = configMIN( pxStreamBuffer->xLength - xHead, xCount );
  3258 00:09C5: 38           	sec
  3259 00:09C6: A0 04 00     	ldy	#$4
  3260 00:09C9: B7 0D        	lda	[<L144+pxStreamBuffer_0],Y
  3261 00:09CB: E5 17        	sbc	<L144+xHead_0
  3262 00:09CD: C5 15        	cmp	<L144+xCount_0
  3263 00:09CF: B0 07        	bcs	L147
  3264 00:09D1: 38           	sec
  3265 00:09D2: B7 0D        	lda	[<L144+pxStreamBuffer_0],Y
  3266 00:09D4: E5 17        	sbc	<L144+xHead_0
  3267 00:09D6: 80 02        	bra	L149
  3268                        L147:
  3269 00:09D8: A5 15        	lda	<L144+xCount_0
  3270                        L149:
  3271 00:09DA: 85 09        	sta	<L145+xFirstLength_1
  3272 00:09DC: 18           	clc
  3273 00:09DD: 65 17        	adc	<L144+xHead_0
  3274 00:09DF: 85 01        	sta	<R0
  3275 00:09E1: A0 04 00     	ldy	#$4
  3276 00:09E4: B7 0D        	lda	[<L144+pxStreamBuffer_0],Y
  3277 00:09E6: C5 01        	cmp	<R0
  3278 00:09E8: B0 02        	bcs	L10335
  Tue Sep 15 2026 17:44                                                                                                    Page 59


  3279                        L10339:
  3280 00:09EA: 80 FE        	bra	L10339
  3281                        L10335:
  3282                        ;    ( void ) memcpy( ( void * ) ( &( pxStreamBuffer->pucBuffer[ xHead ] ) ), ( const void * ) pucData
                    , xFirstLength );
  3283 00:09EC: D4 09        	pei	<L145+xFirstLength_1
  3284 00:09EE: D4 13        	pei	<L144+pucData_0+2
  3285 00:09F0: D4 11        	pei	<L144+pucData_0
  3286 00:09F2: A5 17        	lda	<L144+xHead_0
  3287 00:09F4: 85 01        	sta	<R0
  3288 00:09F6: 64 03        	stz	<R0+2
  3289 00:09F8: 18           	clc
  3290 00:09F9: A0 10 00     	ldy	#$10
  3291 00:09FC: B7 0D        	lda	[<L144+pxStreamBuffer_0],Y
  3292 00:09FE: 65 01        	adc	<R0
  3293 00:0A00: 85 05        	sta	<R1
  3294 00:0A02: C8           	iny
  3295 00:0A03: C8           	iny
  3296 00:0A04: B7 0D        	lda	[<L144+pxStreamBuffer_0],Y
  3297 00:0A06: 65 03        	adc	<R0+2
  3298 00:0A08: 48           	pha
  3299 00:0A09: D4 05        	pei	<R1
  3300 00:0A0B: 20 xx xx     	jsr	_~memcpy
  3301 00:0A0E: 85 01        	sta	<R0
  3302 00:0A10: 86 03        	stx	<R0+2
  3303                        ;
  3304                        ;    /* If the number of bytes written was less than the number that could be
  3305                        ;     * written in the first write... */
  3306                        ;    if( xCount > xFirstLength )
  3307                        ;    {
  3308 00:0A12: A5 09        	lda	<L145+xFirstLength_1
  3309 00:0A14: C5 15        	cmp	<L144+xCount_0
  3310 00:0A16: B0 3E        	bcs	L10350
  3311                        ;        /* ...then write the remaining bytes to the start of the buffer. */
  3312                        ;        configASSERT( ( xCount - xFirstLength ) <= pxStreamBuffer->xLength );
  3313 00:0A18: 38           	sec
  3314 00:0A19: A5 15        	lda	<L144+xCount_0
  3315 00:0A1B: E5 09        	sbc	<L145+xFirstLength_1
  3316 00:0A1D: 85 01        	sta	<R0
  3317 00:0A1F: A0 04 00     	ldy	#$4
  3318 00:0A22: B7 0D        	lda	[<L144+pxStreamBuffer_0],Y
  3319 00:0A24: C5 01        	cmp	<R0
  3320 00:0A26: B0 02        	bcs	L10343
  3321                        L10347:
  3322 00:0A28: 80 FE        	bra	L10347
  3323                        L10343:
  3324                        ;        ( void ) memcpy( ( void * ) pxStreamBuffer->pucBuffer, ( const void * ) &( pucData[ xFirstLen
                    gth ] ), xCount - xFirstLength );
  3325 00:0A2A: 38           	sec
  3326 00:0A2B: A5 15        	lda	<L144+xCount_0
  3327 00:0A2D: E5 09        	sbc	<L145+xFirstLength_1
  3328 00:0A2F: 48           	pha
  3329 00:0A30: A5 09        	lda	<L145+xFirstLength_1
  3330 00:0A32: 85 01        	sta	<R0
  3331 00:0A34: 64 03        	stz	<R0+2
  3332 00:0A36: A5 11        	lda	<L144+pucData_0
  3333 00:0A38: 18           	clc
  3334 00:0A39: 65 01        	adc	<R0
  Tue Sep 15 2026 17:44                                                                                                    Page 60


  3335 00:0A3B: 85 05        	sta	<R1
  3336 00:0A3D: A5 13        	lda	<L144+pucData_0+2
  3337 00:0A3F: 65 03        	adc	<R0+2
  3338 00:0A41: 48           	pha
  3339 00:0A42: D4 05        	pei	<R1
  3340 00:0A44: A0 12 00     	ldy	#$12
  3341 00:0A47: B7 0D        	lda	[<L144+pxStreamBuffer_0],Y
  3342 00:0A49: 48           	pha
  3343 00:0A4A: 88           	dey
  3344 00:0A4B: 88           	dey
  3345 00:0A4C: B7 0D        	lda	[<L144+pxStreamBuffer_0],Y
  3346 00:0A4E: 48           	pha
  3347 00:0A4F: 20 xx xx     	jsr	_~memcpy
  3348 00:0A52: 85 01        	sta	<R0
  3349 00:0A54: 86 03        	stx	<R0+2
  3350                        ;    }
  3351                        ;    else
  3352                        ;    {
  3353                        ;        mtCOVERAGE_TEST_MARKER();
  3354                        ;    }
  3355                        L10350:
  3356                        ;
  3357                        ;    xHead += xCount;
  3358 00:0A56: A5 17        	lda	<L144+xHead_0
  3359 00:0A58: 18           	clc
  3360 00:0A59: 65 15        	adc	<L144+xCount_0
  3361 00:0A5B: 85 17        	sta	<L144+xHead_0
  3362                        ;
  3363                        ;    if( xHead >= pxStreamBuffer->xLength )
  3364                        ;    {
  3365 00:0A5D: A0 04 00     	ldy	#$4
  3366 00:0A60: D7 0D        	cmp	[<L144+pxStreamBuffer_0],Y
  3367 00:0A62: 90 07        	bcc	L10352
  3368                        ;        xHead -= pxStreamBuffer->xLength;
  3369 00:0A64: 38           	sec
  3370 00:0A65: A5 17        	lda	<L144+xHead_0
  3371 00:0A67: F7 0D        	sbc	[<L144+pxStreamBuffer_0],Y
  3372 00:0A69: 85 17        	sta	<L144+xHead_0
  3373                        ;    }
  3374                        ;    else
  3375                        ;    {
  3376                        ;        mtCOVERAGE_TEST_MARKER();
  3377                        ;    }
  3378                        L10352:
  3379                        ;
  3380                        ;    return xHead;
  3381 00:0A6B: A5 17        	lda	<L144+xHead_0
  3382 00:0A6D: A8           	tay
  3383 00:0A6E: A5 0B        	lda	<L144+1
  3384 00:0A70: 85 17        	sta	<L144+1+12
  3385 00:0A72: 2B           	pld
  3386 00:0A73: 3B           	tsc
  3387 00:0A74: 18           	clc
  3388 00:0A75: 69 16 00     	adc	#L144+12
  3389 00:0A78: 1B           	tcs
  3390 00:0A79: 98           	tya
  3391 00:0A7A: 60           	rts
  3392                        ;}
  Tue Sep 15 2026 17:44                                                                                                    Page 61


  3393             0000000A   L144	equ	10
  3394             00000009   L145	equ	9
  3395                        	ends
  3396                        	efunc
  3397                        ;/*-----------------------------------------------------------*/
  3398                        ;
  3399                        ;static size_t prvReadBytesFromBuffer( StreamBuffer_t * pxStreamBuffer,
  3400                        ;                                      uint8_t * pucData,
  3401                        ;                                      size_t xCount,
  3402                        ;                                      size_t xTail )
  3403                        ;{
  3404                        	code
  3405                        	func
  3406                        _~prvReadBytesFromBuffer:
  3407                        	longa	on
  3408                        	longi	on
  3409 00:0A7B: 3B           	tsc
  3410 00:0A7C: 38           	sec
  3411 00:0A7D: E9 0A 00     	sbc	#L155
  3412 00:0A80: 1B           	tcs
  3413 00:0A81: 0B           	phd
  3414 00:0A82: 5B           	tcd
  3415             00000003   pxStreamBuffer_0	set	3
  3416             00000007   pucData_0	set	7
  3417             0000000B   xCount_0	set	11
  3418             0000000D   xTail_0	set	13
  3419                        ;    size_t xFirstLength;
  3420                        ;
  3421                        ;    configASSERT( xCount != ( size_t ) 0 );
  3422             00000000   xFirstLength_1	set	0
  3423 00:0A83: A5 15        	lda	<L155+xCount_0
  3424 00:0A85: D0 02        	bne	L10353
  3425                        L10357:
  3426 00:0A87: 80 FE        	bra	L10357
  3427                        L10353:
  3428                        ;
  3429                        ;    /* Calculate the number of bytes that can be read - which may be
  3430                        ;     * less than the number wanted if the data wraps around to the start of
  3431                        ;     * the buffer. */
  3432                        ;    xFirstLength = configMIN( pxStreamBuffer->xLength - xTail, xCount );
  3433 00:0A89: 38           	sec
  3434 00:0A8A: A0 04 00     	ldy	#$4
  3435 00:0A8D: B7 0D        	lda	[<L155+pxStreamBuffer_0],Y
  3436 00:0A8F: E5 17        	sbc	<L155+xTail_0
  3437 00:0A91: C5 15        	cmp	<L155+xCount_0
  3438 00:0A93: B0 07        	bcs	L158
  3439 00:0A95: 38           	sec
  3440 00:0A96: B7 0D        	lda	[<L155+pxStreamBuffer_0],Y
  3441 00:0A98: E5 17        	sbc	<L155+xTail_0
  3442 00:0A9A: 80 02        	bra	L160
  3443                        L158:
  3444 00:0A9C: A5 15        	lda	<L155+xCount_0
  3445                        L160:
  3446 00:0A9E: 85 09        	sta	<L156+xFirstLength_1
  3447                        ;
  3448                        ;    /* Obtain the number of bytes it is possible to obtain in the first
  3449                        ;     * read.  Asserts check bounds of read and write. */
  3450                        ;    configASSERT( xFirstLength <= xCount );
  Tue Sep 15 2026 17:44                                                                                                    Page 62


  3451 00:0AA0: A5 15        	lda	<L155+xCount_0
  3452 00:0AA2: C5 09        	cmp	<L156+xFirstLength_1
  3453 00:0AA4: B0 02        	bcs	L10360
  3454                        L10364:
  3455 00:0AA6: 80 FE        	bra	L10364
  3456                        L10360:
  3457                        ;    configASSERT( ( xTail + xFirstLength ) <= pxStreamBuffer->xLength );
  3458 00:0AA8: A5 17        	lda	<L155+xTail_0
  3459 00:0AAA: 18           	clc
  3460 00:0AAB: 65 09        	adc	<L156+xFirstLength_1
  3461 00:0AAD: 85 01        	sta	<R0
  3462 00:0AAF: A0 04 00     	ldy	#$4
  3463 00:0AB2: B7 0D        	lda	[<L155+pxStreamBuffer_0],Y
  3464 00:0AB4: C5 01        	cmp	<R0
  3465 00:0AB6: B0 02        	bcs	L10367
  3466                        L10371:
  3467 00:0AB8: 80 FE        	bra	L10371
  3468                        L10367:
  3469                        ;    ( void ) memcpy( ( void * ) pucData, ( const void * ) &( pxStreamBuffer->pucBuffer[ xTail ] ), xF
                    irstLength );
  3470 00:0ABA: D4 09        	pei	<L156+xFirstLength_1
  3471 00:0ABC: A5 17        	lda	<L155+xTail_0
  3472 00:0ABE: 85 01        	sta	<R0
  3473 00:0AC0: 64 03        	stz	<R0+2
  3474 00:0AC2: 18           	clc
  3475 00:0AC3: A0 10 00     	ldy	#$10
  3476 00:0AC6: B7 0D        	lda	[<L155+pxStreamBuffer_0],Y
  3477 00:0AC8: 65 01        	adc	<R0
  3478 00:0ACA: 85 05        	sta	<R1
  3479 00:0ACC: C8           	iny
  3480 00:0ACD: C8           	iny
  3481 00:0ACE: B7 0D        	lda	[<L155+pxStreamBuffer_0],Y
  3482 00:0AD0: 65 03        	adc	<R0+2
  3483 00:0AD2: 48           	pha
  3484 00:0AD3: D4 05        	pei	<R1
  3485 00:0AD5: D4 13        	pei	<L155+pucData_0+2
  3486 00:0AD7: D4 11        	pei	<L155+pucData_0
  3487 00:0AD9: 20 xx xx     	jsr	_~memcpy
  3488 00:0ADC: 85 01        	sta	<R0
  3489 00:0ADE: 86 03        	stx	<R0+2
  3490                        ;
  3491                        ;    /* If the total number of wanted bytes is greater than the number
  3492                        ;     * that could be read in the first read... */
  3493                        ;    if( xCount > xFirstLength )
  3494                        ;    {
  3495 00:0AE0: A5 09        	lda	<L156+xFirstLength_1
  3496 00:0AE2: C5 15        	cmp	<L155+xCount_0
  3497 00:0AE4: B0 2C        	bcs	L10375
  3498                        ;        /* ...then read the remaining bytes from the start of the buffer. */
  3499                        ;        ( void ) memcpy( ( void * ) &( pucData[ xFirstLength ] ), ( void * ) ( pxStreamBuffer->pucBuf
                    fer ), xCount - xFirstLength );
  3500 00:0AE6: 38           	sec
  3501 00:0AE7: A5 15        	lda	<L155+xCount_0
  3502 00:0AE9: E5 09        	sbc	<L156+xFirstLength_1
  3503 00:0AEB: 48           	pha
  3504 00:0AEC: A0 12 00     	ldy	#$12
  3505 00:0AEF: B7 0D        	lda	[<L155+pxStreamBuffer_0],Y
  3506 00:0AF1: 48           	pha
  Tue Sep 15 2026 17:44                                                                                                    Page 63


  3507 00:0AF2: 88           	dey
  3508 00:0AF3: 88           	dey
  3509 00:0AF4: B7 0D        	lda	[<L155+pxStreamBuffer_0],Y
  3510 00:0AF6: 48           	pha
  3511 00:0AF7: A5 09        	lda	<L156+xFirstLength_1
  3512 00:0AF9: 85 01        	sta	<R0
  3513 00:0AFB: 64 03        	stz	<R0+2
  3514 00:0AFD: A5 11        	lda	<L155+pucData_0
  3515 00:0AFF: 18           	clc
  3516 00:0B00: 65 01        	adc	<R0
  3517 00:0B02: 85 05        	sta	<R1
  3518 00:0B04: A5 13        	lda	<L155+pucData_0+2
  3519 00:0B06: 65 03        	adc	<R0+2
  3520 00:0B08: 48           	pha
  3521 00:0B09: D4 05        	pei	<R1
  3522 00:0B0B: 20 xx xx     	jsr	_~memcpy
  3523 00:0B0E: 85 01        	sta	<R0
  3524 00:0B10: 86 03        	stx	<R0+2
  3525                        ;    }
  3526                        ;    else
  3527                        ;    {
  3528                        ;        mtCOVERAGE_TEST_MARKER();
  3529                        ;    }
  3530                        L10375:
  3531                        ;
  3532                        ;    /* Move the tail pointer to effectively remove the data read from the buffer. */
  3533                        ;    xTail += xCount;
  3534 00:0B12: A5 17        	lda	<L155+xTail_0
  3535 00:0B14: 18           	clc
  3536 00:0B15: 65 15        	adc	<L155+xCount_0
  3537 00:0B17: 85 17        	sta	<L155+xTail_0
  3538                        ;
  3539                        ;    if( xTail >= pxStreamBuffer->xLength )
  3540                        ;    {
  3541 00:0B19: A0 04 00     	ldy	#$4
  3542 00:0B1C: D7 0D        	cmp	[<L155+pxStreamBuffer_0],Y
  3543 00:0B1E: 90 07        	bcc	L10376
  3544                        ;        xTail -= pxStreamBuffer->xLength;
  3545 00:0B20: 38           	sec
  3546 00:0B21: A5 17        	lda	<L155+xTail_0
  3547 00:0B23: F7 0D        	sbc	[<L155+pxStreamBuffer_0],Y
  3548 00:0B25: 85 17        	sta	<L155+xTail_0
  3549                        ;    }
  3550                        ;
  3551                        ;    return xTail;
  3552                        L10376:
  3553 00:0B27: A5 17        	lda	<L155+xTail_0
  3554 00:0B29: A8           	tay
  3555 00:0B2A: A5 0B        	lda	<L155+1
  3556 00:0B2C: 85 17        	sta	<L155+1+12
  3557 00:0B2E: 2B           	pld
  3558 00:0B2F: 3B           	tsc
  3559 00:0B30: 18           	clc
  3560 00:0B31: 69 16 00     	adc	#L155+12
  3561 00:0B34: 1B           	tcs
  3562 00:0B35: 98           	tya
  3563 00:0B36: 60           	rts
  3564                        ;}
  Tue Sep 15 2026 17:44                                                                                                    Page 64


  3565             0000000A   L155	equ	10
  3566             00000009   L156	equ	9
  3567                        	ends
  3568                        	efunc
  3569                        ;/*-----------------------------------------------------------*/
  3570                        ;
  3571                        ;static size_t prvBytesInBuffer( const StreamBuffer_t * const pxStreamBuffer )
  3572                        ;{
  3573                        	code
  3574                        	func
  3575                        _~prvBytesInBuffer:
  3576                        	longa	on
  3577                        	longi	on
  3578 00:0B37: 3B           	tsc
  3579 00:0B38: 38           	sec
  3580 00:0B39: E9 02 00     	sbc	#L166
  3581 00:0B3C: 1B           	tcs
  3582 00:0B3D: 0B           	phd
  3583 00:0B3E: 5B           	tcd
  3584             00000003   pxStreamBuffer_0	set	3
  3585                        ;    /* Returns the distance between xTail and xHead. */
  3586                        ;    size_t xCount;
  3587                        ;
  3588                        ;    xCount = pxStreamBuffer->xLength + pxStreamBuffer->xHead;
  3589             00000000   xCount_1	set	0
  3590 00:0B3F: 18           	clc
  3591 00:0B40: A0 04 00     	ldy	#$4
  3592 00:0B43: B7 05        	lda	[<L166+pxStreamBuffer_0],Y
  3593 00:0B45: 88           	dey
  3594 00:0B46: 88           	dey
  3595 00:0B47: 77 05        	adc	[<L166+pxStreamBuffer_0],Y
  3596 00:0B49: 85 01        	sta	<L167+xCount_1
  3597                        ;    xCount -= pxStreamBuffer->xTail;
  3598 00:0B4B: 38           	sec
  3599 00:0B4C: E7 05        	sbc	[<L166+pxStreamBuffer_0]
  3600 00:0B4E: 85 01        	sta	<L167+xCount_1
  3601                        ;
  3602                        ;    if( xCount >= pxStreamBuffer->xLength )
  3603                        ;    {
  3604 00:0B50: C8           	iny
  3605 00:0B51: C8           	iny
  3606 00:0B52: D7 05        	cmp	[<L166+pxStreamBuffer_0],Y
  3607 00:0B54: 90 07        	bcc	L10378
  3608                        ;        xCount -= pxStreamBuffer->xLength;
  3609 00:0B56: 38           	sec
  3610 00:0B57: A5 01        	lda	<L167+xCount_1
  3611 00:0B59: F7 05        	sbc	[<L166+pxStreamBuffer_0],Y
  3612 00:0B5B: 85 01        	sta	<L167+xCount_1
  3613                        ;    }
  3614                        ;    else
  3615                        ;    {
  3616                        ;        mtCOVERAGE_TEST_MARKER();
  3617                        ;    }
  3618                        L10378:
  3619                        ;
  3620                        ;    return xCount;
  3621 00:0B5D: A5 01        	lda	<L167+xCount_1
  3622 00:0B5F: A8           	tay
  Tue Sep 15 2026 17:44                                                                                                    Page 65


  3623 00:0B60: A5 03        	lda	<L166+1
  3624 00:0B62: 85 07        	sta	<L166+1+4
  3625 00:0B64: 2B           	pld
  3626 00:0B65: 3B           	tsc
  3627 00:0B66: 18           	clc
  3628 00:0B67: 69 06 00     	adc	#L166+4
  3629 00:0B6A: 1B           	tcs
  3630 00:0B6B: 98           	tya
  3631 00:0B6C: 60           	rts
  3632                        ;}
  3633             00000002   L166	equ	2
  3634             00000001   L167	equ	1
  3635                        	ends
  3636                        	efunc
  3637                        ;/*-----------------------------------------------------------*/
  3638                        ;
  3639                        ;static BaseType_t prvBytesInBufferMeetTriggerLevel( const StreamBuffer_t * const pxStreamBuffer,
  3640                        ;                                                    size_t xBytesInBuffer )
  3641                        ;{
  3642                        	code
  3643                        	func
  3644                        _~prvBytesInBufferMeetTriggerLevel:
  3645                        	longa	on
  3646                        	longi	on
  3647 00:0B6D: 3B           	tsc
  3648 00:0B6E: 38           	sec
  3649 00:0B6F: E9 02 00     	sbc	#L170
  3650 00:0B72: 1B           	tcs
  3651 00:0B73: 0B           	phd
  3652 00:0B74: 5B           	tcd
  3653             00000003   pxStreamBuffer_0	set	3
  3654             00000007   xBytesInBuffer_0	set	7
  3655                        ;    BaseType_t xReturn = pdFALSE;
  3656                        ;
  3657                        ;    if( ( pxStreamBuffer->ucFlags & sbFLAGS_IS_BATCHING_BUFFER ) != ( uint8_t ) 0 )
  3658             00000000   xReturn_1	set	0
  3659 00:0B75: 64 01        	stz	<L171+xReturn_1
  3660                        ;    {
  3661 00:0B77: E2 20        	sep	#$20
  3662                        	longa	off
  3663 00:0B79: A0 14 00     	ldy	#$14
  3664 00:0B7C: B7 05        	lda	[<L170+pxStreamBuffer_0],Y
  3665 00:0B7E: 29 04        	and	#<$4
  3666 00:0B80: C2 20        	rep	#$20
  3667                        	longa	on
  3668 00:0B82: F0 1E        	beq	L10379
  3669                        ;        if( xBytesInBuffer > pxStreamBuffer->xTriggerLevelBytes )
  3670                        ;        {
  3671 00:0B84: A0 06 00     	ldy	#$6
  3672 00:0B87: B7 05        	lda	[<L170+pxStreamBuffer_0],Y
  3673 00:0B89: C5 09        	cmp	<L170+xBytesInBuffer_0
  3674 00:0B8B: B0 05        	bcs	L10382
  3675                        ;            xReturn = pdTRUE;
  3676                        L20011:
  3677 00:0B8D: A9 01 00     	lda	#$1
  3678 00:0B90: 85 01        	sta	<L171+xReturn_1
  3679                        ;        }
  3680                        ;        else
  Tue Sep 15 2026 17:44                                                                                                    Page 66


  3681                        L10382:
  3682                        ;
  3683                        ;    return xReturn;
  3684 00:0B92: A5 01        	lda	<L171+xReturn_1
  3685 00:0B94: A8           	tay
  3686 00:0B95: A5 03        	lda	<L170+1
  3687 00:0B97: 85 09        	sta	<L170+1+6
  3688 00:0B99: 2B           	pld
  3689 00:0B9A: 3B           	tsc
  3690 00:0B9B: 18           	clc
  3691 00:0B9C: 69 08 00     	adc	#L170+6
  3692 00:0B9F: 1B           	tcs
  3693 00:0BA0: 98           	tya
  3694 00:0BA1: 60           	rts
  3695                        ;        {
  3696                        ;            mtCOVERAGE_TEST_MARKER();
  3697                        ;        }
  3698                        ;    }
  3699                        ;    else if( xBytesInBuffer >= pxStreamBuffer->xTriggerLevelBytes )
  3700                        L10379:
  3701                        ;    {
  3702 00:0BA2: A5 09        	lda	<L170+xBytesInBuffer_0
  3703 00:0BA4: A0 06 00     	ldy	#$6
  3704 00:0BA7: D7 05        	cmp	[<L170+pxStreamBuffer_0],Y
  3705 00:0BA9: 90 E7        	bcc	L10382
  3706                        ;        xReturn = pdTRUE;
  3707 00:0BAB: 80 E0        	bra	L20011
  3708                        ;    }
  3709                        ;    else
  3710                        ;    {
  3711                        ;        mtCOVERAGE_TEST_MARKER();
  3712                        ;    }
  3713                        ;}
  3714             00000002   L170	equ	2
  3715             00000001   L171	equ	1
  3716                        	ends
  3717                        	efunc
  3718                        ;/*-----------------------------------------------------------*/
  3719                        ;
  3720                        ;static void prvInitialiseNewStreamBuffer( StreamBuffer_t * const pxStreamBuffer,
  3721                        ;                                          uint8_t * const pucBuffer,
  3722                        ;                                          size_t xBufferSizeBytes,
  3723                        ;                                          size_t xTriggerLevelBytes,
  3724                        ;                                          uint8_t ucFlags,
  3725                        ;                                          StreamBufferCallbackFunction_t pxSendCompletedCallback,
  3726                        ;                                          StreamBufferCallbackFunction_t pxReceiveCompletedCallback )
  3727                        ;{
  3728                        	code
  3729                        	func
  3730                        _~prvInitialiseNewStreamBuffer:
  3731                        	longa	on
  3732                        	longi	on
  3733 00:0BAD: 3B           	tsc
  3734 00:0BAE: 38           	sec
  3735 00:0BAF: E9 04 00     	sbc	#L176
  3736 00:0BB2: 1B           	tcs
  3737 00:0BB3: 0B           	phd
  3738 00:0BB4: 5B           	tcd
  Tue Sep 15 2026 17:44                                                                                                    Page 67


  3739             00000003   pxStreamBuffer_0	set	3
  3740             00000007   pucBuffer_0	set	7
  3741             0000000B   xBufferSizeBytes_0	set	11
  3742             0000000D   xTriggerLevelBytes_0	set	13
  3743             0000000F   ucFlags_0	set	15
  3744             00000011   pxSendCompletedCallback_0	set	17
  3745             00000013   pxReceiveCompletedCallback_0	set	19
  3746                        ;    /* Assert here is deliberately writing to the entire buffer to ensure it can
  3747                        ;     * be written to without generating exceptions, and is setting the buffer to a
  3748                        ;     * known value to assist in development/debugging. */
  3749                        ;    #if ( configASSERT_DEFINED == 1 )
  3750                        ;    {
  3751                        ;        /* The value written just has to be identifiable when looking at the
  3752                        ;         * memory.  Don't use 0xA5 as that is the stack fill value and could
  3753                        ;         * result in confusion as to what is actually being observed. */
  3754                        ;        #define STREAM_BUFFER_BUFFER_WRITE_VALUE    ( 0x55 )
  3755                        ;        configASSERT( memset( pucBuffer, ( int ) STREAM_BUFFER_BUFFER_WRITE_VALUE, xBufferSizeBytes )
                     == pucBuffer );
  3756 00:0BB5: D4 0F        	pei	<L176+xBufferSizeBytes_0
  3757 00:0BB7: F4 55 00     	pea	#<$55
  3758 00:0BBA: D4 0D        	pei	<L176+pucBuffer_0+2
  3759 00:0BBC: D4 0B        	pei	<L176+pucBuffer_0
  3760 00:0BBE: 20 xx xx     	jsr	_~memset
  3761 00:0BC1: 86 03        	stx	<R0+2
  3762 00:0BC3: C5 0B        	cmp	<L176+pucBuffer_0
  3763 00:0BC5: D0 04        	bne	L178
  3764 00:0BC7: A5 03        	lda	<R0+2
  3765 00:0BC9: C5 0D        	cmp	<L176+pucBuffer_0+2
  3766                        L178:
  3767 00:0BCB: F0 02        	beq	L10385
  3768                        L10389:
  3769 00:0BCD: 80 FE        	bra	L10389
  3770                        L10385:
  3771                        ;    }
  3772                        ;    #endif
  3773                        ;
  3774                        ;    ( void ) memset( ( void * ) pxStreamBuffer, 0x00, sizeof( StreamBuffer_t ) );
  3775 00:0BCF: F4 17 00     	pea	#<$17
  3776 00:0BD2: F4 00 00     	pea	#<$0
  3777 00:0BD5: D4 09        	pei	<L176+pxStreamBuffer_0+2
  3778 00:0BD7: D4 07        	pei	<L176+pxStreamBuffer_0
  3779 00:0BD9: 20 xx xx     	jsr	_~memset
  3780                        ;    pxStreamBuffer->pucBuffer = pucBuffer;
  3781 00:0BDC: A5 0B        	lda	<L176+pucBuffer_0
  3782 00:0BDE: A0 10 00     	ldy	#$10
  3783 00:0BE1: 97 07        	sta	[<L176+pxStreamBuffer_0],Y
  3784 00:0BE3: A5 0D        	lda	<L176+pucBuffer_0+2
  3785 00:0BE5: C8           	iny
  3786 00:0BE6: C8           	iny
  3787 00:0BE7: 97 07        	sta	[<L176+pxStreamBuffer_0],Y
  3788                        ;    pxStreamBuffer->xLength = xBufferSizeBytes;
  3789 00:0BE9: A5 0F        	lda	<L176+xBufferSizeBytes_0
  3790 00:0BEB: A0 04 00     	ldy	#$4
  3791 00:0BEE: 97 07        	sta	[<L176+pxStreamBuffer_0],Y
  3792                        ;    pxStreamBuffer->xTriggerLevelBytes = xTriggerLevelBytes;
  3793 00:0BF0: A5 11        	lda	<L176+xTriggerLevelBytes_0
  3794 00:0BF2: C8           	iny
  3795 00:0BF3: C8           	iny
  Tue Sep 15 2026 17:44                                                                                                    Page 68


  3796 00:0BF4: 97 07        	sta	[<L176+pxStreamBuffer_0],Y
  3797                        ;    pxStreamBuffer->ucFlags = ucFlags;
  3798 00:0BF6: E2 20        	sep	#$20
  3799                        	longa	off
  3800 00:0BF8: A5 13        	lda	<L176+ucFlags_0
  3801 00:0BFA: A0 14 00     	ldy	#$14
  3802 00:0BFD: 97 07        	sta	[<L176+pxStreamBuffer_0],Y
  3803 00:0BFF: C2 20        	rep	#$20
  3804                        	longa	on
  3805                        ;    pxStreamBuffer->uxNotificationIndex = tskDEFAULT_INDEX_TO_NOTIFY;
  3806 00:0C01: A9 00 00     	lda	#$0
  3807 00:0C04: C8           	iny
  3808 00:0C05: 97 07        	sta	[<L176+pxStreamBuffer_0],Y
  3809                        ;    #if ( configUSE_SB_COMPLETED_CALLBACK == 1 )
  3810                        ;    {
  3811                        ;        pxStreamBuffer->pxSendCompletedCallback = pxSendCompletedCallback;
  3812                        ;        pxStreamBuffer->pxReceiveCompletedCallback = pxReceiveCompletedCallback;
  3813                        ;    }
  3814                        ;    #else
  3815                        ;    {
  3816                        ;        /* MISRA Ref 11.1.1 [Object type casting] */
  3817                        ;        /* More details at: https://github.com/FreeRTOS/FreeRTOS-Kernel/blob/main/MISRA.md#rule-111 *
                    /
  3818                        ;        /* coverity[misra_c_2012_rule_11_1_violation] */
  3819                        ;        ( void ) pxSendCompletedCallback;
  3820                        ;
  3821                        ;        /* MISRA Ref 11.1.1 [Object type casting] */
  3822                        ;        /* More details at: https://github.com/FreeRTOS/FreeRTOS-Kernel/blob/main/MISRA.md#rule-111 *
                    /
  3823                        ;        /* coverity[misra_c_2012_rule_11_1_violation] */
  3824                        ;        ( void ) pxReceiveCompletedCallback;
  3825                        ;    }
  3826                        ;    #endif /* if ( configUSE_SB_COMPLETED_CALLBACK == 1 ) */
  3827                        ;}
  3828 00:0C07: A5 05        	lda	<L176+1
  3829 00:0C09: 85 17        	sta	<L176+1+18
  3830 00:0C0B: 2B           	pld
  3831 00:0C0C: 3B           	tsc
  3832 00:0C0D: 18           	clc
  3833 00:0C0E: 69 16 00     	adc	#L176+18
  3834 00:0C11: 1B           	tcs
  3835 00:0C12: 60           	rts
  3836             00000004   L176	equ	4
  3837             00000005   L177	equ	5
  3838                        	ends
  3839                        	efunc
  3840                        ;/*-----------------------------------------------------------*/
  3841                        ;
  3842                        ;UBaseType_t uxStreamBufferGetStreamBufferNotificationIndex( StreamBufferHandle_t xStreamBuffer )
  3843                        ;{
  3844                        	code
  3845                        	xdef	_~uxStreamBufferGetStreamBufferNotificationIndex
  3846                        	func
  3847                        _~uxStreamBufferGetStreamBufferNotificationIndex:
  3848                        	longa	on
  3849                        	longi	on
  3850 00:0C13: 3B           	tsc
  3851 00:0C14: 38           	sec
  Tue Sep 15 2026 17:44                                                                                                    Page 69


  3852 00:0C15: E9 04 00     	sbc	#L181
  3853 00:0C18: 1B           	tcs
  3854 00:0C19: 0B           	phd
  3855 00:0C1A: 5B           	tcd
  3856             00000003   xStreamBuffer_0	set	3
  3857                        ;    StreamBuffer_t * const pxStreamBuffer = xStreamBuffer;
  3858                        ;
  3859                        ;    traceENTER_uxStreamBufferGetStreamBufferNotificationIndex( xStreamBuffer );
  3860             00000000   pxStreamBuffer_1	set	0
  3861 00:0C1B: A5 07        	lda	<L181+xStreamBuffer_0
  3862 00:0C1D: 85 01        	sta	<L182+pxStreamBuffer_1
  3863 00:0C1F: A5 09        	lda	<L181+xStreamBuffer_0+2
  3864 00:0C21: 85 03        	sta	<L182+pxStreamBuffer_1+2
  3865                        ;
  3866                        ;    configASSERT( pxStreamBuffer );
  3867 00:0C23: A5 01        	lda	<L182+pxStreamBuffer_1
  3868 00:0C25: 05 03        	ora	<L182+pxStreamBuffer_1+2
  3869 00:0C27: D0 02        	bne	L10392
  3870                        L10396:
  3871 00:0C29: 80 FE        	bra	L10396
  3872                        L10392:
  3873                        ;
  3874                        ;    traceRETURN_uxStreamBufferGetStreamBufferNotificationIndex( pxStreamBuffer->uxNotificationIndex )
                    ;
  3875                        ;
  3876                        ;    return pxStreamBuffer->uxNotificationIndex;
  3877 00:0C2B: A0 15 00     	ldy	#$15
  3878 00:0C2E: B7 01        	lda	[<L182+pxStreamBuffer_1],Y
  3879 00:0C30: A8           	tay
  3880 00:0C31: A5 05        	lda	<L181+1
  3881 00:0C33: 85 09        	sta	<L181+1+4
  3882 00:0C35: 2B           	pld
  3883 00:0C36: 3B           	tsc
  3884 00:0C37: 18           	clc
  3885 00:0C38: 69 08 00     	adc	#L181+4
  3886 00:0C3B: 1B           	tcs
  3887 00:0C3C: 98           	tya
  3888 00:0C3D: 60           	rts
  3889                        ;}
  3890             00000004   L181	equ	4
  3891             00000001   L182	equ	1
  3892                        	ends
  3893                        	efunc
  3894                        ;/*-----------------------------------------------------------*/
  3895                        ;
  3896                        ;void vStreamBufferSetStreamBufferNotificationIndex( StreamBufferHandle_t xStreamBuffer,
  3897                        ;                                                    UBaseType_t uxNotificationIndex )
  3898                        ;{
  3899                        	code
  3900                        	xdef	_~vStreamBufferSetStreamBufferNotificationIndex
  3901                        	func
  3902                        _~vStreamBufferSetStreamBufferNotificationIndex:
  3903                        	longa	on
  3904                        	longi	on
  3905 00:0C3E: 3B           	tsc
  3906 00:0C3F: 38           	sec
  3907 00:0C40: E9 04 00     	sbc	#L185
  3908 00:0C43: 1B           	tcs
  Tue Sep 15 2026 17:44                                                                                                    Page 70


  3909 00:0C44: 0B           	phd
  3910 00:0C45: 5B           	tcd
  3911             00000003   xStreamBuffer_0	set	3
  3912             00000007   uxNotificationIndex_0	set	7
  3913                        ;    StreamBuffer_t * const pxStreamBuffer = xStreamBuffer;
  3914                        ;
  3915                        ;    traceENTER_vStreamBufferSetStreamBufferNotificationIndex( xStreamBuffer, uxNotificationIndex );
  3916             00000000   pxStreamBuffer_1	set	0
  3917 00:0C46: A5 07        	lda	<L185+xStreamBuffer_0
  3918 00:0C48: 85 01        	sta	<L186+pxStreamBuffer_1
  3919 00:0C4A: A5 09        	lda	<L185+xStreamBuffer_0+2
  3920 00:0C4C: 85 03        	sta	<L186+pxStreamBuffer_1+2
  3921                        ;
  3922                        ;    /* There should be no task waiting otherwise we'd never resume them. */
  3923                        ;    configASSERT( ( pxStreamBuffer != NULL ) && ( pxStreamBuffer->xTaskWaitingToReceive == NULL ) );
  3924 00:0C4E: A5 01        	lda	<L186+pxStreamBuffer_1
  3925 00:0C50: 05 03        	ora	<L186+pxStreamBuffer_1+2
  3926 00:0C52: F0 0B        	beq	L10403
  3927 00:0C54: A0 08 00     	ldy	#$8
  3928 00:0C57: B7 01        	lda	[<L186+pxStreamBuffer_1],Y
  3929 00:0C59: C8           	iny
  3930 00:0C5A: C8           	iny
  3931 00:0C5B: 17 01        	ora	[<L186+pxStreamBuffer_1],Y
  3932 00:0C5D: F0 02        	beq	L10399
  3933                        L10403:
  3934 00:0C5F: 80 FE        	bra	L10403
  3935                        L10399:
  3936                        ;    configASSERT( ( pxStreamBuffer != NULL ) && ( pxStreamBuffer->xTaskWaitingToSend == NULL ) );
  3937 00:0C61: A5 01        	lda	<L186+pxStreamBuffer_1
  3938 00:0C63: 05 03        	ora	<L186+pxStreamBuffer_1+2
  3939 00:0C65: F0 0B        	beq	L10410
  3940 00:0C67: A0 0C 00     	ldy	#$c
  3941 00:0C6A: B7 01        	lda	[<L186+pxStreamBuffer_1],Y
  3942 00:0C6C: C8           	iny
  3943 00:0C6D: C8           	iny
  3944 00:0C6E: 17 01        	ora	[<L186+pxStreamBuffer_1],Y
  3945 00:0C70: F0 02        	beq	L10406
  3946                        L10410:
  3947 00:0C72: 80 FE        	bra	L10410
  3948                        L10406:
  3949                        ;
  3950                        ;    /* Check that the task notification index is valid. */
  3951                        ;    configASSERT( uxNotificationIndex < configTASK_NOTIFICATION_ARRAY_ENTRIES );
  3952 00:0C74: A5 0B        	lda	<L185+uxNotificationIndex_0
  3953 00:0C76: C9 01 00     	cmp	#<$1
  3954 00:0C79: 90 02        	bcc	L10413
  3955                        L10417:
  3956 00:0C7B: 80 FE        	bra	L10417
  3957                        L10413:
  3958                        ;
  3959                        ;    pxStreamBuffer->uxNotificationIndex = uxNotificationIndex;
  3960 00:0C7D: A5 0B        	lda	<L185+uxNotificationIndex_0
  3961 00:0C7F: A0 15 00     	ldy	#$15
  3962 00:0C82: 97 01        	sta	[<L186+pxStreamBuffer_1],Y
  3963                        ;
  3964                        ;    traceRETURN_vStreamBufferSetStreamBufferNotificationIndex();
  3965                        ;}
  3966 00:0C84: A5 05        	lda	<L185+1
  Tue Sep 15 2026 17:44                                                                                                    Page 71


  3967 00:0C86: 85 0B        	sta	<L185+1+6
  3968 00:0C88: 2B           	pld
  3969 00:0C89: 3B           	tsc
  3970 00:0C8A: 18           	clc
  3971 00:0C8B: 69 0A 00     	adc	#L185+6
  3972 00:0C8E: 1B           	tcs
  3973 00:0C8F: 60           	rts
  3974             00000004   L185	equ	4
  3975             00000001   L186	equ	1
  3976                        	ends
  3977                        	efunc
  3978                        ;/*-----------------------------------------------------------*/
  3979                        ;
  3980                        ;    #if ( configUSE_TRACE_FACILITY == 1 )
  3981                        ;
  3982                        ;    UBaseType_t uxStreamBufferGetStreamBufferNumber( StreamBufferHandle_t xStreamBuffer )
  3983                        ;    {
  3984                        ;        traceENTER_uxStreamBufferGetStreamBufferNumber( xStreamBuffer );
  3985                        ;
  3986                        ;        traceRETURN_uxStreamBufferGetStreamBufferNumber( xStreamBuffer->uxStreamBufferNumber );
  3987                        ;
  3988                        ;        return xStreamBuffer->uxStreamBufferNumber;
  3989                        ;    }
  3990                        ;
  3991                        ;    #endif /* configUSE_TRACE_FACILITY */
  3992                        ;/*-----------------------------------------------------------*/
  3993                        ;
  3994                        ;    #if ( configUSE_TRACE_FACILITY == 1 )
  3995                        ;
  3996                        ;    void vStreamBufferSetStreamBufferNumber( StreamBufferHandle_t xStreamBuffer,
  3997                        ;                                             UBaseType_t uxStreamBufferNumber )
  3998                        ;    {
  3999                        ;        traceENTER_vStreamBufferSetStreamBufferNumber( xStreamBuffer, uxStreamBufferNumber );
  4000                        ;
  4001                        ;        xStreamBuffer->uxStreamBufferNumber = uxStreamBufferNumber;
  4002                        ;
  4003                        ;        traceRETURN_vStreamBufferSetStreamBufferNumber();
  4004                        ;    }
  4005                        ;
  4006                        ;    #endif /* configUSE_TRACE_FACILITY */
  4007                        ;/*-----------------------------------------------------------*/
  4008                        ;
  4009                        ;    #if ( configUSE_TRACE_FACILITY == 1 )
  4010                        ;
  4011                        ;    uint8_t ucStreamBufferGetStreamBufferType( StreamBufferHandle_t xStreamBuffer )
  4012                        ;    {
  4013                        ;        traceENTER_ucStreamBufferGetStreamBufferType( xStreamBuffer );
  4014                        ;
  4015                        ;        traceRETURN_ucStreamBufferGetStreamBufferType( ( uint8_t ) ( xStreamBuffer->ucFlags & sbFLAGS
                    _IS_MESSAGE_BUFFER ) );
  4016                        ;
  4017                        ;        return( ( uint8_t ) ( xStreamBuffer->ucFlags & sbFLAGS_IS_MESSAGE_BUFFER ) );
  4018                        ;    }
  4019                        ;
  4020                        ;    #endif /* configUSE_TRACE_FACILITY */
  4021                        ;/*-----------------------------------------------------------*/
  4022                        ;
  4023                        ;/* This entire source file will be skipped if the application is not configured
  Tue Sep 15 2026 17:44                                                                                                    Page 72


  4024                        ; * to include stream buffer functionality. This #if is closed at the very bottom
  4025                        ; * of this file. If you want to include stream buffers then ensure
  4026                        ; * configUSE_STREAM_BUFFERS is set to 1 in FreeRTOSConfig.h. */
  4027                        ;#endif /* configUSE_STREAM_BUFFERS == 1 */
  4028                        ;
  4029                        	xref	_~xTaskGetCurrentTaskHandle
  4030                        	xref	_~xTaskCheckForTimeOut
  4031                        	xref	_~vTaskSetTimeOutState
  4032                        	xref	_~xTaskGenericNotifyStateClear
  4033                        	xref	_~xTaskGenericNotifyWait
  4034                        	xref	_~xTaskGenericNotifyFromISR
  4035                        	xref	_~xTaskGenericNotify
  4036                        	xref	_~xTaskResumeAll
  4037                        	xref	_~vTaskSuspendAll
  4038                        	xref	_~vPortFree
  4039                        	xref	_~pvPortMalloc
  4040                        	xref	_~memset
  4041                        	xref	_~memcpy


      Lines assembled: 4041
      Errors: 0
