  Mon Sep 14 2026 18:41                                                                                                    Page 1


                                               ***************************************
                                               **      WDC 65C816 Macro Assembler   **
                                               **                                   **
                                               **     Version 3.49.1- Feb  6 2006    **
                                               ***************************************

     1                        ;:ts=8
     2             00000001   R0	equ	1
     3             00000005   R1	equ	5
     4             00000009   R2	equ	9
     5             0000000D   R3	equ	13
     6                        ;/*
     7                        ; * FreeRTOS Kernel V11.3.1
     8                        ; * Copyright (C) 2021 Amazon.com, Inc. or its affiliates. All Rights Reserved.
     9                        ; *
    10                        ; * SPDX-License-Identifier: MIT
    11                        ; *
    12                        ; * Permission is hereby granted, free of charge, to any person obtaining a copy of
    13                        ; * this software and associated documentation files (the "Software"), to deal in
    14                        ; * the Software without restriction, including without limitation the rights to
    15                        ; * use, copy, modify, merge, publish, distribute, sublicense, and/or sell copies of
    16                        ; * the Software, and to permit persons to whom the Software is furnished to do so,
    17                        ; * subject to the following conditions:
    18                        ; *
    19                        ; * The above copyright notice and this permission notice shall be included in all
    20                        ; * copies or substantial portions of the Software.
    21                        ; *
    22                        ; * THE SOFTWARE IS PROVIDED "AS IS", WITHOUT WARRANTY OF ANY KIND, EXPRESS OR
    23                        ; * IMPLIED, INCLUDING BUT NOT LIMITED TO THE WARRANTIES OF MERCHANTABILITY, FITNESS
    24                        ; * FOR A PARTICULAR PURPOSE AND NONINFRINGEMENT. IN NO EVENT SHALL THE AUTHORS OR
    25                        ; * COPYRIGHT HOLDERS BE LIABLE FOR ANY CLAIM, DAMAGES OR OTHER LIABILITY, WHETHER
    26                        ; * IN AN ACTION OF CONTRACT, TORT OR OTHERWISE, ARISING FROM, OUT OF OR IN
    27                        ; * CONNECTION WITH THE SOFTWARE OR THE USE OR OTHER DEALINGS IN THE SOFTWARE.
    28                        ; *
    29                        ; * https://www.FreeRTOS.org
    30                        ; * https://github.com/FreeRTOS
    31                        ; *
    32                        ; */
    33                        ;
    34                        ;/* Standard includes. */
    35                        ;#include <stdlib.h>
    36                        ;
    37                        ;/* Defining MPU_WRAPPERS_INCLUDED_FROM_API_FILE prevents task.h from redefining
    38                        ; * all the API functions to use the MPU wrappers.  That should only be done when
    39                        ; * task.h is included from an application file. */
    40                        ;#define MPU_WRAPPERS_INCLUDED_FROM_API_FILE
    41                        ;
    42                        ;#include "FreeRTOS.h"
    43                        ;#include "task.h"
    44                        ;#include "queue.h"
    45                        ;#include "timers.h"
    46                        ;
    47                        ;#if ( INCLUDE_xTimerPendFunctionCall == 1 ) && ( configUSE_TIMERS == 0 )
    48                        ;    #error configUSE_TIMERS must be set to 1 to make the xTimerPendFunctionCall() function available.
    49                        ;#endif
    50                        ;
    51                        ;/* The MPU ports require MPU_WRAPPERS_INCLUDED_FROM_API_FILE to be defined
    52                        ; * for the header files above, but not in this file, in order to generate the
  Mon Sep 14 2026 18:41                                                                                                    Page 2


    53                        ; * correct privileged Vs unprivileged linkage and placement. */
    54                        ;#undef MPU_WRAPPERS_INCLUDED_FROM_API_FILE
    55                        ;
    56                        ;
    57                        ;/* This entire source file will be skipped if the application is not configured
    58                        ; * to include software timer functionality.  This #if is closed at the very bottom
    59                        ; * of this file.  If you want to include software timer functionality then ensure
    60                        ; * configUSE_TIMERS is set to 1 in FreeRTOSConfig.h. */
    61                        ;#if ( configUSE_TIMERS == 1 )
    62                        ;
    63                        ;/* Misc definitions. */
    64                        ;    #define tmrNO_DELAY                    ( ( TickType_t ) 0U )
    65                        ;    #define tmrMAX_TIME_BEFORE_OVERFLOW    ( ( TickType_t ) -1 )
    66                        ;
    67                        ;/* The name assigned to the timer service task. This can be overridden by
    68                        ; * defining configTIMER_SERVICE_TASK_NAME in FreeRTOSConfig.h. */
    69                        ;    #ifndef configTIMER_SERVICE_TASK_NAME
    70                        ;        #define configTIMER_SERVICE_TASK_NAME    "Tmr Svc"
    71                        ;    #endif
    72                        ;
    73                        ;    #if ( ( configNUMBER_OF_CORES > 1 ) && ( configUSE_CORE_AFFINITY == 1 ) )
    74                        ;
    75                        ;/* The core affinity assigned to the timer service task on SMP systems.
    76                        ; * This can be overridden by defining configTIMER_SERVICE_TASK_CORE_AFFINITY in FreeRTOSConfig.h. */
    77                        ;        #ifndef configTIMER_SERVICE_TASK_CORE_AFFINITY
    78                        ;            #define configTIMER_SERVICE_TASK_CORE_AFFINITY    tskNO_AFFINITY
    79                        ;        #endif
    80                        ;    #endif /* #if ( ( configNUMBER_OF_CORES > 1 ) && ( configUSE_CORE_AFFINITY == 1 ) ) */
    81                        ;
    82                        ;/* Bit definitions used in the ucStatus member of a timer structure. */
    83                        ;    #define tmrSTATUS_IS_ACTIVE                  ( 0x01U )
    84                        ;    #define tmrSTATUS_IS_STATICALLY_ALLOCATED    ( 0x02U )
    85                        ;    #define tmrSTATUS_IS_AUTORELOAD              ( 0x04U )
    86                        ;
    87                        ;/* The definition of the timers themselves. */
    88                        ;    typedef struct tmrTimerControl                                               /* The old naming co
                    nvention is used to prevent breaking kernel aware debuggers. */
    89                        ;    {
    90                        ;        const char * pcTimerName;                                                /**< Text name.  Thi
                    s is not used by the kernel, it is included simply to make debugging easier. */
    91                        ;        ListItem_t xTimerListItem;                                               /**< Standard linked
                     list item as used by all kernel features for event management. */
    92                        ;        TickType_t xTimerPeriodInTicks;                                          /**< How quickly and
                     often the timer expires. */
    93                        ;        void * pvTimerID;                                                        /**< An ID to identi
                    fy the timer.  This allows the timer to be identified when the same callback is used for multiple timers. */
    94                        ;        portTIMER_CALLBACK_ATTRIBUTE TimerCallbackFunction_t pxCallbackFunction; /**< The function th
                    at will be called when the timer expires. */
    95                        ;        #if ( configUSE_TRACE_FACILITY == 1 )
    96                        ;            UBaseType_t uxTimerNumber;                                           /**< An ID assigned 
                    by trace tools such as FreeRTOS+Trace */
    97                        ;        #endif
    98                        ;        uint8_t ucStatus;                                                        /**< Holds bits to s
                    ay if the timer was statically allocated or not, and if it is active or not. */
    99                        ;    } xTIMER;
   100                        ;
   101                        ;/* The old xTIMER name is maintained above then typedefed to the new Timer_t
   102                        ; * name below to enable the use of older kernel aware debuggers. */
  Mon Sep 14 2026 18:41                                                                                                    Page 3


   103                        ;    typedef xTIMER Timer_t;
   104                        ;
   105                        ;/* The definition of messages that can be sent and received on the timer queue.
   106                        ; * Two types of message can be queued - messages that manipulate a software timer,
   107                        ; * and messages that request the execution of a non-timer related callback.  The
   108                        ; * two message types are defined in two separate structures, xTimerParametersType
   109                        ; * and xCallbackParametersType respectively. */
   110                        ;    typedef struct tmrTimerParameters
   111                        ;    {
   112                        ;        TickType_t xMessageValue; /**< An optional value used by a subset of commands, for example, w
                    hen changing the period of a timer. */
   113                        ;        Timer_t * pxTimer;        /**< The timer to which the command will be applied. */
   114                        ;    } TimerParameter_t;
   115                        ;
   116                        ;
   117                        ;    typedef struct tmrCallbackParameters
   118                        ;    {
   119                        ;        portTIMER_CALLBACK_ATTRIBUTE
   120                        ;        PendedFunction_t pxCallbackFunction; /* << The callback function to execute. */
   121                        ;        void * pvParameter1;                 /* << The value that will be used as the callback functi
                    ons first parameter. */
   122                        ;        uint32_t ulParameter2;               /* << The value that will be used as the callback functi
                    ons second parameter. */
   123                        ;    } CallbackParameters_t;
   124                        ;
   125                        ;/* The structure that contains the two message types, along with an identifier
   126                        ; * that is used to determine which message type is valid. */
   127                        ;    typedef struct tmrTimerQueueMessage
   128                        ;    {
   129                        ;        BaseType_t xMessageID; /**< The command being sent to the timer service task. */
   130                        ;        union
   131                        ;        {
   132                        ;            TimerParameter_t xTimerParameters;
   133                        ;
   134                        ;            /* Don't include xCallbackParameters if it is not going to be used as
   135                        ;             * it makes the structure (and therefore the timer queue) larger. */
   136                        ;            #if ( INCLUDE_xTimerPendFunctionCall == 1 )
   137                        ;                CallbackParameters_t xCallbackParameters;
   138                        ;            #endif /* INCLUDE_xTimerPendFunctionCall */
   139                        ;        } u;
   140                        ;    } DaemonTaskMessage_t;
   141                        ;
   142                        ;/* The list in which active timers are stored.  Timers are referenced in expire
   143                        ; * time order, with the nearest expiry time at the front of the list.  Only the
   144                        ; * timer service task is allowed to access these lists.
   145                        ; * xActiveTimerList1 and xActiveTimerList2 could be at function scope but that
   146                        ; * breaks some kernel aware debuggers, and debuggers that reply on removing the
   147                        ; * static qualifier. */
   148                        ;    PRIVILEGED_DATA static List_t xActiveTimerList1;
   149                        ;    PRIVILEGED_DATA static List_t xActiveTimerList2;
   150                        ;    PRIVILEGED_DATA static List_t * pxCurrentTimerList;
   151                        ;    PRIVILEGED_DATA static List_t * pxOverflowTimerList;
   152                        ;
   153                        ;/* A queue that is used to send commands to the timer service task. */
   154                        ;    PRIVILEGED_DATA static QueueHandle_t xTimerQueue = NULL;
   155                        	data
   156                        _~xTimerQueue:
   157 00:0000: 00 00 00 00  	dl	$0
  Mon Sep 14 2026 18:41                                                                                                    Page 4


   158 00:0004:              	ends
   159                        ;    PRIVILEGED_DATA static TaskHandle_t xTimerTaskHandle = NULL;
   160                        	data
   161                        _~xTimerTaskHandle:
   162 00:0004: 00 00 00 00  	dl	$0
   163 00:0008:              	ends
   164                        ;
   165                        ;/*-----------------------------------------------------------*/
   166                        ;
   167                        ;/*
   168                        ; * Initialise the infrastructure used by the timer service task if it has not
   169                        ; * been initialised already.
   170                        ; */
   171                        ;    static void prvCheckForValidListAndQueue( void ) PRIVILEGED_FUNCTION;
   172                        ;
   173                        ;/*
   174                        ; * The timer service task (daemon).  Timer functionality is controlled by this
   175                        ; * task.  Other tasks communicate with the timer service task using the
   176                        ; * xTimerQueue queue.
   177                        ; */
   178                        ;    static portTASK_FUNCTION_PROTO( prvTimerTask, pvParameters ) PRIVILEGED_FUNCTION;
   179                        ;
   180                        ;/*
   181                        ; * Called by the timer service task to interpret and process a command it
   182                        ; * received on the timer queue.
   183                        ; */
   184                        ;    static void prvProcessReceivedCommands( void ) PRIVILEGED_FUNCTION;
   185                        ;
   186                        ;/*
   187                        ; * Insert the timer into either xActiveTimerList1, or xActiveTimerList2,
   188                        ; * depending on if the expire time causes a timer counter overflow.
   189                        ; */
   190                        ;    static BaseType_t prvInsertTimerInActiveList( Timer_t * const pxTimer,
   191                        ;                                                  const TickType_t xNextExpiryTime,
   192                        ;                                                  const TickType_t xTimeNow,
   193                        ;                                                  const TickType_t xCommandTime ) PRIVILEGED_FUNCTION
                    ;
   194                        ;
   195                        ;/*
   196                        ; * Reload the specified auto-reload timer.  If the reloading is backlogged,
   197                        ; * clear the backlog, calling the callback for each additional reload.  When
   198                        ; * this function returns, the next expiry time is after xTimeNow.
   199                        ; */
   200                        ;    static void prvReloadTimer( Timer_t * const pxTimer,
   201                        ;                                TickType_t xExpiredTime,
   202                        ;                                const TickType_t xTimeNow ) PRIVILEGED_FUNCTION;
   203                        ;
   204                        ;/*
   205                        ; * An active timer has reached its expire time.  Reload the timer if it is an
   206                        ; * auto-reload timer, then call its callback.
   207                        ; */
   208                        ;    static void prvProcessExpiredTimer( const TickType_t xNextExpireTime,
   209                        ;                                        const TickType_t xTimeNow ) PRIVILEGED_FUNCTION;
   210                        ;
   211                        ;/*
   212                        ; * The tick count has overflowed.  Switch the timer lists after ensuring the
   213                        ; * current timer list does not still reference some timers.
   214                        ; */
  Mon Sep 14 2026 18:41                                                                                                    Page 5


   215                        ;    static void prvSwitchTimerLists( void ) PRIVILEGED_FUNCTION;
   216                        ;
   217                        ;/*
   218                        ; * Obtain the current tick count, setting *pxTimerListsWereSwitched to pdTRUE
   219                        ; * if a tick count overflow occurred since prvSampleTimeNow() was last called.
   220                        ; */
   221                        ;    static TickType_t prvSampleTimeNow( BaseType_t * const pxTimerListsWereSwitched ) PRIVILEGED_FUNC
                    TION;
   222                        ;
   223                        ;/*
   224                        ; * If the timer list contains any active timers then return the expire time of
   225                        ; * the timer that will expire first and set *pxListWasEmpty to false.  If the
   226                        ; * timer list does not contain any timers then return 0 and set *pxListWasEmpty
   227                        ; * to pdTRUE.
   228                        ; */
   229                        ;    static TickType_t prvGetNextExpireTime( BaseType_t * const pxListWasEmpty ) PRIVILEGED_FUNCTION;
   230                        ;
   231                        ;/*
   232                        ; * If a timer has expired, process it.  Otherwise, block the timer service task
   233                        ; * until either a timer does expire or a command is received.
   234                        ; */
   235                        ;    static void prvProcessTimerOrBlockTask( const TickType_t xNextExpireTime,
   236                        ;                                            BaseType_t xListWasEmpty ) PRIVILEGED_FUNCTION;
   237                        ;
   238                        ;/*
   239                        ; * Called after a Timer_t structure has been allocated either statically or
   240                        ; * dynamically to fill in the structure's members.
   241                        ; */
   242                        ;    static void prvInitialiseNewTimer( const char * const pcTimerName,
   243                        ;                                       const TickType_t xTimerPeriodInTicks,
   244                        ;                                       const BaseType_t xAutoReload,
   245                        ;                                       void * const pvTimerID,
   246                        ;                                       TimerCallbackFunction_t pxCallbackFunction,
   247                        ;                                       Timer_t * pxNewTimer ) PRIVILEGED_FUNCTION;
   248                        ;/*-----------------------------------------------------------*/
   249                        ;
   250                        ;    BaseType_t xTimerCreateTimerTask( void )
   251                        ;    {
   252                        	code
   253                        	xdef	_~xTimerCreateTimerTask
   254                        	func
   255                        _~xTimerCreateTimerTask:
   256                        	longa	on
   257                        	longi	on
   258 00:0000: 3B           	tsc
   259 00:0001: 38           	sec
   260 00:0002: E9 0C 00     	sbc	#L2
   261 00:0005: 1B           	tcs
   262 00:0006: 0B           	phd
   263 00:0007: 5B           	tcd
   264                        ;        BaseType_t xReturn = pdFAIL;
   265                        ;
   266                        ;        traceENTER_xTimerCreateTimerTask();
   267             00000000   xReturn_1	set	0
   268 00:0008: 64 01        	stz	<L3+xReturn_1
   269                        ;
   270                        ;        /* This function is called when the scheduler is started if
   271                        ;         * configUSE_TIMERS is set to 1.  Check that the infrastructure used by the
  Mon Sep 14 2026 18:41                                                                                                    Page 6


   272                        ;         * timer service task has been created/initialised.  If timers have already
   273                        ;         * been created then the initialisation will already have been performed. */
   274                        ;        prvCheckForValidListAndQueue();
   275 00:000A: 20 xx xx     	jsr	_~prvCheckForValidListAndQueue
   276                        ;
   277                        ;        if( xTimerQueue != NULL )
   278                        ;        {
   279 00:000D: AD xx xx     	lda	|_~xTimerQueue
   280 00:0010: 0D xx xx     	ora	|_~xTimerQueue+2
   281 00:0013: F0 55        	beq	L10003
   282                        ;            #if ( ( configNUMBER_OF_CORES > 1 ) && ( configUSE_CORE_AFFINITY == 1 ) )
   283                        ;            {
   284                        ;                #if ( configSUPPORT_STATIC_ALLOCATION == 1 )
   285                        ;                {
   286                        ;                    StaticTask_t * pxTimerTaskTCBBuffer = NULL;
   287                        ;                    StackType_t * pxTimerTaskStackBuffer = NULL;
   288                        ;                    configSTACK_DEPTH_TYPE uxTimerTaskStackSize;
   289                        ;
   290                        ;                    vApplicationGetTimerTaskMemory( &pxTimerTaskTCBBuffer, &pxTimerTaskStackBuffer, &
                    uxTimerTaskStackSize );
   291                        ;                    xTimerTaskHandle = xTaskCreateStaticAffinitySet( &prvTimerTask,
   292                        ;                                                                     configTIMER_SERVICE_TASK_NAME,
   293                        ;                                                                     uxTimerTaskStackSize,
   294                        ;                                                                     NULL,
   295                        ;                                                                     ( ( UBaseType_t ) configTIMER_TA
                    SK_PRIORITY ) | portPRIVILEGE_BIT,
   296                        ;                                                                     pxTimerTaskStackBuffer,
   297                        ;                                                                     pxTimerTaskTCBBuffer,
   298                        ;                                                                     configTIMER_SERVICE_TASK_CORE_AF
                    FINITY );
   299                        ;
   300                        ;                    if( xTimerTaskHandle != NULL )
   301                        ;                    {
   302                        ;                        xReturn = pdPASS;
   303                        ;                    }
   304                        ;                }
   305                        ;                #else /* if ( configSUPPORT_STATIC_ALLOCATION == 1 ) */
   306                        ;                {
   307                        ;                    xReturn = xTaskCreateAffinitySet( &prvTimerTask,
   308                        ;                                                      configTIMER_SERVICE_TASK_NAME,
   309                        ;                                                      configTIMER_TASK_STACK_DEPTH,
   310                        ;                                                      NULL,
   311                        ;                                                      ( ( UBaseType_t ) configTIMER_TASK_PRIORITY ) |
                     portPRIVILEGE_BIT,
   312                        ;                                                      configTIMER_SERVICE_TASK_CORE_AFFINITY,
   313                        ;                                                      &xTimerTaskHandle );
   314                        ;                }
   315                        ;                #endif /* configSUPPORT_STATIC_ALLOCATION */
   316                        ;            }
   317                        ;            #else /* #if ( ( configNUMBER_OF_CORES > 1 ) && ( configUSE_CORE_AFFINITY == 1 ) ) */
   318                        ;            {
   319                        ;                #if ( configSUPPORT_STATIC_ALLOCATION == 1 )
   320                        ;                {
   321                        ;                    StaticTask_t * pxTimerTaskTCBBuffer = NULL;
   322                        ;                    StackType_t * pxTimerTaskStackBuffer = NULL;
   323                        ;                    configSTACK_DEPTH_TYPE uxTimerTaskStackSize;
   324                        ;
   325                        ;                    vApplicationGetTimerTaskMemory( &pxTimerTaskTCBBuffer, &pxTimerTaskStackBuffer, &
  Mon Sep 14 2026 18:41                                                                                                    Page 7


                    uxTimerTaskStackSize );
   326             00000002   pxTimerTaskTCBBuffer_2	set	2
   327             00000006   pxTimerTaskStackBuffer_2	set	6
   328             0000000A   uxTimerTaskStackSize_2	set	10
   329 00:0015: 64 03        	stz	<L3+pxTimerTaskTCBBuffer_2
   330 00:0017: 64 05        	stz	<L3+pxTimerTaskTCBBuffer_2+2
   331 00:0019: 64 07        	stz	<L3+pxTimerTaskStackBuffer_2
   332 00:001B: 64 09        	stz	<L3+pxTimerTaskStackBuffer_2+2
   333 00:001D: F4 00 00     	pea	#0
   334 00:0020: 18           	clc
   335 00:0021: 7B           	tdc
   336 00:0022: 69 0B 00     	adc	#<L3+uxTimerTaskStackSize_2
   337 00:0025: 48           	pha
   338 00:0026: F4 00 00     	pea	#0
   339 00:0029: 18           	clc
   340 00:002A: 7B           	tdc
   341 00:002B: 69 07 00     	adc	#<L3+pxTimerTaskStackBuffer_2
   342 00:002E: 48           	pha
   343 00:002F: F4 00 00     	pea	#0
   344 00:0032: 18           	clc
   345 00:0033: 7B           	tdc
   346 00:0034: 69 03 00     	adc	#<L3+pxTimerTaskTCBBuffer_2
   347 00:0037: 48           	pha
   348 00:0038: 20 xx xx     	jsr	_~vApplicationGetTimerTaskMemory
   349                        ;                    xTimerTaskHandle = xTaskCreateStatic( &prvTimerTask,
   350                        ;                                                          configTIMER_SERVICE_TASK_NAME,
   351                        ;                                                          uxTimerTaskStackSize,
   352                        ;                                                          NULL,
   353                        ;                                                          ( ( UBaseType_t ) configTIMER_TASK_PRIORITY
                     ) | portPRIVILEGE_BIT,
   354                        ;                                                          pxTimerTaskStackBuffer,
   355                        ;                                                          pxTimerTaskTCBBuffer );
   356 00:003B: D4 05        	pei	<L3+pxTimerTaskTCBBuffer_2+2
   357 00:003D: D4 03        	pei	<L3+pxTimerTaskTCBBuffer_2
   358 00:003F: D4 09        	pei	<L3+pxTimerTaskStackBuffer_2+2
   359 00:0041: D4 07        	pei	<L3+pxTimerTaskStackBuffer_2
   360 00:0043: F4 04 00     	pea	#<$4
   361 00:0046: F4 00 00     	pea	#^$0
   362 00:0049: F4 00 00     	pea	#<$0
   363 00:004C: D4 0B        	pei	<L3+uxTimerTaskStackSize_2
   364 00:004E: F4 xx xx     	pea	#^L1
   365 00:0051: F4 xx xx     	pea	#<L1
   366 00:0054: F4 xx xx     	pea	#<_~prvTimerTask
   367 00:0057: 20 xx xx     	jsr	_~xTaskCreateStatic
   368 00:005A: 8D xx xx     	sta	|_~xTimerTaskHandle
   369 00:005D: 8E xx xx     	stx	|_~xTimerTaskHandle+2
   370                        ;
   371                        ;                    if( xTimerTaskHandle != NULL )
   372                        ;                    {
   373 00:0060: 0D xx xx     	ora	|_~xTimerTaskHandle+2
   374 00:0063: F0 05        	beq	L10003
   375                        ;                        xReturn = pdPASS;
   376 00:0065: A9 01 00     	lda	#$1
   377 00:0068: 85 01        	sta	<L3+xReturn_1
   378                        ;                    }
   379                        ;                }
   380                        ;                #else /* if ( configSUPPORT_STATIC_ALLOCATION == 1 ) */
   381                        ;                {
  Mon Sep 14 2026 18:41                                                                                                    Page 8


   382                        ;                    xReturn = xTaskCreate( &prvTimerTask,
   383                        ;                                           configTIMER_SERVICE_TASK_NAME,
   384                        ;                                           configTIMER_TASK_STACK_DEPTH,
   385                        ;                                           NULL,
   386                        ;                                           ( ( UBaseType_t ) configTIMER_TASK_PRIORITY ) | portPRIVIL
                    EGE_BIT,
   387                        ;                                           &xTimerTaskHandle );
   388                        ;                }
   389                        ;                #endif /* configSUPPORT_STATIC_ALLOCATION */
   390                        ;            }
   391                        ;            #endif /* #if ( ( configNUMBER_OF_CORES > 1 ) && ( configUSE_CORE_AFFINITY == 1 ) ) */
   392                        ;        }
   393                        ;        else
   394                        ;        {
   395                        ;            mtCOVERAGE_TEST_MARKER();
   396                        ;        }
   397                        L10003:
   398                        ;
   399                        ;        configASSERT( xReturn );
   400 00:006A: A5 01        	lda	<L3+xReturn_1
   401 00:006C: D0 02        	bne	L10004
   402                        L10008:
   403 00:006E: 80 FE        	bra	L10008
   404                        L10004:
   405                        ;
   406                        ;        traceRETURN_xTimerCreateTimerTask( xReturn );
   407                        ;
   408                        ;        return xReturn;
   409 00:0070: A5 01        	lda	<L3+xReturn_1
   410 00:0072: A8           	tay
   411 00:0073: 2B           	pld
   412 00:0074: 3B           	tsc
   413 00:0075: 18           	clc
   414 00:0076: 69 0C 00     	adc	#L2
   415 00:0079: 1B           	tcs
   416 00:007A: 98           	tya
   417 00:007B: 60           	rts
   418                        ;    }
   419             0000000C   L2	equ	12
   420             00000001   L3	equ	1
   421                        	ends
   422                        	efunc
   423                        	data
   424                        L1:
   425 00:0008: 54 6D 72 20  	db	$54,$6D,$72,$20,$53,$76,$63,$00
       00:000C: 53 76 63 00 
   426 00:0010:              	ends
   427                        ;/*-----------------------------------------------------------*/
   428                        ;
   429                        ;    #if ( configSUPPORT_DYNAMIC_ALLOCATION == 1 )
   430                        ;
   431                        ;        TimerHandle_t xTimerCreate( const char * const pcTimerName,
   432                        ;                                    const TickType_t xTimerPeriodInTicks,
   433                        ;                                    const BaseType_t xAutoReload,
   434                        ;                                    void * const pvTimerID,
   435                        ;                                    TimerCallbackFunction_t pxCallbackFunction )
   436                        ;        {
   437                        	code
  Mon Sep 14 2026 18:41                                                                                                    Page 9


   438                        	xdef	_~xTimerCreate
   439                        	func
   440                        _~xTimerCreate:
   441                        	longa	on
   442                        	longi	on
   443 00:007C: 3B           	tsc
   444 00:007D: 38           	sec
   445 00:007E: E9 04 00     	sbc	#L9
   446 00:0081: 1B           	tcs
   447 00:0082: 0B           	phd
   448 00:0083: 5B           	tcd
   449             00000003   pcTimerName_0	set	3
   450             00000007   xTimerPeriodInTicks_0	set	7
   451             0000000B   xAutoReload_0	set	11
   452             0000000D   pvTimerID_0	set	13
   453             00000011   pxCallbackFunction_0	set	17
   454                        ;            Timer_t * pxNewTimer;
   455                        ;
   456                        ;            traceENTER_xTimerCreate( pcTimerName, xTimerPeriodInTicks, xAutoReload, pvTimerID, pxCall
                    backFunction );
   457             00000000   pxNewTimer_1	set	0
   458                        ;
   459                        ;            /* MISRA Ref 11.5.1 [Malloc memory assignment] */
   460                        ;            /* More details at: https://github.com/FreeRTOS/FreeRTOS-Kernel/blob/main/MISRA.md#rule-1
                    15 */
   461                        ;            /* coverity[misra_c_2012_rule_11_5_violation] */
   462                        ;            pxNewTimer = ( Timer_t * ) pvPortMalloc( sizeof( Timer_t ) );
   463 00:0084: F4 23 00     	pea	#<$23
   464 00:0087: 20 xx xx     	jsr	_~pvPortMalloc
   465 00:008A: 85 01        	sta	<L10+pxNewTimer_1
   466 00:008C: 86 03        	stx	<L10+pxNewTimer_1+2
   467                        ;
   468                        ;            if( pxNewTimer != NULL )
   469                        ;            {
   470 00:008E: 05 03        	ora	<L10+pxNewTimer_1+2
   471 00:0090: F0 22        	beq	L10011
   472                        ;                /* Status is thus far zero as the timer is not created statically
   473                        ;                 * and has not been started.  The auto-reload bit may get set in
   474                        ;                 * prvInitialiseNewTimer. */
   475                        ;                pxNewTimer->ucStatus = 0x00;
   476 00:0092: E2 20        	sep	#$20
   477                        	longa	off
   478 00:0094: A9 00        	lda	#$0
   479 00:0096: A0 22 00     	ldy	#$22
   480 00:0099: 97 01        	sta	[<L10+pxNewTimer_1],Y
   481 00:009B: C2 20        	rep	#$20
   482                        	longa	on
   483                        ;                prvInitialiseNewTimer( pcTimerName, xTimerPeriodInTicks, xAutoReload, pvTimerID, pxCa
                    llbackFunction, pxNewTimer );
   484 00:009D: D4 03        	pei	<L10+pxNewTimer_1+2
   485 00:009F: D4 01        	pei	<L10+pxNewTimer_1
   486 00:00A1: D4 15        	pei	<L9+pxCallbackFunction_0
   487 00:00A3: D4 13        	pei	<L9+pvTimerID_0+2
   488 00:00A5: D4 11        	pei	<L9+pvTimerID_0
   489 00:00A7: D4 0F        	pei	<L9+xAutoReload_0
   490 00:00A9: D4 0D        	pei	<L9+xTimerPeriodInTicks_0+2
   491 00:00AB: D4 0B        	pei	<L9+xTimerPeriodInTicks_0
   492 00:00AD: D4 09        	pei	<L9+pcTimerName_0+2
  Mon Sep 14 2026 18:41                                                                                                    Page 10


   493 00:00AF: D4 07        	pei	<L9+pcTimerName_0
   494 00:00B1: 20 xx xx     	jsr	_~prvInitialiseNewTimer
   495                        ;            }
   496                        ;
   497                        ;            traceRETURN_xTimerCreate( pxNewTimer );
   498                        L10011:
   499                        ;
   500                        ;            return pxNewTimer;
   501 00:00B4: A6 03        	ldx	<L10+pxNewTimer_1+2
   502 00:00B6: A5 01        	lda	<L10+pxNewTimer_1
   503 00:00B8: A8           	tay
   504 00:00B9: A5 05        	lda	<L9+1
   505 00:00BB: 85 15        	sta	<L9+1+16
   506 00:00BD: 2B           	pld
   507 00:00BE: 3B           	tsc
   508 00:00BF: 18           	clc
   509 00:00C0: 69 14 00     	adc	#L9+16
   510 00:00C3: 1B           	tcs
   511 00:00C4: 98           	tya
   512 00:00C5: 60           	rts
   513                        ;        }
   514             00000004   L9	equ	4
   515             00000001   L10	equ	1
   516                        	ends
   517                        	efunc
   518                        ;
   519                        ;    #endif /* configSUPPORT_DYNAMIC_ALLOCATION */
   520                        ;/*-----------------------------------------------------------*/
   521                        ;
   522                        ;    #if ( configSUPPORT_STATIC_ALLOCATION == 1 )
   523                        ;
   524                        ;        TimerHandle_t xTimerCreateStatic( const char * const pcTimerName,
   525                        ;                                          const TickType_t xTimerPeriodInTicks,
   526                        ;                                          const BaseType_t xAutoReload,
   527                        ;                                          void * const pvTimerID,
   528                        ;                                          TimerCallbackFunction_t pxCallbackFunction,
   529                        ;                                          StaticTimer_t * pxTimerBuffer )
   530                        ;        {
   531                        	code
   532                        	xdef	_~xTimerCreateStatic
   533                        	func
   534                        _~xTimerCreateStatic:
   535                        	longa	on
   536                        	longi	on
   537 00:00C6: 3B           	tsc
   538 00:00C7: 38           	sec
   539 00:00C8: E9 06 00     	sbc	#L13
   540 00:00CB: 1B           	tcs
   541 00:00CC: 0B           	phd
   542 00:00CD: 5B           	tcd
   543             00000003   pcTimerName_0	set	3
   544             00000007   xTimerPeriodInTicks_0	set	7
   545             0000000B   xAutoReload_0	set	11
   546             0000000D   pvTimerID_0	set	13
   547             00000011   pxCallbackFunction_0	set	17
   548             00000013   pxTimerBuffer_0	set	19
   549                        ;            Timer_t * pxNewTimer;
   550                        ;
  Mon Sep 14 2026 18:41                                                                                                    Page 11


   551                        ;            traceENTER_xTimerCreateStatic( pcTimerName, xTimerPeriodInTicks, xAutoReload, pvTimerID, 
                    pxCallbackFunction, pxTimerBuffer );
   552             00000000   pxNewTimer_1	set	0
   553                        ;
   554                        ;            #if ( configASSERT_DEFINED == 1 )
   555                        ;            {
   556                        ;                /* Sanity check that the size of the structure used to declare a
   557                        ;                 * variable of type StaticTimer_t equals the size of the real timer
   558                        ;                 * structure. */
   559                        ;                volatile size_t xSize = sizeof( StaticTimer_t );
   560                        ;                configASSERT( xSize == sizeof( Timer_t ) );
   561             00000004   xSize_2	set	4
   562 00:00CE: A9 23 00     	lda	#$23
   563 00:00D1: 85 05        	sta	<L14+xSize_2
   564 00:00D3: C9 23 00     	cmp	#<$23
   565 00:00D6: F0 02        	beq	L10012
   566                        L10016:
   567 00:00D8: 80 FE        	bra	L10016
   568                        L10012:
   569                        ;                ( void ) xSize; /* Prevent unused variable warning when configASSERT() is not defined
                    . */
   570                        ;            }
   571                        ;            #endif /* configASSERT_DEFINED */
   572                        ;
   573                        ;            /* A pointer to a StaticTimer_t structure MUST be provided, use it. */
   574                        ;            configASSERT( pxTimerBuffer );
   575 00:00DA: A5 19        	lda	<L13+pxTimerBuffer_0
   576 00:00DC: 05 1B        	ora	<L13+pxTimerBuffer_0+2
   577 00:00DE: D0 02        	bne	L10019
   578                        L10023:
   579 00:00E0: 80 FE        	bra	L10023
   580                        L10019:
   581                        ;            /* MISRA Ref 11.3.1 [Misaligned access] */
   582                        ;            /* More details at: https://github.com/FreeRTOS/FreeRTOS-Kernel/blob/main/MISRA.md#rule-1
                    13 */
   583                        ;            /* coverity[misra_c_2012_rule_11_3_violation] */
   584                        ;            pxNewTimer = ( Timer_t * ) pxTimerBuffer;
   585 00:00E2: A5 19        	lda	<L13+pxTimerBuffer_0
   586 00:00E4: 85 01        	sta	<L14+pxNewTimer_1
   587 00:00E6: A5 1B        	lda	<L13+pxTimerBuffer_0+2
   588 00:00E8: 85 03        	sta	<L14+pxNewTimer_1+2
   589                        ;
   590                        ;            if( pxNewTimer != NULL )
   591                        ;            {
   592 00:00EA: A5 01        	lda	<L14+pxNewTimer_1
   593 00:00EC: 05 03        	ora	<L14+pxNewTimer_1+2
   594 00:00EE: F0 22        	beq	L10026
   595                        ;                /* Timers can be created statically or dynamically so note this
   596                        ;                 * timer was created statically in case it is later deleted.  The
   597                        ;                 * auto-reload bit may get set in prvInitialiseNewTimer(). */
   598                        ;                pxNewTimer->ucStatus = ( uint8_t ) tmrSTATUS_IS_STATICALLY_ALLOCATED;
   599 00:00F0: E2 20        	sep	#$20
   600                        	longa	off
   601 00:00F2: A9 02        	lda	#$2
   602 00:00F4: A0 22 00     	ldy	#$22
   603 00:00F7: 97 01        	sta	[<L14+pxNewTimer_1],Y
   604 00:00F9: C2 20        	rep	#$20
   605                        	longa	on
  Mon Sep 14 2026 18:41                                                                                                    Page 12


   606                        ;
   607                        ;                prvInitialiseNewTimer( pcTimerName, xTimerPeriodInTicks, xAutoReload, pvTimerID, pxCa
                    llbackFunction, pxNewTimer );
   608 00:00FB: D4 03        	pei	<L14+pxNewTimer_1+2
   609 00:00FD: D4 01        	pei	<L14+pxNewTimer_1
   610 00:00FF: D4 17        	pei	<L13+pxCallbackFunction_0
   611 00:0101: D4 15        	pei	<L13+pvTimerID_0+2
   612 00:0103: D4 13        	pei	<L13+pvTimerID_0
   613 00:0105: D4 11        	pei	<L13+xAutoReload_0
   614 00:0107: D4 0F        	pei	<L13+xTimerPeriodInTicks_0+2
   615 00:0109: D4 0D        	pei	<L13+xTimerPeriodInTicks_0
   616 00:010B: D4 0B        	pei	<L13+pcTimerName_0+2
   617 00:010D: D4 09        	pei	<L13+pcTimerName_0
   618 00:010F: 20 xx xx     	jsr	_~prvInitialiseNewTimer
   619                        ;            }
   620                        ;
   621                        ;            traceRETURN_xTimerCreateStatic( pxNewTimer );
   622                        L10026:
   623                        ;
   624                        ;            return pxNewTimer;
   625 00:0112: A6 03        	ldx	<L14+pxNewTimer_1+2
   626 00:0114: A5 01        	lda	<L14+pxNewTimer_1
   627 00:0116: A8           	tay
   628 00:0117: A5 07        	lda	<L13+1
   629 00:0119: 85 1B        	sta	<L13+1+20
   630 00:011B: 2B           	pld
   631 00:011C: 3B           	tsc
   632 00:011D: 18           	clc
   633 00:011E: 69 1A 00     	adc	#L13+20
   634 00:0121: 1B           	tcs
   635 00:0122: 98           	tya
   636 00:0123: 60           	rts
   637                        ;        }
   638             00000006   L13	equ	6
   639             00000001   L14	equ	1
   640                        	ends
   641                        	efunc
   642                        ;
   643                        ;    #endif /* configSUPPORT_STATIC_ALLOCATION */
   644                        ;/*-----------------------------------------------------------*/
   645                        ;
   646                        ;    static void prvInitialiseNewTimer( const char * const pcTimerName,
   647                        ;                                       const TickType_t xTimerPeriodInTicks,
   648                        ;                                       const BaseType_t xAutoReload,
   649                        ;                                       void * const pvTimerID,
   650                        ;                                       TimerCallbackFunction_t pxCallbackFunction,
   651                        ;                                       Timer_t * pxNewTimer )
   652                        ;    {
   653                        	code
   654                        	func
   655                        _~prvInitialiseNewTimer:
   656                        	longa	on
   657                        	longi	on
   658 00:0124: 3B           	tsc
   659 00:0125: 38           	sec
   660 00:0126: E9 04 00     	sbc	#L19
   661 00:0129: 1B           	tcs
   662 00:012A: 0B           	phd
  Mon Sep 14 2026 18:41                                                                                                    Page 13


   663 00:012B: 5B           	tcd
   664             00000003   pcTimerName_0	set	3
   665             00000007   xTimerPeriodInTicks_0	set	7
   666             0000000B   xAutoReload_0	set	11
   667             0000000D   pvTimerID_0	set	13
   668             00000011   pxCallbackFunction_0	set	17
   669             00000013   pxNewTimer_0	set	19
   670                        ;        /* 0 is not a valid value for xTimerPeriodInTicks. */
   671                        ;        configASSERT( ( xTimerPeriodInTicks > 0 ) );
   672 00:012C: A9 00 00     	lda	#$0
   673 00:012F: C5 0B        	cmp	<L19+xTimerPeriodInTicks_0
   674 00:0131: E5 0D        	sbc	<L19+xTimerPeriodInTicks_0+2
   675 00:0133: 90 02        	bcc	L10027
   676                        L10031:
   677 00:0135: 80 FE        	bra	L10031
   678                        L10027:
   679                        ;
   680                        ;        /* Ensure the infrastructure used by the timer service task has been
   681                        ;         * created/initialised. */
   682                        ;        prvCheckForValidListAndQueue();
   683 00:0137: 20 xx xx     	jsr	_~prvCheckForValidListAndQueue
   684                        ;
   685                        ;        /* Initialise the timer structure members using the function
   686                        ;         * parameters. */
   687                        ;        pxNewTimer->pcTimerName = pcTimerName;
   688 00:013A: A5 07        	lda	<L19+pcTimerName_0
   689 00:013C: 87 17        	sta	[<L19+pxNewTimer_0]
   690 00:013E: A5 09        	lda	<L19+pcTimerName_0+2
   691 00:0140: A0 02 00     	ldy	#$2
   692 00:0143: 97 17        	sta	[<L19+pxNewTimer_0],Y
   693                        ;        pxNewTimer->xTimerPeriodInTicks = xTimerPeriodInTicks;
   694 00:0145: A5 0B        	lda	<L19+xTimerPeriodInTicks_0
   695 00:0147: A0 18 00     	ldy	#$18
   696 00:014A: 97 17        	sta	[<L19+pxNewTimer_0],Y
   697 00:014C: A5 0D        	lda	<L19+xTimerPeriodInTicks_0+2
   698 00:014E: C8           	iny
   699 00:014F: C8           	iny
   700 00:0150: 97 17        	sta	[<L19+pxNewTimer_0],Y
   701                        ;        pxNewTimer->pvTimerID = pvTimerID;
   702 00:0152: A5 11        	lda	<L19+pvTimerID_0
   703 00:0154: C8           	iny
   704 00:0155: C8           	iny
   705 00:0156: 97 17        	sta	[<L19+pxNewTimer_0],Y
   706 00:0158: A5 13        	lda	<L19+pvTimerID_0+2
   707 00:015A: C8           	iny
   708 00:015B: C8           	iny
   709 00:015C: 97 17        	sta	[<L19+pxNewTimer_0],Y
   710                        ;        pxNewTimer->pxCallbackFunction = pxCallbackFunction;
   711 00:015E: A5 15        	lda	<L19+pxCallbackFunction_0
   712 00:0160: C8           	iny
   713 00:0161: C8           	iny
   714 00:0162: 97 17        	sta	[<L19+pxNewTimer_0],Y
   715                        ;        vListInitialiseItem( &( pxNewTimer->xTimerListItem ) );
   716 00:0164: A9 04 00     	lda	#$4
   717 00:0167: 18           	clc
   718 00:0168: 65 17        	adc	<L19+pxNewTimer_0
   719 00:016A: 85 01        	sta	<R0
   720 00:016C: A9 00 00     	lda	#$0
  Mon Sep 14 2026 18:41                                                                                                    Page 14


   721 00:016F: 65 19        	adc	<L19+pxNewTimer_0+2
   722 00:0171: 48           	pha
   723 00:0172: D4 01        	pei	<R0
   724 00:0174: 20 xx xx     	jsr	_~vListInitialiseItem
   725                        ;
   726                        ;        if( xAutoReload != pdFALSE )
   727                        ;        {
   728 00:0177: A5 0F        	lda	<L19+xAutoReload_0
   729 00:0179: F0 19        	beq	L23
   730                        ;            pxNewTimer->ucStatus |= ( uint8_t ) tmrSTATUS_IS_AUTORELOAD;
   731 00:017B: A9 22 00     	lda	#$22
   732 00:017E: 18           	clc
   733 00:017F: 65 17        	adc	<L19+pxNewTimer_0
   734 00:0181: 85 01        	sta	<R0
   735 00:0183: A9 00 00     	lda	#$0
   736 00:0186: 65 19        	adc	<L19+pxNewTimer_0+2
   737 00:0188: 85 03        	sta	<R0+2
   738 00:018A: E2 20        	sep	#$20
   739                        	longa	off
   740 00:018C: A7 01        	lda	[<R0]
   741 00:018E: 09 04        	ora	#<$4
   742 00:0190: 87 01        	sta	[<R0]
   743 00:0192: C2 20        	rep	#$20
   744                        	longa	on
   745                        ;        }
   746                        ;
   747                        ;        traceTIMER_CREATE( pxNewTimer );
   748                        ;    }
   749                        L23:
   750 00:0194: A5 05        	lda	<L19+1
   751 00:0196: 85 19        	sta	<L19+1+20
   752 00:0198: 2B           	pld
   753 00:0199: 3B           	tsc
   754 00:019A: 18           	clc
   755 00:019B: 69 18 00     	adc	#L19+20
   756 00:019E: 1B           	tcs
   757 00:019F: 60           	rts
   758             00000004   L19	equ	4
   759             00000005   L20	equ	5
   760                        	ends
   761                        	efunc
   762                        ;/*-----------------------------------------------------------*/
   763                        ;
   764                        ;    BaseType_t xTimerGenericCommandFromTask( TimerHandle_t xTimer,
   765                        ;                                             const BaseType_t xCommandID,
   766                        ;                                             const TickType_t xOptionalValue,
   767                        ;                                             BaseType_t * const pxHigherPriorityTaskWoken,
   768                        ;                                             const TickType_t xTicksToWait )
   769                        ;    {
   770                        	code
   771                        	xdef	_~xTimerGenericCommandFromTask
   772                        	func
   773                        _~xTimerGenericCommandFromTask:
   774                        	longa	on
   775                        	longi	on
   776 00:01A0: 3B           	tsc
   777 00:01A1: 38           	sec
   778 00:01A2: E9 10 00     	sbc	#L24
  Mon Sep 14 2026 18:41                                                                                                    Page 15


   779 00:01A5: 1B           	tcs
   780 00:01A6: 0B           	phd
   781 00:01A7: 5B           	tcd
   782             00000003   xTimer_0	set	3
   783             00000007   xCommandID_0	set	7
   784             00000009   xOptionalValue_0	set	9
   785             0000000D   pxHigherPriorityTaskWoken_0	set	13
   786             00000011   xTicksToWait_0	set	17
   787                        ;        BaseType_t xReturn = pdFAIL;
   788                        ;        DaemonTaskMessage_t xMessage;
   789                        ;
   790                        ;        ( void ) pxHigherPriorityTaskWoken;
   791             00000000   xReturn_1	set	0
   792             00000002   xMessage_1	set	2
   793 00:01A8: 64 05        	stz	<L25+xReturn_1
   794                        ;
   795                        ;        traceENTER_xTimerGenericCommandFromTask( xTimer, xCommandID, xOptionalValue, pxHigherPriority
                    TaskWoken, xTicksToWait );
   796                        ;
   797                        ;        /* Send a message to the timer service task to perform a particular action
   798                        ;         * on a particular timer definition. */
   799                        ;        if( ( xTimerQueue != NULL ) && ( xTimer != NULL ) )
   800                        ;        {
   801 00:01AA: AD xx xx     	lda	|_~xTimerQueue
   802 00:01AD: 0D xx xx     	ora	|_~xTimerQueue+2
   803 00:01B0: F0 63        	beq	L10046
   804 00:01B2: A5 13        	lda	<L24+xTimer_0
   805 00:01B4: 05 15        	ora	<L24+xTimer_0+2
   806 00:01B6: F0 5D        	beq	L10046
   807                        ;            /* Send a command to the timer service task to start the xTimer timer. */
   808                        ;            xMessage.xMessageID = xCommandID;
   809 00:01B8: A5 17        	lda	<L24+xCommandID_0
   810 00:01BA: 85 07        	sta	<L25+xMessage_1
   811                        ;            xMessage.u.xTimerParameters.xMessageValue = xOptionalValue;
   812 00:01BC: A5 19        	lda	<L24+xOptionalValue_0
   813 00:01BE: 85 09        	sta	<L25+xMessage_1+2
   814 00:01C0: A5 1B        	lda	<L24+xOptionalValue_0+2
   815 00:01C2: 85 0B        	sta	<L25+xMessage_1+4
   816                        ;            xMessage.u.xTimerParameters.pxTimer = xTimer;
   817 00:01C4: A5 13        	lda	<L24+xTimer_0
   818 00:01C6: 85 0D        	sta	<L25+xMessage_1+6
   819 00:01C8: A5 15        	lda	<L24+xTimer_0+2
   820 00:01CA: 85 0F        	sta	<L25+xMessage_1+8
   821                        ;
   822                        ;            /* Enforce a lower bound as well as an upper bound so that only
   823                        ;             * valid task-issued commands are accepted here. */
   824                        ;            configASSERT( ( xCommandID >= tmrCOMMAND_START_DONT_TRACE ) && ( xCommandID < tmrFIRST_FR
                    OM_ISR_COMMAND ) );
   825 00:01CC: A5 17        	lda	<L24+xCommandID_0
   826 00:01CE: 30 0D        	bmi	L10040
   827 00:01D0: 38           	sec
   828 00:01D1: A5 17        	lda	<L24+xCommandID_0
   829 00:01D3: E9 06 00     	sbc	#<$6
   830 00:01D6: 70 03        	bvs	L30
   831 00:01D8: 49 00 80     	eor	#$8000
   832                        L30:
   833 00:01DB: 10 02        	bpl	L10036
   834                        L10040:
  Mon Sep 14 2026 18:41                                                                                                    Page 16


   835 00:01DD: 80 FE        	bra	L10040
   836                        L10036:
   837                        ;
   838                        ;            if( ( xCommandID >= tmrCOMMAND_START_DONT_TRACE ) && ( xCommandID < tmrFIRST_FROM_ISR_COM
                    MAND ) )
   839                        ;            {
   840 00:01DF: A5 17        	lda	<L24+xCommandID_0
   841 00:01E1: 30 32        	bmi	L10046
   842 00:01E3: 38           	sec
   843 00:01E4: A5 17        	lda	<L24+xCommandID_0
   844 00:01E6: E9 06 00     	sbc	#<$6
   845 00:01E9: 70 03        	bvs	L33
   846 00:01EB: 49 00 80     	eor	#$8000
   847                        L33:
   848 00:01EE: 30 25        	bmi	L10046
   849                        ;                if( xTaskGetSchedulerState() == taskSCHEDULER_RUNNING )
   850                        ;                {
   851 00:01F0: 20 xx xx     	jsr	_~xTaskGetSchedulerState
   852 00:01F3: C9 02 00     	cmp	#<$2
   853 00:01F6: D0 2D        	bne	L10044
   854                        ;                    xReturn = xQueueSendToBack( xTimerQueue, &xMessage, xTicksToWait );
   855 00:01F8: F4 00 00     	pea	#<$0
   856 00:01FB: D4 23        	pei	<L24+xTicksToWait_0+2
   857 00:01FD: D4 21        	pei	<L24+xTicksToWait_0
   858                        L20010:
   859 00:01FF: F4 00 00     	pea	#0
   860 00:0202: 18           	clc
   861 00:0203: 7B           	tdc
   862 00:0204: 69 07 00     	adc	#<L25+xMessage_1
   863 00:0207: 48           	pha
   864 00:0208: AD xx xx     	lda	|_~xTimerQueue+2
   865 00:020B: 48           	pha
   866 00:020C: AD xx xx     	lda	|_~xTimerQueue
   867 00:020F: 48           	pha
   868 00:0210: 20 xx xx     	jsr	_~xQueueGenericSend
   869 00:0213: 85 05        	sta	<L25+xReturn_1
   870                        ;                }
   871                        ;                else
   872                        L10046:
   873                        ;
   874                        ;        traceRETURN_xTimerGenericCommandFromTask( xReturn );
   875                        ;
   876                        ;        return xReturn;
   877 00:0215: A5 05        	lda	<L25+xReturn_1
   878 00:0217: A8           	tay
   879 00:0218: A5 11        	lda	<L24+1
   880 00:021A: 85 23        	sta	<L24+1+18
   881 00:021C: 2B           	pld
   882 00:021D: 3B           	tsc
   883 00:021E: 18           	clc
   884 00:021F: 69 22 00     	adc	#L24+18
   885 00:0222: 1B           	tcs
   886 00:0223: 98           	tya
   887 00:0224: 60           	rts
   888                        L10044:
   889                        ;                {
   890                        ;                    xReturn = xQueueSendToBack( xTimerQueue, &xMessage, tmrNO_DELAY );
   891 00:0225: F4 00 00     	pea	#<$0
  Mon Sep 14 2026 18:41                                                                                                    Page 17


   892 00:0228: F4 00 00     	pea	#^$0
   893 00:022B: F4 00 00     	pea	#<$0
   894 00:022E: 80 CF        	bra	L20010
   895                        ;                }
   896                        ;            }
   897                        ;
   898                        ;            traceTIMER_COMMAND_SEND( xTimer, xCommandID, xOptionalValue, xReturn );
   899                        ;        }
   900                        ;        else
   901                        ;        {
   902                        ;            mtCOVERAGE_TEST_MARKER();
   903                        ;        }
   904                        ;    }
   905             00000010   L24	equ	16
   906             00000005   L25	equ	5
   907                        	ends
   908                        	efunc
   909                        ;/*-----------------------------------------------------------*/
   910                        ;
   911                        ;    BaseType_t xTimerGenericCommandFromISR( TimerHandle_t xTimer,
   912                        ;                                            const BaseType_t xCommandID,
   913                        ;                                            const TickType_t xOptionalValue,
   914                        ;                                            BaseType_t * const pxHigherPriorityTaskWoken,
   915                        ;                                            const TickType_t xTicksToWait )
   916                        ;    {
   917                        	code
   918                        	xdef	_~xTimerGenericCommandFromISR
   919                        	func
   920                        _~xTimerGenericCommandFromISR:
   921                        	longa	on
   922                        	longi	on
   923 00:0230: 3B           	tsc
   924 00:0231: 38           	sec
   925 00:0232: E9 0C 00     	sbc	#L37
   926 00:0235: 1B           	tcs
   927 00:0236: 0B           	phd
   928 00:0237: 5B           	tcd
   929             00000003   xTimer_0	set	3
   930             00000007   xCommandID_0	set	7
   931             00000009   xOptionalValue_0	set	9
   932             0000000D   pxHigherPriorityTaskWoken_0	set	13
   933             00000011   xTicksToWait_0	set	17
   934                        ;        BaseType_t xReturn = pdFAIL;
   935                        ;        DaemonTaskMessage_t xMessage;
   936                        ;
   937                        ;        ( void ) xTicksToWait;
   938             00000000   xReturn_1	set	0
   939             00000002   xMessage_1	set	2
   940 00:0238: 64 01        	stz	<L38+xReturn_1
   941                        ;
   942                        ;        traceENTER_xTimerGenericCommandFromISR( xTimer, xCommandID, xOptionalValue, pxHigherPriorityT
                    askWoken, xTicksToWait );
   943                        ;
   944                        ;        /* Send a message to the timer service task to perform a particular action
   945                        ;         * on a particular timer definition. */
   946                        ;        if( ( xTimerQueue != NULL ) && ( xTimer != NULL ) )
   947                        ;        {
   948 00:023A: AD xx xx     	lda	|_~xTimerQueue
  Mon Sep 14 2026 18:41                                                                                                    Page 18


   949 00:023D: 0D xx xx     	ora	|_~xTimerQueue+2
   950 00:0240: F0 53        	beq	L10056
   951 00:0242: A5 0F        	lda	<L37+xTimer_0
   952 00:0244: 05 11        	ora	<L37+xTimer_0+2
   953 00:0246: F0 4D        	beq	L10056
   954                        ;            /* Send a command to the timer service task to start the xTimer timer. */
   955                        ;            xMessage.xMessageID = xCommandID;
   956 00:0248: A5 13        	lda	<L37+xCommandID_0
   957 00:024A: 85 03        	sta	<L38+xMessage_1
   958                        ;            xMessage.u.xTimerParameters.xMessageValue = xOptionalValue;
   959 00:024C: A5 15        	lda	<L37+xOptionalValue_0
   960 00:024E: 85 05        	sta	<L38+xMessage_1+2
   961 00:0250: A5 17        	lda	<L37+xOptionalValue_0+2
   962 00:0252: 85 07        	sta	<L38+xMessage_1+4
   963                        ;            xMessage.u.xTimerParameters.pxTimer = xTimer;
   964 00:0254: A5 0F        	lda	<L37+xTimer_0
   965 00:0256: 85 09        	sta	<L38+xMessage_1+6
   966 00:0258: A5 11        	lda	<L37+xTimer_0+2
   967 00:025A: 85 0B        	sta	<L38+xMessage_1+8
   968                        ;
   969                        ;            configASSERT( xCommandID >= tmrFIRST_FROM_ISR_COMMAND );
   970 00:025C: 38           	sec
   971 00:025D: A5 13        	lda	<L37+xCommandID_0
   972 00:025F: E9 06 00     	sbc	#<$6
   973 00:0262: 70 03        	bvs	L41
   974 00:0264: 49 00 80     	eor	#$8000
   975                        L41:
   976 00:0267: 30 02        	bmi	L10048
   977                        L10052:
   978 00:0269: 80 FE        	bra	L10052
   979                        L10048:
   980                        ;
   981                        ;            if( xCommandID >= tmrFIRST_FROM_ISR_COMMAND )
   982                        ;            {
   983 00:026B: 38           	sec
   984 00:026C: A5 13        	lda	<L37+xCommandID_0
   985 00:026E: E9 06 00     	sbc	#<$6
   986 00:0271: 70 03        	bvs	L43
   987 00:0273: 49 00 80     	eor	#$8000
   988                        L43:
   989 00:0276: 10 1D        	bpl	L10056
   990                        ;                xReturn = xQueueSendToBackFromISR( xTimerQueue, &xMessage, pxHigherPriorityTaskWoken 
                    );
   991 00:0278: F4 00 00     	pea	#<$0
   992 00:027B: D4 1B        	pei	<L37+pxHigherPriorityTaskWoken_0+2
   993 00:027D: D4 19        	pei	<L37+pxHigherPriorityTaskWoken_0
   994 00:027F: F4 00 00     	pea	#0
   995 00:0282: 18           	clc
   996 00:0283: 7B           	tdc
   997 00:0284: 69 03 00     	adc	#<L38+xMessage_1
   998 00:0287: 48           	pha
   999 00:0288: AD xx xx     	lda	|_~xTimerQueue+2
  1000 00:028B: 48           	pha
  1001 00:028C: AD xx xx     	lda	|_~xTimerQueue
  1002 00:028F: 48           	pha
  1003 00:0290: 20 xx xx     	jsr	_~xQueueGenericSendFromISR
  1004 00:0293: 85 01        	sta	<L38+xReturn_1
  1005                        ;            }
  Mon Sep 14 2026 18:41                                                                                                    Page 19


  1006                        ;
  1007                        ;            traceTIMER_COMMAND_SEND( xTimer, xCommandID, xOptionalValue, xReturn );
  1008                        ;        }
  1009                        ;        else
  1010                        ;        {
  1011                        ;            mtCOVERAGE_TEST_MARKER();
  1012                        ;        }
  1013                        L10056:
  1014                        ;
  1015                        ;        traceRETURN_xTimerGenericCommandFromISR( xReturn );
  1016                        ;
  1017                        ;        return xReturn;
  1018 00:0295: A5 01        	lda	<L38+xReturn_1
  1019 00:0297: A8           	tay
  1020 00:0298: A5 0D        	lda	<L37+1
  1021 00:029A: 85 1F        	sta	<L37+1+18
  1022 00:029C: 2B           	pld
  1023 00:029D: 3B           	tsc
  1024 00:029E: 18           	clc
  1025 00:029F: 69 1E 00     	adc	#L37+18
  1026 00:02A2: 1B           	tcs
  1027 00:02A3: 98           	tya
  1028 00:02A4: 60           	rts
  1029                        ;    }
  1030             0000000C   L37	equ	12
  1031             00000001   L38	equ	1
  1032                        	ends
  1033                        	efunc
  1034                        ;/*-----------------------------------------------------------*/
  1035                        ;
  1036                        ;    TaskHandle_t xTimerGetTimerDaemonTaskHandle( void )
  1037                        ;    {
  1038                        	code
  1039                        	xdef	_~xTimerGetTimerDaemonTaskHandle
  1040                        	func
  1041                        _~xTimerGetTimerDaemonTaskHandle:
  1042                        	longa	on
  1043                        	longi	on
  1044                        ;        traceENTER_xTimerGetTimerDaemonTaskHandle();
  1045                        ;
  1046                        ;        /* If xTimerGetTimerDaemonTaskHandle() is called before the scheduler has been
  1047                        ;         * started, then xTimerTaskHandle will be NULL. */
  1048                        ;        configASSERT( ( xTimerTaskHandle != NULL ) );
  1049 00:02A5: AD xx xx     	lda	|_~xTimerTaskHandle
  1050 00:02A8: 0D xx xx     	ora	|_~xTimerTaskHandle+2
  1051 00:02AB: D0 02        	bne	L10057
  1052                        L10061:
  1053 00:02AD: 80 FE        	bra	L10061
  1054                        L10057:
  1055                        ;
  1056                        ;        traceRETURN_xTimerGetTimerDaemonTaskHandle( xTimerTaskHandle );
  1057                        ;
  1058                        ;        return xTimerTaskHandle;
  1059 00:02AF: AE xx xx     	ldx	|_~xTimerTaskHandle+2
  1060 00:02B2: AD xx xx     	lda	|_~xTimerTaskHandle
  1061 00:02B5: 60           	rts
  1062                        ;    }
  1063             00000000   L46	equ	0
  Mon Sep 14 2026 18:41                                                                                                    Page 20


  1064             00000001   L47	equ	1
  1065                        	ends
  1066                        	efunc
  1067                        ;/*-----------------------------------------------------------*/
  1068                        ;
  1069                        ;    TickType_t xTimerGetPeriod( TimerHandle_t xTimer )
  1070                        ;    {
  1071                        	code
  1072                        	xdef	_~xTimerGetPeriod
  1073                        	func
  1074                        _~xTimerGetPeriod:
  1075                        	longa	on
  1076                        	longi	on
  1077 00:02B6: 3B           	tsc
  1078 00:02B7: 38           	sec
  1079 00:02B8: E9 04 00     	sbc	#L50
  1080 00:02BB: 1B           	tcs
  1081 00:02BC: 0B           	phd
  1082 00:02BD: 5B           	tcd
  1083             00000003   xTimer_0	set	3
  1084                        ;        Timer_t * pxTimer = xTimer;
  1085                        ;
  1086                        ;        traceENTER_xTimerGetPeriod( xTimer );
  1087             00000000   pxTimer_1	set	0
  1088 00:02BE: A5 07        	lda	<L50+xTimer_0
  1089 00:02C0: 85 01        	sta	<L51+pxTimer_1
  1090 00:02C2: A5 09        	lda	<L50+xTimer_0+2
  1091 00:02C4: 85 03        	sta	<L51+pxTimer_1+2
  1092                        ;
  1093                        ;        configASSERT( xTimer );
  1094 00:02C6: A5 07        	lda	<L50+xTimer_0
  1095 00:02C8: 05 09        	ora	<L50+xTimer_0+2
  1096 00:02CA: D0 02        	bne	L10064
  1097                        L10068:
  1098 00:02CC: 80 FE        	bra	L10068
  1099                        L10064:
  1100                        ;
  1101                        ;        traceRETURN_xTimerGetPeriod( pxTimer->xTimerPeriodInTicks );
  1102                        ;
  1103                        ;        return pxTimer->xTimerPeriodInTicks;
  1104 00:02CE: A0 1A 00     	ldy	#$1a
  1105 00:02D1: B7 01        	lda	[<L51+pxTimer_1],Y
  1106 00:02D3: AA           	tax
  1107 00:02D4: 88           	dey
  1108 00:02D5: 88           	dey
  1109 00:02D6: B7 01        	lda	[<L51+pxTimer_1],Y
  1110 00:02D8: A8           	tay
  1111 00:02D9: A5 05        	lda	<L50+1
  1112 00:02DB: 85 09        	sta	<L50+1+4
  1113 00:02DD: 2B           	pld
  1114 00:02DE: 3B           	tsc
  1115 00:02DF: 18           	clc
  1116 00:02E0: 69 08 00     	adc	#L50+4
  1117 00:02E3: 1B           	tcs
  1118 00:02E4: 98           	tya
  1119 00:02E5: 60           	rts
  1120                        ;    }
  1121             00000004   L50	equ	4
  Mon Sep 14 2026 18:41                                                                                                    Page 21


  1122             00000001   L51	equ	1
  1123                        	ends
  1124                        	efunc
  1125                        ;/*-----------------------------------------------------------*/
  1126                        ;
  1127                        ;    void vTimerSetReloadMode( TimerHandle_t xTimer,
  1128                        ;                              const BaseType_t xAutoReload )
  1129                        ;    {
  1130                        	code
  1131                        	xdef	_~vTimerSetReloadMode
  1132                        	func
  1133                        _~vTimerSetReloadMode:
  1134                        	longa	on
  1135                        	longi	on
  1136 00:02E6: 3B           	tsc
  1137 00:02E7: 38           	sec
  1138 00:02E8: E9 08 00     	sbc	#L54
  1139 00:02EB: 1B           	tcs
  1140 00:02EC: 0B           	phd
  1141 00:02ED: 5B           	tcd
  1142             00000003   xTimer_0	set	3
  1143             00000007   xAutoReload_0	set	7
  1144                        ;        Timer_t * pxTimer = xTimer;
  1145                        ;
  1146                        ;        traceENTER_vTimerSetReloadMode( xTimer, xAutoReload );
  1147             00000000   pxTimer_1	set	0
  1148 00:02EE: A5 0B        	lda	<L54+xTimer_0
  1149 00:02F0: 85 05        	sta	<L55+pxTimer_1
  1150 00:02F2: A5 0D        	lda	<L54+xTimer_0+2
  1151 00:02F4: 85 07        	sta	<L55+pxTimer_1+2
  1152                        ;
  1153                        ;        configASSERT( xTimer );
  1154 00:02F6: A5 0B        	lda	<L54+xTimer_0
  1155 00:02F8: 05 0D        	ora	<L54+xTimer_0+2
  1156 00:02FA: D0 02        	bne	L10079
  1157                        L10075:
  1158 00:02FC: 80 FE        	bra	L10075
  1159                        ;        taskENTER_CRITICAL();
  1160                        L10079:
  1161                        ;        {
  1162                        ;            if( xAutoReload != pdFALSE )
  1163                        ;            {
  1164 00:02FE: A5 0F        	lda	<L54+xAutoReload_0
  1165 00:0300: F0 1B        	beq	L10081
  1166                        ;                pxTimer->ucStatus |= ( uint8_t ) tmrSTATUS_IS_AUTORELOAD;
  1167 00:0302: A9 22 00     	lda	#$22
  1168 00:0305: 18           	clc
  1169 00:0306: 65 05        	adc	<L55+pxTimer_1
  1170 00:0308: 85 01        	sta	<R0
  1171 00:030A: A9 00 00     	lda	#$0
  1172 00:030D: 65 07        	adc	<L55+pxTimer_1+2
  1173 00:030F: 85 03        	sta	<R0+2
  1174 00:0311: E2 20        	sep	#$20
  1175                        	longa	off
  1176 00:0313: A7 01        	lda	[<R0]
  1177 00:0315: 09 04        	ora	#<$4
  1178 00:0317: 87 01        	sta	[<R0]
  1179 00:0319: C2 20        	rep	#$20
  Mon Sep 14 2026 18:41                                                                                                    Page 22


  1180                        	longa	on
  1181                        ;            }
  1182                        ;            else
  1183 00:031B: 80 19        	bra	L58
  1184                        L10081:
  1185                        ;            {
  1186                        ;                pxTimer->ucStatus &= ( ( uint8_t ) ~tmrSTATUS_IS_AUTORELOAD );
  1187 00:031D: A9 22 00     	lda	#$22
  1188 00:0320: 18           	clc
  1189 00:0321: 65 05        	adc	<L55+pxTimer_1
  1190 00:0323: 85 01        	sta	<R0
  1191 00:0325: A9 00 00     	lda	#$0
  1192 00:0328: 65 07        	adc	<L55+pxTimer_1+2
  1193 00:032A: 85 03        	sta	<R0+2
  1194 00:032C: E2 20        	sep	#$20
  1195                        	longa	off
  1196 00:032E: A7 01        	lda	[<R0]
  1197 00:0330: 29 FB        	and	#<$fb
  1198 00:0332: 87 01        	sta	[<R0]
  1199 00:0334: C2 20        	rep	#$20
  1200                        	longa	on
  1201                        ;            }
  1202                        ;        }
  1203                        ;        taskEXIT_CRITICAL();
  1204                        ;
  1205                        ;        traceRETURN_vTimerSetReloadMode();
  1206                        ;    }
  1207                        L58:
  1208 00:0336: A5 09        	lda	<L54+1
  1209 00:0338: 85 0F        	sta	<L54+1+6
  1210 00:033A: 2B           	pld
  1211 00:033B: 3B           	tsc
  1212 00:033C: 18           	clc
  1213 00:033D: 69 0E 00     	adc	#L54+6
  1214 00:0340: 1B           	tcs
  1215 00:0341: 60           	rts
  1216             00000008   L54	equ	8
  1217             00000005   L55	equ	5
  1218                        	ends
  1219                        	efunc
  1220                        ;/*-----------------------------------------------------------*/
  1221                        ;
  1222                        ;    BaseType_t xTimerGetReloadMode( TimerHandle_t xTimer )
  1223                        ;    {
  1224                        	code
  1225                        	xdef	_~xTimerGetReloadMode
  1226                        	func
  1227                        _~xTimerGetReloadMode:
  1228                        	longa	on
  1229                        	longi	on
  1230 00:0342: 3B           	tsc
  1231 00:0343: 38           	sec
  1232 00:0344: E9 06 00     	sbc	#L59
  1233 00:0347: 1B           	tcs
  1234 00:0348: 0B           	phd
  1235 00:0349: 5B           	tcd
  1236             00000003   xTimer_0	set	3
  1237                        ;        Timer_t * pxTimer = xTimer;
  Mon Sep 14 2026 18:41                                                                                                    Page 23


  1238                        ;        BaseType_t xReturn;
  1239                        ;
  1240                        ;        traceENTER_xTimerGetReloadMode( xTimer );
  1241             00000000   pxTimer_1	set	0
  1242             00000004   xReturn_1	set	4
  1243 00:034A: A5 09        	lda	<L59+xTimer_0
  1244 00:034C: 85 01        	sta	<L60+pxTimer_1
  1245 00:034E: A5 0B        	lda	<L59+xTimer_0+2
  1246 00:0350: 85 03        	sta	<L60+pxTimer_1+2
  1247                        ;
  1248                        ;        configASSERT( xTimer );
  1249 00:0352: A5 09        	lda	<L59+xTimer_0
  1250 00:0354: 05 0B        	ora	<L59+xTimer_0+2
  1251 00:0356: D0 02        	bne	L10094
  1252                        L10090:
  1253 00:0358: 80 FE        	bra	L10090
  1254                        ;        portBASE_TYPE_ENTER_CRITICAL();
  1255                        L10094:
  1256                        ;        {
  1257                        ;            if( ( pxTimer->ucStatus & tmrSTATUS_IS_AUTORELOAD ) == 0U )
  1258                        ;            {
  1259 00:035A: E2 20        	sep	#$20
  1260                        	longa	off
  1261 00:035C: A0 22 00     	ldy	#$22
  1262 00:035F: B7 01        	lda	[<L60+pxTimer_1],Y
  1263 00:0361: 29 04        	and	#<$4
  1264 00:0363: C2 20        	rep	#$20
  1265                        	longa	on
  1266 00:0365: D0 04        	bne	L10096
  1267                        ;                /* Not an auto-reload timer. */
  1268                        ;                xReturn = pdFALSE;
  1269 00:0367: 64 05        	stz	<L60+xReturn_1
  1270                        ;            }
  1271                        ;            else
  1272 00:0369: 80 05        	bra	L10099
  1273                        L10096:
  1274                        ;            {
  1275                        ;                /* Is an auto-reload timer. */
  1276                        ;                xReturn = pdTRUE;
  1277 00:036B: A9 01 00     	lda	#$1
  1278 00:036E: 85 05        	sta	<L60+xReturn_1
  1279                        ;            }
  1280                        ;        }
  1281                        ;        portBASE_TYPE_EXIT_CRITICAL();
  1282                        L10099:
  1283                        ;
  1284                        ;        traceRETURN_xTimerGetReloadMode( xReturn );
  1285                        ;
  1286                        ;        return xReturn;
  1287 00:0370: A5 05        	lda	<L60+xReturn_1
  1288 00:0372: A8           	tay
  1289 00:0373: A5 07        	lda	<L59+1
  1290 00:0375: 85 0B        	sta	<L59+1+4
  1291 00:0377: 2B           	pld
  1292 00:0378: 3B           	tsc
  1293 00:0379: 18           	clc
  1294 00:037A: 69 0A 00     	adc	#L59+4
  1295 00:037D: 1B           	tcs
  Mon Sep 14 2026 18:41                                                                                                    Page 24


  1296 00:037E: 98           	tya
  1297 00:037F: 60           	rts
  1298                        ;    }
  1299             00000006   L59	equ	6
  1300             00000001   L60	equ	1
  1301                        	ends
  1302                        	efunc
  1303                        ;
  1304                        ;    UBaseType_t uxTimerGetReloadMode( TimerHandle_t xTimer )
  1305                        ;    {
  1306                        	code
  1307                        	xdef	_~uxTimerGetReloadMode
  1308                        	func
  1309                        _~uxTimerGetReloadMode:
  1310                        	longa	on
  1311                        	longi	on
  1312 00:0380: 3B           	tsc
  1313 00:0381: 38           	sec
  1314 00:0382: E9 02 00     	sbc	#L64
  1315 00:0385: 1B           	tcs
  1316 00:0386: 0B           	phd
  1317 00:0387: 5B           	tcd
  1318             00000003   xTimer_0	set	3
  1319                        ;        UBaseType_t uxReturn;
  1320                        ;
  1321                        ;        traceENTER_uxTimerGetReloadMode( xTimer );
  1322             00000000   uxReturn_1	set	0
  1323                        ;
  1324                        ;        uxReturn = ( UBaseType_t ) xTimerGetReloadMode( xTimer );
  1325 00:0388: D4 07        	pei	<L64+xTimer_0+2
  1326 00:038A: D4 05        	pei	<L64+xTimer_0
  1327 00:038C: 20 xx xx     	jsr	_~xTimerGetReloadMode
  1328 00:038F: 85 01        	sta	<L65+uxReturn_1
  1329                        ;
  1330                        ;        traceRETURN_uxTimerGetReloadMode( uxReturn );
  1331                        ;
  1332                        ;        return uxReturn;
  1333 00:0391: A8           	tay
  1334 00:0392: A5 03        	lda	<L64+1
  1335 00:0394: 85 07        	sta	<L64+1+4
  1336 00:0396: 2B           	pld
  1337 00:0397: 3B           	tsc
  1338 00:0398: 18           	clc
  1339 00:0399: 69 06 00     	adc	#L64+4
  1340 00:039C: 1B           	tcs
  1341 00:039D: 98           	tya
  1342 00:039E: 60           	rts
  1343                        ;    }
  1344             00000002   L64	equ	2
  1345             00000001   L65	equ	1
  1346                        	ends
  1347                        	efunc
  1348                        ;/*-----------------------------------------------------------*/
  1349                        ;
  1350                        ;    TickType_t xTimerGetExpiryTime( TimerHandle_t xTimer )
  1351                        ;    {
  1352                        	code
  1353                        	xdef	_~xTimerGetExpiryTime
  Mon Sep 14 2026 18:41                                                                                                    Page 25


  1354                        	func
  1355                        _~xTimerGetExpiryTime:
  1356                        	longa	on
  1357                        	longi	on
  1358 00:039F: 3B           	tsc
  1359 00:03A0: 38           	sec
  1360 00:03A1: E9 08 00     	sbc	#L67
  1361 00:03A4: 1B           	tcs
  1362 00:03A5: 0B           	phd
  1363 00:03A6: 5B           	tcd
  1364             00000003   xTimer_0	set	3
  1365                        ;        Timer_t * pxTimer = xTimer;
  1366                        ;        TickType_t xReturn;
  1367                        ;
  1368                        ;        traceENTER_xTimerGetExpiryTime( xTimer );
  1369             00000000   pxTimer_1	set	0
  1370             00000004   xReturn_1	set	4
  1371 00:03A7: A5 0B        	lda	<L67+xTimer_0
  1372 00:03A9: 85 01        	sta	<L68+pxTimer_1
  1373 00:03AB: A5 0D        	lda	<L67+xTimer_0+2
  1374 00:03AD: 85 03        	sta	<L68+pxTimer_1+2
  1375                        ;
  1376                        ;        configASSERT( xTimer );
  1377 00:03AF: A5 0B        	lda	<L67+xTimer_0
  1378 00:03B1: 05 0D        	ora	<L67+xTimer_0+2
  1379 00:03B3: D0 02        	bne	L10101
  1380                        L10105:
  1381 00:03B5: 80 FE        	bra	L10105
  1382                        L10101:
  1383                        ;        xReturn = listGET_LIST_ITEM_VALUE( &( pxTimer->xTimerListItem ) );
  1384 00:03B7: A0 04 00     	ldy	#$4
  1385 00:03BA: B7 01        	lda	[<L68+pxTimer_1],Y
  1386 00:03BC: 85 05        	sta	<L68+xReturn_1
  1387 00:03BE: C8           	iny
  1388 00:03BF: C8           	iny
  1389 00:03C0: B7 01        	lda	[<L68+pxTimer_1],Y
  1390 00:03C2: 85 07        	sta	<L68+xReturn_1+2
  1391                        ;
  1392                        ;        traceRETURN_xTimerGetExpiryTime( xReturn );
  1393                        ;
  1394                        ;        return xReturn;
  1395 00:03C4: A6 07        	ldx	<L68+xReturn_1+2
  1396 00:03C6: A5 05        	lda	<L68+xReturn_1
  1397 00:03C8: A8           	tay
  1398 00:03C9: A5 09        	lda	<L67+1
  1399 00:03CB: 85 0D        	sta	<L67+1+4
  1400 00:03CD: 2B           	pld
  1401 00:03CE: 3B           	tsc
  1402 00:03CF: 18           	clc
  1403 00:03D0: 69 0C 00     	adc	#L67+4
  1404 00:03D3: 1B           	tcs
  1405 00:03D4: 98           	tya
  1406 00:03D5: 60           	rts
  1407                        ;    }
  1408             00000008   L67	equ	8
  1409             00000001   L68	equ	1
  1410                        	ends
  1411                        	efunc
  Mon Sep 14 2026 18:41                                                                                                    Page 26


  1412                        ;/*-----------------------------------------------------------*/
  1413                        ;
  1414                        ;    #if ( configSUPPORT_STATIC_ALLOCATION == 1 )
  1415                        ;        BaseType_t xTimerGetStaticBuffer( TimerHandle_t xTimer,
  1416                        ;                                          StaticTimer_t ** ppxTimerBuffer )
  1417                        ;        {
  1418                        	code
  1419                        	xdef	_~xTimerGetStaticBuffer
  1420                        	func
  1421                        _~xTimerGetStaticBuffer:
  1422                        	longa	on
  1423                        	longi	on
  1424 00:03D6: 3B           	tsc
  1425 00:03D7: 38           	sec
  1426 00:03D8: E9 06 00     	sbc	#L71
  1427 00:03DB: 1B           	tcs
  1428 00:03DC: 0B           	phd
  1429 00:03DD: 5B           	tcd
  1430             00000003   xTimer_0	set	3
  1431             00000007   ppxTimerBuffer_0	set	7
  1432                        ;            BaseType_t xReturn;
  1433                        ;            Timer_t * pxTimer = xTimer;
  1434                        ;
  1435                        ;            traceENTER_xTimerGetStaticBuffer( xTimer, ppxTimerBuffer );
  1436             00000000   xReturn_1	set	0
  1437             00000002   pxTimer_1	set	2
  1438 00:03DE: A5 09        	lda	<L71+xTimer_0
  1439 00:03E0: 85 03        	sta	<L72+pxTimer_1
  1440 00:03E2: A5 0B        	lda	<L71+xTimer_0+2
  1441 00:03E4: 85 05        	sta	<L72+pxTimer_1+2
  1442                        ;
  1443                        ;            configASSERT( ppxTimerBuffer != NULL );
  1444 00:03E6: A5 0D        	lda	<L71+ppxTimerBuffer_0
  1445 00:03E8: 05 0F        	ora	<L71+ppxTimerBuffer_0+2
  1446 00:03EA: D0 02        	bne	L10108
  1447                        L10112:
  1448 00:03EC: 80 FE        	bra	L10112
  1449                        L10108:
  1450                        ;
  1451                        ;            if( ( pxTimer->ucStatus & tmrSTATUS_IS_STATICALLY_ALLOCATED ) != 0U )
  1452                        ;            {
  1453 00:03EE: E2 20        	sep	#$20
  1454                        	longa	off
  1455 00:03F0: A0 22 00     	ldy	#$22
  1456 00:03F3: B7 03        	lda	[<L72+pxTimer_1],Y
  1457 00:03F5: 29 02        	and	#<$2
  1458 00:03F7: C2 20        	rep	#$20
  1459                        	longa	on
  1460 00:03F9: F0 12        	beq	L10115
  1461                        ;                /* MISRA Ref 11.3.1 [Misaligned access] */
  1462                        ;                /* More details at: https://github.com/FreeRTOS/FreeRTOS-Kernel/blob/main/MISRA.md#ru
                    le-113 */
  1463                        ;                /* coverity[misra_c_2012_rule_11_3_violation] */
  1464                        ;                *ppxTimerBuffer = ( StaticTimer_t * ) pxTimer;
  1465 00:03FB: A5 03        	lda	<L72+pxTimer_1
  1466 00:03FD: 87 0D        	sta	[<L71+ppxTimerBuffer_0]
  1467 00:03FF: A5 05        	lda	<L72+pxTimer_1+2
  1468 00:0401: A0 02 00     	ldy	#$2
  Mon Sep 14 2026 18:41                                                                                                    Page 27


  1469 00:0404: 97 0D        	sta	[<L71+ppxTimerBuffer_0],Y
  1470                        ;                xReturn = pdTRUE;
  1471 00:0406: A9 01 00     	lda	#$1
  1472 00:0409: 85 01        	sta	<L72+xReturn_1
  1473                        ;            }
  1474                        ;            else
  1475 00:040B: 80 02        	bra	L10116
  1476                        L10115:
  1477                        ;            {
  1478                        ;                xReturn = pdFALSE;
  1479 00:040D: 64 01        	stz	<L72+xReturn_1
  1480                        ;            }
  1481                        L10116:
  1482                        ;
  1483                        ;            traceRETURN_xTimerGetStaticBuffer( xReturn );
  1484                        ;
  1485                        ;            return xReturn;
  1486 00:040F: A5 01        	lda	<L72+xReturn_1
  1487 00:0411: A8           	tay
  1488 00:0412: A5 07        	lda	<L71+1
  1489 00:0414: 85 0F        	sta	<L71+1+8
  1490 00:0416: 2B           	pld
  1491 00:0417: 3B           	tsc
  1492 00:0418: 18           	clc
  1493 00:0419: 69 0E 00     	adc	#L71+8
  1494 00:041C: 1B           	tcs
  1495 00:041D: 98           	tya
  1496 00:041E: 60           	rts
  1497                        ;        }
  1498             00000006   L71	equ	6
  1499             00000001   L72	equ	1
  1500                        	ends
  1501                        	efunc
  1502                        ;    #endif /* configSUPPORT_STATIC_ALLOCATION */
  1503                        ;/*-----------------------------------------------------------*/
  1504                        ;
  1505                        ;    const char * pcTimerGetName( TimerHandle_t xTimer )
  1506                        ;    {
  1507                        	code
  1508                        	xdef	_~pcTimerGetName
  1509                        	func
  1510                        _~pcTimerGetName:
  1511                        	longa	on
  1512                        	longi	on
  1513 00:041F: 3B           	tsc
  1514 00:0420: 38           	sec
  1515 00:0421: E9 04 00     	sbc	#L76
  1516 00:0424: 1B           	tcs
  1517 00:0425: 0B           	phd
  1518 00:0426: 5B           	tcd
  1519             00000003   xTimer_0	set	3
  1520                        ;        Timer_t * pxTimer = xTimer;
  1521                        ;
  1522                        ;        traceENTER_pcTimerGetName( xTimer );
  1523             00000000   pxTimer_1	set	0
  1524 00:0427: A5 07        	lda	<L76+xTimer_0
  1525 00:0429: 85 01        	sta	<L77+pxTimer_1
  1526 00:042B: A5 09        	lda	<L76+xTimer_0+2
  Mon Sep 14 2026 18:41                                                                                                    Page 28


  1527 00:042D: 85 03        	sta	<L77+pxTimer_1+2
  1528                        ;
  1529                        ;        configASSERT( xTimer );
  1530 00:042F: A5 07        	lda	<L76+xTimer_0
  1531 00:0431: 05 09        	ora	<L76+xTimer_0+2
  1532 00:0433: D0 02        	bne	L10117
  1533                        L10121:
  1534 00:0435: 80 FE        	bra	L10121
  1535                        L10117:
  1536                        ;
  1537                        ;        traceRETURN_pcTimerGetName( pxTimer->pcTimerName );
  1538                        ;
  1539                        ;        return pxTimer->pcTimerName;
  1540 00:0437: A0 02 00     	ldy	#$2
  1541 00:043A: B7 01        	lda	[<L77+pxTimer_1],Y
  1542 00:043C: AA           	tax
  1543 00:043D: A7 01        	lda	[<L77+pxTimer_1]
  1544 00:043F: A8           	tay
  1545 00:0440: A5 05        	lda	<L76+1
  1546 00:0442: 85 09        	sta	<L76+1+4
  1547 00:0444: 2B           	pld
  1548 00:0445: 3B           	tsc
  1549 00:0446: 18           	clc
  1550 00:0447: 69 08 00     	adc	#L76+4
  1551 00:044A: 1B           	tcs
  1552 00:044B: 98           	tya
  1553 00:044C: 60           	rts
  1554                        ;    }
  1555             00000004   L76	equ	4
  1556             00000001   L77	equ	1
  1557                        	ends
  1558                        	efunc
  1559                        ;/*-----------------------------------------------------------*/
  1560                        ;
  1561                        ;    static void prvReloadTimer( Timer_t * const pxTimer,
  1562                        ;                                TickType_t xExpiredTime,
  1563                        ;                                const TickType_t xTimeNow )
  1564                        ;    {
  1565                        	code
  1566                        	func
  1567                        _~prvReloadTimer:
  1568                        	longa	on
  1569                        	longi	on
  1570 00:044D: 3B           	tsc
  1571 00:044E: 38           	sec
  1572 00:044F: E9 04 00     	sbc	#L80
  1573 00:0452: 1B           	tcs
  1574 00:0453: 0B           	phd
  1575 00:0454: 5B           	tcd
  1576             00000003   pxTimer_0	set	3
  1577             00000007   xExpiredTime_0	set	7
  1578             0000000B   xTimeNow_0	set	11
  1579                        ;        /* Insert the timer into the appropriate list for the next expiry time.
  1580                        ;         * If the next expiry time has already passed, advance the expiry time,
  1581                        ;         * call the callback function, and try again. */
  1582                        ;        while( prvInsertTimerInActiveList( pxTimer, ( xExpiredTime + pxTimer->xTimerPeriodInTicks ), 
                    xTimeNow, xExpiredTime ) != pdFALSE )
  1583                        L10124:
  Mon Sep 14 2026 18:41                                                                                                    Page 29


  1584 00:0455: D4 0D        	pei	<L80+xExpiredTime_0+2
  1585 00:0457: D4 0B        	pei	<L80+xExpiredTime_0
  1586 00:0459: D4 11        	pei	<L80+xTimeNow_0+2
  1587 00:045B: D4 0F        	pei	<L80+xTimeNow_0
  1588 00:045D: 18           	clc
  1589 00:045E: A5 0B        	lda	<L80+xExpiredTime_0
  1590 00:0460: A0 18 00     	ldy	#$18
  1591 00:0463: 77 07        	adc	[<L80+pxTimer_0],Y
  1592 00:0465: 85 01        	sta	<R0
  1593 00:0467: A5 0D        	lda	<L80+xExpiredTime_0+2
  1594 00:0469: C8           	iny
  1595 00:046A: C8           	iny
  1596 00:046B: 77 07        	adc	[<L80+pxTimer_0],Y
  1597 00:046D: 48           	pha
  1598 00:046E: D4 01        	pei	<R0
  1599 00:0470: D4 09        	pei	<L80+pxTimer_0+2
  1600 00:0472: D4 07        	pei	<L80+pxTimer_0
  1601 00:0474: 20 xx xx     	jsr	_~prvInsertTimerInActiveList
  1602 00:0477: AA           	tax
  1603 00:0478: F0 20        	beq	L83
  1604                        ;        {
  1605                        ;            /* Advance the expiry time. */
  1606                        ;            xExpiredTime += pxTimer->xTimerPeriodInTicks;
  1607 00:047A: 18           	clc
  1608 00:047B: A5 0B        	lda	<L80+xExpiredTime_0
  1609 00:047D: A0 18 00     	ldy	#$18
  1610 00:0480: 77 07        	adc	[<L80+pxTimer_0],Y
  1611 00:0482: 85 0B        	sta	<L80+xExpiredTime_0
  1612 00:0484: A5 0D        	lda	<L80+xExpiredTime_0+2
  1613 00:0486: C8           	iny
  1614 00:0487: C8           	iny
  1615 00:0488: 77 07        	adc	[<L80+pxTimer_0],Y
  1616 00:048A: 85 0D        	sta	<L80+xExpiredTime_0+2
  1617                        ;
  1618                        ;            /* Call the timer callback. */
  1619                        ;            traceTIMER_EXPIRED( pxTimer );
  1620                        ;            pxTimer->pxCallbackFunction( ( TimerHandle_t ) pxTimer );
  1621 00:048C: D4 09        	pei	<L80+pxTimer_0+2
  1622 00:048E: D4 07        	pei	<L80+pxTimer_0
  1623 00:0490: A0 20 00     	ldy	#$20
  1624 00:0493: B7 07        	lda	[<L80+pxTimer_0],Y
  1625                        	xref	_~~cal
  1626 00:0495: 20 xx xx     	jsr	_~~cal
  1627                        ;        }
  1628 00:0498: 80 BB        	bra	L10124
  1629                        ;    }
  1630                        L83:
  1631 00:049A: A5 05        	lda	<L80+1
  1632 00:049C: 85 11        	sta	<L80+1+12
  1633 00:049E: 2B           	pld
  1634 00:049F: 3B           	tsc
  1635 00:04A0: 18           	clc
  1636 00:04A1: 69 10 00     	adc	#L80+12
  1637 00:04A4: 1B           	tcs
  1638 00:04A5: 60           	rts
  1639             00000004   L80	equ	4
  1640             00000005   L81	equ	5
  1641                        	ends
  Mon Sep 14 2026 18:41                                                                                                    Page 30


  1642                        	efunc
  1643                        ;/*-----------------------------------------------------------*/
  1644                        ;
  1645                        ;    static void prvProcessExpiredTimer( const TickType_t xNextExpireTime,
  1646                        ;                                        const TickType_t xTimeNow )
  1647                        ;    {
  1648                        	code
  1649                        	func
  1650                        _~prvProcessExpiredTimer:
  1651                        	longa	on
  1652                        	longi	on
  1653 00:04A6: 3B           	tsc
  1654 00:04A7: 38           	sec
  1655 00:04A8: E9 0C 00     	sbc	#L84
  1656 00:04AB: 1B           	tcs
  1657 00:04AC: 0B           	phd
  1658 00:04AD: 5B           	tcd
  1659             00000003   xNextExpireTime_0	set	3
  1660             00000007   xTimeNow_0	set	7
  1661                        ;        /* MISRA Ref 11.5.3 [Void pointer assignment] */
  1662                        ;        /* More details at: https://github.com/FreeRTOS/FreeRTOS-Kernel/blob/main/MISRA.md#rule-115 *
                    /
  1663                        ;        /* coverity[misra_c_2012_rule_11_5_violation] */
  1664                        ;        Timer_t * const pxTimer = ( Timer_t * ) listGET_OWNER_OF_HEAD_ENTRY( pxCurrentTimerList );
  1665                        ;
  1666                        ;        /* Remove the timer from the list of active timers.  A check has already
  1667                        ;         * been performed to ensure the list is not empty. */
  1668                        ;
  1669                        ;        ( void ) uxListRemove( &( pxTimer->xTimerListItem ) );
  1670             00000000   pxTimer_1	set	0
  1671 00:04AE: AD xx xx     	lda	|_~pxCurrentTimerList
  1672 00:04B1: 85 01        	sta	<R0
  1673 00:04B3: AD xx xx     	lda	|_~pxCurrentTimerList+2
  1674 00:04B6: 85 03        	sta	<R0+2
  1675 00:04B8: A0 0A 00     	ldy	#$a
  1676 00:04BB: B7 01        	lda	[<R0],Y
  1677 00:04BD: 85 05        	sta	<R1
  1678 00:04BF: C8           	iny
  1679 00:04C0: C8           	iny
  1680 00:04C1: B7 01        	lda	[<R0],Y
  1681 00:04C3: 85 07        	sta	<R1+2
  1682 00:04C5: B7 05        	lda	[<R1],Y
  1683 00:04C7: 85 09        	sta	<L85+pxTimer_1
  1684 00:04C9: C8           	iny
  1685 00:04CA: C8           	iny
  1686 00:04CB: B7 05        	lda	[<R1],Y
  1687 00:04CD: 85 0B        	sta	<L85+pxTimer_1+2
  1688 00:04CF: A9 04 00     	lda	#$4
  1689 00:04D2: 18           	clc
  1690 00:04D3: 65 09        	adc	<L85+pxTimer_1
  1691 00:04D5: 85 01        	sta	<R0
  1692 00:04D7: A9 00 00     	lda	#$0
  1693 00:04DA: 65 0B        	adc	<L85+pxTimer_1+2
  1694 00:04DC: 48           	pha
  1695 00:04DD: D4 01        	pei	<R0
  1696 00:04DF: 20 xx xx     	jsr	_~uxListRemove
  1697                        ;
  1698                        ;        /* If the timer is an auto-reload timer then calculate the next
  Mon Sep 14 2026 18:41                                                                                                    Page 31


  1699                        ;         * expiry time and re-insert the timer in the list of active timers. */
  1700                        ;        if( ( pxTimer->ucStatus & tmrSTATUS_IS_AUTORELOAD ) != 0U )
  1701                        ;        {
  1702 00:04E2: E2 20        	sep	#$20
  1703                        	longa	off
  1704 00:04E4: A0 22 00     	ldy	#$22
  1705 00:04E7: B7 09        	lda	[<L85+pxTimer_1],Y
  1706 00:04E9: 29 04        	and	#<$4
  1707 00:04EB: C2 20        	rep	#$20
  1708                        	longa	on
  1709 00:04ED: F0 11        	beq	L10126
  1710                        ;            prvReloadTimer( pxTimer, xNextExpireTime, xTimeNow );
  1711 00:04EF: D4 15        	pei	<L84+xTimeNow_0+2
  1712 00:04F1: D4 13        	pei	<L84+xTimeNow_0
  1713 00:04F3: D4 11        	pei	<L84+xNextExpireTime_0+2
  1714 00:04F5: D4 0F        	pei	<L84+xNextExpireTime_0
  1715 00:04F7: D4 0B        	pei	<L85+pxTimer_1+2
  1716 00:04F9: D4 09        	pei	<L85+pxTimer_1
  1717 00:04FB: 20 xx xx     	jsr	_~prvReloadTimer
  1718                        ;        }
  1719                        ;        else
  1720 00:04FE: 80 19        	bra	L10127
  1721                        L10126:
  1722                        ;        {
  1723                        ;            pxTimer->ucStatus &= ( ( uint8_t ) ~tmrSTATUS_IS_ACTIVE );
  1724 00:0500: A9 22 00     	lda	#$22
  1725 00:0503: 18           	clc
  1726 00:0504: 65 09        	adc	<L85+pxTimer_1
  1727 00:0506: 85 01        	sta	<R0
  1728 00:0508: A9 00 00     	lda	#$0
  1729 00:050B: 65 0B        	adc	<L85+pxTimer_1+2
  1730 00:050D: 85 03        	sta	<R0+2
  1731 00:050F: E2 20        	sep	#$20
  1732                        	longa	off
  1733 00:0511: A7 01        	lda	[<R0]
  1734 00:0513: 29 FE        	and	#<$fe
  1735 00:0515: 87 01        	sta	[<R0]
  1736 00:0517: C2 20        	rep	#$20
  1737                        	longa	on
  1738                        ;        }
  1739                        L10127:
  1740                        ;
  1741                        ;        /* Call the timer callback. */
  1742                        ;        traceTIMER_EXPIRED( pxTimer );
  1743                        ;        pxTimer->pxCallbackFunction( ( TimerHandle_t ) pxTimer );
  1744 00:0519: D4 0B        	pei	<L85+pxTimer_1+2
  1745 00:051B: D4 09        	pei	<L85+pxTimer_1
  1746 00:051D: A0 20 00     	ldy	#$20
  1747 00:0520: B7 09        	lda	[<L85+pxTimer_1],Y
  1748                        	xref	_~~cal
  1749 00:0522: 20 xx xx     	jsr	_~~cal
  1750                        ;    }
  1751 00:0525: A5 0D        	lda	<L84+1
  1752 00:0527: 85 15        	sta	<L84+1+8
  1753 00:0529: 2B           	pld
  1754 00:052A: 3B           	tsc
  1755 00:052B: 18           	clc
  1756 00:052C: 69 14 00     	adc	#L84+8
  Mon Sep 14 2026 18:41                                                                                                    Page 32


  1757 00:052F: 1B           	tcs
  1758 00:0530: 60           	rts
  1759             0000000C   L84	equ	12
  1760             00000009   L85	equ	9
  1761                        	ends
  1762                        	efunc
  1763                        ;/*-----------------------------------------------------------*/
  1764                        ;
  1765                        ;    static portTASK_FUNCTION( prvTimerTask, pvParameters )
  1766                        ;    {
  1767                        	code
  1768                        	func
  1769                        _~prvTimerTask:
  1770                        	longa	on
  1771                        	longi	on
  1772 00:0531: 3B           	tsc
  1773 00:0532: 38           	sec
  1774 00:0533: E9 06 00     	sbc	#L88
  1775 00:0536: 1B           	tcs
  1776 00:0537: 0B           	phd
  1777 00:0538: 5B           	tcd
  1778             00000003   pvParameters_0	set	3
  1779                        ;        TickType_t xNextExpireTime;
  1780                        ;        BaseType_t xListWasEmpty;
  1781                        ;
  1782                        ;        /* Just to avoid compiler warnings. */
  1783                        ;        ( void ) pvParameters;
  1784             00000000   xNextExpireTime_1	set	0
  1785             00000004   xListWasEmpty_1	set	4
  1786                        ;
  1787                        ;        #if ( configUSE_DAEMON_TASK_STARTUP_HOOK == 1 )
  1788                        ;        {
  1789                        ;            /* Allow the application writer to execute some code in the context of
  1790                        ;             * this task at the point the task starts executing.  This is useful if the
  1791                        ;             * application includes initialisation code that would benefit from
  1792                        ;             * executing after the scheduler has been started. */
  1793                        ;            vApplicationDaemonTaskStartupHook();
  1794                        ;        }
  1795                        ;        #endif /* configUSE_DAEMON_TASK_STARTUP_HOOK */
  1796                        ;
  1797                        ;        for( ; configCONTROL_INFINITE_LOOP(); )
  1798                        L10130:
  1799                        ;        {
  1800                        ;            /* Query the timers list to see if it contains any timers, and if so,
  1801                        ;             * obtain the time at which the next timer will expire. */
  1802                        ;            xNextExpireTime = prvGetNextExpireTime( &xListWasEmpty );
  1803 00:0539: F4 00 00     	pea	#0
  1804 00:053C: 18           	clc
  1805 00:053D: 7B           	tdc
  1806 00:053E: 69 05 00     	adc	#<L89+xListWasEmpty_1
  1807 00:0541: 48           	pha
  1808 00:0542: 20 xx xx     	jsr	_~prvGetNextExpireTime
  1809 00:0545: 85 01        	sta	<L89+xNextExpireTime_1
  1810 00:0547: 86 03        	stx	<L89+xNextExpireTime_1+2
  1811                        ;
  1812                        ;            /* If a timer has expired, process it.  Otherwise, block this task
  1813                        ;             * until either a timer does expire, or a command is received. */
  1814                        ;            prvProcessTimerOrBlockTask( xNextExpireTime, xListWasEmpty );
  Mon Sep 14 2026 18:41                                                                                                    Page 33


  1815 00:0549: D4 05        	pei	<L89+xListWasEmpty_1
  1816 00:054B: D4 03        	pei	<L89+xNextExpireTime_1+2
  1817 00:054D: D4 01        	pei	<L89+xNextExpireTime_1
  1818 00:054F: 20 xx xx     	jsr	_~prvProcessTimerOrBlockTask
  1819                        ;
  1820                        ;            /* Empty the command queue. */
  1821                        ;            prvProcessReceivedCommands();
  1822 00:0552: 20 xx xx     	jsr	_~prvProcessReceivedCommands
  1823                        ;        }
  1824 00:0555: 80 E2        	bra	L10130
  1825                        ;    }
  1826             00000006   L88	equ	6
  1827             00000001   L89	equ	1
  1828                        	ends
  1829                        	efunc
  1830                        ;/*-----------------------------------------------------------*/
  1831                        ;
  1832                        ;    static void prvProcessTimerOrBlockTask( const TickType_t xNextExpireTime,
  1833                        ;                                            BaseType_t xListWasEmpty )
  1834                        ;    {
  1835                        	code
  1836                        	func
  1837                        _~prvProcessTimerOrBlockTask:
  1838                        	longa	on
  1839                        	longi	on
  1840 00:0557: 3B           	tsc
  1841 00:0558: 38           	sec
  1842 00:0559: E9 0A 00     	sbc	#L90
  1843 00:055C: 1B           	tcs
  1844 00:055D: 0B           	phd
  1845 00:055E: 5B           	tcd
  1846             00000003   xNextExpireTime_0	set	3
  1847             00000007   xListWasEmpty_0	set	7
  1848                        ;        TickType_t xTimeNow;
  1849                        ;        BaseType_t xTimerListsWereSwitched;
  1850                        ;
  1851                        ;        vTaskSuspendAll();
  1852             00000000   xTimeNow_1	set	0
  1853             00000004   xTimerListsWereSwitched_1	set	4
  1854 00:055F: 20 xx xx     	jsr	_~vTaskSuspendAll
  1855                        ;        {
  1856                        ;            /* Obtain the time now to make an assessment as to whether the timer
  1857                        ;             * has expired or not.  If obtaining the time causes the lists to switch
  1858                        ;             * then don't process this timer as any timers that remained in the list
  1859                        ;             * when the lists were switched will have been processed within the
  1860                        ;             * prvSampleTimeNow() function. */
  1861                        ;            xTimeNow = prvSampleTimeNow( &xTimerListsWereSwitched );
  1862 00:0562: F4 00 00     	pea	#0
  1863 00:0565: 18           	clc
  1864 00:0566: 7B           	tdc
  1865 00:0567: 69 09 00     	adc	#<L91+xTimerListsWereSwitched_1
  1866 00:056A: 48           	pha
  1867 00:056B: 20 xx xx     	jsr	_~prvSampleTimeNow
  1868 00:056E: 85 05        	sta	<L91+xTimeNow_1
  1869 00:0570: 86 07        	stx	<L91+xTimeNow_1+2
  1870                        ;
  1871                        ;            if( xTimerListsWereSwitched == pdFALSE )
  1872                        ;            {
  Mon Sep 14 2026 18:41                                                                                                    Page 34


  1873 00:0572: A5 09        	lda	<L91+xTimerListsWereSwitched_1
  1874 00:0574: D0 60        	bne	L10131
  1875                        ;                /* The tick count has not overflowed, has the timer expired? */
  1876                        ;                if( ( xListWasEmpty == pdFALSE ) && ( xNextExpireTime <= xTimeNow ) )
  1877                        ;                {
  1878 00:0576: A5 11        	lda	<L90+xListWasEmpty_0
  1879 00:0578: D0 1A        	bne	L10132
  1880 00:057A: A5 05        	lda	<L91+xTimeNow_1
  1881 00:057C: C5 0D        	cmp	<L90+xNextExpireTime_0
  1882 00:057E: A5 07        	lda	<L91+xTimeNow_1+2
  1883 00:0580: E5 0F        	sbc	<L90+xNextExpireTime_0+2
  1884 00:0582: 90 10        	bcc	L10132
  1885                        ;                    ( void ) xTaskResumeAll();
  1886 00:0584: 20 xx xx     	jsr	_~xTaskResumeAll
  1887                        ;                    prvProcessExpiredTimer( xNextExpireTime, xTimeNow );
  1888 00:0587: D4 07        	pei	<L91+xTimeNow_1+2
  1889 00:0589: D4 05        	pei	<L91+xTimeNow_1
  1890 00:058B: D4 0F        	pei	<L90+xNextExpireTime_0+2
  1891 00:058D: D4 0D        	pei	<L90+xNextExpireTime_0
  1892 00:058F: 20 xx xx     	jsr	_~prvProcessExpiredTimer
  1893                        ;                }
  1894                        ;                else
  1895 00:0592: 80 45        	bra	L100
  1896                        L10132:
  1897                        ;                {
  1898                        ;                    /* The tick count has not overflowed, and the next expire
  1899                        ;                     * time has not been reached yet.  This task should therefore
  1900                        ;                     * block to wait for the next expire time or a command to be
  1901                        ;                     * received - whichever comes first.  The following line cannot
  1902                        ;                     * be reached unless xNextExpireTime > xTimeNow, except in the
  1903                        ;                     * case when the current timer list is empty. */
  1904                        ;                    if( xListWasEmpty != pdFALSE )
  1905                        ;                    {
  1906 00:0594: A5 11        	lda	<L90+xListWasEmpty_0
  1907 00:0596: F0 18        	beq	L10134
  1908                        ;                        /* The current timer list is empty - is the overflow list
  1909                        ;                         * also empty? */
  1910                        ;                        xListWasEmpty = listLIST_IS_EMPTY( pxOverflowTimerList );
  1911 00:0598: AD xx xx     	lda	|_~pxOverflowTimerList
  1912 00:059B: 85 01        	sta	<R0
  1913 00:059D: AD xx xx     	lda	|_~pxOverflowTimerList+2
  1914 00:05A0: 85 03        	sta	<R0+2
  1915 00:05A2: A7 01        	lda	[<R0]
  1916 00:05A4: D0 05        	bne	L96
  1917 00:05A6: A9 01 00     	lda	#$1
  1918 00:05A9: 80 03        	bra	L98
  1919                        L96:
  1920 00:05AB: A9 00 00     	lda	#$0
  1921                        L98:
  1922 00:05AE: 85 11        	sta	<L90+xListWasEmpty_0
  1923                        ;                    }
  1924                        ;
  1925                        ;                    vQueueWaitForMessageRestricted( xTimerQueue, ( xNextExpireTime - xTimeNow ), xLis
                    tWasEmpty );
  1926                        L10134:
  1927 00:05B0: D4 11        	pei	<L90+xListWasEmpty_0
  1928 00:05B2: 38           	sec
  1929 00:05B3: A5 0D        	lda	<L90+xNextExpireTime_0
  Mon Sep 14 2026 18:41                                                                                                    Page 35


  1930 00:05B5: E5 05        	sbc	<L91+xTimeNow_1
  1931 00:05B7: 85 01        	sta	<R0
  1932 00:05B9: A5 0F        	lda	<L90+xNextExpireTime_0+2
  1933 00:05BB: E5 07        	sbc	<L91+xTimeNow_1+2
  1934 00:05BD: 48           	pha
  1935 00:05BE: D4 01        	pei	<R0
  1936 00:05C0: AD xx xx     	lda	|_~xTimerQueue+2
  1937 00:05C3: 48           	pha
  1938 00:05C4: AD xx xx     	lda	|_~xTimerQueue
  1939 00:05C7: 48           	pha
  1940 00:05C8: 20 xx xx     	jsr	_~vQueueWaitForMessageRestricted
  1941                        ;
  1942                        ;                    if( xTaskResumeAll() == pdFALSE )
  1943                        ;                    {
  1944 00:05CB: 20 xx xx     	jsr	_~xTaskResumeAll
  1945 00:05CE: AA           	tax
  1946 00:05CF: D0 08        	bne	L100
  1947                        ;                        /* Yield to wait for either a command to arrive, or the
  1948                        ;                         * block time to expire.  If a command arrived between the
  1949                        ;                         * critical section being exited and this yield then the yield
  1950                        ;                         * will not cause the task to block. */
  1951                        ;                        taskYIELD_WITHIN_API();
  1952 00:05D1: 20 xx xx     	jsr	_~vPortYield
  1953                        ;                    }
  1954                        ;                    else
  1955 00:05D4: 80 03        	bra	L100
  1956                        ;                    {
  1957                        ;                        mtCOVERAGE_TEST_MARKER();
  1958                        ;                    }
  1959                        ;                }
  1960                        ;            }
  1961                        ;            else
  1962                        L10131:
  1963                        ;            {
  1964                        ;                ( void ) xTaskResumeAll();
  1965 00:05D6: 20 xx xx     	jsr	_~xTaskResumeAll
  1966                        ;            }
  1967                        ;        }
  1968                        ;    }
  1969                        L100:
  1970 00:05D9: A5 0B        	lda	<L90+1
  1971 00:05DB: 85 11        	sta	<L90+1+6
  1972 00:05DD: 2B           	pld
  1973 00:05DE: 3B           	tsc
  1974 00:05DF: 18           	clc
  1975 00:05E0: 69 10 00     	adc	#L90+6
  1976 00:05E3: 1B           	tcs
  1977 00:05E4: 60           	rts
  1978             0000000A   L90	equ	10
  1979             00000005   L91	equ	5
  1980                        	ends
  1981                        	efunc
  1982                        ;/*-----------------------------------------------------------*/
  1983                        ;
  1984                        ;    static TickType_t prvGetNextExpireTime( BaseType_t * const pxListWasEmpty )
  1985                        ;    {
  1986                        	code
  1987                        	func
  Mon Sep 14 2026 18:41                                                                                                    Page 36


  1988                        _~prvGetNextExpireTime:
  1989                        	longa	on
  1990                        	longi	on
  1991 00:05E5: 3B           	tsc
  1992 00:05E6: 38           	sec
  1993 00:05E7: E9 0C 00     	sbc	#L101
  1994 00:05EA: 1B           	tcs
  1995 00:05EB: 0B           	phd
  1996 00:05EC: 5B           	tcd
  1997             00000003   pxListWasEmpty_0	set	3
  1998                        ;        TickType_t xNextExpireTime;
  1999                        ;
  2000                        ;        /* Timers are listed in expiry time order, with the head of the list
  2001                        ;         * referencing the task that will expire first.  Obtain the time at which
  2002                        ;         * the timer with the nearest expiry time will expire.  If there are no
  2003                        ;         * active timers then just set the next expire time to 0.  That will cause
  2004                        ;         * this task to unblock when the tick count overflows, at which point the
  2005                        ;         * timer lists will be switched and the next expiry time can be
  2006                        ;         * re-assessed.  */
  2007                        ;        *pxListWasEmpty = listLIST_IS_EMPTY( pxCurrentTimerList );
  2008             00000000   xNextExpireTime_1	set	0
  2009 00:05ED: AD xx xx     	lda	|_~pxCurrentTimerList
  2010 00:05F0: 85 01        	sta	<R0
  2011 00:05F2: AD xx xx     	lda	|_~pxCurrentTimerList+2
  2012 00:05F5: 85 03        	sta	<R0+2
  2013 00:05F7: A7 01        	lda	[<R0]
  2014 00:05F9: D0 05        	bne	L103
  2015 00:05FB: A9 01 00     	lda	#$1
  2016 00:05FE: 80 03        	bra	L105
  2017                        L103:
  2018 00:0600: A9 00 00     	lda	#$0
  2019                        L105:
  2020 00:0603: 87 0F        	sta	[<L101+pxListWasEmpty_0]
  2021                        ;
  2022                        ;        if( *pxListWasEmpty == pdFALSE )
  2023                        ;        {
  2024 00:0605: A7 0F        	lda	[<L101+pxListWasEmpty_0]
  2025 00:0607: D0 24        	bne	L10138
  2026                        ;            xNextExpireTime = listGET_ITEM_VALUE_OF_HEAD_ENTRY( pxCurrentTimerList );
  2027 00:0609: AD xx xx     	lda	|_~pxCurrentTimerList
  2028 00:060C: 85 01        	sta	<R0
  2029 00:060E: AD xx xx     	lda	|_~pxCurrentTimerList+2
  2030 00:0611: 85 03        	sta	<R0+2
  2031 00:0613: A0 0A 00     	ldy	#$a
  2032 00:0616: B7 01        	lda	[<R0],Y
  2033 00:0618: 85 05        	sta	<R1
  2034 00:061A: C8           	iny
  2035 00:061B: C8           	iny
  2036 00:061C: B7 01        	lda	[<R0],Y
  2037 00:061E: 85 07        	sta	<R1+2
  2038 00:0620: A7 05        	lda	[<R1]
  2039 00:0622: 85 09        	sta	<L102+xNextExpireTime_1
  2040 00:0624: A0 02 00     	ldy	#$2
  2041 00:0627: B7 05        	lda	[<R1],Y
  2042 00:0629: 85 0B        	sta	<L102+xNextExpireTime_1+2
  2043                        ;        }
  2044                        ;        else
  2045 00:062B: 80 04        	bra	L10139
  Mon Sep 14 2026 18:41                                                                                                    Page 37


  2046                        L10138:
  2047                        ;        {
  2048                        ;            /* Ensure the task unblocks when the tick count rolls over. */
  2049                        ;            xNextExpireTime = ( TickType_t ) 0U;
  2050 00:062D: 64 09        	stz	<L102+xNextExpireTime_1
  2051 00:062F: 64 0B        	stz	<L102+xNextExpireTime_1+2
  2052                        ;        }
  2053                        L10139:
  2054                        ;
  2055                        ;        return xNextExpireTime;
  2056 00:0631: A6 0B        	ldx	<L102+xNextExpireTime_1+2
  2057 00:0633: A5 09        	lda	<L102+xNextExpireTime_1
  2058 00:0635: A8           	tay
  2059 00:0636: A5 0D        	lda	<L101+1
  2060 00:0638: 85 11        	sta	<L101+1+4
  2061 00:063A: 2B           	pld
  2062 00:063B: 3B           	tsc
  2063 00:063C: 18           	clc
  2064 00:063D: 69 10 00     	adc	#L101+4
  2065 00:0640: 1B           	tcs
  2066 00:0641: 98           	tya
  2067 00:0642: 60           	rts
  2068                        ;    }
  2069             0000000C   L101	equ	12
  2070             00000009   L102	equ	9
  2071                        	ends
  2072                        	efunc
  2073                        ;/*-----------------------------------------------------------*/
  2074                        ;
  2075                        ;    static TickType_t prvSampleTimeNow( BaseType_t * const pxTimerListsWereSwitched )
  2076                        ;    {
  2077                        	code
  2078                        	func
  2079                        _~prvSampleTimeNow:
  2080                        	longa	on
  2081                        	longi	on
  2082 00:0643: 3B           	tsc
  2083 00:0644: 38           	sec
  2084 00:0645: E9 04 00     	sbc	#L108
  2085 00:0648: 1B           	tcs
  2086 00:0649: 0B           	phd
  2087 00:064A: 5B           	tcd
  2088             00000003   pxTimerListsWereSwitched_0	set	3
  2089                        ;        TickType_t xTimeNow;
  2090                        ;        PRIVILEGED_DATA static TickType_t xLastTime = ( TickType_t ) 0U;
  2091                        ;
  2092                        ;        xTimeNow = xTaskGetTickCount();
  2093             00000000   xTimeNow_1	set	0
  2094 00:064B: 20 xx xx     	jsr	_~xTaskGetTickCount
  2095 00:064E: 85 01        	sta	<L109+xTimeNow_1
  2096 00:0650: 86 03        	stx	<L109+xTimeNow_1+2
  2097                        ;
  2098                        ;        if( xTimeNow < xLastTime )
  2099                        ;        {
  2100 00:0652: CD xx xx     	cmp	|L110
  2101 00:0655: A5 03        	lda	<L109+xTimeNow_1+2
  2102 00:0657: ED xx xx     	sbc	|L110+2
  2103 00:065A: B0 08        	bcs	L10140
  Mon Sep 14 2026 18:41                                                                                                    Page 38


  2104                        ;            prvSwitchTimerLists();
  2105 00:065C: 20 xx xx     	jsr	_~prvSwitchTimerLists
  2106                        ;            *pxTimerListsWereSwitched = pdTRUE;
  2107 00:065F: A9 01 00     	lda	#$1
  2108 00:0662: 80 03        	bra	L20011
  2109                        ;        }
  2110                        ;        else
  2111                        L10140:
  2112                        ;        {
  2113                        ;            *pxTimerListsWereSwitched = pdFALSE;
  2114 00:0664: A9 00 00     	lda	#$0
  2115                        L20011:
  2116 00:0667: 87 07        	sta	[<L108+pxTimerListsWereSwitched_0]
  2117                        ;        }
  2118                        ;
  2119                        ;        xLastTime = xTimeNow;
  2120 00:0669: A5 01        	lda	<L109+xTimeNow_1
  2121 00:066B: 8D xx xx     	sta	|L110
  2122 00:066E: A5 03        	lda	<L109+xTimeNow_1+2
  2123 00:0670: 8D xx xx     	sta	|L110+2
  2124                        ;
  2125                        ;        return xTimeNow;
  2126 00:0673: A6 03        	ldx	<L109+xTimeNow_1+2
  2127 00:0675: A5 01        	lda	<L109+xTimeNow_1
  2128 00:0677: A8           	tay
  2129 00:0678: A5 05        	lda	<L108+1
  2130 00:067A: 85 09        	sta	<L108+1+4
  2131 00:067C: 2B           	pld
  2132 00:067D: 3B           	tsc
  2133 00:067E: 18           	clc
  2134 00:067F: 69 08 00     	adc	#L108+4
  2135 00:0682: 1B           	tcs
  2136 00:0683: 98           	tya
  2137 00:0684: 60           	rts
  2138                        ;    }
  2139             00000004   L108	equ	4
  2140             00000001   L109	equ	1
  2141                        	ends
  2142                        	efunc
  2143                        	data
  2144                        L110:
  2145 00:0010: 00 00 00 00  	dl	$0
  2146 00:0014:              	ends
  2147                        ;/*-----------------------------------------------------------*/
  2148                        ;
  2149                        ;    static BaseType_t prvInsertTimerInActiveList( Timer_t * const pxTimer,
  2150                        ;                                                  const TickType_t xNextExpiryTime,
  2151                        ;                                                  const TickType_t xTimeNow,
  2152                        ;                                                  const TickType_t xCommandTime )
  2153                        ;    {
  2154                        	code
  2155                        	func
  2156                        _~prvInsertTimerInActiveList:
  2157                        	longa	on
  2158                        	longi	on
  2159 00:0685: 3B           	tsc
  2160 00:0686: 38           	sec
  2161 00:0687: E9 06 00     	sbc	#L113
  Mon Sep 14 2026 18:41                                                                                                    Page 39


  2162 00:068A: 1B           	tcs
  2163 00:068B: 0B           	phd
  2164 00:068C: 5B           	tcd
  2165             00000003   pxTimer_0	set	3
  2166             00000007   xNextExpiryTime_0	set	7
  2167             0000000B   xTimeNow_0	set	11
  2168             0000000F   xCommandTime_0	set	15
  2169                        ;        BaseType_t xProcessTimerNow = pdFALSE;
  2170                        ;
  2171                        ;        listSET_LIST_ITEM_VALUE( &( pxTimer->xTimerListItem ), xNextExpiryTime );
  2172             00000000   xProcessTimerNow_1	set	0
  2173 00:068D: 64 05        	stz	<L114+xProcessTimerNow_1
  2174 00:068F: A5 0D        	lda	<L113+xNextExpiryTime_0
  2175 00:0691: A0 04 00     	ldy	#$4
  2176 00:0694: 97 09        	sta	[<L113+pxTimer_0],Y
  2177 00:0696: A5 0F        	lda	<L113+xNextExpiryTime_0+2
  2178 00:0698: C8           	iny
  2179 00:0699: C8           	iny
  2180 00:069A: 97 09        	sta	[<L113+pxTimer_0],Y
  2181                        ;        listSET_LIST_ITEM_OWNER( &( pxTimer->xTimerListItem ), pxTimer );
  2182 00:069C: A5 09        	lda	<L113+pxTimer_0
  2183 00:069E: A0 10 00     	ldy	#$10
  2184 00:06A1: 97 09        	sta	[<L113+pxTimer_0],Y
  2185 00:06A3: A5 0B        	lda	<L113+pxTimer_0+2
  2186 00:06A5: C8           	iny
  2187 00:06A6: C8           	iny
  2188 00:06A7: 97 09        	sta	[<L113+pxTimer_0],Y
  2189                        ;
  2190                        ;        if( xNextExpiryTime <= xTimeNow )
  2191                        ;        {
  2192 00:06A9: A5 11        	lda	<L113+xTimeNow_0
  2193 00:06AB: C5 0D        	cmp	<L113+xNextExpiryTime_0
  2194 00:06AD: A5 13        	lda	<L113+xTimeNow_0+2
  2195 00:06AF: E5 0F        	sbc	<L113+xNextExpiryTime_0+2
  2196 00:06B1: 90 3C        	bcc	L10142
  2197                        ;            /* Has the expiry time elapsed between the command to start/reset a
  2198                        ;             * timer was issued, and the time the command was processed? */
  2199                        ;            if( ( ( TickType_t ) ( xTimeNow - xCommandTime ) ) >= pxTimer->xTimerPeriodInTicks )
  2200                        ;            {
  2201 00:06B3: 38           	sec
  2202 00:06B4: A5 11        	lda	<L113+xTimeNow_0
  2203 00:06B6: E5 15        	sbc	<L113+xCommandTime_0
  2204 00:06B8: 85 01        	sta	<R0
  2205 00:06BA: A5 13        	lda	<L113+xTimeNow_0+2
  2206 00:06BC: E5 17        	sbc	<L113+xCommandTime_0+2
  2207 00:06BE: 85 03        	sta	<R0+2
  2208 00:06C0: A5 01        	lda	<R0
  2209 00:06C2: A0 18 00     	ldy	#$18
  2210 00:06C5: D7 09        	cmp	[<L113+pxTimer_0],Y
  2211 00:06C7: A5 03        	lda	<R0+2
  2212 00:06C9: C8           	iny
  2213 00:06CA: C8           	iny
  2214 00:06CB: F7 09        	sbc	[<L113+pxTimer_0],Y
  2215 00:06CD: 90 07        	bcc	L10143
  2216                        ;                /* The time between a command being issued and the command being
  2217                        ;                 * processed actually exceeds the timers period.  */
  2218                        ;                xProcessTimerNow = pdTRUE;
  2219                        L20015:
  Mon Sep 14 2026 18:41                                                                                                    Page 40


  2220 00:06CF: A9 01 00     	lda	#$1
  2221 00:06D2: 85 05        	sta	<L114+xProcessTimerNow_1
  2222                        ;            }
  2223                        ;            else
  2224 00:06D4: 80 48        	bra	L10145
  2225                        L10143:
  2226                        ;            {
  2227                        ;                vListInsert( pxOverflowTimerList, &( pxTimer->xTimerListItem ) );
  2228 00:06D6: A9 04 00     	lda	#$4
  2229 00:06D9: 18           	clc
  2230 00:06DA: 65 09        	adc	<L113+pxTimer_0
  2231 00:06DC: 85 01        	sta	<R0
  2232 00:06DE: A9 00 00     	lda	#$0
  2233 00:06E1: 65 0B        	adc	<L113+pxTimer_0+2
  2234 00:06E3: 48           	pha
  2235 00:06E4: D4 01        	pei	<R0
  2236 00:06E6: AD xx xx     	lda	|_~pxOverflowTimerList+2
  2237 00:06E9: 48           	pha
  2238 00:06EA: AD xx xx     	lda	|_~pxOverflowTimerList
  2239 00:06ED: 80 2B        	bra	L20013
  2240                        ;            }
  2241                        ;        }
  2242                        ;        else
  2243                        L10142:
  2244                        ;        {
  2245                        ;            if( ( xTimeNow < xCommandTime ) && ( xNextExpiryTime >= xCommandTime ) )
  2246                        ;            {
  2247 00:06EF: A5 11        	lda	<L113+xTimeNow_0
  2248 00:06F1: C5 15        	cmp	<L113+xCommandTime_0
  2249 00:06F3: A5 13        	lda	<L113+xTimeNow_0+2
  2250 00:06F5: E5 17        	sbc	<L113+xCommandTime_0+2
  2251 00:06F7: B0 0A        	bcs	L10146
  2252 00:06F9: A5 0D        	lda	<L113+xNextExpiryTime_0
  2253 00:06FB: C5 15        	cmp	<L113+xCommandTime_0
  2254 00:06FD: A5 0F        	lda	<L113+xNextExpiryTime_0+2
  2255 00:06FF: E5 17        	sbc	<L113+xCommandTime_0+2
  2256 00:0701: B0 CC        	bcs	L20015
  2257                        ;                /* If, since the command was issued, the tick count has overflowed
  2258                        ;                 * but the expiry time has not, then the timer must have already passed
  2259                        ;                 * its expiry time and should be processed immediately. */
  2260                        ;                xProcessTimerNow = pdTRUE;
  2261                        ;            }
  2262                        ;            else
  2263                        L10146:
  2264                        ;            {
  2265                        ;                vListInsert( pxCurrentTimerList, &( pxTimer->xTimerListItem ) );
  2266 00:0703: A9 04 00     	lda	#$4
  2267 00:0706: 18           	clc
  2268 00:0707: 65 09        	adc	<L113+pxTimer_0
  2269 00:0709: 85 01        	sta	<R0
  2270 00:070B: A9 00 00     	lda	#$0
  2271 00:070E: 65 0B        	adc	<L113+pxTimer_0+2
  2272 00:0710: 48           	pha
  2273 00:0711: D4 01        	pei	<R0
  2274 00:0713: AD xx xx     	lda	|_~pxCurrentTimerList+2
  2275 00:0716: 48           	pha
  2276 00:0717: AD xx xx     	lda	|_~pxCurrentTimerList
  2277                        L20013:
  Mon Sep 14 2026 18:41                                                                                                    Page 41


  2278 00:071A: 48           	pha
  2279 00:071B: 20 xx xx     	jsr	_~vListInsert
  2280                        ;            }
  2281                        ;        }
  2282                        L10145:
  2283                        ;
  2284                        ;        return xProcessTimerNow;
  2285 00:071E: A5 05        	lda	<L114+xProcessTimerNow_1
  2286 00:0720: A8           	tay
  2287 00:0721: A5 07        	lda	<L113+1
  2288 00:0723: 85 17        	sta	<L113+1+16
  2289 00:0725: 2B           	pld
  2290 00:0726: 3B           	tsc
  2291 00:0727: 18           	clc
  2292 00:0728: 69 16 00     	adc	#L113+16
  2293 00:072B: 1B           	tcs
  2294 00:072C: 98           	tya
  2295 00:072D: 60           	rts
  2296                        ;    }
  2297             00000006   L113	equ	6
  2298             00000005   L114	equ	5
  2299                        	ends
  2300                        	efunc
  2301                        ;/*-----------------------------------------------------------*/
  2302                        ;
  2303                        ;    static void prvProcessReceivedCommands( void )
  2304                        ;    {
  2305                        	code
  2306                        	func
  2307                        _~prvProcessReceivedCommands:
  2308                        	longa	on
  2309                        	longi	on
  2310 00:072E: 3B           	tsc
  2311 00:072F: 38           	sec
  2312 00:0730: E9 1C 00     	sbc	#L120
  2313 00:0733: 1B           	tcs
  2314 00:0734: 0B           	phd
  2315 00:0735: 5B           	tcd
  2316                        ;        DaemonTaskMessage_t xMessage = { 0 };
  2317                        ;        Timer_t * pxTimer;
  2318                        ;        BaseType_t xTimerListsWereSwitched;
  2319                        ;        TickType_t xTimeNow;
  2320                        ;
  2321                        ;        while( xQueueReceive( xTimerQueue, &xMessage, tmrNO_DELAY ) != pdFAIL )
  2322             00000000   xMessage_1	set	0
  2323             0000000A   pxTimer_1	set	10
  2324             0000000E   xTimerListsWereSwitched_1	set	14
  2325             00000010   xTimeNow_1	set	16
  2326 00:0736: F4 xx xx     	pea	#^L122
  2327 00:0739: F4 xx xx     	pea	#<L122
  2328 00:073C: 18           	clc
  2329 00:073D: 7B           	tdc
  2330 00:073E: 69 09 00     	adc	#<L121+xMessage_1
  2331 00:0741: 85 01        	sta	<R0
  2332 00:0743: A9 00 00     	lda	#$0
  2333 00:0746: 48           	pha
  2334 00:0747: D4 01        	pei	<R0
  2335 00:0749: A9 0A 00     	lda	#$a
  Mon Sep 14 2026 18:41                                                                                                    Page 42


  2336                        	xref	_~~fmov
  2337 00:074C: 20 xx xx     	jsr	_~~fmov
  2338                        L10148:
  2339 00:074F: F4 00 00     	pea	#^$0
  2340 00:0752: F4 00 00     	pea	#<$0
  2341 00:0755: F4 00 00     	pea	#0
  2342 00:0758: 18           	clc
  2343 00:0759: 7B           	tdc
  2344 00:075A: 69 09 00     	adc	#<L121+xMessage_1
  2345 00:075D: 48           	pha
  2346 00:075E: AD xx xx     	lda	|_~xTimerQueue+2
  2347 00:0761: 48           	pha
  2348 00:0762: AD xx xx     	lda	|_~xTimerQueue
  2349 00:0765: 48           	pha
  2350 00:0766: 20 xx xx     	jsr	_~xQueueReceive
  2351 00:0769: AA           	tax
  2352 00:076A: D0 08        	bne	L20016
  2353                        ;    }
  2354 00:076C: 2B           	pld
  2355 00:076D: 3B           	tsc
  2356 00:076E: 18           	clc
  2357 00:076F: 69 1C 00     	adc	#L120
  2358 00:0772: 1B           	tcs
  2359 00:0773: 60           	rts
  2360                        L20016:
  2361                        ;        {
  2362                        ;            #if ( INCLUDE_xTimerPendFunctionCall == 1 )
  2363                        ;            {
  2364                        ;                /* Negative commands are pended function calls rather than timer
  2365                        ;                 * commands. */
  2366                        ;                if( xMessage.xMessageID < ( BaseType_t ) 0 )
  2367                        ;                {
  2368                        ;                    const CallbackParameters_t * const pxCallback = &( xMessage.u.xCallbackParameters
                     );
  2369                        ;
  2370                        ;                    /* The timer uses the xCallbackParameters member to request a
  2371                        ;                     * callback be executed.  Check the callback is not NULL. */
  2372                        ;                    configASSERT( pxCallback );
  2373                        ;
  2374                        ;                    /* Call the function. */
  2375                        ;                    pxCallback->pxCallbackFunction( pxCallback->pvParameter1, pxCallback->ulParameter
                    2 );
  2376                        ;                }
  2377                        ;                else
  2378                        ;                {
  2379                        ;                    mtCOVERAGE_TEST_MARKER();
  2380                        ;                }
  2381                        ;            }
  2382                        ;            #endif /* INCLUDE_xTimerPendFunctionCall */
  2383                        ;
  2384                        ;            /* Commands that are positive are timer commands rather than pended
  2385                        ;             * function calls. */
  2386                        ;            if( xMessage.xMessageID >= ( BaseType_t ) 0 )
  2387                        ;            {
  2388 00:0774: A5 09        	lda	<L121+xMessage_1
  2389 00:0776: 30 D7        	bmi	L10148
  2390                        ;                /* The messages uses the xTimerParameters member to work on a
  2391                        ;                 * software timer. */
  Mon Sep 14 2026 18:41                                                                                                    Page 43


  2392                        ;                pxTimer = xMessage.u.xTimerParameters.pxTimer;
  2393 00:0778: A5 0F        	lda	<L121+xMessage_1+6
  2394 00:077A: 85 13        	sta	<L121+pxTimer_1
  2395 00:077C: A5 11        	lda	<L121+xMessage_1+8
  2396 00:077E: 85 15        	sta	<L121+pxTimer_1+2
  2397                        ;
  2398                        ;                if( pxTimer != NULL )
  2399                        ;                {
  2400 00:0780: A5 13        	lda	<L121+pxTimer_1
  2401 00:0782: 05 15        	ora	<L121+pxTimer_1+2
  2402 00:0784: F0 C9        	beq	L10148
  2403                        ;                    if( listIS_CONTAINED_WITHIN( NULL, &( pxTimer->xTimerListItem ) ) == pdFALSE )
  2404                        ;                    {
  2405 00:0786: A0 14 00     	ldy	#$14
  2406 00:0789: B7 13        	lda	[<L121+pxTimer_1],Y
  2407 00:078B: C8           	iny
  2408 00:078C: C8           	iny
  2409 00:078D: 17 13        	ora	[<L121+pxTimer_1],Y
  2410 00:078F: D0 05        	bne	L126
  2411 00:0791: A9 01 00     	lda	#$1
  2412 00:0794: 80 03        	bra	L128
  2413                        L126:
  2414 00:0796: A9 00 00     	lda	#$0
  2415                        L128:
  2416 00:0799: AA           	tax
  2417 00:079A: D0 13        	bne	L10153
  2418                        ;                        /* The timer is in a list, remove it. */
  2419                        ;                        ( void ) uxListRemove( &( pxTimer->xTimerListItem ) );
  2420 00:079C: A9 04 00     	lda	#$4
  2421 00:079F: 18           	clc
  2422 00:07A0: 65 13        	adc	<L121+pxTimer_1
  2423 00:07A2: 85 01        	sta	<R0
  2424 00:07A4: A9 00 00     	lda	#$0
  2425 00:07A7: 65 15        	adc	<L121+pxTimer_1+2
  2426 00:07A9: 48           	pha
  2427 00:07AA: D4 01        	pei	<R0
  2428 00:07AC: 20 xx xx     	jsr	_~uxListRemove
  2429                        ;                    }
  2430                        ;                    else
  2431                        ;                    {
  2432                        ;                        mtCOVERAGE_TEST_MARKER();
  2433                        ;                    }
  2434                        L10153:
  2435                        ;
  2436                        ;                    traceTIMER_COMMAND_RECEIVED( pxTimer, xMessage.xMessageID, xMessage.u.xTimerParam
                    eters.xMessageValue );
  2437                        ;
  2438                        ;                    /* In this case the xTimerListsWereSwitched parameter is not used, but
  2439                        ;                     *  it must be present in the function call.  prvSampleTimeNow() must be
  2440                        ;                     *  called after the message is received from xTimerQueue so there is no
  2441                        ;                     *  possibility of a higher priority task adding a message to the message
  2442                        ;                     *  queue with a time that is ahead of the timer daemon task (because it
  2443                        ;                     *  pre-empted the timer daemon task after the xTimeNow value was set). */
  2444                        ;                    xTimeNow = prvSampleTimeNow( &xTimerListsWereSwitched );
  2445 00:07AF: F4 00 00     	pea	#0
  2446 00:07B2: 18           	clc
  2447 00:07B3: 7B           	tdc
  2448 00:07B4: 69 17 00     	adc	#<L121+xTimerListsWereSwitched_1
  Mon Sep 14 2026 18:41                                                                                                    Page 44


  2449 00:07B7: 48           	pha
  2450 00:07B8: 20 xx xx     	jsr	_~prvSampleTimeNow
  2451 00:07BB: 85 19        	sta	<L121+xTimeNow_1
  2452 00:07BD: 86 1B        	stx	<L121+xTimeNow_1+2
  2453                        ;
  2454                        ;                    switch( xMessage.xMessageID )
  2455 00:07BF: A5 09        	lda	<L121+xMessage_1
  2456                        	xref	_~~fsw
  2457 00:07C1: 20 xx xx     	jsr	_~~fsw
  2458 00:07C4: 01 00        	dw	1
  2459 00:07C6: 09 00        	dw	9
  2460 00:07C8: xx xx        	dw	L10148-1
  2461 00:07CA: xx xx        	dw	L10159-1
  2462 00:07CC: xx xx        	dw	L10159-1
  2463 00:07CE: xx xx        	dw	L10165-1
  2464 00:07D0: xx xx        	dw	L10167-1
  2465 00:07D2: xx xx        	dw	L10175-1
  2466 00:07D4: xx xx        	dw	L10159-1
  2467 00:07D6: xx xx        	dw	L10159-1
  2468 00:07D8: xx xx        	dw	L10165-1
  2469 00:07DA: xx xx        	dw	L10167-1
  2470                        ;                    {
  2471                        ;                        case tmrCOMMAND_START:
  2472                        ;                        case tmrCOMMAND_START_FROM_ISR:
  2473                        ;                        case tmrCOMMAND_RESET:
  2474                        ;                        case tmrCOMMAND_RESET_FROM_ISR:
  2475                        L10159:
  2476                        ;                            /* Start or restart a timer. */
  2477                        ;                            pxTimer->ucStatus |= ( uint8_t ) tmrSTATUS_IS_ACTIVE;
  2478 00:07DC: A9 22 00     	lda	#$22
  2479 00:07DF: 18           	clc
  2480 00:07E0: 65 13        	adc	<L121+pxTimer_1
  2481 00:07E2: 85 01        	sta	<R0
  2482 00:07E4: A9 00 00     	lda	#$0
  2483 00:07E7: 65 15        	adc	<L121+pxTimer_1+2
  2484 00:07E9: 85 03        	sta	<R0+2
  2485 00:07EB: E2 20        	sep	#$20
  2486                        	longa	off
  2487 00:07ED: A7 01        	lda	[<R0]
  2488 00:07EF: 09 01        	ora	#<$1
  2489 00:07F1: 87 01        	sta	[<R0]
  2490 00:07F3: C2 20        	rep	#$20
  2491                        	longa	on
  2492                        ;
  2493                        ;                            if( prvInsertTimerInActiveList( pxTimer, xMessage.u.xTimerParameters.xMes
                    sageValue + pxTimer->xTimerPeriodInTicks, xTimeNow, xMessage.u.xTimerParameters.xMessageValue ) != pdFALSE )
  2494                        ;                            {
  2495 00:07F5: D4 0D        	pei	<L121+xMessage_1+4
  2496 00:07F7: D4 0B        	pei	<L121+xMessage_1+2
  2497 00:07F9: D4 1B        	pei	<L121+xTimeNow_1+2
  2498 00:07FB: D4 19        	pei	<L121+xTimeNow_1
  2499 00:07FD: 18           	clc
  2500 00:07FE: A5 0B        	lda	<L121+xMessage_1+2
  2501 00:0800: A0 18 00     	ldy	#$18
  2502 00:0803: 77 13        	adc	[<L121+pxTimer_1],Y
  2503 00:0805: 85 01        	sta	<R0
  2504 00:0807: A5 0D        	lda	<L121+xMessage_1+4
  2505 00:0809: C8           	iny
  Mon Sep 14 2026 18:41                                                                                                    Page 45


  2506 00:080A: C8           	iny
  2507 00:080B: 77 13        	adc	[<L121+pxTimer_1],Y
  2508 00:080D: 48           	pha
  2509 00:080E: D4 01        	pei	<R0
  2510 00:0810: D4 15        	pei	<L121+pxTimer_1+2
  2511 00:0812: D4 13        	pei	<L121+pxTimer_1
  2512 00:0814: 20 xx xx     	jsr	_~prvInsertTimerInActiveList
  2513 00:0817: AA           	tax
  2514 00:0818: D0 03        	bne	*+5
  2515 00:081A: 82 32 FF     	brl	L10148
  2516                        ;                                /* The timer expired before it was added to the active
  2517                        ;                                 * timer list.  Process it now. */
  2518                        ;                                if( ( pxTimer->ucStatus & tmrSTATUS_IS_AUTORELOAD ) != 0U )
  2519                        ;                                {
  2520 00:081D: E2 20        	sep	#$20
  2521                        	longa	off
  2522 00:081F: A0 22 00     	ldy	#$22
  2523 00:0822: B7 13        	lda	[<L121+pxTimer_1],Y
  2524 00:0824: 29 04        	and	#<$4
  2525 00:0826: C2 20        	rep	#$20
  2526                        	longa	on
  2527 00:0828: F0 20        	beq	L10161
  2528                        ;                                    prvReloadTimer( pxTimer, xMessage.u.xTimerParameters.xMessageValu
                    e + pxTimer->xTimerPeriodInTicks, xTimeNow );
  2529 00:082A: D4 1B        	pei	<L121+xTimeNow_1+2
  2530 00:082C: D4 19        	pei	<L121+xTimeNow_1
  2531 00:082E: 18           	clc
  2532 00:082F: A5 0B        	lda	<L121+xMessage_1+2
  2533 00:0831: A0 18 00     	ldy	#$18
  2534 00:0834: 77 13        	adc	[<L121+pxTimer_1],Y
  2535 00:0836: 85 01        	sta	<R0
  2536 00:0838: A5 0D        	lda	<L121+xMessage_1+4
  2537 00:083A: C8           	iny
  2538 00:083B: C8           	iny
  2539 00:083C: 77 13        	adc	[<L121+pxTimer_1],Y
  2540 00:083E: 48           	pha
  2541 00:083F: D4 01        	pei	<R0
  2542 00:0841: D4 15        	pei	<L121+pxTimer_1+2
  2543 00:0843: D4 13        	pei	<L121+pxTimer_1
  2544 00:0845: 20 xx xx     	jsr	_~prvReloadTimer
  2545                        ;                                }
  2546                        ;                                else
  2547 00:0848: 80 19        	bra	L10162
  2548                        L10161:
  2549                        ;                                {
  2550                        ;                                    pxTimer->ucStatus &= ( ( uint8_t ) ~tmrSTATUS_IS_ACTIVE );
  2551 00:084A: A9 22 00     	lda	#$22
  2552 00:084D: 18           	clc
  2553 00:084E: 65 13        	adc	<L121+pxTimer_1
  2554 00:0850: 85 01        	sta	<R0
  2555 00:0852: A9 00 00     	lda	#$0
  2556 00:0855: 65 15        	adc	<L121+pxTimer_1+2
  2557 00:0857: 85 03        	sta	<R0+2
  2558 00:0859: E2 20        	sep	#$20
  2559                        	longa	off
  2560 00:085B: A7 01        	lda	[<R0]
  2561 00:085D: 29 FE        	and	#<$fe
  2562 00:085F: 87 01        	sta	[<R0]
  Mon Sep 14 2026 18:41                                                                                                    Page 46


  2563 00:0861: C2 20        	rep	#$20
  2564                        	longa	on
  2565                        ;                                }
  2566                        L10162:
  2567                        ;
  2568                        ;                                /* Call the timer callback. */
  2569                        ;                                traceTIMER_EXPIRED( pxTimer );
  2570                        ;                                pxTimer->pxCallbackFunction( ( TimerHandle_t ) pxTimer );
  2571 00:0863: D4 15        	pei	<L121+pxTimer_1+2
  2572 00:0865: D4 13        	pei	<L121+pxTimer_1
  2573 00:0867: A0 20 00     	ldy	#$20
  2574 00:086A: B7 13        	lda	[<L121+pxTimer_1],Y
  2575                        	xref	_~~cal
  2576 00:086C: 20 xx xx     	jsr	_~~cal
  2577                        ;                            }
  2578                        ;                            else
  2579                        ;                }
  2580                        ;                else
  2581 00:086F: 82 DD FE     	brl	L10148
  2582                        ;                            {
  2583                        ;                                mtCOVERAGE_TEST_MARKER();
  2584                        ;                            }
  2585                        ;
  2586                        ;                            break;
  2587                        ;
  2588                        ;                        case tmrCOMMAND_STOP:
  2589                        ;                        case tmrCOMMAND_STOP_FROM_ISR:
  2590                        L10165:
  2591                        ;                            /* The timer has already been removed from the active list. */
  2592                        ;                            pxTimer->ucStatus &= ( ( uint8_t ) ~tmrSTATUS_IS_ACTIVE );
  2593 00:0872: A9 22 00     	lda	#$22
  2594 00:0875: 18           	clc
  2595 00:0876: 65 13        	adc	<L121+pxTimer_1
  2596 00:0878: 85 01        	sta	<R0
  2597 00:087A: A9 00 00     	lda	#$0
  2598 00:087D: 65 15        	adc	<L121+pxTimer_1+2
  2599 00:087F: 85 03        	sta	<R0+2
  2600 00:0881: E2 20        	sep	#$20
  2601                        	longa	off
  2602 00:0883: A7 01        	lda	[<R0]
  2603 00:0885: 29 FE        	and	#<$fe
  2604 00:0887: 87 01        	sta	[<R0]
  2605 00:0889: C2 20        	rep	#$20
  2606                        	longa	on
  2607                        ;                            break;
  2608 00:088B: 82 C1 FE     	brl	L10148
  2609                        ;
  2610                        ;                        case tmrCOMMAND_CHANGE_PERIOD:
  2611                        ;                        case tmrCOMMAND_CHANGE_PERIOD_FROM_ISR:
  2612                        L10167:
  2613                        ;                            pxTimer->ucStatus |= ( uint8_t ) tmrSTATUS_IS_ACTIVE;
  2614 00:088E: A9 22 00     	lda	#$22
  2615 00:0891: 18           	clc
  2616 00:0892: 65 13        	adc	<L121+pxTimer_1
  2617 00:0894: 85 01        	sta	<R0
  2618 00:0896: A9 00 00     	lda	#$0
  2619 00:0899: 65 15        	adc	<L121+pxTimer_1+2
  2620 00:089B: 85 03        	sta	<R0+2
  Mon Sep 14 2026 18:41                                                                                                    Page 47


  2621 00:089D: E2 20        	sep	#$20
  2622                        	longa	off
  2623 00:089F: A7 01        	lda	[<R0]
  2624 00:08A1: 09 01        	ora	#<$1
  2625 00:08A3: 87 01        	sta	[<R0]
  2626 00:08A5: C2 20        	rep	#$20
  2627                        	longa	on
  2628                        ;                            pxTimer->xTimerPeriodInTicks = xMessage.u.xTimerParameters.xMessageValue;
  2629 00:08A7: A5 0B        	lda	<L121+xMessage_1+2
  2630 00:08A9: A0 18 00     	ldy	#$18
  2631 00:08AC: 97 13        	sta	[<L121+pxTimer_1],Y
  2632 00:08AE: A5 0D        	lda	<L121+xMessage_1+4
  2633 00:08B0: C8           	iny
  2634 00:08B1: C8           	iny
  2635 00:08B2: 97 13        	sta	[<L121+pxTimer_1],Y
  2636                        ;                            configASSERT( ( pxTimer->xTimerPeriodInTicks > 0 ) );
  2637 00:08B4: A9 00 00     	lda	#$0
  2638 00:08B7: 88           	dey
  2639 00:08B8: 88           	dey
  2640 00:08B9: D7 13        	cmp	[<L121+pxTimer_1],Y
  2641 00:08BB: C8           	iny
  2642 00:08BC: C8           	iny
  2643 00:08BD: F7 13        	sbc	[<L121+pxTimer_1],Y
  2644 00:08BF: 90 02        	bcc	L10168
  2645                        L10172:
  2646 00:08C1: 80 FE        	bra	L10172
  2647                        L10168:
  2648                        ;
  2649                        ;                            /* The new period does not really have a reference, and can
  2650                        ;                             * be longer or shorter than the old one.  The command time is
  2651                        ;                             * therefore set to the current time, and as the period cannot
  2652                        ;                             * be zero the next expiry time can only be in the future,
  2653                        ;                             * meaning (unlike for the xTimerStart() case above) there is
  2654                        ;                             * no fail case that needs to be handled here. */
  2655                        ;                            ( void ) prvInsertTimerInActiveList( pxTimer, ( xTimeNow + pxTimer->xTime
                    rPeriodInTicks ), xTimeNow, xTimeNow );
  2656 00:08C3: D4 1B        	pei	<L121+xTimeNow_1+2
  2657 00:08C5: D4 19        	pei	<L121+xTimeNow_1
  2658 00:08C7: D4 1B        	pei	<L121+xTimeNow_1+2
  2659 00:08C9: D4 19        	pei	<L121+xTimeNow_1
  2660 00:08CB: 18           	clc
  2661 00:08CC: A5 19        	lda	<L121+xTimeNow_1
  2662 00:08CE: A0 18 00     	ldy	#$18
  2663 00:08D1: 77 13        	adc	[<L121+pxTimer_1],Y
  2664 00:08D3: 85 01        	sta	<R0
  2665 00:08D5: A5 1B        	lda	<L121+xTimeNow_1+2
  2666 00:08D7: C8           	iny
  2667 00:08D8: C8           	iny
  2668 00:08D9: 77 13        	adc	[<L121+pxTimer_1],Y
  2669 00:08DB: 48           	pha
  2670 00:08DC: D4 01        	pei	<R0
  2671 00:08DE: D4 15        	pei	<L121+pxTimer_1+2
  2672 00:08E0: D4 13        	pei	<L121+pxTimer_1
  2673 00:08E2: 20 xx xx     	jsr	_~prvInsertTimerInActiveList
  2674 00:08E5: 85 05        	sta	<R1
  2675                        ;                            break;
  2676 00:08E7: 82 65 FE     	brl	L10148
  2677                        ;
  Mon Sep 14 2026 18:41                                                                                                    Page 48


  2678                        ;                        case tmrCOMMAND_DELETE:
  2679                        L10175:
  2680                        ;                            #if ( configSUPPORT_DYNAMIC_ALLOCATION == 1 )
  2681                        ;                            {
  2682                        ;                                /* The timer has already been removed from the active list,
  2683                        ;                                 * just free up the memory if the memory was dynamically
  2684                        ;                                 * allocated. */
  2685                        ;                                if( ( pxTimer->ucStatus & tmrSTATUS_IS_STATICALLY_ALLOCATED ) == ( ui
                    nt8_t ) 0 )
  2686                        ;                                {
  2687 00:08EA: E2 20        	sep	#$20
  2688                        	longa	off
  2689 00:08EC: A0 22 00     	ldy	#$22
  2690 00:08EF: B7 13        	lda	[<L121+pxTimer_1],Y
  2691 00:08F1: 29 02        	and	#<$2
  2692 00:08F3: C2 20        	rep	#$20
  2693                        	longa	on
  2694 00:08F5: D0 0A        	bne	L10176
  2695                        ;                                    vPortFree( pxTimer );
  2696 00:08F7: D4 15        	pei	<L121+pxTimer_1+2
  2697 00:08F9: D4 13        	pei	<L121+pxTimer_1
  2698 00:08FB: 20 xx xx     	jsr	_~vPortFree
  2699                        ;                                }
  2700                        ;                                else
  2701 00:08FE: 82 4E FE     	brl	L10148
  2702                        L10176:
  2703                        ;                                {
  2704                        ;                                    pxTimer->ucStatus &= ( ( uint8_t ) ~tmrSTATUS_IS_ACTIVE );
  2705 00:0901: A9 22 00     	lda	#$22
  2706 00:0904: 18           	clc
  2707 00:0905: 65 13        	adc	<L121+pxTimer_1
  2708 00:0907: 85 01        	sta	<R0
  2709 00:0909: A9 00 00     	lda	#$0
  2710 00:090C: 65 15        	adc	<L121+pxTimer_1+2
  2711 00:090E: 85 03        	sta	<R0+2
  2712 00:0910: E2 20        	sep	#$20
  2713                        	longa	off
  2714 00:0912: A7 01        	lda	[<R0]
  2715 00:0914: 29 FE        	and	#<$fe
  2716 00:0916: 87 01        	sta	[<R0]
  2717 00:0918: C2 20        	rep	#$20
  2718                        	longa	on
  2719                        ;                                }
  2720                        ;                            }
  2721                        ;                            #else /* if ( configSUPPORT_DYNAMIC_ALLOCATION == 1 ) */
  2722                        ;                            {
  2723                        ;                                /* If dynamic allocation is not enabled, the memory
  2724                        ;                                 * could not have been dynamically allocated. So there is
  2725                        ;                                 * no need to free the memory - just mark the timer as
  2726                        ;                                 * "not active". */
  2727                        ;                                pxTimer->ucStatus &= ( ( uint8_t ) ~tmrSTATUS_IS_ACTIVE );
  2728                        ;                            }
  2729                        ;                            #endif /* configSUPPORT_DYNAMIC_ALLOCATION */
  2730                        ;                            break;
  2731 00:091A: 82 32 FE     	brl	L10148
  2732                        ;
  2733                        ;                        default:
  2734                        ;                            /* Don't expect to get here. */
  Mon Sep 14 2026 18:41                                                                                                    Page 49


  2735                        ;                            break;
  2736                        ;                    }
  2737                        ;                {
  2738                        ;                    mtCOVERAGE_TEST_MARKER();
  2739                        ;                }
  2740                        ;            }
  2741                        ;        }
  2742             0000001C   L120	equ	28
  2743             00000009   L121	equ	9
  2744                        	ends
  2745                        	efunc
  2746                        	data
  2747                        L122:
  2748 00:0014: 00 00        	dw	$0
  2749 00:0016:              	ds	8
  2750 00:001E:              	ends
  2751                        ;/*-----------------------------------------------------------*/
  2752                        ;
  2753                        ;    static void prvSwitchTimerLists( void )
  2754                        ;    {
  2755                        	code
  2756                        	func
  2757                        _~prvSwitchTimerLists:
  2758                        	longa	on
  2759                        	longi	on
  2760 00:091D: 3B           	tsc
  2761 00:091E: 38           	sec
  2762 00:091F: E9 10 00     	sbc	#L135
  2763 00:0922: 1B           	tcs
  2764 00:0923: 0B           	phd
  2765 00:0924: 5B           	tcd
  2766                        ;        TickType_t xNextExpireTime;
  2767                        ;        List_t * pxTemp;
  2768                        ;
  2769                        ;        /* The tick count has overflowed.  The timer lists must be switched.
  2770                        ;         * If there are any timers still referenced from the current timer list
  2771                        ;         * then they must have expired and should be processed before the lists
  2772                        ;         * are switched. */
  2773                        ;        while( listLIST_IS_EMPTY( pxCurrentTimerList ) == pdFALSE )
  2774             00000000   xNextExpireTime_1	set	0
  2775             00000004   pxTemp_1	set	4
  2776 00:0925: 80 2F        	bra	L10180
  2777                        L20018:
  2778                        ;        {
  2779                        ;            xNextExpireTime = listGET_ITEM_VALUE_OF_HEAD_ENTRY( pxCurrentTimerList );
  2780 00:0927: AD xx xx     	lda	|_~pxCurrentTimerList
  2781 00:092A: 85 01        	sta	<R0
  2782 00:092C: AD xx xx     	lda	|_~pxCurrentTimerList+2
  2783 00:092F: 85 03        	sta	<R0+2
  2784 00:0931: A0 0A 00     	ldy	#$a
  2785 00:0934: B7 01        	lda	[<R0],Y
  2786 00:0936: 85 05        	sta	<R1
  2787 00:0938: C8           	iny
  2788 00:0939: C8           	iny
  2789 00:093A: B7 01        	lda	[<R0],Y
  2790 00:093C: 85 07        	sta	<R1+2
  2791 00:093E: A7 05        	lda	[<R1]
  2792 00:0940: 85 09        	sta	<L136+xNextExpireTime_1
  Mon Sep 14 2026 18:41                                                                                                    Page 50


  2793 00:0942: A0 02 00     	ldy	#$2
  2794 00:0945: B7 05        	lda	[<R1],Y
  2795 00:0947: 85 0B        	sta	<L136+xNextExpireTime_1+2
  2796                        ;
  2797                        ;            /* Process the expired timer.  For auto-reload timers, be careful to
  2798                        ;             * process only expirations that occur on the current list.  Further
  2799                        ;             * expirations must wait until after the lists are switched. */
  2800                        ;            prvProcessExpiredTimer( xNextExpireTime, tmrMAX_TIME_BEFORE_OVERFLOW );
  2801 00:0949: F4 FF FF     	pea	#^$ffffffff
  2802 00:094C: F4 FF FF     	pea	#<$ffffffff
  2803 00:094F: D4 0B        	pei	<L136+xNextExpireTime_1+2
  2804 00:0951: D4 09        	pei	<L136+xNextExpireTime_1
  2805 00:0953: 20 xx xx     	jsr	_~prvProcessExpiredTimer
  2806                        ;        }
  2807                        L10180:
  2808 00:0956: AD xx xx     	lda	|_~pxCurrentTimerList
  2809 00:0959: 85 01        	sta	<R0
  2810 00:095B: AD xx xx     	lda	|_~pxCurrentTimerList+2
  2811 00:095E: 85 03        	sta	<R0+2
  2812 00:0960: A7 01        	lda	[<R0]
  2813 00:0962: D0 05        	bne	L137
  2814 00:0964: A9 01 00     	lda	#$1
  2815 00:0967: 80 03        	bra	L139
  2816                        L137:
  2817 00:0969: A9 00 00     	lda	#$0
  2818                        L139:
  2819 00:096C: AA           	tax
  2820 00:096D: F0 B8        	beq	L20018
  2821                        ;
  2822                        ;        pxTemp = pxCurrentTimerList;
  2823 00:096F: AD xx xx     	lda	|_~pxCurrentTimerList
  2824 00:0972: 85 0D        	sta	<L136+pxTemp_1
  2825 00:0974: AD xx xx     	lda	|_~pxCurrentTimerList+2
  2826 00:0977: 85 0F        	sta	<L136+pxTemp_1+2
  2827                        ;        pxCurrentTimerList = pxOverflowTimerList;
  2828 00:0979: AD xx xx     	lda	|_~pxOverflowTimerList
  2829 00:097C: 8D xx xx     	sta	|_~pxCurrentTimerList
  2830 00:097F: AD xx xx     	lda	|_~pxOverflowTimerList+2
  2831 00:0982: 8D xx xx     	sta	|_~pxCurrentTimerList+2
  2832                        ;        pxOverflowTimerList = pxTemp;
  2833 00:0985: A5 0D        	lda	<L136+pxTemp_1
  2834 00:0987: 8D xx xx     	sta	|_~pxOverflowTimerList
  2835 00:098A: A5 0F        	lda	<L136+pxTemp_1+2
  2836 00:098C: 8D xx xx     	sta	|_~pxOverflowTimerList+2
  2837                        ;    }
  2838 00:098F: 2B           	pld
  2839 00:0990: 3B           	tsc
  2840 00:0991: 18           	clc
  2841 00:0992: 69 10 00     	adc	#L135
  2842 00:0995: 1B           	tcs
  2843 00:0996: 60           	rts
  2844             00000010   L135	equ	16
  2845             00000009   L136	equ	9
  2846                        	ends
  2847                        	efunc
  2848                        ;/*-----------------------------------------------------------*/
  2849                        ;
  2850                        ;    static void prvCheckForValidListAndQueue( void )
  Mon Sep 14 2026 18:41                                                                                                    Page 51


  2851                        ;    {
  2852                        	code
  2853                        	func
  2854                        _~prvCheckForValidListAndQueue:
  2855                        	longa	on
  2856                        	longi	on
  2857 00:0997: 3B           	tsc
  2858 00:0998: 38           	sec
  2859 00:0999: E9 08 00     	sbc	#L142
  2860 00:099C: 1B           	tcs
  2861 00:099D: 0B           	phd
  2862 00:099E: 5B           	tcd
  2863                        ;        /* Check that the list from which active timers are referenced, and the
  2864                        ;         * queue used to communicate with the timer service, have been
  2865                        ;         * initialised. */
  2866                        ;        taskENTER_CRITICAL();
  2867                        ;        {
  2868                        ;            if( xTimerQueue == NULL )
  2869                        ;            {
  2870 00:099F: AD xx xx     	lda	|_~xTimerQueue
  2871 00:09A2: 0D xx xx     	ora	|_~xTimerQueue+2
  2872 00:09A5: D0 5C        	bne	L145
  2873                        ;                vListInitialise( &xActiveTimerList1 );
  2874 00:09A7: A9 xx xx     	lda	#<_~xActiveTimerList1
  2875 00:09AA: 85 01        	sta	<R0
  2876                        	xref	_BEG_DATA
  2877 00:09AC: A9 xx xx     	lda	#_BEG_DATA>>16
  2878 00:09AF: 48           	pha
  2879 00:09B0: D4 01        	pei	<R0
  2880 00:09B2: 20 xx xx     	jsr	_~vListInitialise
  2881                        ;                vListInitialise( &xActiveTimerList2 );
  2882 00:09B5: A9 xx xx     	lda	#<_~xActiveTimerList2
  2883 00:09B8: 85 01        	sta	<R0
  2884                        	xref	_BEG_DATA
  2885 00:09BA: A9 xx xx     	lda	#_BEG_DATA>>16
  2886 00:09BD: 48           	pha
  2887 00:09BE: D4 01        	pei	<R0
  2888 00:09C0: 20 xx xx     	jsr	_~vListInitialise
  2889                        ;                pxCurrentTimerList = &xActiveTimerList1;
  2890 00:09C3: A9 xx xx     	lda	#<_~xActiveTimerList1
  2891 00:09C6: 8D xx xx     	sta	|_~pxCurrentTimerList
  2892                        	xref	_BEG_DATA
  2893 00:09C9: A9 xx xx     	lda	#_BEG_DATA>>16
  2894 00:09CC: 8D xx xx     	sta	|_~pxCurrentTimerList+2
  2895                        ;                pxOverflowTimerList = &xActiveTimerList2;
  2896 00:09CF: A9 xx xx     	lda	#<_~xActiveTimerList2
  2897 00:09D2: 8D xx xx     	sta	|_~pxOverflowTimerList
  2898                        	xref	_BEG_DATA
  2899 00:09D5: A9 xx xx     	lda	#_BEG_DATA>>16
  2900 00:09D8: 8D xx xx     	sta	|_~pxOverflowTimerList+2
  2901                        ;
  2902                        ;                #if ( configSUPPORT_STATIC_ALLOCATION == 1 )
  2903                        ;                {
  2904                        ;                    /* The timer queue is allocated statically in case
  2905                        ;                     * configSUPPORT_DYNAMIC_ALLOCATION is 0. */
  2906                        ;                    PRIVILEGED_DATA static StaticQueue_t xStaticTimerQueue;
  2907                        ;                    PRIVILEGED_DATA static uint8_t ucStaticTimerQueueStorage[ ( size_t ) configTIMER_
                    QUEUE_LENGTH * sizeof( DaemonTaskMessage_t ) ];
  Mon Sep 14 2026 18:41                                                                                                    Page 52


  2908                        ;
  2909                        ;                    xTimerQueue = xQueueCreateStatic( ( UBaseType_t ) configTIMER_QUEUE_LENGTH, ( UBa
                    seType_t ) sizeof( DaemonTaskMessage_t ), &( ucStaticTimerQueueStorage[ 0 ] ), &xStaticTimerQueue );
  2910 00:09DB: F4 00 00     	pea	#<$0
  2911 00:09DE: A9 xx xx     	lda	#<L10186
  2912 00:09E1: 85 01        	sta	<R0
  2913                        	xref	_BEG_DATA
  2914 00:09E3: A9 xx xx     	lda	#_BEG_DATA>>16
  2915 00:09E6: 48           	pha
  2916 00:09E7: D4 01        	pei	<R0
  2917 00:09E9: A9 xx xx     	lda	#<L10187
  2918 00:09EC: 85 05        	sta	<R1
  2919                        	xref	_BEG_DATA
  2920 00:09EE: A9 xx xx     	lda	#_BEG_DATA>>16
  2921 00:09F1: 48           	pha
  2922 00:09F2: D4 05        	pei	<R1
  2923 00:09F4: F4 0A 00     	pea	#<$a
  2924 00:09F7: F4 0A 00     	pea	#<$a
  2925 00:09FA: 20 xx xx     	jsr	_~xQueueGenericCreateStatic
  2926 00:09FD: 8D xx xx     	sta	|_~xTimerQueue
  2927 00:0A00: 8E xx xx     	stx	|_~xTimerQueue+2
  2928                        ;                }
  2929                        ;                #else
  2930                        ;                {
  2931                        ;                    xTimerQueue = xQueueCreate( ( UBaseType_t ) configTIMER_QUEUE_LENGTH, ( UBaseType
                    _t ) sizeof( DaemonTaskMessage_t ) );
  2932                        ;                }
  2933                        ;                #endif /* if ( configSUPPORT_STATIC_ALLOCATION == 1 ) */
  2934                        ;
  2935                        ;                #if ( configQUEUE_REGISTRY_SIZE > 0 )
  2936                        ;                {
  2937                        ;                    if( xTimerQueue != NULL )
  2938                        ;                    {
  2939                        ;                        vQueueAddToRegistry( xTimerQueue, "TmrQ" );
  2940                        ;                    }
  2941                        ;                    else
  2942                        ;                    {
  2943                        ;                        mtCOVERAGE_TEST_MARKER();
  2944                        ;                    }
  2945                        ;                }
  2946                        ;                #endif /* configQUEUE_REGISTRY_SIZE */
  2947                        ;            }
  2948                        ;            else
  2949                        ;            {
  2950                        ;                mtCOVERAGE_TEST_MARKER();
  2951                        ;            }
  2952                        ;        }
  2953                        ;        taskEXIT_CRITICAL();
  2954                        ;    }
  2955                        L145:
  2956 00:0A03: 2B           	pld
  2957 00:0A04: 3B           	tsc
  2958 00:0A05: 18           	clc
  2959 00:0A06: 69 08 00     	adc	#L142
  2960 00:0A09: 1B           	tcs
  2961 00:0A0A: 60           	rts
  2962             00000008   L142	equ	8
  2963             00000009   L143	equ	9
  Mon Sep 14 2026 18:41                                                                                                    Page 53


  2964                        	ends
  2965                        	efunc
  2966                        	udata
  2967                        L10186:
  2968 00:0000:              	ds	61
  2969 00:003D:              	ends
  2970                        	udata
  2971                        L10187:
  2972 00:003D:              	ds	100
  2973 00:00A1:              	ends
  2974                        ;/*-----------------------------------------------------------*/
  2975                        ;
  2976                        ;    BaseType_t xTimerIsTimerActive( TimerHandle_t xTimer )
  2977                        ;    {
  2978                        	code
  2979                        	xdef	_~xTimerIsTimerActive
  2980                        	func
  2981                        _~xTimerIsTimerActive:
  2982                        	longa	on
  2983                        	longi	on
  2984 00:0A0B: 3B           	tsc
  2985 00:0A0C: 38           	sec
  2986 00:0A0D: E9 06 00     	sbc	#L146
  2987 00:0A10: 1B           	tcs
  2988 00:0A11: 0B           	phd
  2989 00:0A12: 5B           	tcd
  2990             00000003   xTimer_0	set	3
  2991                        ;        BaseType_t xReturn;
  2992                        ;        Timer_t * pxTimer = xTimer;
  2993                        ;
  2994                        ;        traceENTER_xTimerIsTimerActive( xTimer );
  2995             00000000   xReturn_1	set	0
  2996             00000002   pxTimer_1	set	2
  2997 00:0A13: A5 09        	lda	<L146+xTimer_0
  2998 00:0A15: 85 03        	sta	<L147+pxTimer_1
  2999 00:0A17: A5 0B        	lda	<L146+xTimer_0+2
  3000 00:0A19: 85 05        	sta	<L147+pxTimer_1+2
  3001                        ;
  3002                        ;        configASSERT( xTimer );
  3003 00:0A1B: A5 09        	lda	<L146+xTimer_0
  3004 00:0A1D: 05 0B        	ora	<L146+xTimer_0+2
  3005 00:0A1F: D0 02        	bne	L10200
  3006                        L10196:
  3007 00:0A21: 80 FE        	bra	L10196
  3008                        ;
  3009                        ;        /* Is the timer in the list of active timers? */
  3010                        ;        portBASE_TYPE_ENTER_CRITICAL();
  3011                        L10200:
  3012                        ;        {
  3013                        ;            if( ( pxTimer->ucStatus & tmrSTATUS_IS_ACTIVE ) == 0U )
  3014                        ;            {
  3015 00:0A23: E2 20        	sep	#$20
  3016                        	longa	off
  3017 00:0A25: A0 22 00     	ldy	#$22
  3018 00:0A28: B7 03        	lda	[<L147+pxTimer_1],Y
  3019 00:0A2A: 29 01        	and	#<$1
  3020 00:0A2C: C2 20        	rep	#$20
  3021                        	longa	on
  Mon Sep 14 2026 18:41                                                                                                    Page 54


  3022 00:0A2E: D0 04        	bne	L10202
  3023                        ;                xReturn = pdFALSE;
  3024 00:0A30: 64 01        	stz	<L147+xReturn_1
  3025                        ;            }
  3026                        ;            else
  3027 00:0A32: 80 05        	bra	L10205
  3028                        L10202:
  3029                        ;            {
  3030                        ;                xReturn = pdTRUE;
  3031 00:0A34: A9 01 00     	lda	#$1
  3032 00:0A37: 85 01        	sta	<L147+xReturn_1
  3033                        ;            }
  3034                        ;        }
  3035                        ;        portBASE_TYPE_EXIT_CRITICAL();
  3036                        L10205:
  3037                        ;
  3038                        ;        traceRETURN_xTimerIsTimerActive( xReturn );
  3039                        ;
  3040                        ;        return xReturn;
  3041 00:0A39: A5 01        	lda	<L147+xReturn_1
  3042 00:0A3B: A8           	tay
  3043 00:0A3C: A5 07        	lda	<L146+1
  3044 00:0A3E: 85 0B        	sta	<L146+1+4
  3045 00:0A40: 2B           	pld
  3046 00:0A41: 3B           	tsc
  3047 00:0A42: 18           	clc
  3048 00:0A43: 69 0A 00     	adc	#L146+4
  3049 00:0A46: 1B           	tcs
  3050 00:0A47: 98           	tya
  3051 00:0A48: 60           	rts
  3052                        ;    }
  3053             00000006   L146	equ	6
  3054             00000001   L147	equ	1
  3055                        	ends
  3056                        	efunc
  3057                        ;/*-----------------------------------------------------------*/
  3058                        ;
  3059                        ;    void * pvTimerGetTimerID( const TimerHandle_t xTimer )
  3060                        ;    {
  3061                        	code
  3062                        	xdef	_~pvTimerGetTimerID
  3063                        	func
  3064                        _~pvTimerGetTimerID:
  3065                        	longa	on
  3066                        	longi	on
  3067 00:0A49: 3B           	tsc
  3068 00:0A4A: 38           	sec
  3069 00:0A4B: E9 08 00     	sbc	#L151
  3070 00:0A4E: 1B           	tcs
  3071 00:0A4F: 0B           	phd
  3072 00:0A50: 5B           	tcd
  3073             00000003   xTimer_0	set	3
  3074                        ;        Timer_t * const pxTimer = xTimer;
  3075                        ;        void * pvReturn;
  3076                        ;
  3077                        ;        traceENTER_pvTimerGetTimerID( xTimer );
  3078             00000000   pxTimer_1	set	0
  3079             00000004   pvReturn_1	set	4
  Mon Sep 14 2026 18:41                                                                                                    Page 55


  3080 00:0A51: A5 0B        	lda	<L151+xTimer_0
  3081 00:0A53: 85 01        	sta	<L152+pxTimer_1
  3082 00:0A55: A5 0D        	lda	<L151+xTimer_0+2
  3083 00:0A57: 85 03        	sta	<L152+pxTimer_1+2
  3084                        ;
  3085                        ;        configASSERT( xTimer );
  3086 00:0A59: A5 0B        	lda	<L151+xTimer_0
  3087 00:0A5B: 05 0D        	ora	<L151+xTimer_0+2
  3088 00:0A5D: D0 02        	bne	L10215
  3089                        L10211:
  3090 00:0A5F: 80 FE        	bra	L10211
  3091                        ;
  3092                        ;        taskENTER_CRITICAL();
  3093                        L10215:
  3094                        ;        {
  3095                        ;            pvReturn = pxTimer->pvTimerID;
  3096 00:0A61: A0 1C 00     	ldy	#$1c
  3097 00:0A64: B7 01        	lda	[<L152+pxTimer_1],Y
  3098 00:0A66: 85 05        	sta	<L152+pvReturn_1
  3099 00:0A68: C8           	iny
  3100 00:0A69: C8           	iny
  3101 00:0A6A: B7 01        	lda	[<L152+pxTimer_1],Y
  3102 00:0A6C: 85 07        	sta	<L152+pvReturn_1+2
  3103                        ;        }
  3104                        ;        taskEXIT_CRITICAL();
  3105                        ;
  3106                        ;        traceRETURN_pvTimerGetTimerID( pvReturn );
  3107                        ;
  3108                        ;        return pvReturn;
  3109 00:0A6E: A6 07        	ldx	<L152+pvReturn_1+2
  3110 00:0A70: A5 05        	lda	<L152+pvReturn_1
  3111 00:0A72: A8           	tay
  3112 00:0A73: A5 09        	lda	<L151+1
  3113 00:0A75: 85 0D        	sta	<L151+1+4
  3114 00:0A77: 2B           	pld
  3115 00:0A78: 3B           	tsc
  3116 00:0A79: 18           	clc
  3117 00:0A7A: 69 0C 00     	adc	#L151+4
  3118 00:0A7D: 1B           	tcs
  3119 00:0A7E: 98           	tya
  3120 00:0A7F: 60           	rts
  3121                        ;    }
  3122             00000008   L151	equ	8
  3123             00000001   L152	equ	1
  3124                        	ends
  3125                        	efunc
  3126                        ;/*-----------------------------------------------------------*/
  3127                        ;
  3128                        ;    void vTimerSetTimerID( TimerHandle_t xTimer,
  3129                        ;                           void * pvNewID )
  3130                        ;    {
  3131                        	code
  3132                        	xdef	_~vTimerSetTimerID
  3133                        	func
  3134                        _~vTimerSetTimerID:
  3135                        	longa	on
  3136                        	longi	on
  3137 00:0A80: 3B           	tsc
  Mon Sep 14 2026 18:41                                                                                                    Page 56


  3138 00:0A81: 38           	sec
  3139 00:0A82: E9 04 00     	sbc	#L155
  3140 00:0A85: 1B           	tcs
  3141 00:0A86: 0B           	phd
  3142 00:0A87: 5B           	tcd
  3143             00000003   xTimer_0	set	3
  3144             00000007   pvNewID_0	set	7
  3145                        ;        Timer_t * const pxTimer = xTimer;
  3146                        ;
  3147                        ;        traceENTER_vTimerSetTimerID( xTimer, pvNewID );
  3148             00000000   pxTimer_1	set	0
  3149 00:0A88: A5 07        	lda	<L155+xTimer_0
  3150 00:0A8A: 85 01        	sta	<L156+pxTimer_1
  3151 00:0A8C: A5 09        	lda	<L155+xTimer_0+2
  3152 00:0A8E: 85 03        	sta	<L156+pxTimer_1+2
  3153                        ;
  3154                        ;        configASSERT( xTimer );
  3155 00:0A90: A5 07        	lda	<L155+xTimer_0
  3156 00:0A92: 05 09        	ora	<L155+xTimer_0+2
  3157 00:0A94: D0 02        	bne	L10228
  3158                        L10224:
  3159 00:0A96: 80 FE        	bra	L10224
  3160                        ;
  3161                        ;        taskENTER_CRITICAL();
  3162                        L10228:
  3163                        ;        {
  3164                        ;            pxTimer->pvTimerID = pvNewID;
  3165 00:0A98: A5 0B        	lda	<L155+pvNewID_0
  3166 00:0A9A: A0 1C 00     	ldy	#$1c
  3167 00:0A9D: 97 01        	sta	[<L156+pxTimer_1],Y
  3168 00:0A9F: A5 0D        	lda	<L155+pvNewID_0+2
  3169 00:0AA1: C8           	iny
  3170 00:0AA2: C8           	iny
  3171 00:0AA3: 97 01        	sta	[<L156+pxTimer_1],Y
  3172                        ;        }
  3173                        ;        taskEXIT_CRITICAL();
  3174                        ;
  3175                        ;        traceRETURN_vTimerSetTimerID();
  3176                        ;    }
  3177 00:0AA5: A5 05        	lda	<L155+1
  3178 00:0AA7: 85 0D        	sta	<L155+1+8
  3179 00:0AA9: 2B           	pld
  3180 00:0AAA: 3B           	tsc
  3181 00:0AAB: 18           	clc
  3182 00:0AAC: 69 0C 00     	adc	#L155+8
  3183 00:0AAF: 1B           	tcs
  3184 00:0AB0: 60           	rts
  3185             00000004   L155	equ	4
  3186             00000001   L156	equ	1
  3187                        	ends
  3188                        	efunc
  3189                        ;/*-----------------------------------------------------------*/
  3190                        ;
  3191                        ;    #if ( INCLUDE_xTimerPendFunctionCall == 1 )
  3192                        ;
  3193                        ;        BaseType_t xTimerPendFunctionCallFromISR( PendedFunction_t xFunctionToPend,
  3194                        ;                                                  void * pvParameter1,
  3195                        ;                                                  uint32_t ulParameter2,
  Mon Sep 14 2026 18:41                                                                                                    Page 57


  3196                        ;                                                  BaseType_t * pxHigherPriorityTaskWoken )
  3197                        ;        {
  3198                        ;            DaemonTaskMessage_t xMessage;
  3199                        ;            BaseType_t xReturn;
  3200                        ;
  3201                        ;            traceENTER_xTimerPendFunctionCallFromISR( xFunctionToPend, pvParameter1, ulParameter2, px
                    HigherPriorityTaskWoken );
  3202                        ;
  3203                        ;            /* Complete the message with the function parameters and post it to the
  3204                        ;             * daemon task. */
  3205                        ;            xMessage.xMessageID = tmrCOMMAND_EXECUTE_CALLBACK_FROM_ISR;
  3206                        ;            xMessage.u.xCallbackParameters.pxCallbackFunction = xFunctionToPend;
  3207                        ;            xMessage.u.xCallbackParameters.pvParameter1 = pvParameter1;
  3208                        ;            xMessage.u.xCallbackParameters.ulParameter2 = ulParameter2;
  3209                        ;
  3210                        ;            xReturn = xQueueSendFromISR( xTimerQueue, &xMessage, pxHigherPriorityTaskWoken );
  3211                        ;
  3212                        ;            tracePEND_FUNC_CALL_FROM_ISR( xFunctionToPend, pvParameter1, ulParameter2, xReturn );
  3213                        ;            traceRETURN_xTimerPendFunctionCallFromISR( xReturn );
  3214                        ;
  3215                        ;            return xReturn;
  3216                        ;        }
  3217                        ;
  3218                        ;    #endif /* INCLUDE_xTimerPendFunctionCall */
  3219                        ;/*-----------------------------------------------------------*/
  3220                        ;
  3221                        ;    #if ( INCLUDE_xTimerPendFunctionCall == 1 )
  3222                        ;
  3223                        ;        BaseType_t xTimerPendFunctionCall( PendedFunction_t xFunctionToPend,
  3224                        ;                                           void * pvParameter1,
  3225                        ;                                           uint32_t ulParameter2,
  3226                        ;                                           TickType_t xTicksToWait )
  3227                        ;        {
  3228                        ;            DaemonTaskMessage_t xMessage;
  3229                        ;            BaseType_t xReturn;
  3230                        ;
  3231                        ;            traceENTER_xTimerPendFunctionCall( xFunctionToPend, pvParameter1, ulParameter2, xTicksToW
                    ait );
  3232                        ;
  3233                        ;            /* This function can only be called after a timer has been created or
  3234                        ;             * after the scheduler has been started because, until then, the timer
  3235                        ;             * queue does not exist. */
  3236                        ;            configASSERT( xTimerQueue );
  3237                        ;
  3238                        ;            /* Complete the message with the function parameters and post it to the
  3239                        ;             * daemon task. */
  3240                        ;            xMessage.xMessageID = tmrCOMMAND_EXECUTE_CALLBACK;
  3241                        ;            xMessage.u.xCallbackParameters.pxCallbackFunction = xFunctionToPend;
  3242                        ;            xMessage.u.xCallbackParameters.pvParameter1 = pvParameter1;
  3243                        ;            xMessage.u.xCallbackParameters.ulParameter2 = ulParameter2;
  3244                        ;
  3245                        ;            xReturn = xQueueSendToBack( xTimerQueue, &xMessage, xTicksToWait );
  3246                        ;
  3247                        ;            tracePEND_FUNC_CALL( xFunctionToPend, pvParameter1, ulParameter2, xReturn );
  3248                        ;            traceRETURN_xTimerPendFunctionCall( xReturn );
  3249                        ;
  3250                        ;            return xReturn;
  3251                        ;        }
  Mon Sep 14 2026 18:41                                                                                                    Page 58


  3252                        ;
  3253                        ;    #endif /* INCLUDE_xTimerPendFunctionCall */
  3254                        ;/*-----------------------------------------------------------*/
  3255                        ;
  3256                        ;    #if ( configUSE_TRACE_FACILITY == 1 )
  3257                        ;
  3258                        ;        UBaseType_t uxTimerGetTimerNumber( TimerHandle_t xTimer )
  3259                        ;        {
  3260                        ;            traceENTER_uxTimerGetTimerNumber( xTimer );
  3261                        ;
  3262                        ;            traceRETURN_uxTimerGetTimerNumber( ( ( Timer_t * ) xTimer )->uxTimerNumber );
  3263                        ;
  3264                        ;            return ( ( Timer_t * ) xTimer )->uxTimerNumber;
  3265                        ;        }
  3266                        ;
  3267                        ;    #endif /* configUSE_TRACE_FACILITY */
  3268                        ;/*-----------------------------------------------------------*/
  3269                        ;
  3270                        ;    #if ( configUSE_TRACE_FACILITY == 1 )
  3271                        ;
  3272                        ;        void vTimerSetTimerNumber( TimerHandle_t xTimer,
  3273                        ;                                   UBaseType_t uxTimerNumber )
  3274                        ;        {
  3275                        ;            traceENTER_vTimerSetTimerNumber( xTimer, uxTimerNumber );
  3276                        ;
  3277                        ;            ( ( Timer_t * ) xTimer )->uxTimerNumber = uxTimerNumber;
  3278                        ;
  3279                        ;            traceRETURN_vTimerSetTimerNumber();
  3280                        ;        }
  3281                        ;
  3282                        ;    #endif /* configUSE_TRACE_FACILITY */
  3283                        ;/*-----------------------------------------------------------*/
  3284                        ;
  3285                        ;/*
  3286                        ; * Reset the state in this file. This state is normally initialized at start up.
  3287                        ; * This function must be called by the application before restarting the
  3288                        ; * scheduler.
  3289                        ; */
  3290                        ;    void vTimerResetState( void )
  3291                        ;    {
  3292                        	code
  3293                        	xdef	_~vTimerResetState
  3294                        	func
  3295                        _~vTimerResetState:
  3296                        	longa	on
  3297                        	longi	on
  3298                        ;        xTimerQueue = NULL;
  3299 00:0AB1: 9C xx xx     	stz	|_~xTimerQueue
  3300 00:0AB4: 9C xx xx     	stz	|_~xTimerQueue+2
  3301                        ;        xTimerTaskHandle = NULL;
  3302 00:0AB7: 9C xx xx     	stz	|_~xTimerTaskHandle
  3303 00:0ABA: 9C xx xx     	stz	|_~xTimerTaskHandle+2
  3304                        ;    }
  3305 00:0ABD: 60           	rts
  3306             00000000   L159	equ	0
  3307             00000001   L160	equ	1
  3308                        	ends
  3309                        	efunc
  Mon Sep 14 2026 18:41                                                                                                    Page 59


  3310                        ;/*-----------------------------------------------------------*/
  3311                        ;
  3312                        ;/* This entire source file will be skipped if the application is not configured
  3313                        ; * to include software timer functionality.  If you want to include software timer
  3314                        ; * functionality then ensure configUSE_TIMERS is set to 1 in FreeRTOSConfig.h. */
  3315                        ;#endif /* configUSE_TIMERS == 1 */
  3316                        ;
  3317                        	xref	_~vApplicationGetTimerTaskMemory
  3318                        	xref	_~vQueueWaitForMessageRestricted
  3319                        	xref	_~xQueueGenericCreateStatic
  3320                        	xref	_~xQueueGenericSendFromISR
  3321                        	xref	_~xQueueReceive
  3322                        	xref	_~xQueueGenericSend
  3323                        	xref	_~xTaskGetSchedulerState
  3324                        	xref	_~xTaskGetTickCount
  3325                        	xref	_~xTaskResumeAll
  3326                        	xref	_~vTaskSuspendAll
  3327                        	xref	_~xTaskCreateStatic
  3328                        	xref	_~uxListRemove
  3329                        	xref	_~vListInsert
  3330                        	xref	_~vListInitialiseItem
  3331                        	xref	_~vListInitialise
  3332                        	xref	_~vPortFree
  3333                        	xref	_~pvPortMalloc
  3334                        	xref	_~vPortYield
  3335                        	udata
  3336                        _~pxOverflowTimerList
  3337 00:00A1:              	ds	4
  3338 00:00A5:              	ends
  3339                        	udata
  3340                        _~pxCurrentTimerList
  3341 00:00A5:              	ds	4
  3342 00:00A9:              	ends
  3343                        	udata
  3344                        _~xActiveTimerList2
  3345 00:00A9:              	ds	18
  3346 00:00BB:              	ends
  3347                        	udata
  3348                        _~xActiveTimerList1
  3349 00:00BB:              	ds	18
  3350 00:00CD:              	ends


      Lines assembled: 3350
      Errors: 0
