// Created using Xilinx Cse Software [ISE - 14.7]
// Date: Mon Sep 28 17:36:18 2026

TRST OFF;
ENDIR IDLE;
ENDDR IDLE;
STATE RESET;
STATE IDLE;
FREQUENCY 1E6 HZ;
//Operation: Program -p 0 -e -v 
TIR 0 ;
HIR 0 ;
TDR 0 ;
HDR 0 ;
TIR 0 ;
HIR 0 ;
HDR 0 ;
TDR 0 ;
//Loading device with 'idcode' instruction.
SIR 8 TDI (fe) SMASK (ff) ;
SDR 32 TDI (00000000) SMASK (ffffffff) TDO (29502093) MASK (ffffffff) ;
//Check for Read/Write Protect.
SIR 8 TDI (ff) TDO (01) MASK (e3) ;
//Boundary Scan Chain Contents
//Position 1: xc9536
TIR 0 ;
HIR 0 ;
TDR 0 ;
HDR 0 ;
TIR 0 ;
HIR 0 ;
TDR 0 ;
HDR 0 ;
// Loading devices with 'ispen' or 'bypass'  instruction.
SIR 8 TDI (e8) ;
// Loading devices with 'fbulk' instruction.
SIR 8 TDI (ed) ;
SDR 27 TDI (003ffffe) SMASK (07ffffff) ;
RUNTEST 1300000 TCK;
SDR 27 TDI (003ffffe) TDO (00000003) MASK (00000003) ;
SDR 27 TDI (007ffffe) ;
RUNTEST 1300000 TCK;
SDR 27 TDI (007ffffe) TDO (00000003) MASK (00000003) ;
// Loading devices with 'conld' or 'bypass' instruction.
SIR 8 TDI (f0) ;
RUNTEST 100 TCK;
// Loading devices with 'ispen' or 'bypass'  instruction.
SIR 8 TDI (e8) ;
// Loading device with 'fpgm' instruction.
SIR 8 TDI (ea) ;
SDR 27 TDI (00000302) ;
RUNTEST 640 TCK;
SDR 27 TDI (00000702) TDO (00000003) MASK (00000003) ;
RUNTEST 640 TCK;
SDR 27 TDI (00000a02) TDO (00000003) ;
RUNTEST 640 TCK;
SDR 27 TDI (00000f02) TDO (00000003) ;
RUNTEST 640 TCK;
SDR 27 TDI (00001302) TDO (00000003) ;
RUNTEST 640 TCK;
SDR 27 TDI (00002302) TDO (00000003) ;
RUNTEST 640 TCK;
SDR 27 TDI (00002702) TDO (00000003) ;
RUNTEST 640 TCK;
SDR 27 TDI (00002b02) TDO (00000003) ;
RUNTEST 640 TCK;
SDR 27 TDI (00002f02) TDO (00000003) ;
RUNTEST 640 TCK;
SDR 27 TDI (00003002) TDO (00000003) ;
RUNTEST 640 TCK;
SDR 27 TDI (00004002) TDO (00000003) ;
RUNTEST 640 TCK;
SDR 27 TDI (00004402) TDO (00000003) ;
RUNTEST 640 TCK;
SDR 27 TDI (00004802) TDO (00000003) ;
RUNTEST 640 TCK;
SDR 27 TDI (00004c02) TDO (00000003) ;
RUNTEST 640 TCK;
SDR 27 TDI (00005002) TDO (00000003) ;
RUNTEST 640 TCK;
SDR 27 TDI (00008302) TDO (00000003) ;
RUNTEST 640 TCK;
SDR 27 TDI (00008712) TDO (00000003) ;
RUNTEST 640 TCK;
SDR 27 TDI (00008b12) TDO (00000003) ;
RUNTEST 640 TCK;
SDR 27 TDI (00008f12) TDO (00000003) ;
RUNTEST 640 TCK;
SDR 27 TDI (00009302) TDO (00000003) ;
RUNTEST 640 TCK;
SDR 27 TDI (0000a312) TDO (00000003) ;
RUNTEST 640 TCK;
SDR 27 TDI (0000a712) TDO (00000003) ;
RUNTEST 640 TCK;
SDR 27 TDI (0000ab12) TDO (00000003) ;
RUNTEST 640 TCK;
SDR 27 TDI (0000af12) TDO (00000003) ;
RUNTEST 640 TCK;
SDR 27 TDI (0000b012) TDO (00000003) ;
RUNTEST 640 TCK;
SDR 27 TDI (0000c002) TDO (00000003) ;
RUNTEST 640 TCK;
SDR 27 TDI (0000c412) TDO (00000003) ;
RUNTEST 640 TCK;
SDR 27 TDI (0000c812) TDO (00000003) ;
RUNTEST 640 TCK;
SDR 27 TDI (0000cc02) TDO (00000003) ;
RUNTEST 640 TCK;
SDR 27 TDI (0000d002) TDO (00000003) ;
RUNTEST 640 TCK;
SDR 27 TDI (00010302) TDO (00000003) ;
RUNTEST 640 TCK;
SDR 27 TDI (00010702) TDO (00000003) ;
RUNTEST 640 TCK;
SDR 27 TDI (00010b02) TDO (00000003) ;
RUNTEST 640 TCK;
SDR 27 TDI (00010f02) TDO (00000003) ;
RUNTEST 640 TCK;
SDR 27 TDI (00011302) TDO (00000003) ;
RUNTEST 640 TCK;
SDR 27 TDI (00012332) TDO (00000003) ;
RUNTEST 640 TCK;
SDR 27 TDI (00012702) TDO (00000003) ;
RUNTEST 640 TCK;
SDR 27 TDI (00012b02) TDO (00000003) ;
RUNTEST 640 TCK;
SDR 27 TDI (00012f02) TDO (00000003) ;
RUNTEST 640 TCK;
SDR 27 TDI (00013002) TDO (00000003) ;
RUNTEST 640 TCK;
SDR 27 TDI (00014002) TDO (00000003) ;
RUNTEST 640 TCK;
SDR 27 TDI (00014402) TDO (00000003) ;
RUNTEST 640 TCK;
SDR 27 TDI (00014802) TDO (00000003) ;
RUNTEST 640 TCK;
SDR 27 TDI (00014c02) TDO (00000003) ;
RUNTEST 640 TCK;
SDR 27 TDI (00015002) TDO (00000003) ;
RUNTEST 640 TCK;
SDR 27 TDI (00018302) TDO (00000003) ;
RUNTEST 640 TCK;
SDR 27 TDI (00018702) TDO (00000003) ;
RUNTEST 640 TCK;
SDR 27 TDI (00018a02) TDO (00000003) ;
RUNTEST 640 TCK;
SDR 27 TDI (00018f02) TDO (00000003) ;
RUNTEST 640 TCK;
SDR 27 TDI (00019302) TDO (00000003) ;
RUNTEST 640 TCK;
SDR 27 TDI (0001a30e) TDO (00000003) ;
RUNTEST 640 TCK;
SDR 27 TDI (0001a702) TDO (00000003) ;
RUNTEST 640 TCK;
SDR 27 TDI (0001ab02) TDO (00000003) ;
RUNTEST 640 TCK;
SDR 27 TDI (0001af02) TDO (00000003) ;
RUNTEST 640 TCK;
SDR 27 TDI (0001b002) TDO (00000003) ;
RUNTEST 640 TCK;
SDR 27 TDI (0001c002) TDO (00000003) ;
RUNTEST 640 TCK;
SDR 27 TDI (0001c402) TDO (00000003) ;
RUNTEST 640 TCK;
SDR 27 TDI (0001c802) TDO (00000003) ;
RUNTEST 640 TCK;
SDR 27 TDI (0001cc02) TDO (00000003) ;
RUNTEST 640 TCK;
SDR 27 TDI (0001d002) TDO (00000003) ;
RUNTEST 640 TCK;
SDR 27 TDI (00020302) TDO (00000003) ;
RUNTEST 640 TCK;
SDR 27 TDI (00020722) TDO (00000003) ;
RUNTEST 640 TCK;
SDR 27 TDI (00020b02) TDO (00000003) ;
RUNTEST 640 TCK;
SDR 27 TDI (00020f02) TDO (00000003) ;
RUNTEST 640 TCK;
SDR 27 TDI (00021302) TDO (00000003) ;
RUNTEST 640 TCK;
SDR 27 TDI (00022302) TDO (00000003) ;
RUNTEST 640 TCK;
SDR 27 TDI (0002270a) TDO (00000003) ;
RUNTEST 640 TCK;
SDR 27 TDI (00022b02) TDO (00000003) ;
RUNTEST 640 TCK;
SDR 27 TDI (00022f02) TDO (00000003) ;
RUNTEST 640 TCK;
SDR 27 TDI (00023002) TDO (00000003) ;
RUNTEST 640 TCK;
SDR 27 TDI (00024002) TDO (00000003) ;
RUNTEST 640 TCK;
SDR 27 TDI (00024402) TDO (00000003) ;
RUNTEST 640 TCK;
SDR 27 TDI (00024802) TDO (00000003) ;
RUNTEST 640 TCK;
SDR 27 TDI (00024c02) TDO (00000003) ;
RUNTEST 640 TCK;
SDR 27 TDI (00025002) TDO (00000003) ;
RUNTEST 640 TCK;
SDR 27 TDI (00028302) TDO (00000003) ;
RUNTEST 640 TCK;
SDR 27 TDI (00028712) TDO (00000003) ;
RUNTEST 640 TCK;
SDR 27 TDI (00028b02) TDO (00000003) ;
RUNTEST 640 TCK;
SDR 27 TDI (00028f02) TDO (00000003) ;
RUNTEST 640 TCK;
SDR 27 TDI (00029302) TDO (00000003) ;
RUNTEST 640 TCK;
SDR 27 TDI (0002a302) TDO (00000003) ;
RUNTEST 640 TCK;
SDR 27 TDI (0002a706) TDO (00000003) ;
RUNTEST 640 TCK;
SDR 27 TDI (0002ab02) TDO (00000003) ;
RUNTEST 640 TCK;
SDR 27 TDI (0002af02) TDO (00000003) ;
RUNTEST 640 TCK;
SDR 27 TDI (0002b002) TDO (00000003) ;
RUNTEST 640 TCK;
SDR 27 TDI (0002c002) TDO (00000003) ;
RUNTEST 640 TCK;
SDR 27 TDI (0002c402) TDO (00000003) ;
RUNTEST 640 TCK;
SDR 27 TDI (0002c802) TDO (00000003) ;
RUNTEST 640 TCK;
SDR 27 TDI (0002cc02) TDO (00000003) ;
RUNTEST 640 TCK;
SDR 27 TDI (0002d002) TDO (00000003) ;
RUNTEST 640 TCK;
SDR 27 TDI (00030272) TDO (00000003) ;
RUNTEST 640 TCK;
SDR 27 TDI (00030546) TDO (00000003) ;
RUNTEST 640 TCK;
SDR 27 TDI (00030b06) TDO (00000003) ;
RUNTEST 640 TCK;
SDR 27 TDI (00030c06) TDO (00000003) ;
RUNTEST 640 TCK;
SDR 27 TDI (0003127e) TDO (00000003) ;
RUNTEST 640 TCK;
SDR 27 TDI (00032002) TDO (00000003) ;
RUNTEST 640 TCK;
SDR 27 TDI (00032702) TDO (00000003) ;
RUNTEST 640 TCK;
SDR 27 TDI (00032b02) TDO (00000003) ;
RUNTEST 640 TCK;
SDR 27 TDI (00032f42) TDO (00000003) ;
RUNTEST 640 TCK;
SDR 27 TDI (0003300a) TDO (00000003) ;
RUNTEST 640 TCK;
SDR 27 TDI (000340de) TDO (00000003) ;
RUNTEST 640 TCK;
SDR 27 TDI (000344ce) TDO (00000003) ;
RUNTEST 640 TCK;
SDR 27 TDI (0003488e) TDO (00000003) ;
RUNTEST 640 TCK;
SDR 27 TDI (00034cc2) TDO (00000003) ;
RUNTEST 640 TCK;
SDR 27 TDI (00035082) TDO (00000003) ;
RUNTEST 640 TCK;
SDR 27 TDI (00038286) TDO (00000003) ;
RUNTEST 640 TCK;
SDR 27 TDI (00038482) TDO (00000003) ;
RUNTEST 640 TCK;
SDR 27 TDI (00038ab2) TDO (00000003) ;
RUNTEST 640 TCK;
SDR 27 TDI (00038e82) TDO (00000003) ;
RUNTEST 640 TCK;
SDR 27 TDI (00039202) TDO (00000003) ;
RUNTEST 640 TCK;
SDR 27 TDI (0003a1c2) TDO (00000003) ;
RUNTEST 640 TCK;
SDR 27 TDI (0003a402) TDO (00000003) ;
RUNTEST 640 TCK;
SDR 27 TDI (0003aa0a) TDO (00000003) ;
RUNTEST 640 TCK;
SDR 27 TDI (0003af02) TDO (00000003) ;
RUNTEST 640 TCK;
SDR 27 TDI (0003b002) TDO (00000003) ;
RUNTEST 640 TCK;
SDR 27 TDI (0003c022) TDO (00000003) ;
RUNTEST 640 TCK;
SDR 27 TDI (0003c402) TDO (00000003) ;
RUNTEST 640 TCK;
SDR 27 TDI (0003c802) TDO (00000003) ;
RUNTEST 640 TCK;
SDR 27 TDI (0003cc02) TDO (00000003) ;
RUNTEST 640 TCK;
SDR 27 TDI (0003d002) TDO (00000003) ;
RUNTEST 640 TCK;
SDR 27 TDI (00040382) TDO (00000003) ;
RUNTEST 640 TCK;
SDR 27 TDI (00040782) TDO (00000003) ;
RUNTEST 640 TCK;
SDR 27 TDI (00040b82) TDO (00000003) ;
RUNTEST 640 TCK;
SDR 27 TDI (00040f82) TDO (00000003) ;
RUNTEST 640 TCK;
SDR 27 TDI (00041302) TDO (00000003) ;
RUNTEST 640 TCK;
SDR 27 TDI (00042302) TDO (00000003) ;
RUNTEST 640 TCK;
SDR 27 TDI (000427c2) TDO (00000003) ;
RUNTEST 640 TCK;
SDR 27 TDI (00042b02) TDO (00000003) ;
RUNTEST 640 TCK;
SDR 27 TDI (00042f02) TDO (00000003) ;
RUNTEST 640 TCK;
SDR 27 TDI (00043002) TDO (00000003) ;
RUNTEST 640 TCK;
SDR 27 TDI (00044002) TDO (00000003) ;
RUNTEST 640 TCK;
SDR 27 TDI (00044422) TDO (00000003) ;
RUNTEST 640 TCK;
SDR 27 TDI (00044802) TDO (00000003) ;
RUNTEST 640 TCK;
SDR 27 TDI (00044c02) TDO (00000003) ;
RUNTEST 640 TCK;
SDR 27 TDI (00045002) TDO (00000003) ;
RUNTEST 640 TCK;
SDR 27 TDI (00048372) TDO (00000003) ;
RUNTEST 640 TCK;
SDR 27 TDI (00048746) TDO (00000003) ;
RUNTEST 640 TCK;
SDR 27 TDI (00048b02) TDO (00000003) ;
RUNTEST 640 TCK;
SDR 27 TDI (00048f02) TDO (00000003) ;
RUNTEST 640 TCK;
SDR 27 TDI (0004937a) TDO (00000003) ;
RUNTEST 640 TCK;
SDR 27 TDI (0004a302) TDO (00000003) ;
RUNTEST 640 TCK;
SDR 27 TDI (0004a702) TDO (00000003) ;
RUNTEST 640 TCK;
SDR 27 TDI (0004ab02) TDO (00000003) ;
RUNTEST 640 TCK;
SDR 27 TDI (0004af42) TDO (00000003) ;
RUNTEST 640 TCK;
SDR 27 TDI (0004b00a) TDO (00000003) ;
RUNTEST 640 TCK;
SDR 27 TDI (0004c05e) TDO (00000003) ;
RUNTEST 640 TCK;
SDR 27 TDI (0004c44e) TDO (00000003) ;
RUNTEST 640 TCK;
SDR 27 TDI (0004c80e) TDO (00000003) ;
RUNTEST 640 TCK;
SDR 27 TDI (0004cc42) TDO (00000003) ;
RUNTEST 640 TCK;
SDR 27 TDI (0004d002) TDO (00000003) ;
RUNTEST 640 TCK;
SDR 27 TDI (00050302) TDO (00000003) ;
RUNTEST 640 TCK;
SDR 27 TDI (00050702) TDO (00000003) ;
RUNTEST 640 TCK;
SDR 27 TDI (00050b02) TDO (00000003) ;
RUNTEST 640 TCK;
SDR 27 TDI (00050f02) TDO (00000003) ;
RUNTEST 640 TCK;
SDR 27 TDI (00051302) TDO (00000003) ;
RUNTEST 640 TCK;
SDR 27 TDI (00052302) TDO (00000003) ;
RUNTEST 640 TCK;
SDR 27 TDI (00052702) TDO (00000003) ;
RUNTEST 640 TCK;
SDR 27 TDI (00052b02) TDO (00000003) ;
RUNTEST 640 TCK;
SDR 27 TDI (00052f02) TDO (00000003) ;
RUNTEST 640 TCK;
SDR 27 TDI (00053002) TDO (00000003) ;
RUNTEST 640 TCK;
SDR 27 TDI (00054002) TDO (00000003) ;
RUNTEST 640 TCK;
SDR 27 TDI (00054412) TDO (00000003) ;
RUNTEST 640 TCK;
SDR 27 TDI (00054802) TDO (00000003) ;
RUNTEST 640 TCK;
SDR 27 TDI (00054c2e) TDO (00000003) ;
RUNTEST 640 TCK;
SDR 27 TDI (00055002) TDO (00000003) ;
RUNTEST 640 TCK;
SDR 27 TDI (00058302) TDO (00000003) ;
RUNTEST 640 TCK;
SDR 27 TDI (00058782) TDO (00000003) ;
RUNTEST 640 TCK;
SDR 27 TDI (00058b02) TDO (00000003) ;
RUNTEST 640 TCK;
SDR 27 TDI (00058f02) TDO (00000003) ;
RUNTEST 640 TCK;
SDR 27 TDI (00059302) TDO (00000003) ;
RUNTEST 640 TCK;
SDR 27 TDI (0005a302) TDO (00000003) ;
RUNTEST 640 TCK;
SDR 27 TDI (0005a702) TDO (00000003) ;
RUNTEST 640 TCK;
SDR 27 TDI (0005ab02) TDO (00000003) ;
RUNTEST 640 TCK;
SDR 27 TDI (0005af02) TDO (00000003) ;
RUNTEST 640 TCK;
SDR 27 TDI (0005b002) TDO (00000003) ;
RUNTEST 640 TCK;
SDR 27 TDI (0005c002) TDO (00000003) ;
RUNTEST 640 TCK;
SDR 27 TDI (0005c402) TDO (00000003) ;
RUNTEST 640 TCK;
SDR 27 TDI (0005c802) TDO (00000003) ;
RUNTEST 640 TCK;
SDR 27 TDI (0005cc02) TDO (00000003) ;
RUNTEST 640 TCK;
SDR 27 TDI (0005d002) TDO (00000003) ;
RUNTEST 640 TCK;
SDR 27 TDI (00060002) TDO (00000003) ;
RUNTEST 640 TCK;
SDR 27 TDI (000605c2) TDO (00000003) ;
RUNTEST 640 TCK;
SDR 27 TDI (00060886) TDO (00000003) ;
RUNTEST 640 TCK;
SDR 27 TDI (00060cb6) TDO (00000003) ;
RUNTEST 640 TCK;
SDR 27 TDI (00061106) TDO (00000003) ;
RUNTEST 640 TCK;
SDR 27 TDI (00062002) TDO (00000003) ;
RUNTEST 640 TCK;
SDR 27 TDI (00062402) TDO (00000003) ;
RUNTEST 640 TCK;
SDR 27 TDI (00062882) TDO (00000003) ;
RUNTEST 640 TCK;
SDR 27 TDI (00062e4a) TDO (00000003) ;
RUNTEST 640 TCK;
SDR 27 TDI (00063002) TDO (00000003) ;
RUNTEST 640 TCK;
SDR 27 TDI (00064082) TDO (00000003) ;
RUNTEST 640 TCK;
SDR 27 TDI (00064482) TDO (00000003) ;
RUNTEST 640 TCK;
SDR 27 TDI (00064882) TDO (00000003) ;
RUNTEST 640 TCK;
SDR 27 TDI (00064c82) TDO (00000003) ;
RUNTEST 640 TCK;
SDR 27 TDI (00065082) TDO (00000003) ;
RUNTEST 640 TCK;
SDR 27 TDI (000683f2) TDO (00000003) ;
RUNTEST 640 TCK;
SDR 27 TDI (00068602) TDO (00000003) ;
RUNTEST 640 TCK;
SDR 27 TDI (00068b02) TDO (00000003) ;
RUNTEST 640 TCK;
SDR 27 TDI (00068f02) TDO (00000003) ;
RUNTEST 640 TCK;
SDR 27 TDI (0006923a) TDO (00000003) ;
RUNTEST 640 TCK;
SDR 27 TDI (0006a306) TDO (00000003) ;
RUNTEST 640 TCK;
SDR 27 TDI (0006a706) TDO (00000003) ;
RUNTEST 640 TCK;
SDR 27 TDI (0006ab06) TDO (00000003) ;
RUNTEST 640 TCK;
SDR 27 TDI (0006ad06) TDO (00000003) ;
RUNTEST 640 TCK;
SDR 27 TDI (0006b08e) TDO (00000003) ;
RUNTEST 640 TCK;
SDR 27 TDI (0006c05e) TDO (00000003) ;
RUNTEST 640 TCK;
SDR 27 TDI (0006c44e) TDO (00000003) ;
RUNTEST 640 TCK;
SDR 27 TDI (0006c80e) TDO (00000003) ;
RUNTEST 640 TCK;
SDR 27 TDI (0006cc06) TDO (00000003) ;
RUNTEST 640 TCK;
SDR 27 TDI (0006d006) TDO (00000003) ;
RUNTEST 640 TCK;
SDR 27 TDI (00070202) TDO (00000003) ;
RUNTEST 640 TCK;
SDR 27 TDI (00070502) TDO (00000003) ;
RUNTEST 640 TCK;
SDR 27 TDI (00070802) TDO (00000003) ;
RUNTEST 640 TCK;
SDR 27 TDI (00070e02) TDO (00000003) ;
RUNTEST 640 TCK;
SDR 27 TDI (00071102) TDO (00000003) ;
RUNTEST 640 TCK;
SDR 27 TDI (00072002) TDO (00000003) ;
RUNTEST 640 TCK;
SDR 27 TDI (00072502) TDO (00000003) ;
RUNTEST 640 TCK;
SDR 27 TDI (00072802) TDO (00000003) ;
RUNTEST 640 TCK;
SDR 27 TDI (00072f02) TDO (00000003) ;
RUNTEST 640 TCK;
SDR 27 TDI (00073002) TDO (00000003) ;
RUNTEST 640 TCK;
SDR 27 TDI (00074002) TDO (00000003) ;
RUNTEST 640 TCK;
SDR 27 TDI (00074412) TDO (00000003) ;
RUNTEST 640 TCK;
SDR 27 TDI (00074802) TDO (00000003) ;
RUNTEST 640 TCK;
SDR 27 TDI (00074c2e) TDO (00000003) ;
RUNTEST 640 TCK;
SDR 27 TDI (00075002) TDO (00000003) ;
RUNTEST 640 TCK;
SDR 27 TDI (00078102) TDO (00000003) ;
RUNTEST 640 TCK;
SDR 27 TDI (00078602) TDO (00000003) ;
RUNTEST 640 TCK;
SDR 27 TDI (00078b82) TDO (00000003) ;
RUNTEST 640 TCK;
SDR 27 TDI (00078d02) TDO (00000003) ;
RUNTEST 640 TCK;
SDR 27 TDI (00079202) TDO (00000003) ;
RUNTEST 640 TCK;
SDR 27 TDI (0007a302) TDO (00000003) ;
RUNTEST 640 TCK;
SDR 27 TDI (0007a602) TDO (00000003) ;
RUNTEST 640 TCK;
SDR 27 TDI (0007ab02) TDO (00000003) ;
RUNTEST 640 TCK;
SDR 27 TDI (0007ac02) TDO (00000003) ;
RUNTEST 640 TCK;
SDR 27 TDI (0007b002) TDO (00000003) ;
RUNTEST 640 TCK;
SDR 27 TDI (0007c002) TDO (00000003) ;
RUNTEST 640 TCK;
SDR 27 TDI (0007c402) TDO (00000003) ;
RUNTEST 640 TCK;
SDR 27 TDI (0007c802) TDO (00000003) ;
RUNTEST 640 TCK;
SDR 27 TDI (0007cc02) TDO (00000003) ;
RUNTEST 640 TCK;
SDR 27 TDI (0007d002) TDO (00000003) ;
RUNTEST 640 TCK;
SDR 27 TDI (00080262) TDO (00000003) ;
RUNTEST 640 TCK;
SDR 27 TDI (00080502) TDO (00000003) ;
RUNTEST 640 TCK;
SDR 27 TDI (00080802) TDO (00000003) ;
RUNTEST 640 TCK;
SDR 27 TDI (00080e82) TDO (00000003) ;
RUNTEST 640 TCK;
SDR 27 TDI (0008114a) TDO (00000003) ;
RUNTEST 640 TCK;
SDR 27 TDI (00082202) TDO (00000003) ;
RUNTEST 640 TCK;
SDR 27 TDI (00082502) TDO (00000003) ;
RUNTEST 640 TCK;
SDR 27 TDI (00082802) TDO (00000003) ;
RUNTEST 640 TCK;
SDR 27 TDI (00082f02) TDO (00000003) ;
RUNTEST 640 TCK;
SDR 27 TDI (00083002) TDO (00000003) ;
RUNTEST 640 TCK;
SDR 27 TDI (0008405e) TDO (00000003) ;
RUNTEST 640 TCK;
SDR 27 TDI (0008444e) TDO (00000003) ;
RUNTEST 640 TCK;
SDR 27 TDI (0008481e) TDO (00000003) ;
RUNTEST 640 TCK;
SDR 27 TDI (00084c42) TDO (00000003) ;
RUNTEST 640 TCK;
SDR 27 TDI (0008502e) TDO (00000003) ;
RUNTEST 640 TCK;
SDR 27 TDI (00088102) TDO (00000003) ;
RUNTEST 640 TCK;
SDR 27 TDI (00088602) TDO (00000003) ;
RUNTEST 640 TCK;
SDR 27 TDI (00088b06) TDO (00000003) ;
RUNTEST 640 TCK;
SDR 27 TDI (00088d02) TDO (00000003) ;
RUNTEST 640 TCK;
SDR 27 TDI (00089202) TDO (00000003) ;
RUNTEST 640 TCK;
SDR 27 TDI (0008a102) TDO (00000003) ;
RUNTEST 640 TCK;
SDR 27 TDI (0008a602) TDO (00000003) ;
RUNTEST 640 TCK;
SDR 27 TDI (0008ab02) TDO (00000003) ;
RUNTEST 640 TCK;
SDR 27 TDI (0008ac82) TDO (00000003) ;
RUNTEST 640 TCK;
SDR 27 TDI (0008b002) TDO (00000003) ;
RUNTEST 640 TCK;
SDR 27 TDI (0008c002) TDO (00000003) ;
RUNTEST 640 TCK;
SDR 27 TDI (0008c402) TDO (00000003) ;
RUNTEST 640 TCK;
SDR 27 TDI (0008c802) TDO (00000003) ;
RUNTEST 640 TCK;
SDR 27 TDI (0008cc02) TDO (00000003) ;
RUNTEST 640 TCK;
SDR 27 TDI (0008d002) TDO (00000003) ;
RUNTEST 640 TCK;
SDR 27 TDI (00090202) TDO (00000003) ;
RUNTEST 640 TCK;
SDR 27 TDI (00090502) TDO (00000003) ;
RUNTEST 640 TCK;
SDR 27 TDI (00090b02) TDO (00000003) ;
RUNTEST 640 TCK;
SDR 27 TDI (00090e02) TDO (00000003) ;
RUNTEST 640 TCK;
SDR 27 TDI (00091102) TDO (00000003) ;
RUNTEST 640 TCK;
SDR 27 TDI (00092302) TDO (00000003) ;
RUNTEST 640 TCK;
SDR 27 TDI (00092502) TDO (00000003) ;
RUNTEST 640 TCK;
SDR 27 TDI (00092802) TDO (00000003) ;
RUNTEST 640 TCK;
SDR 27 TDI (00092f02) TDO (00000003) ;
RUNTEST 640 TCK;
SDR 27 TDI (00093002) TDO (00000003) ;
RUNTEST 640 TCK;
SDR 27 TDI (00094002) TDO (00000003) ;
RUNTEST 640 TCK;
SDR 27 TDI (00094402) TDO (00000003) ;
RUNTEST 640 TCK;
SDR 27 TDI (00094802) TDO (00000003) ;
RUNTEST 640 TCK;
SDR 27 TDI (00094c02) TDO (00000003) ;
RUNTEST 640 TCK;
SDR 27 TDI (00095002) TDO (00000003) ;
RUNTEST 640 TCK;
SDR 27 TDI (00098102) TDO (00000003) ;
RUNTEST 640 TCK;
SDR 27 TDI (00098622) TDO (00000003) ;
RUNTEST 640 TCK;
SDR 27 TDI (00098822) TDO (00000003) ;
RUNTEST 640 TCK;
SDR 27 TDI (00098d22) TDO (00000003) ;
RUNTEST 640 TCK;
SDR 27 TDI (00099202) TDO (00000003) ;
RUNTEST 640 TCK;
SDR 27 TDI (0009a022) TDO (00000003) ;
RUNTEST 640 TCK;
SDR 27 TDI (0009a622) TDO (00000003) ;
RUNTEST 640 TCK;
SDR 27 TDI (0009ab22) TDO (00000003) ;
RUNTEST 640 TCK;
SDR 27 TDI (0009ad22) TDO (00000003) ;
RUNTEST 640 TCK;
SDR 27 TDI (0009b022) TDO (00000003) ;
RUNTEST 640 TCK;
SDR 27 TDI (0009c002) TDO (00000003) ;
RUNTEST 640 TCK;
SDR 27 TDI (0009c402) TDO (00000003) ;
RUNTEST 640 TCK;
SDR 27 TDI (0009c802) TDO (00000003) ;
RUNTEST 640 TCK;
SDR 27 TDI (0009cc22) TDO (00000003) ;
RUNTEST 640 TCK;
SDR 27 TDI (0009d022) TDO (00000003) ;
RUNTEST 640 TCK;
SDR 27 TDI (000a0262) TDO (00000003) ;
RUNTEST 640 TCK;
SDR 27 TDI (000a0502) TDO (00000003) ;
RUNTEST 640 TCK;
SDR 27 TDI (000a0b02) TDO (00000003) ;
RUNTEST 640 TCK;
SDR 27 TDI (000a0f82) TDO (00000003) ;
RUNTEST 640 TCK;
SDR 27 TDI (000a11ca) TDO (00000003) ;
RUNTEST 640 TCK;
SDR 27 TDI (000a2302) TDO (00000003) ;
RUNTEST 640 TCK;
SDR 27 TDI (000a2702) TDO (00000003) ;
RUNTEST 640 TCK;
SDR 27 TDI (000a2a02) TDO (00000003) ;
RUNTEST 640 TCK;
SDR 27 TDI (000a2f02) TDO (00000003) ;
RUNTEST 640 TCK;
SDR 27 TDI (000a3002) TDO (00000003) ;
RUNTEST 640 TCK;
SDR 27 TDI (000a405e) TDO (00000003) ;
RUNTEST 640 TCK;
SDR 27 TDI (000a444e) TDO (00000003) ;
RUNTEST 640 TCK;
SDR 27 TDI (000a481e) TDO (00000003) ;
RUNTEST 640 TCK;
SDR 27 TDI (000a4c42) TDO (00000003) ;
RUNTEST 640 TCK;
SDR 27 TDI (000a502e) TDO (00000003) ;
RUNTEST 640 TCK;
SDR 27 TDI (000a8102) TDO (00000003) ;
RUNTEST 640 TCK;
SDR 27 TDI (000a8602) TDO (00000003) ;
RUNTEST 640 TCK;
SDR 27 TDI (000a8802) TDO (00000003) ;
RUNTEST 640 TCK;
SDR 27 TDI (000a8c06) TDO (00000003) ;
RUNTEST 640 TCK;
SDR 27 TDI (000a9202) TDO (00000003) ;
RUNTEST 640 TCK;
SDR 27 TDI (000aa202) TDO (00000003) ;
RUNTEST 640 TCK;
SDR 27 TDI (000aa402) TDO (00000003) ;
RUNTEST 640 TCK;
SDR 27 TDI (000aa902) TDO (00000003) ;
RUNTEST 640 TCK;
SDR 27 TDI (000aad02) TDO (00000003) ;
RUNTEST 640 TCK;
SDR 27 TDI (000ab002) TDO (00000003) ;
RUNTEST 640 TCK;
SDR 27 TDI (000ac002) TDO (00000003) ;
RUNTEST 640 TCK;
SDR 27 TDI (000ac402) TDO (00000003) ;
RUNTEST 640 TCK;
SDR 27 TDI (000ac802) TDO (00000003) ;
RUNTEST 640 TCK;
SDR 27 TDI (000acc02) TDO (00000003) ;
RUNTEST 640 TCK;
SDR 27 TDI (000ad002) TDO (00000003) ;
RUNTEST 640 TCK;
SDR 27 TDI (000b0362) TDO (00000003) ;
RUNTEST 640 TCK;
SDR 27 TDI (000b0702) TDO (00000003) ;
RUNTEST 640 TCK;
SDR 27 TDI (000b0b02) TDO (00000003) ;
RUNTEST 640 TCK;
SDR 27 TDI (000b0f82) TDO (00000003) ;
RUNTEST 640 TCK;
SDR 27 TDI (000b11ca) TDO (00000003) ;
RUNTEST 640 TCK;
SDR 27 TDI (000b2302) TDO (00000003) ;
RUNTEST 640 TCK;
SDR 27 TDI (000b2602) TDO (00000003) ;
RUNTEST 640 TCK;
SDR 27 TDI (000b2902) TDO (00000003) ;
RUNTEST 640 TCK;
SDR 27 TDI (000b2f02) TDO (00000003) ;
RUNTEST 640 TCK;
SDR 27 TDI (000b3002) TDO (00000003) ;
RUNTEST 640 TCK;
SDR 27 TDI (000b404e) TDO (00000003) ;
RUNTEST 640 TCK;
SDR 27 TDI (000b444e) TDO (00000003) ;
RUNTEST 640 TCK;
SDR 27 TDI (000b481e) TDO (00000003) ;
RUNTEST 640 TCK;
SDR 27 TDI (000b4c42) TDO (00000003) ;
RUNTEST 640 TCK;
SDR 27 TDI (000b502e) TDO (00000003) ;
RUNTEST 640 TCK;
SDR 27 TDI (000b8202) TDO (00000003) ;
RUNTEST 640 TCK;
SDR 27 TDI (000b8502) TDO (00000003) ;
RUNTEST 640 TCK;
SDR 27 TDI (000b8b02) TDO (00000003) ;
RUNTEST 640 TCK;
SDR 27 TDI (000b8f02) TDO (00000003) ;
RUNTEST 640 TCK;
SDR 27 TDI (000b9306) TDO (00000003) ;
RUNTEST 640 TCK;
SDR 27 TDI (000ba302) TDO (00000003) ;
RUNTEST 640 TCK;
SDR 27 TDI (000ba702) TDO (00000003) ;
RUNTEST 640 TCK;
SDR 27 TDI (000ba802) TDO (00000003) ;
RUNTEST 640 TCK;
SDR 27 TDI (000baf02) TDO (00000003) ;
RUNTEST 640 TCK;
SDR 27 TDI (000bb002) TDO (00000003) ;
RUNTEST 640 TCK;
SDR 27 TDI (000bc002) TDO (00000003) ;
RUNTEST 640 TCK;
SDR 27 TDI (000bc402) TDO (00000003) ;
RUNTEST 640 TCK;
SDR 27 TDI (000bc802) TDO (00000003) ;
RUNTEST 640 TCK;
SDR 27 TDI (000bcc02) TDO (00000003) ;
RUNTEST 640 TCK;
SDR 27 TDI (000bd002) TDO (00000003) ;
RUNTEST 640 TCK;
SDR 27 TDI (000c0202) TDO (00000003) ;
RUNTEST 640 TCK;
SDR 27 TDI (000c0502) TDO (00000003) ;
RUNTEST 640 TCK;
SDR 27 TDI (000c0802) TDO (00000003) ;
RUNTEST 640 TCK;
SDR 27 TDI (000c0e42) TDO (00000003) ;
RUNTEST 640 TCK;
SDR 27 TDI (000c1142) TDO (00000003) ;
RUNTEST 640 TCK;
SDR 27 TDI (000c2302) TDO (00000003) ;
RUNTEST 640 TCK;
SDR 27 TDI (000c2702) TDO (00000003) ;
RUNTEST 640 TCK;
SDR 27 TDI (000c2a02) TDO (00000003) ;
RUNTEST 640 TCK;
SDR 27 TDI (000c2f02) TDO (00000003) ;
RUNTEST 640 TCK;
SDR 27 TDI (000c3042) TDO (00000003) ;
RUNTEST 640 TCK;
SDR 27 TDI (000c4002) TDO (00000003) ;
RUNTEST 640 TCK;
SDR 27 TDI (000c4402) TDO (00000003) ;
RUNTEST 640 TCK;
SDR 27 TDI (000c4802) TDO (00000003) ;
RUNTEST 640 TCK;
SDR 27 TDI (000c4c42) TDO (00000003) ;
RUNTEST 640 TCK;
SDR 27 TDI (000c5002) TDO (00000003) ;
RUNTEST 640 TCK;
SDR 27 TDI (000c8302) TDO (00000003) ;
RUNTEST 640 TCK;
SDR 27 TDI (000c8602) TDO (00000003) ;
RUNTEST 640 TCK;
SDR 27 TDI (000c884a) TDO (00000003) ;
RUNTEST 640 TCK;
SDR 27 TDI (000c8c02) TDO (00000003) ;
RUNTEST 640 TCK;
SDR 27 TDI (000c9202) TDO (00000003) ;
RUNTEST 640 TCK;
SDR 27 TDI (000ca002) TDO (00000003) ;
RUNTEST 640 TCK;
SDR 27 TDI (000ca702) TDO (00000003) ;
RUNTEST 640 TCK;
SDR 27 TDI (000cab02) TDO (00000003) ;
RUNTEST 640 TCK;
SDR 27 TDI (000cae36) TDO (00000003) ;
RUNTEST 640 TCK;
SDR 27 TDI (000cb002) TDO (00000003) ;
RUNTEST 640 TCK;
SDR 27 TDI (000cc002) TDO (00000003) ;
RUNTEST 640 TCK;
SDR 27 TDI (000cc402) TDO (00000003) ;
RUNTEST 640 TCK;
SDR 27 TDI (000cc842) TDO (00000003) ;
RUNTEST 640 TCK;
SDR 27 TDI (000ccc02) TDO (00000003) ;
RUNTEST 640 TCK;
SDR 27 TDI (000cd002) TDO (00000003) ;
RUNTEST 640 TCK;
SDR 27 TDI (000d0002) TDO (00000003) ;
RUNTEST 640 TCK;
SDR 27 TDI (000d0502) TDO (00000003) ;
RUNTEST 640 TCK;
SDR 27 TDI (000d0802) TDO (00000003) ;
RUNTEST 640 TCK;
SDR 27 TDI (000d0c02) TDO (00000003) ;
RUNTEST 640 TCK;
SDR 27 TDI (000d1102) TDO (00000003) ;
RUNTEST 640 TCK;
SDR 27 TDI (000d2002) TDO (00000003) ;
RUNTEST 640 TCK;
SDR 27 TDI (000d2402) TDO (00000003) ;
RUNTEST 640 TCK;
SDR 27 TDI (000d2802) TDO (00000003) ;
RUNTEST 640 TCK;
SDR 27 TDI (000d2e02) TDO (00000003) ;
RUNTEST 640 TCK;
SDR 27 TDI (000d3002) TDO (00000003) ;
RUNTEST 640 TCK;
SDR 27 TDI (000d4002) TDO (00000003) ;
RUNTEST 640 TCK;
SDR 27 TDI (000d4402) TDO (00000003) ;
RUNTEST 640 TCK;
SDR 27 TDI (000d4802) TDO (00000003) ;
RUNTEST 640 TCK;
SDR 27 TDI (000d4c02) TDO (00000003) ;
RUNTEST 640 TCK;
SDR 27 TDI (000d5002) TDO (00000003) ;
RUNTEST 640 TCK;
SDR 27 TDI (000d8302) TDO (00000003) ;
RUNTEST 640 TCK;
SDR 27 TDI (000d8702) TDO (00000003) ;
RUNTEST 640 TCK;
SDR 27 TDI (000d8b42) TDO (00000003) ;
RUNTEST 640 TCK;
SDR 27 TDI (000d8f42) TDO (00000003) ;
RUNTEST 640 TCK;
SDR 27 TDI (000d9302) TDO (00000003) ;
RUNTEST 640 TCK;
SDR 27 TDI (000da302) TDO (00000003) ;
RUNTEST 640 TCK;
SDR 27 TDI (000da702) TDO (00000003) ;
RUNTEST 640 TCK;
SDR 27 TDI (000dab02) TDO (00000003) ;
RUNTEST 640 TCK;
SDR 27 TDI (000daf02) TDO (00000003) ;
RUNTEST 640 TCK;
SDR 27 TDI (000db002) TDO (00000003) ;
RUNTEST 640 TCK;
SDR 27 TDI (000dc022) TDO (00000003) ;
RUNTEST 640 TCK;
SDR 27 TDI (000dc422) TDO (00000003) ;
RUNTEST 640 TCK;
SDR 27 TDI (000dc822) TDO (00000003) ;
RUNTEST 640 TCK;
SDR 27 TDI (000dcc02) TDO (00000003) ;
RUNTEST 640 TCK;
SDR 27 TDI (000dd002) TDO (00000003) ;
RUNTEST 640 TCK;
SDR 27 TDI (000e0202) TDO (00000003) ;
RUNTEST 640 TCK;
SDR 27 TDI (000e0502) TDO (00000003) ;
RUNTEST 640 TCK;
SDR 27 TDI (000e0942) TDO (00000003) ;
RUNTEST 640 TCK;
SDR 27 TDI (000e0e02) TDO (00000003) ;
RUNTEST 640 TCK;
SDR 27 TDI (000e1142) TDO (00000003) ;
RUNTEST 640 TCK;
SDR 27 TDI (000e2302) TDO (00000003) ;
RUNTEST 640 TCK;
SDR 27 TDI (000e2502) TDO (00000003) ;
RUNTEST 640 TCK;
SDR 27 TDI (000e2a02) TDO (00000003) ;
RUNTEST 640 TCK;
SDR 27 TDI (000e2f02) TDO (00000003) ;
RUNTEST 640 TCK;
SDR 27 TDI (000e3002) TDO (00000003) ;
RUNTEST 640 TCK;
SDR 27 TDI (000e4002) TDO (00000003) ;
RUNTEST 640 TCK;
SDR 27 TDI (000e4402) TDO (00000003) ;
RUNTEST 640 TCK;
SDR 27 TDI (000e4842) TDO (00000003) ;
RUNTEST 640 TCK;
SDR 27 TDI (000e4c42) TDO (00000003) ;
RUNTEST 640 TCK;
SDR 27 TDI (000e5002) TDO (00000003) ;
RUNTEST 640 TCK;
SDR 27 TDI (000e8302) TDO (00000003) ;
RUNTEST 640 TCK;
SDR 27 TDI (000e8702) TDO (00000003) ;
RUNTEST 640 TCK;
SDR 27 TDI (000e8b02) TDO (00000003) ;
RUNTEST 640 TCK;
SDR 27 TDI (000e8f4a) TDO (00000003) ;
RUNTEST 640 TCK;
SDR 27 TDI (000e9302) TDO (00000003) ;
RUNTEST 640 TCK;
SDR 27 TDI (000ea302) TDO (00000003) ;
RUNTEST 640 TCK;
SDR 27 TDI (000ea702) TDO (00000003) ;
RUNTEST 640 TCK;
SDR 27 TDI (000eab02) TDO (00000003) ;
RUNTEST 640 TCK;
SDR 27 TDI (000eaf02) TDO (00000003) ;
RUNTEST 640 TCK;
SDR 27 TDI (000eb076) TDO (00000003) ;
RUNTEST 640 TCK;
SDR 27 TDI (000ec002) TDO (00000003) ;
RUNTEST 640 TCK;
SDR 27 TDI (000ec402) TDO (00000003) ;
RUNTEST 640 TCK;
SDR 27 TDI (000ec802) TDO (00000003) ;
RUNTEST 640 TCK;
SDR 27 TDI (000ecc02) TDO (00000003) ;
RUNTEST 640 TCK;
SDR 27 TDI (000ed002) TDO (00000003) ;
RUNTEST 640 TCK;
SDR 27 TDI (000f0302) TDO (00000003) ;
RUNTEST 640 TCK;
SDR 27 TDI (000f0702) TDO (00000003) ;
RUNTEST 640 TCK;
SDR 27 TDI (000f0b02) TDO (00000003) ;
RUNTEST 640 TCK;
SDR 27 TDI (000f0f02) TDO (00000003) ;
RUNTEST 640 TCK;
SDR 27 TDI (000f1342) TDO (00000003) ;
RUNTEST 640 TCK;
SDR 27 TDI (000f2302) TDO (00000003) ;
RUNTEST 640 TCK;
SDR 27 TDI (000f2702) TDO (00000003) ;
RUNTEST 640 TCK;
SDR 27 TDI (000f2b02) TDO (00000003) ;
RUNTEST 640 TCK;
SDR 27 TDI (000f2f02) TDO (00000003) ;
RUNTEST 640 TCK;
SDR 27 TDI (000f3002) TDO (00000003) ;
RUNTEST 640 TCK;
SDR 27 TDI (000f4002) TDO (00000003) ;
RUNTEST 640 TCK;
SDR 27 TDI (000f4402) TDO (00000003) ;
RUNTEST 640 TCK;
SDR 27 TDI (000f4802) TDO (00000003) ;
RUNTEST 640 TCK;
SDR 27 TDI (000f4c42) TDO (00000003) ;
RUNTEST 640 TCK;
SDR 27 TDI (000f5002) TDO (00000003) ;
RUNTEST 640 TCK;
SDR 27 TDI (000f8302) TDO (00000003) ;
RUNTEST 640 TCK;
SDR 27 TDI (000f870a) TDO (00000003) ;
RUNTEST 640 TCK;
SDR 27 TDI (000f8b02) TDO (00000003) ;
RUNTEST 640 TCK;
SDR 27 TDI (000f8f02) TDO (00000003) ;
RUNTEST 640 TCK;
SDR 27 TDI (000f9302) TDO (00000003) ;
RUNTEST 640 TCK;
SDR 27 TDI (000fa302) TDO (00000003) ;
RUNTEST 640 TCK;
SDR 27 TDI (000fa702) TDO (00000003) ;
RUNTEST 640 TCK;
SDR 27 TDI (000fab76) TDO (00000003) ;
RUNTEST 640 TCK;
SDR 27 TDI (000faf02) TDO (00000003) ;
RUNTEST 640 TCK;
SDR 27 TDI (000fb002) TDO (00000003) ;
RUNTEST 640 TCK;
SDR 27 TDI (000fc002) TDO (00000003) ;
RUNTEST 640 TCK;
SDR 27 TDI (000fc402) TDO (00000003) ;
RUNTEST 640 TCK;
SDR 27 TDI (000fc822) TDO (00000003) ;
RUNTEST 640 TCK;
SDR 27 TDI (000fcc02) TDO (00000003) ;
RUNTEST 640 TCK;
SDR 27 TDI (000fd002) TDO (00000003) ;
RUNTEST 640 TCK;
SDR 27 TDI (00100342) TDO (00000003) ;
RUNTEST 640 TCK;
SDR 27 TDI (00100702) TDO (00000003) ;
RUNTEST 640 TCK;
SDR 27 TDI (00100b02) TDO (00000003) ;
RUNTEST 640 TCK;
SDR 27 TDI (00100f82) TDO (00000003) ;
RUNTEST 640 TCK;
SDR 27 TDI (001013ca) TDO (00000003) ;
RUNTEST 640 TCK;
SDR 27 TDI (00102302) TDO (00000003) ;
RUNTEST 640 TCK;
SDR 27 TDI (00102702) TDO (00000003) ;
RUNTEST 640 TCK;
SDR 27 TDI (00102b02) TDO (00000003) ;
RUNTEST 640 TCK;
SDR 27 TDI (00102f02) TDO (00000003) ;
RUNTEST 640 TCK;
SDR 27 TDI (00103002) TDO (00000003) ;
RUNTEST 640 TCK;
SDR 27 TDI (0010404e) TDO (00000003) ;
RUNTEST 640 TCK;
SDR 27 TDI (0010444e) TDO (00000003) ;
RUNTEST 640 TCK;
SDR 27 TDI (0010481e) TDO (00000003) ;
RUNTEST 640 TCK;
SDR 27 TDI (00104c42) TDO (00000003) ;
RUNTEST 640 TCK;
SDR 27 TDI (0010502e) TDO (00000003) ;
RUNTEST 640 TCK;
SDR 27 TDI (00108302) TDO (00000003) ;
RUNTEST 640 TCK;
SDR 27 TDI (00108702) TDO (00000003) ;
RUNTEST 640 TCK;
SDR 27 TDI (00108b02) TDO (00000003) ;
RUNTEST 640 TCK;
SDR 27 TDI (00108f02) TDO (00000003) ;
RUNTEST 640 TCK;
SDR 27 TDI (00109302) TDO (00000003) ;
RUNTEST 640 TCK;
SDR 27 TDI (0010a302) TDO (00000003) ;
RUNTEST 640 TCK;
SDR 27 TDI (0010a702) TDO (00000003) ;
RUNTEST 640 TCK;
SDR 27 TDI (0010ab02) TDO (00000003) ;
RUNTEST 640 TCK;
SDR 27 TDI (0010af02) TDO (00000003) ;
RUNTEST 640 TCK;
SDR 27 TDI (0010b002) TDO (00000003) ;
RUNTEST 640 TCK;
SDR 27 TDI (0010c082) TDO (00000003) ;
RUNTEST 640 TCK;
SDR 27 TDI (0010c402) TDO (00000003) ;
RUNTEST 640 TCK;
SDR 27 TDI (0010c802) TDO (00000003) ;
RUNTEST 640 TCK;
SDR 27 TDI (0010cc02) TDO (00000003) ;
RUNTEST 640 TCK;
SDR 27 TDI (0010d002) TDO (00000003) ;
RUNTEST 640 TCK;
SDR 27 TDI (00110342) TDO (00000003) ;
RUNTEST 640 TCK;
SDR 27 TDI (00110702) TDO (00000003) ;
RUNTEST 640 TCK;
SDR 27 TDI (00110b02) TDO (00000003) ;
RUNTEST 640 TCK;
SDR 27 TDI (00110f82) TDO (00000003) ;
RUNTEST 640 TCK;
SDR 27 TDI (001113c2) TDO (00000003) ;
RUNTEST 640 TCK;
SDR 27 TDI (00112302) TDO (00000003) ;
RUNTEST 640 TCK;
SDR 27 TDI (00112702) TDO (00000003) ;
RUNTEST 640 TCK;
SDR 27 TDI (00112b02) TDO (00000003) ;
RUNTEST 640 TCK;
SDR 27 TDI (00112f02) TDO (00000003) ;
RUNTEST 640 TCK;
SDR 27 TDI (00113002) TDO (00000003) ;
RUNTEST 640 TCK;
SDR 27 TDI (0011404a) TDO (00000003) ;
RUNTEST 640 TCK;
SDR 27 TDI (0011444a) TDO (00000003) ;
RUNTEST 640 TCK;
SDR 27 TDI (0011481a) TDO (00000003) ;
RUNTEST 640 TCK;
SDR 27 TDI (00114c42) TDO (00000003) ;
RUNTEST 640 TCK;
SDR 27 TDI (0011502e) TDO (00000003) ;
RUNTEST 640 TCK;
SDR 27 TDI (00118302) TDO (00000003) ;
RUNTEST 640 TCK;
SDR 27 TDI (00118602) TDO (00000003) ;
RUNTEST 640 TCK;
SDR 27 TDI (00118b02) TDO (00000003) ;
RUNTEST 640 TCK;
SDR 27 TDI (00118f02) TDO (00000003) ;
RUNTEST 640 TCK;
SDR 27 TDI (00119202) TDO (00000003) ;
RUNTEST 640 TCK;
SDR 27 TDI (0011a302) TDO (00000003) ;
RUNTEST 640 TCK;
SDR 27 TDI (0011a702) TDO (00000003) ;
RUNTEST 640 TCK;
SDR 27 TDI (0011ab02) TDO (00000003) ;
RUNTEST 640 TCK;
SDR 27 TDI (0011ad02) TDO (00000003) ;
RUNTEST 640 TCK;
SDR 27 TDI (0011b002) TDO (00000003) ;
RUNTEST 640 TCK;
SDR 27 TDI (0011c006) TDO (00000003) ;
RUNTEST 640 TCK;
SDR 27 TDI (0011c402) TDO (00000003) ;
RUNTEST 640 TCK;
SDR 27 TDI (0011c882) TDO (00000003) ;
RUNTEST 640 TCK;
SDR 27 TDI (0011cc02) TDO (00000003) ;
RUNTEST 640 TCK;
SDR 27 TDI (0011d002) TDO (00000003) ;
RUNTEST 640 TCK;
SDR 27 TDI (00120342) TDO (00000003) ;
RUNTEST 640 TCK;
SDR 27 TDI (00120702) TDO (00000003) ;
RUNTEST 640 TCK;
SDR 27 TDI (00120b02) TDO (00000003) ;
RUNTEST 640 TCK;
SDR 27 TDI (00120f82) TDO (00000003) ;
RUNTEST 640 TCK;
SDR 27 TDI (001213c2) TDO (00000003) ;
RUNTEST 640 TCK;
SDR 27 TDI (00122302) TDO (00000003) ;
RUNTEST 640 TCK;
SDR 27 TDI (00122702) TDO (00000003) ;
RUNTEST 640 TCK;
SDR 27 TDI (00122b02) TDO (00000003) ;
RUNTEST 640 TCK;
SDR 27 TDI (00122f02) TDO (00000003) ;
RUNTEST 640 TCK;
SDR 27 TDI (00123002) TDO (00000003) ;
RUNTEST 640 TCK;
SDR 27 TDI (00124042) TDO (00000003) ;
RUNTEST 640 TCK;
SDR 27 TDI (00124442) TDO (00000003) ;
RUNTEST 640 TCK;
SDR 27 TDI (00124812) TDO (00000003) ;
RUNTEST 640 TCK;
SDR 27 TDI (00124c42) TDO (00000003) ;
RUNTEST 640 TCK;
SDR 27 TDI (0012502e) TDO (00000003) ;
RUNTEST 640 TCK;
SDR 27 TDI (00128002) TDO (00000003) ;
RUNTEST 640 TCK;
SDR 27 TDI (00128502) TDO (00000003) ;
RUNTEST 640 TCK;
SDR 27 TDI (00128802) TDO (00000003) ;
RUNTEST 640 TCK;
SDR 27 TDI (00128c02) TDO (00000003) ;
RUNTEST 640 TCK;
SDR 27 TDI (00129102) TDO (00000003) ;
RUNTEST 640 TCK;
SDR 27 TDI (0012a002) TDO (00000003) ;
RUNTEST 640 TCK;
SDR 27 TDI (0012a402) TDO (00000003) ;
RUNTEST 640 TCK;
SDR 27 TDI (0012a802) TDO (00000003) ;
RUNTEST 640 TCK;
SDR 27 TDI (0012ae02) TDO (00000003) ;
RUNTEST 640 TCK;
SDR 27 TDI (0012b002) TDO (00000003) ;
RUNTEST 640 TCK;
SDR 27 TDI (0012c002) TDO (00000003) ;
RUNTEST 640 TCK;
SDR 27 TDI (0012c40e) TDO (00000003) ;
RUNTEST 640 TCK;
SDR 27 TDI (0012c802) TDO (00000003) ;
RUNTEST 640 TCK;
SDR 27 TDI (0012cc82) TDO (00000003) ;
RUNTEST 640 TCK;
SDR 27 TDI (0012d002) TDO (00000003) ;
RUNTEST 640 TCK;
SDR 27 TDI (00130342) TDO (00000003) ;
RUNTEST 640 TCK;
SDR 27 TDI (00130702) TDO (00000003) ;
RUNTEST 640 TCK;
SDR 27 TDI (00130b02) TDO (00000003) ;
RUNTEST 640 TCK;
SDR 27 TDI (00130f82) TDO (00000003) ;
RUNTEST 640 TCK;
SDR 27 TDI (001313c2) TDO (00000003) ;
RUNTEST 640 TCK;
SDR 27 TDI (00132302) TDO (00000003) ;
RUNTEST 640 TCK;
SDR 27 TDI (00132702) TDO (00000003) ;
RUNTEST 640 TCK;
SDR 27 TDI (00132b02) TDO (00000003) ;
RUNTEST 640 TCK;
SDR 27 TDI (00132f02) TDO (00000003) ;
RUNTEST 640 TCK;
SDR 27 TDI (00133002) TDO (00000003) ;
RUNTEST 640 TCK;
SDR 27 TDI (00134002) TDO (00000003) ;
RUNTEST 640 TCK;
SDR 27 TDI (00134402) TDO (00000003) ;
RUNTEST 640 TCK;
SDR 27 TDI (00134812) TDO (00000003) ;
RUNTEST 640 TCK;
SDR 27 TDI (00134c42) TDO (00000003) ;
RUNTEST 640 TCK;
SDR 27 TDI (0013502e) TDO (00000003) ;
RUNTEST 640 TCK;
SDR 27 TDI (00138302) TDO (00000003) ;
RUNTEST 640 TCK;
SDR 27 TDI (00138702) TDO (00000003) ;
RUNTEST 640 TCK;
SDR 27 TDI (00138b02) TDO (00000003) ;
RUNTEST 640 TCK;
SDR 27 TDI (00138f02) TDO (00000003) ;
RUNTEST 640 TCK;
SDR 27 TDI (00139302) TDO (00000003) ;
RUNTEST 640 TCK;
SDR 27 TDI (0013a302) TDO (00000003) ;
RUNTEST 640 TCK;
SDR 27 TDI (0013a702) TDO (00000003) ;
RUNTEST 640 TCK;
SDR 27 TDI (0013ab02) TDO (00000003) ;
RUNTEST 640 TCK;
SDR 27 TDI (0013af02) TDO (00000003) ;
RUNTEST 640 TCK;
SDR 27 TDI (0013b002) TDO (00000003) ;
RUNTEST 640 TCK;
SDR 27 TDI (0013c002) TDO (00000003) ;
RUNTEST 640 TCK;
SDR 27 TDI (0013c442) TDO (00000003) ;
RUNTEST 640 TCK;
SDR 27 TDI (0013c80e) TDO (00000003) ;
RUNTEST 640 TCK;
SDR 27 TDI (0013cc02) TDO (00000003) ;
RUNTEST 640 TCK;
SDR 27 TDI (0013d082) TDO (00000003) ;
RUNTEST 640 TCK;
SDR 27 TDI (00140102) TDO (00000003) ;
RUNTEST 640 TCK;
SDR 27 TDI (00140702) TDO (00000003) ;
RUNTEST 640 TCK;
SDR 27 TDI (00140a02) TDO (00000003) ;
RUNTEST 640 TCK;
SDR 27 TDI (00140d02) TDO (00000003) ;
RUNTEST 640 TCK;
SDR 27 TDI (00141302) TDO (00000003) ;
RUNTEST 640 TCK;
SDR 27 TDI (00142002) TDO (00000003) ;
RUNTEST 640 TCK;
SDR 27 TDI (00142402) TDO (00000003) ;
RUNTEST 640 TCK;
SDR 27 TDI (00142902) TDO (00000003) ;
RUNTEST 640 TCK;
SDR 27 TDI (00142e02) TDO (00000003) ;
RUNTEST 640 TCK;
SDR 27 TDI (00143002) TDO (00000003) ;
RUNTEST 640 TCK;
SDR 27 TDI (00144002) TDO (00000003) ;
RUNTEST 640 TCK;
SDR 27 TDI (00144402) TDO (00000003) ;
RUNTEST 640 TCK;
SDR 27 TDI (00144802) TDO (00000003) ;
RUNTEST 640 TCK;
SDR 27 TDI (00144c02) TDO (00000003) ;
RUNTEST 640 TCK;
SDR 27 TDI (00145002) TDO (00000003) ;
RUNTEST 640 TCK;
SDR 27 TDI (0014830a) TDO (00000003) ;
RUNTEST 640 TCK;
SDR 27 TDI (0014870a) TDO (00000003) ;
RUNTEST 640 TCK;
SDR 27 TDI (00148b0a) TDO (00000003) ;
RUNTEST 640 TCK;
SDR 27 TDI (00148f0a) TDO (00000003) ;
RUNTEST 640 TCK;
SDR 27 TDI (00149302) TDO (00000003) ;
RUNTEST 640 TCK;
SDR 27 TDI (0014a30a) TDO (00000003) ;
RUNTEST 640 TCK;
SDR 27 TDI (0014a70a) TDO (00000003) ;
RUNTEST 640 TCK;
SDR 27 TDI (0014ab0a) TDO (00000003) ;
RUNTEST 640 TCK;
SDR 27 TDI (0014af0a) TDO (00000003) ;
RUNTEST 640 TCK;
SDR 27 TDI (0014b002) TDO (00000003) ;
RUNTEST 640 TCK;
SDR 27 TDI (0014c002) TDO (00000003) ;
RUNTEST 640 TCK;
SDR 27 TDI (0014c402) TDO (00000003) ;
RUNTEST 640 TCK;
SDR 27 TDI (0014c802) TDO (00000003) ;
RUNTEST 640 TCK;
SDR 27 TDI (0014cc0a) TDO (00000003) ;
RUNTEST 640 TCK;
SDR 27 TDI (0014d00a) TDO (00000003) ;
RUNTEST 640 TCK;
SDR 27 TDI (00150302) TDO (00000003) ;
RUNTEST 640 TCK;
SDR 27 TDI (00150702) TDO (00000003) ;
RUNTEST 640 TCK;
SDR 27 TDI (00150b02) TDO (00000003) ;
RUNTEST 640 TCK;
SDR 27 TDI (00150f02) TDO (00000003) ;
RUNTEST 640 TCK;
SDR 27 TDI (00151302) TDO (00000003) ;
RUNTEST 640 TCK;
SDR 27 TDI (00152342) TDO (00000003) ;
RUNTEST 640 TCK;
SDR 27 TDI (00152742) TDO (00000003) ;
RUNTEST 640 TCK;
SDR 27 TDI (00152b42) TDO (00000003) ;
RUNTEST 640 TCK;
SDR 27 TDI (00152f02) TDO (00000003) ;
RUNTEST 640 TCK;
SDR 27 TDI (00153042) TDO (00000003) ;
RUNTEST 640 TCK;
SDR 27 TDI (00154002) TDO (00000003) ;
RUNTEST 640 TCK;
SDR 27 TDI (00154402) TDO (00000003) ;
RUNTEST 640 TCK;
SDR 27 TDI (00154842) TDO (00000003) ;
RUNTEST 640 TCK;
SDR 27 TDI (00154c02) TDO (00000003) ;
RUNTEST 640 TCK;
SDR 27 TDI (00155002) TDO (00000003) ;
RUNTEST 640 TCK;
SDR 27 TDI (00158202) TDO (00000003) ;
RUNTEST 640 TCK;
SDR 27 TDI (00158502) TDO (00000003) ;
RUNTEST 640 TCK;
SDR 27 TDI (00158902) TDO (00000003) ;
RUNTEST 640 TCK;
SDR 27 TDI (00158e02) TDO (00000003) ;
RUNTEST 640 TCK;
SDR 27 TDI (00159302) TDO (00000003) ;
RUNTEST 640 TCK;
SDR 27 TDI (0015a302) TDO (00000003) ;
RUNTEST 640 TCK;
SDR 27 TDI (0015a502) TDO (00000003) ;
RUNTEST 640 TCK;
SDR 27 TDI (0015aa02) TDO (00000003) ;
RUNTEST 640 TCK;
SDR 27 TDI (0015ae02) TDO (00000003) ;
RUNTEST 640 TCK;
SDR 27 TDI (0015b002) TDO (00000003) ;
RUNTEST 640 TCK;
SDR 27 TDI (0015c002) TDO (00000003) ;
RUNTEST 640 TCK;
SDR 27 TDI (0015c402) TDO (00000003) ;
RUNTEST 640 TCK;
SDR 27 TDI (0015c802) TDO (00000003) ;
RUNTEST 640 TCK;
SDR 27 TDI (0015cc02) TDO (00000003) ;
RUNTEST 640 TCK;
SDR 27 TDI (0015d002) TDO (00000003) ;
RUNTEST 640 TCK;
SDR 27 TDI (00160202) TDO (00000003) ;
RUNTEST 640 TCK;
SDR 27 TDI (00160402) TDO (00000003) ;
RUNTEST 640 TCK;
SDR 27 TDI (00160902) TDO (00000003) ;
RUNTEST 640 TCK;
SDR 27 TDI (00160e82) TDO (00000003) ;
RUNTEST 640 TCK;
SDR 27 TDI (001610c2) TDO (00000003) ;
RUNTEST 640 TCK;
SDR 27 TDI (00162302) TDO (00000003) ;
RUNTEST 640 TCK;
SDR 27 TDI (00162502) TDO (00000003) ;
RUNTEST 640 TCK;
SDR 27 TDI (00162a02) TDO (00000003) ;
RUNTEST 640 TCK;
SDR 27 TDI (00162d02) TDO (00000003) ;
RUNTEST 640 TCK;
SDR 27 TDI (00163002) TDO (00000003) ;
RUNTEST 640 TCK;
SDR 27 TDI (00164002) TDO (00000003) ;
RUNTEST 640 TCK;
SDR 27 TDI (00164402) TDO (00000003) ;
RUNTEST 640 TCK;
SDR 27 TDI (00164812) TDO (00000003) ;
RUNTEST 640 TCK;
SDR 27 TDI (00164c42) TDO (00000003) ;
RUNTEST 640 TCK;
SDR 27 TDI (0016502e) TDO (00000003) ;
RUNTEST 640 TCK;
SDR 27 TDI (00168102) TDO (00000003) ;
RUNTEST 640 TCK;
SDR 27 TDI (00168702) TDO (00000003) ;
RUNTEST 640 TCK;
SDR 27 TDI (00168a02) TDO (00000003) ;
RUNTEST 640 TCK;
SDR 27 TDI (00168d02) TDO (00000003) ;
RUNTEST 640 TCK;
SDR 27 TDI (0016930a) TDO (00000003) ;
RUNTEST 640 TCK;
SDR 27 TDI (0016a002) TDO (00000003) ;
RUNTEST 640 TCK;
SDR 27 TDI (0016a602) TDO (00000003) ;
RUNTEST 640 TCK;
SDR 27 TDI (0016a902) TDO (00000003) ;
RUNTEST 640 TCK;
SDR 27 TDI (0016ae02) TDO (00000003) ;
RUNTEST 640 TCK;
SDR 27 TDI (0016b002) TDO (00000003) ;
RUNTEST 640 TCK;
SDR 27 TDI (0016c04a) TDO (00000003) ;
RUNTEST 640 TCK;
SDR 27 TDI (0016c482) TDO (00000003) ;
RUNTEST 640 TCK;
SDR 27 TDI (0016c802) TDO (00000003) ;
RUNTEST 640 TCK;
SDR 27 TDI (0016cc02) TDO (00000003) ;
RUNTEST 640 TCK;
SDR 27 TDI (0016d002) TDO (00000003) ;
RUNTEST 640 TCK;
SDR 27 TDI (00170302) TDO (00000003) ;
RUNTEST 640 TCK;
SDR 27 TDI (00170782) TDO (00000003) ;
RUNTEST 640 TCK;
SDR 27 TDI (00170b82) TDO (00000003) ;
RUNTEST 640 TCK;
SDR 27 TDI (00170f02) TDO (00000003) ;
RUNTEST 640 TCK;
SDR 27 TDI (00171302) TDO (00000003) ;
RUNTEST 640 TCK;
SDR 27 TDI (00172302) TDO (00000003) ;
RUNTEST 640 TCK;
SDR 27 TDI (00172702) TDO (00000003) ;
RUNTEST 640 TCK;
SDR 27 TDI (00172b02) TDO (00000003) ;
RUNTEST 640 TCK;
SDR 27 TDI (00172f02) TDO (00000003) ;
RUNTEST 640 TCK;
SDR 27 TDI (00173002) TDO (00000003) ;
RUNTEST 640 TCK;
SDR 27 TDI (00174002) TDO (00000003) ;
RUNTEST 640 TCK;
SDR 27 TDI (00174402) TDO (00000003) ;
RUNTEST 640 TCK;
SDR 27 TDI (00174802) TDO (00000003) ;
RUNTEST 640 TCK;
SDR 27 TDI (00174c02) TDO (00000003) ;
RUNTEST 640 TCK;
SDR 27 TDI (00175002) TDO (00000003) ;
RUNTEST 640 TCK;
SDR 27 TDI (00178302) TDO (00000003) ;
RUNTEST 640 TCK;
SDR 27 TDI (00178702) TDO (00000003) ;
RUNTEST 640 TCK;
SDR 27 TDI (00178b02) TDO (00000003) ;
RUNTEST 640 TCK;
SDR 27 TDI (00178f02) TDO (00000003) ;
RUNTEST 640 TCK;
SDR 27 TDI (00179302) TDO (00000003) ;
RUNTEST 640 TCK;
SDR 27 TDI (0017a302) TDO (00000003) ;
RUNTEST 640 TCK;
SDR 27 TDI (0017a702) TDO (00000003) ;
RUNTEST 640 TCK;
SDR 27 TDI (0017ab02) TDO (00000003) ;
RUNTEST 640 TCK;
SDR 27 TDI (0017af02) TDO (00000003) ;
RUNTEST 640 TCK;
SDR 27 TDI (0017b002) TDO (00000003) ;
RUNTEST 640 TCK;
SDR 27 TDI (0017c002) TDO (00000003) ;
RUNTEST 640 TCK;
SDR 27 TDI (0017c402) TDO (00000003) ;
RUNTEST 640 TCK;
SDR 27 TDI (0017c802) TDO (00000003) ;
RUNTEST 640 TCK;
SDR 27 TDI (0017cc02) TDO (00000003) ;
RUNTEST 640 TCK;
SDR 27 TDI (0017d002) TDO (00000003) ;
RUNTEST 640 TCK;
SDR 27 TDI (00180302) TDO (00000003) ;
RUNTEST 640 TCK;
SDR 27 TDI (00180702) TDO (00000003) ;
RUNTEST 640 TCK;
SDR 27 TDI (00180b02) TDO (00000003) ;
RUNTEST 640 TCK;
SDR 27 TDI (00180f02) TDO (00000003) ;
RUNTEST 640 TCK;
SDR 27 TDI (00181302) TDO (00000003) ;
RUNTEST 640 TCK;
SDR 27 TDI (00182302) TDO (00000003) ;
RUNTEST 640 TCK;
SDR 27 TDI (00182702) TDO (00000003) ;
RUNTEST 640 TCK;
SDR 27 TDI (00182b02) TDO (00000003) ;
RUNTEST 640 TCK;
SDR 27 TDI (00182f02) TDO (00000003) ;
RUNTEST 640 TCK;
SDR 27 TDI (00183002) TDO (00000003) ;
RUNTEST 640 TCK;
SDR 27 TDI (00184002) TDO (00000003) ;
RUNTEST 640 TCK;
SDR 27 TDI (00184402) TDO (00000003) ;
RUNTEST 640 TCK;
SDR 27 TDI (00184802) TDO (00000003) ;
RUNTEST 640 TCK;
SDR 27 TDI (00184c02) TDO (00000003) ;
RUNTEST 640 TCK;
SDR 27 TDI (00185002) TDO (00000003) ;
RUNTEST 640 TCK;
SDR 27 TDI (00188202) TDO (00000003) ;
RUNTEST 640 TCK;
SDR 27 TDI (00188502) TDO (00000003) ;
RUNTEST 640 TCK;
SDR 27 TDI (00188902) TDO (00000003) ;
RUNTEST 640 TCK;
SDR 27 TDI (00188e02) TDO (00000003) ;
RUNTEST 640 TCK;
SDR 27 TDI (00189102) TDO (00000003) ;
RUNTEST 640 TCK;
SDR 27 TDI (0018a302) TDO (00000003) ;
RUNTEST 640 TCK;
SDR 27 TDI (0018a502) TDO (00000003) ;
RUNTEST 640 TCK;
SDR 27 TDI (0018aa02) TDO (00000003) ;
RUNTEST 640 TCK;
SDR 27 TDI (0018af02) TDO (00000003) ;
RUNTEST 640 TCK;
SDR 27 TDI (0018b002) TDO (00000003) ;
RUNTEST 640 TCK;
SDR 27 TDI (0018c002) TDO (00000003) ;
RUNTEST 640 TCK;
SDR 27 TDI (0018c402) TDO (00000003) ;
RUNTEST 640 TCK;
SDR 27 TDI (0018c802) TDO (00000003) ;
RUNTEST 640 TCK;
SDR 27 TDI (0018cc02) TDO (00000003) ;
RUNTEST 640 TCK;
SDR 27 TDI (0018d002) TDO (00000003) ;
RUNTEST 640 TCK;
SDR 27 TDI (00190002) TDO (00000003) ;
RUNTEST 640 TCK;
SDR 27 TDI (00190402) TDO (00000003) ;
RUNTEST 640 TCK;
SDR 27 TDI (00190802) TDO (00000003) ;
RUNTEST 640 TCK;
SDR 27 TDI (00190c02) TDO (00000003) ;
RUNTEST 640 TCK;
SDR 27 TDI (00191002) TDO (00000003) ;
RUNTEST 640 TCK;
SDR 27 TDI (00192002) TDO (00000003) ;
RUNTEST 640 TCK;
SDR 27 TDI (00192402) TDO (00000003) ;
RUNTEST 640 TCK;
SDR 27 TDI (00192802) TDO (00000003) ;
RUNTEST 640 TCK;
SDR 27 TDI (00192c02) TDO (00000003) ;
RUNTEST 640 TCK;
SDR 27 TDI (00193002) TDO (00000003) ;
RUNTEST 640 TCK;
SDR 27 TDI (00194002) TDO (00000003) ;
RUNTEST 640 TCK;
SDR 27 TDI (00194402) TDO (00000003) ;
RUNTEST 640 TCK;
SDR 27 TDI (00194802) TDO (00000003) ;
RUNTEST 640 TCK;
SDR 27 TDI (00194c02) TDO (00000003) ;
RUNTEST 640 TCK;
SDR 27 TDI (00195002) TDO (00000003) ;
RUNTEST 640 TCK;
SDR 27 TDI (00198002) TDO (00000003) ;
RUNTEST 640 TCK;
SDR 27 TDI (00198402) TDO (00000003) ;
RUNTEST 640 TCK;
SDR 27 TDI (00198802) TDO (00000003) ;
RUNTEST 640 TCK;
SDR 27 TDI (00198c02) TDO (00000003) ;
RUNTEST 640 TCK;
SDR 27 TDI (00199002) TDO (00000003) ;
RUNTEST 640 TCK;
SDR 27 TDI (0019a002) TDO (00000003) ;
RUNTEST 640 TCK;
SDR 27 TDI (0019a402) TDO (00000003) ;
RUNTEST 640 TCK;
SDR 27 TDI (0019a802) TDO (00000003) ;
RUNTEST 640 TCK;
SDR 27 TDI (0019ac02) TDO (00000003) ;
RUNTEST 640 TCK;
SDR 27 TDI (0019b002) TDO (00000003) ;
RUNTEST 640 TCK;
SDR 27 TDI (0019c002) TDO (00000003) ;
RUNTEST 640 TCK;
SDR 27 TDI (0019c402) TDO (00000003) ;
RUNTEST 640 TCK;
SDR 27 TDI (0019c802) TDO (00000003) ;
RUNTEST 640 TCK;
SDR 27 TDI (0019cc02) TDO (00000003) ;
RUNTEST 640 TCK;
SDR 27 TDI (0019d002) TDO (00000003) ;
RUNTEST 640 TCK;
SDR 27 TDI (001a0002) TDO (00000003) ;
RUNTEST 640 TCK;
SDR 27 TDI (001a0402) TDO (00000003) ;
RUNTEST 640 TCK;
SDR 27 TDI (001a0802) TDO (00000003) ;
RUNTEST 640 TCK;
SDR 27 TDI (001a0c02) TDO (00000003) ;
RUNTEST 640 TCK;
SDR 27 TDI (001a1002) TDO (00000003) ;
RUNTEST 640 TCK;
SDR 27 TDI (001a2002) TDO (00000003) ;
RUNTEST 640 TCK;
SDR 27 TDI (001a2402) TDO (00000003) ;
RUNTEST 640 TCK;
SDR 27 TDI (001a2802) TDO (00000003) ;
RUNTEST 640 TCK;
SDR 27 TDI (001a2c02) TDO (00000003) ;
RUNTEST 640 TCK;
SDR 27 TDI (001a3002) TDO (00000003) ;
RUNTEST 640 TCK;
SDR 27 TDI (001a4002) TDO (00000003) ;
RUNTEST 640 TCK;
SDR 27 TDI (001a4402) TDO (00000003) ;
RUNTEST 640 TCK;
SDR 27 TDI (001a4802) TDO (00000003) ;
RUNTEST 640 TCK;
SDR 27 TDI (001a4c02) TDO (00000003) ;
RUNTEST 640 TCK;
SDR 27 TDI (001a5002) TDO (00000003) ;
RUNTEST 640 TCK;
SDR 27 TDI (001a8002) TDO (00000003) ;
RUNTEST 640 TCK;
SDR 27 TDI (001a8402) TDO (00000003) ;
RUNTEST 640 TCK;
SDR 27 TDI (001a8802) TDO (00000003) ;
RUNTEST 640 TCK;
SDR 27 TDI (001a8c02) TDO (00000003) ;
RUNTEST 640 TCK;
SDR 27 TDI (001a9002) TDO (00000003) ;
RUNTEST 640 TCK;
SDR 27 TDI (001aa002) TDO (00000003) ;
RUNTEST 640 TCK;
SDR 27 TDI (001aa402) TDO (00000003) ;
RUNTEST 640 TCK;
SDR 27 TDI (001aa802) TDO (00000003) ;
RUNTEST 640 TCK;
SDR 27 TDI (001aad02) TDO (00000003) ;
RUNTEST 640 TCK;
SDR 27 TDI (001ab002) TDO (00000003) ;
RUNTEST 640 TCK;
SDR 27 TDI (001ac002) TDO (00000003) ;
RUNTEST 640 TCK;
SDR 27 TDI (001ac402) TDO (00000003) ;
RUNTEST 640 TCK;
SDR 27 TDI (001ac802) TDO (00000003) ;
RUNTEST 640 TCK;
SDR 27 TDI (001acc02) TDO (00000003) ;
RUNTEST 640 TCK;
SDR 27 TDI (001ad002) TDO (00000003) ;
RUNTEST 640 TCK;
SDR 27 TDI (001b0002) TDO (00000003) ;
RUNTEST 640 TCK;
SDR 27 TDI (001b0402) TDO (00000003) ;
RUNTEST 640 TCK;
SDR 27 TDI (001b0802) TDO (00000003) ;
RUNTEST 640 TCK;
SDR 27 TDI (001b0c02) TDO (00000003) ;
RUNTEST 640 TCK;
SDR 27 TDI (001b1002) TDO (00000003) ;
RUNTEST 640 TCK;
SDR 27 TDI (001b2202) TDO (00000003) ;
RUNTEST 640 TCK;
SDR 27 TDI (001b2402) TDO (00000003) ;
RUNTEST 640 TCK;
SDR 27 TDI (001b2802) TDO (00000003) ;
RUNTEST 640 TCK;
SDR 27 TDI (001b2d02) TDO (00000003) ;
RUNTEST 640 TCK;
SDR 27 TDI (001b3002) TDO (00000003) ;
RUNTEST 640 TCK;
SDR 27 TDI (001b4002) TDO (00000003) ;
RUNTEST 640 TCK;
SDR 27 TDI (001b4402) TDO (00000003) ;
RUNTEST 640 TCK;
SDR 27 TDI (001b4802) TDO (00000003) ;
RUNTEST 640 TCK;
SDR 27 TDI (001b4c02) TDO (00000003) ;
RUNTEST 640 TCK;
SDR 27 TDI (001b5002) TDO (00000003) ;
RUNTEST 640 TCK;
SDR 27 TDI (001b8302) TDO (00000003) ;
RUNTEST 640 TCK;
SDR 27 TDI (001b8602) TDO (00000003) ;
RUNTEST 640 TCK;
SDR 27 TDI (001b8b02) TDO (00000003) ;
RUNTEST 640 TCK;
SDR 27 TDI (001b8f02) TDO (00000003) ;
RUNTEST 640 TCK;
SDR 27 TDI (001b9102) TDO (00000003) ;
RUNTEST 640 TCK;
SDR 27 TDI (001ba302) TDO (00000003) ;
RUNTEST 640 TCK;
SDR 27 TDI (001ba702) TDO (00000003) ;
RUNTEST 640 TCK;
SDR 27 TDI (001baa02) TDO (00000003) ;
RUNTEST 640 TCK;
SDR 27 TDI (001baf02) TDO (00000003) ;
RUNTEST 640 TCK;
SDR 27 TDI (001bb002) TDO (00000003) ;
RUNTEST 640 TCK;
SDR 27 TDI (001bc002) TDO (00000003) ;
RUNTEST 640 TCK;
SDR 27 TDI (001bc402) TDO (00000003) ;
RUNTEST 640 TCK;
SDR 27 TDI (001bc802) TDO (00000003) ;
RUNTEST 640 TCK;
SDR 27 TDI (001bcc02) TDO (00000003) ;
RUNTEST 640 TCK;
SDR 27 TDI (001bd002) TDO (00000003) ;
RUNTEST 640 TCK;
SDR 27 TDI (001c0202) TDO (00000003) ;
RUNTEST 640 TCK;
SDR 27 TDI (001c0702) TDO (00000003) ;
RUNTEST 640 TCK;
SDR 27 TDI (001c0b02) TDO (00000003) ;
RUNTEST 640 TCK;
SDR 27 TDI (001c0f02) TDO (00000003) ;
RUNTEST 640 TCK;
SDR 27 TDI (001c1102) TDO (00000003) ;
RUNTEST 640 TCK;
SDR 27 TDI (001c2302) TDO (00000003) ;
RUNTEST 640 TCK;
SDR 27 TDI (001c2602) TDO (00000003) ;
RUNTEST 640 TCK;
SDR 27 TDI (001c2b02) TDO (00000003) ;
RUNTEST 640 TCK;
SDR 27 TDI (001c2f02) TDO (00000003) ;
RUNTEST 640 TCK;
SDR 27 TDI (001c3002) TDO (00000003) ;
RUNTEST 640 TCK;
SDR 27 TDI (001c4002) TDO (00000003) ;
RUNTEST 640 TCK;
SDR 27 TDI (001c4402) TDO (00000003) ;
RUNTEST 640 TCK;
SDR 27 TDI (001c4802) TDO (00000003) ;
RUNTEST 640 TCK;
SDR 27 TDI (001c4c02) TDO (00000003) ;
RUNTEST 640 TCK;
SDR 27 TDI (001c5002) TDO (00000003) ;
RUNTEST 640 TCK;
SDR 27 TDI (001c8206) TDO (00000003) ;
RUNTEST 640 TCK;
SDR 27 TDI (001c8702) TDO (00000003) ;
RUNTEST 640 TCK;
SDR 27 TDI (001c8b02) TDO (00000003) ;
RUNTEST 640 TCK;
SDR 27 TDI (001c8d02) TDO (00000003) ;
RUNTEST 640 TCK;
SDR 27 TDI (001c9302) TDO (00000003) ;
RUNTEST 640 TCK;
SDR 27 TDI (001ca306) TDO (00000003) ;
RUNTEST 640 TCK;
SDR 27 TDI (001ca706) TDO (00000003) ;
RUNTEST 640 TCK;
SDR 27 TDI (001caa06) TDO (00000003) ;
RUNTEST 640 TCK;
SDR 27 TDI (001caf06) TDO (00000003) ;
RUNTEST 640 TCK;
SDR 27 TDI (001cb086) TDO (00000003) ;
RUNTEST 640 TCK;
SDR 27 TDI (001cc002) TDO (00000003) ;
RUNTEST 640 TCK;
SDR 27 TDI (001cc402) TDO (00000003) ;
RUNTEST 640 TCK;
SDR 27 TDI (001cc802) TDO (00000003) ;
RUNTEST 640 TCK;
SDR 27 TDI (001ccc06) TDO (00000003) ;
RUNTEST 640 TCK;
SDR 27 TDI (001cd006) TDO (00000003) ;
RUNTEST 640 TCK;
SDR 27 TDI (001d0382) TDO (00000003) ;
RUNTEST 640 TCK;
SDR 27 TDI (001d0602) TDO (00000003) ;
RUNTEST 640 TCK;
SDR 27 TDI (001d0b02) TDO (00000003) ;
RUNTEST 640 TCK;
SDR 27 TDI (001d0d02) TDO (00000003) ;
RUNTEST 640 TCK;
SDR 27 TDI (001d1302) TDO (00000003) ;
RUNTEST 640 TCK;
SDR 27 TDI (001d2302) TDO (00000003) ;
RUNTEST 640 TCK;
SDR 27 TDI (001d2602) TDO (00000003) ;
RUNTEST 640 TCK;
SDR 27 TDI (001d2b02) TDO (00000003) ;
RUNTEST 640 TCK;
SDR 27 TDI (001d2f02) TDO (00000003) ;
RUNTEST 640 TCK;
SDR 27 TDI (001d3002) TDO (00000003) ;
RUNTEST 640 TCK;
SDR 27 TDI (001d4002) TDO (00000003) ;
RUNTEST 640 TCK;
SDR 27 TDI (001d4402) TDO (00000003) ;
RUNTEST 640 TCK;
SDR 27 TDI (001d4802) TDO (00000003) ;
RUNTEST 640 TCK;
SDR 27 TDI (001d4c02) TDO (00000003) ;
RUNTEST 640 TCK;
SDR 27 TDI (001d5002) TDO (00000003) ;
RUNTEST 640 TCK;
SDR 27 TDI (001d8202) TDO (00000003) ;
RUNTEST 640 TCK;
SDR 27 TDI (001d8782) TDO (00000003) ;
RUNTEST 640 TCK;
SDR 27 TDI (001d8b82) TDO (00000003) ;
RUNTEST 640 TCK;
SDR 27 TDI (001d8d82) TDO (00000003) ;
RUNTEST 640 TCK;
SDR 27 TDI (001d9302) TDO (00000003) ;
RUNTEST 640 TCK;
SDR 27 TDI (001da302) TDO (00000003) ;
RUNTEST 640 TCK;
SDR 27 TDI (001da702) TDO (00000003) ;
RUNTEST 640 TCK;
SDR 27 TDI (001daa02) TDO (00000003) ;
RUNTEST 640 TCK;
SDR 27 TDI (001daf02) TDO (00000003) ;
RUNTEST 640 TCK;
SDR 27 TDI (001db002) TDO (00000003) ;
RUNTEST 640 TCK;
SDR 27 TDI (001dc002) TDO (00000003) ;
RUNTEST 640 TCK;
SDR 27 TDI (001dc402) TDO (00000003) ;
RUNTEST 640 TCK;
SDR 27 TDI (001dc802) TDO (00000003) ;
RUNTEST 640 TCK;
SDR 27 TDI (001dcc02) TDO (00000003) ;
RUNTEST 640 TCK;
SDR 27 TDI (001dd002) TDO (00000003) ;
RUNTEST 640 TCK;
SDR 27 TDI (001e0202) TDO (00000003) ;
RUNTEST 640 TCK;
SDR 27 TDI (001e0702) TDO (00000003) ;
RUNTEST 640 TCK;
SDR 27 TDI (001e0b02) TDO (00000003) ;
RUNTEST 640 TCK;
SDR 27 TDI (001e0d02) TDO (00000003) ;
RUNTEST 640 TCK;
SDR 27 TDI (001e1302) TDO (00000003) ;
RUNTEST 640 TCK;
SDR 27 TDI (001e2302) TDO (00000003) ;
RUNTEST 640 TCK;
SDR 27 TDI (001e2602) TDO (00000003) ;
RUNTEST 640 TCK;
SDR 27 TDI (001e2b02) TDO (00000003) ;
RUNTEST 640 TCK;
SDR 27 TDI (001e2f02) TDO (00000003) ;
RUNTEST 640 TCK;
SDR 27 TDI (001e3002) TDO (00000003) ;
RUNTEST 640 TCK;
SDR 27 TDI (001e4002) TDO (00000003) ;
RUNTEST 640 TCK;
SDR 27 TDI (001e4402) TDO (00000003) ;
RUNTEST 640 TCK;
SDR 27 TDI (001e4802) TDO (00000003) ;
RUNTEST 640 TCK;
SDR 27 TDI (001e4c02) TDO (00000003) ;
RUNTEST 640 TCK;
SDR 27 TDI (001e5002) TDO (00000003) ;
RUNTEST 640 TCK;
SDR 27 TDI (001e8202) TDO (00000003) ;
RUNTEST 640 TCK;
SDR 27 TDI (001e8702) TDO (00000003) ;
RUNTEST 640 TCK;
SDR 27 TDI (001e8b02) TDO (00000003) ;
RUNTEST 640 TCK;
SDR 27 TDI (001e8f02) TDO (00000003) ;
RUNTEST 640 TCK;
SDR 27 TDI (001e9102) TDO (00000003) ;
RUNTEST 640 TCK;
SDR 27 TDI (001ea302) TDO (00000003) ;
RUNTEST 640 TCK;
SDR 27 TDI (001ea602) TDO (00000003) ;
RUNTEST 640 TCK;
SDR 27 TDI (001eab02) TDO (00000003) ;
RUNTEST 640 TCK;
SDR 27 TDI (001eaf02) TDO (00000003) ;
RUNTEST 640 TCK;
SDR 27 TDI (001eb002) TDO (00000003) ;
RUNTEST 640 TCK;
SDR 27 TDI (001ec002) TDO (00000003) ;
RUNTEST 640 TCK;
SDR 27 TDI (001ec402) TDO (00000003) ;
RUNTEST 640 TCK;
SDR 27 TDI (001ec802) TDO (00000003) ;
RUNTEST 640 TCK;
SDR 27 TDI (001ecc02) TDO (00000003) ;
RUNTEST 640 TCK;
SDR 27 TDI (001ed002) TDO (00000003) ;
RUNTEST 640 TCK;
SDR 27 TDI (001f030a) TDO (00000003) ;
RUNTEST 640 TCK;
SDR 27 TDI (001f0602) TDO (00000003) ;
RUNTEST 640 TCK;
SDR 27 TDI (001f0b02) TDO (00000003) ;
RUNTEST 640 TCK;
SDR 27 TDI (001f0d02) TDO (00000003) ;
RUNTEST 640 TCK;
SDR 27 TDI (001f1302) TDO (00000003) ;
RUNTEST 640 TCK;
SDR 27 TDI (001f2302) TDO (00000003) ;
RUNTEST 640 TCK;
SDR 27 TDI (001f2632) TDO (00000003) ;
RUNTEST 640 TCK;
SDR 27 TDI (001f2b02) TDO (00000003) ;
RUNTEST 640 TCK;
SDR 27 TDI (001f2f02) TDO (00000003) ;
RUNTEST 640 TCK;
SDR 27 TDI (001f3082) TDO (00000003) ;
RUNTEST 640 TCK;
SDR 27 TDI (001f4002) TDO (00000003) ;
RUNTEST 640 TCK;
SDR 27 TDI (001f4402) TDO (00000003) ;
RUNTEST 640 TCK;
SDR 27 TDI (001f4802) TDO (00000003) ;
RUNTEST 640 TCK;
SDR 27 TDI (001f4c02) TDO (00000003) ;
RUNTEST 640 TCK;
SDR 27 TDI (001f5002) TDO (00000003) ;
RUNTEST 640 TCK;
SDR 27 TDI (001f8302) TDO (00000003) ;
RUNTEST 640 TCK;
SDR 27 TDI (001f8702) TDO (00000003) ;
RUNTEST 640 TCK;
SDR 27 TDI (001f8b02) TDO (00000003) ;
RUNTEST 640 TCK;
SDR 27 TDI (001f8f02) TDO (00000003) ;
RUNTEST 640 TCK;
SDR 27 TDI (001f9342) TDO (00000003) ;
RUNTEST 640 TCK;
SDR 27 TDI (001fa302) TDO (00000003) ;
RUNTEST 640 TCK;
SDR 27 TDI (001fa702) TDO (00000003) ;
RUNTEST 640 TCK;
SDR 27 TDI (001fab02) TDO (00000003) ;
RUNTEST 640 TCK;
SDR 27 TDI (001faf02) TDO (00000003) ;
RUNTEST 640 TCK;
SDR 27 TDI (001fb002) TDO (00000003) ;
RUNTEST 640 TCK;
SDR 27 TDI (001fc002) TDO (00000003) ;
RUNTEST 640 TCK;
SDR 27 TDI (001fc402) TDO (00000003) ;
RUNTEST 640 TCK;
SDR 27 TDI (001fc802) TDO (00000003) ;
RUNTEST 640 TCK;
SDR 27 TDI (001fcc42) TDO (00000003) ;
RUNTEST 640 TCK;
SDR 27 TDI (001fd002) TDO (00000003) ;
RUNTEST 640 TCK;
SDR 27 TDI (00200302) TDO (00000003) ;
RUNTEST 640 TCK;
SDR 27 TDI (00200702) TDO (00000003) ;
RUNTEST 640 TCK;
SDR 27 TDI (00200b02) TDO (00000003) ;
RUNTEST 640 TCK;
SDR 27 TDI (00200f02) TDO (00000003) ;
RUNTEST 640 TCK;
SDR 27 TDI (00201102) TDO (00000003) ;
RUNTEST 640 TCK;
SDR 27 TDI (00202302) TDO (00000003) ;
RUNTEST 640 TCK;
SDR 27 TDI (00202702) TDO (00000003) ;
RUNTEST 640 TCK;
SDR 27 TDI (00202a02) TDO (00000003) ;
RUNTEST 640 TCK;
SDR 27 TDI (00202f02) TDO (00000003) ;
RUNTEST 640 TCK;
SDR 27 TDI (00203002) TDO (00000003) ;
RUNTEST 640 TCK;
SDR 27 TDI (00204002) TDO (00000003) ;
RUNTEST 640 TCK;
SDR 27 TDI (00204402) TDO (00000003) ;
RUNTEST 640 TCK;
SDR 27 TDI (00204802) TDO (00000003) ;
RUNTEST 640 TCK;
SDR 27 TDI (00204c02) TDO (00000003) ;
RUNTEST 640 TCK;
SDR 27 TDI (00205002) TDO (00000003) ;
RUNTEST 640 TCK;
SDR 27 TDI (00208302) TDO (00000003) ;
RUNTEST 640 TCK;
SDR 27 TDI (00208702) TDO (00000003) ;
RUNTEST 640 TCK;
SDR 27 TDI (00208b02) TDO (00000003) ;
RUNTEST 640 TCK;
SDR 27 TDI (00208f02) TDO (00000003) ;
RUNTEST 640 TCK;
SDR 27 TDI (00209302) TDO (00000003) ;
RUNTEST 640 TCK;
SDR 27 TDI (0020a302) TDO (00000003) ;
RUNTEST 640 TCK;
SDR 27 TDI (0020a702) TDO (00000003) ;
RUNTEST 640 TCK;
SDR 27 TDI (0020aa02) TDO (00000003) ;
RUNTEST 640 TCK;
SDR 27 TDI (0020af02) TDO (00000003) ;
RUNTEST 640 TCK;
SDR 27 TDI (0020b002) TDO (00000003) ;
RUNTEST 640 TCK;
SDR 27 TDI (0020c002) TDO (00000003) ;
RUNTEST 640 TCK;
SDR 27 TDI (0020c402) TDO (00000003) ;
RUNTEST 640 TCK;
SDR 27 TDI (0020c802) TDO (00000003) ;
RUNTEST 640 TCK;
SDR 27 TDI (0020cc02) TDO (00000003) ;
RUNTEST 640 TCK;
SDR 27 TDI (0020d002) TDO (00000003) ;
RUNTEST 640 TCK;
SDR 27 TDI (00210302) TDO (00000003) ;
RUNTEST 640 TCK;
SDR 27 TDI (00210702) TDO (00000003) ;
RUNTEST 640 TCK;
SDR 27 TDI (00210b02) TDO (00000003) ;
RUNTEST 640 TCK;
SDR 27 TDI (00210f02) TDO (00000003) ;
RUNTEST 640 TCK;
SDR 27 TDI (00211302) TDO (00000003) ;
RUNTEST 640 TCK;
SDR 27 TDI (00212302) TDO (00000003) ;
RUNTEST 640 TCK;
SDR 27 TDI (00212702) TDO (00000003) ;
RUNTEST 640 TCK;
SDR 27 TDI (00212b02) TDO (00000003) ;
RUNTEST 640 TCK;
SDR 27 TDI (00212f02) TDO (00000003) ;
RUNTEST 640 TCK;
SDR 27 TDI (00213002) TDO (00000003) ;
RUNTEST 640 TCK;
SDR 27 TDI (00214002) TDO (00000003) ;
RUNTEST 640 TCK;
SDR 27 TDI (00214402) TDO (00000003) ;
RUNTEST 640 TCK;
SDR 27 TDI (00214802) TDO (00000003) ;
RUNTEST 640 TCK;
SDR 27 TDI (00214c02) TDO (00000003) ;
RUNTEST 640 TCK;
SDR 27 TDI (00215002) TDO (00000003) ;
RUNTEST 640 TCK;
SDR 27 TDI (00218202) TDO (00000003) ;
RUNTEST 640 TCK;
SDR 27 TDI (00218602) TDO (00000003) ;
RUNTEST 640 TCK;
SDR 27 TDI (00218b02) TDO (00000003) ;
RUNTEST 640 TCK;
SDR 27 TDI (00218f02) TDO (00000003) ;
RUNTEST 640 TCK;
SDR 27 TDI (00219302) TDO (00000003) ;
RUNTEST 640 TCK;
SDR 27 TDI (0021a302) TDO (00000003) ;
RUNTEST 640 TCK;
SDR 27 TDI (0021a702) TDO (00000003) ;
RUNTEST 640 TCK;
SDR 27 TDI (0021ab02) TDO (00000003) ;
RUNTEST 640 TCK;
SDR 27 TDI (0021af02) TDO (00000003) ;
RUNTEST 640 TCK;
SDR 27 TDI (0021b002) TDO (00000003) ;
RUNTEST 640 TCK;
SDR 27 TDI (0021c002) TDO (00000003) ;
RUNTEST 640 TCK;
SDR 27 TDI (0021c402) TDO (00000003) ;
RUNTEST 640 TCK;
SDR 27 TDI (0021c802) TDO (00000003) ;
RUNTEST 640 TCK;
SDR 27 TDI (0021cc02) TDO (00000003) ;
RUNTEST 640 TCK;
SDR 27 TDI (0021d002) TDO (00000003) ;
RUNTEST 640 TCK;
SDR 27 TDI (00220302) TDO (00000003) ;
RUNTEST 640 TCK;
SDR 27 TDI (00220702) TDO (00000003) ;
RUNTEST 640 TCK;
SDR 27 TDI (00220b02) TDO (00000003) ;
RUNTEST 640 TCK;
SDR 27 TDI (00220f02) TDO (00000003) ;
RUNTEST 640 TCK;
SDR 27 TDI (00221302) TDO (00000003) ;
RUNTEST 640 TCK;
SDR 27 TDI (00222302) TDO (00000003) ;
RUNTEST 640 TCK;
SDR 27 TDI (00222602) TDO (00000003) ;
RUNTEST 640 TCK;
SDR 27 TDI (00222b02) TDO (00000003) ;
RUNTEST 640 TCK;
SDR 27 TDI (00222f02) TDO (00000003) ;
RUNTEST 640 TCK;
SDR 27 TDI (00223002) TDO (00000003) ;
RUNTEST 640 TCK;
SDR 27 TDI (00224002) TDO (00000003) ;
RUNTEST 640 TCK;
SDR 27 TDI (00224402) TDO (00000003) ;
RUNTEST 640 TCK;
SDR 27 TDI (00224802) TDO (00000003) ;
RUNTEST 640 TCK;
SDR 27 TDI (00224c02) TDO (00000003) ;
RUNTEST 640 TCK;
SDR 27 TDI (00225002) TDO (00000003) ;
RUNTEST 640 TCK;
SDR 27 TDI (00228302) TDO (00000003) ;
RUNTEST 640 TCK;
SDR 27 TDI (00228702) TDO (00000003) ;
RUNTEST 640 TCK;
SDR 27 TDI (00228b02) TDO (00000003) ;
RUNTEST 640 TCK;
SDR 27 TDI (00228f02) TDO (00000003) ;
RUNTEST 640 TCK;
SDR 27 TDI (00229302) TDO (00000003) ;
RUNTEST 640 TCK;
SDR 27 TDI (0022a302) TDO (00000003) ;
RUNTEST 640 TCK;
SDR 27 TDI (0022a702) TDO (00000003) ;
RUNTEST 640 TCK;
SDR 27 TDI (0022ab02) TDO (00000003) ;
RUNTEST 640 TCK;
SDR 27 TDI (0022af02) TDO (00000003) ;
RUNTEST 640 TCK;
SDR 27 TDI (0022b002) TDO (00000003) ;
RUNTEST 640 TCK;
SDR 27 TDI (0022c002) TDO (00000003) ;
RUNTEST 640 TCK;
SDR 27 TDI (0022c402) TDO (00000003) ;
RUNTEST 640 TCK;
SDR 27 TDI (0022c802) TDO (00000003) ;
RUNTEST 640 TCK;
SDR 27 TDI (0022cc02) TDO (00000003) ;
RUNTEST 640 TCK;
SDR 27 TDI (0022d002) TDO (00000003) ;
RUNTEST 640 TCK;
SDR 27 TDI (00230302) TDO (00000003) ;
RUNTEST 640 TCK;
SDR 27 TDI (00230702) TDO (00000003) ;
RUNTEST 640 TCK;
SDR 27 TDI (00230b02) TDO (00000003) ;
RUNTEST 640 TCK;
SDR 27 TDI (00230f02) TDO (00000003) ;
RUNTEST 640 TCK;
SDR 27 TDI (00231302) TDO (00000003) ;
RUNTEST 640 TCK;
SDR 27 TDI (00232302) TDO (00000003) ;
RUNTEST 640 TCK;
SDR 27 TDI (00232702) TDO (00000003) ;
RUNTEST 640 TCK;
SDR 27 TDI (00232b02) TDO (00000003) ;
RUNTEST 640 TCK;
SDR 27 TDI (00232f02) TDO (00000003) ;
RUNTEST 640 TCK;
SDR 27 TDI (00233002) TDO (00000003) ;
RUNTEST 640 TCK;
SDR 27 TDI (00234002) TDO (00000003) ;
RUNTEST 640 TCK;
SDR 27 TDI (00234402) TDO (00000003) ;
RUNTEST 640 TCK;
SDR 27 TDI (00234802) TDO (00000003) ;
RUNTEST 640 TCK;
SDR 27 TDI (00234c02) TDO (00000003) ;
RUNTEST 640 TCK;
SDR 27 TDI (00235002) TDO (00000003) ;
RUNTEST 640 TCK;
SDR 27 TDI (00238302) TDO (00000003) ;
RUNTEST 640 TCK;
SDR 27 TDI (00238702) TDO (00000003) ;
RUNTEST 640 TCK;
SDR 27 TDI (00238b02) TDO (00000003) ;
RUNTEST 640 TCK;
SDR 27 TDI (00238f02) TDO (00000003) ;
RUNTEST 640 TCK;
SDR 27 TDI (00239302) TDO (00000003) ;
RUNTEST 640 TCK;
SDR 27 TDI (0023a302) TDO (00000003) ;
RUNTEST 640 TCK;
SDR 27 TDI (0023a702) TDO (00000003) ;
RUNTEST 640 TCK;
SDR 27 TDI (0023ab02) TDO (00000003) ;
RUNTEST 640 TCK;
SDR 27 TDI (0023af02) TDO (00000003) ;
RUNTEST 640 TCK;
SDR 27 TDI (0023b002) TDO (00000003) ;
RUNTEST 640 TCK;
SDR 27 TDI (0023c002) TDO (00000003) ;
RUNTEST 640 TCK;
SDR 27 TDI (0023c402) TDO (00000003) ;
RUNTEST 640 TCK;
SDR 27 TDI (0023c802) TDO (00000003) ;
RUNTEST 640 TCK;
SDR 27 TDI (0023cc02) TDO (00000003) ;
RUNTEST 640 TCK;
SDR 27 TDI (0023d002) TDO (00000003) ;
RUNTEST 640 TCK;
SDR 27 TDI (004003ce) TDO (00000003) ;
RUNTEST 640 TCK;
SDR 27 TDI (004005c6) TDO (00000003) ;
RUNTEST 640 TCK;
SDR 27 TDI (0040098e) TDO (00000003) ;
RUNTEST 640 TCK;
SDR 27 TDI (00400d92) TDO (00000003) ;
RUNTEST 640 TCK;
SDR 27 TDI (004011ca) TDO (00000003) ;
RUNTEST 640 TCK;
SDR 27 TDI (004023ce) TDO (00000003) ;
RUNTEST 640 TCK;
SDR 27 TDI (004025c6) TDO (00000003) ;
RUNTEST 640 TCK;
SDR 27 TDI (0040298e) TDO (00000003) ;
RUNTEST 640 TCK;
SDR 27 TDI (00402d92) TDO (00000003) ;
RUNTEST 640 TCK;
SDR 27 TDI (004031ca) TDO (00000003) ;
RUNTEST 640 TCK;
SDR 27 TDI (004043ce) TDO (00000003) ;
RUNTEST 640 TCK;
SDR 27 TDI (004045c6) TDO (00000003) ;
RUNTEST 640 TCK;
SDR 27 TDI (004049ae) TDO (00000003) ;
RUNTEST 640 TCK;
SDR 27 TDI (00404d92) TDO (00000003) ;
RUNTEST 640 TCK;
SDR 27 TDI (004051ca) TDO (00000003) ;
RUNTEST 640 TCK;
SDR 27 TDI (004063ce) TDO (00000003) ;
RUNTEST 640 TCK;
SDR 27 TDI (004065c6) TDO (00000003) ;
RUNTEST 640 TCK;
SDR 27 TDI (0040698e) TDO (00000003) ;
RUNTEST 640 TCK;
SDR 27 TDI (00406d92) TDO (00000003) ;
RUNTEST 640 TCK;
SDR 27 TDI (004071ca) TDO (00000003) ;
RUNTEST 640 TCK;
SDR 27 TDI (004083ce) TDO (00000003) ;
RUNTEST 640 TCK;
SDR 27 TDI (004085c6) TDO (00000003) ;
RUNTEST 640 TCK;
SDR 27 TDI (0040898e) TDO (00000003) ;
RUNTEST 640 TCK;
SDR 27 TDI (00408d92) TDO (00000003) ;
RUNTEST 640 TCK;
SDR 27 TDI (004091ca) TDO (00000003) ;
RUNTEST 640 TCK;
SDR 27 TDI (0040a3ce) TDO (00000003) ;
RUNTEST 640 TCK;
SDR 27 TDI (0040a5c6) TDO (00000003) ;
RUNTEST 640 TCK;
SDR 27 TDI (0040a98e) TDO (00000003) ;
RUNTEST 640 TCK;
SDR 27 TDI (0040adb2) TDO (00000003) ;
RUNTEST 640 TCK;
SDR 27 TDI (0040b1ca) TDO (00000003) ;
RUNTEST 640 TCK;
SDR 27 TDI (0040c3ce) TDO (00000003) ;
RUNTEST 640 TCK;
SDR 27 TDI (0040c5c6) TDO (00000003) ;
RUNTEST 640 TCK;
SDR 27 TDI (0040c98e) TDO (00000003) ;
RUNTEST 640 TCK;
SDR 27 TDI (0040cd96) TDO (00000003) ;
RUNTEST 640 TCK;
SDR 27 TDI (0040d1ca) TDO (00000003) ;
RUNTEST 640 TCK;
SDR 27 TDI (0040e3ce) TDO (00000003) ;
RUNTEST 640 TCK;
SDR 27 TDI (0040e5c6) TDO (00000003) ;
RUNTEST 640 TCK;
SDR 27 TDI (0040e98e) TDO (00000003) ;
RUNTEST 640 TCK;
SDR 27 TDI (0040ed92) TDO (00000003) ;
RUNTEST 640 TCK;
SDR 27 TDI (0040f1ca) TDO (00000003) ;
RUNTEST 640 TCK;
SDR 27 TDI (004103ce) TDO (00000003) ;
RUNTEST 640 TCK;
SDR 27 TDI (004105d6) TDO (00000003) ;
RUNTEST 640 TCK;
SDR 27 TDI (0041098e) TDO (00000003) ;
RUNTEST 640 TCK;
SDR 27 TDI (00410d92) TDO (00000003) ;
RUNTEST 640 TCK;
SDR 27 TDI (004111ca) TDO (00000003) ;
RUNTEST 640 TCK;
SDR 27 TDI (004123ce) TDO (00000003) ;
RUNTEST 640 TCK;
SDR 27 TDI (004125e6) TDO (00000003) ;
RUNTEST 640 TCK;
SDR 27 TDI (0041298e) TDO (00000003) ;
RUNTEST 640 TCK;
SDR 27 TDI (00412d92) TDO (00000003) ;
RUNTEST 640 TCK;
SDR 27 TDI (004131ca) TDO (00000003) ;
RUNTEST 640 TCK;
SDR 27 TDI (004143ce) TDO (00000003) ;
RUNTEST 640 TCK;
SDR 27 TDI (004145c6) TDO (00000003) ;
RUNTEST 640 TCK;
SDR 27 TDI (0041498e) TDO (00000003) ;
RUNTEST 640 TCK;
SDR 27 TDI (00414d92) TDO (00000003) ;
RUNTEST 640 TCK;
SDR 27 TDI (004151ca) TDO (00000003) ;
RUNTEST 640 TCK;
SDR 27 TDI (004163ce) TDO (00000003) ;
RUNTEST 640 TCK;
SDR 27 TDI (004165c6) TDO (00000003) ;
RUNTEST 640 TCK;
SDR 27 TDI (0041698e) TDO (00000003) ;
RUNTEST 640 TCK;
SDR 27 TDI (00416d92) TDO (00000003) ;
RUNTEST 640 TCK;
SDR 27 TDI (004171ca) TDO (00000003) ;
RUNTEST 640 TCK;
SDR 27 TDI (004183ce) TDO (00000003) ;
RUNTEST 640 TCK;
SDR 27 TDI (004185c6) TDO (00000003) ;
RUNTEST 640 TCK;
SDR 27 TDI (004189ce) TDO (00000003) ;
RUNTEST 640 TCK;
SDR 27 TDI (00418d92) TDO (00000003) ;
RUNTEST 640 TCK;
SDR 27 TDI (004191ca) TDO (00000003) ;
RUNTEST 640 TCK;
SDR 27 TDI (0041a3ce) TDO (00000003) ;
RUNTEST 640 TCK;
SDR 27 TDI (0041a5c6) TDO (00000003) ;
RUNTEST 640 TCK;
SDR 27 TDI (0041a98e) TDO (00000003) ;
RUNTEST 640 TCK;
SDR 27 TDI (0041ad92) TDO (00000003) ;
RUNTEST 640 TCK;
SDR 27 TDI (0041b1ca) TDO (00000003) ;
RUNTEST 640 TCK;
SDR 27 TDI (0041c3ce) TDO (00000003) ;
RUNTEST 640 TCK;
SDR 27 TDI (0041c5c6) TDO (00000003) ;
RUNTEST 640 TCK;
SDR 27 TDI (0041c98e) TDO (00000003) ;
RUNTEST 640 TCK;
SDR 27 TDI (0041cd92) TDO (00000003) ;
RUNTEST 640 TCK;
SDR 27 TDI (0041d1ea) TDO (00000003) ;
RUNTEST 640 TCK;
SDR 27 TDI (0041e3ce) TDO (00000003) ;
RUNTEST 640 TCK;
SDR 27 TDI (0041e5c6) TDO (00000003) ;
RUNTEST 640 TCK;
SDR 27 TDI (0041e98e) TDO (00000003) ;
RUNTEST 640 TCK;
SDR 27 TDI (0041ed92) TDO (00000003) ;
RUNTEST 640 TCK;
SDR 27 TDI (0041f1ca) TDO (00000003) ;
RUNTEST 640 TCK;
SDR 27 TDI (004203de) TDO (00000003) ;
RUNTEST 640 TCK;
SDR 27 TDI (004205c6) TDO (00000003) ;
RUNTEST 640 TCK;
SDR 27 TDI (0042098e) TDO (00000003) ;
RUNTEST 640 TCK;
SDR 27 TDI (00420d92) TDO (00000003) ;
RUNTEST 640 TCK;
SDR 27 TDI (004211ca) TDO (00000003) ;
RUNTEST 640 TCK;
SDR 27 TDI (004223ce) TDO (00000003) ;
RUNTEST 640 TCK;
SDR 27 TDI (004225c6) TDO (00000003) ;
RUNTEST 640 TCK;
SDR 27 TDI (0042298e) TDO (00000003) ;
RUNTEST 640 TCK;
SDR 27 TDI (00422d92) TDO (00000003) ;
RUNTEST 640 TCK;
SDR 27 TDI (004231ca) TDO (00000003) ;
RUNTEST 640 TCK;
SDR 27 TDI (004403ce) TDO (00000003) ;
RUNTEST 640 TCK;
SDR 27 TDI (004405c6) TDO (00000003) ;
RUNTEST 640 TCK;
SDR 27 TDI (0044098e) TDO (00000003) ;
RUNTEST 640 TCK;
SDR 27 TDI (00440d92) TDO (00000003) ;
RUNTEST 640 TCK;
SDR 27 TDI (004411ca) TDO (00000003) ;
RUNTEST 640 TCK;
SDR 27 TDI (004423ce) TDO (00000003) ;
RUNTEST 640 TCK;
SDR 27 TDI (004425c6) TDO (00000003) ;
RUNTEST 640 TCK;
SDR 27 TDI (0044298e) TDO (00000003) ;
RUNTEST 640 TCK;
SDR 27 TDI (00442d92) TDO (00000003) ;
RUNTEST 640 TCK;
SDR 27 TDI (004431ca) TDO (00000003) ;
RUNTEST 640 TCK;
SDR 27 TDI (004443ce) TDO (00000003) ;
RUNTEST 640 TCK;
SDR 27 TDI (004445c6) TDO (00000003) ;
RUNTEST 640 TCK;
SDR 27 TDI (0044498e) TDO (00000003) ;
RUNTEST 640 TCK;
SDR 27 TDI (00444d92) TDO (00000003) ;
RUNTEST 640 TCK;
SDR 27 TDI (004451ca) TDO (00000003) ;
RUNTEST 640 TCK;
SDR 27 TDI (004463ce) TDO (00000003) ;
RUNTEST 640 TCK;
SDR 27 TDI (004465c6) TDO (00000003) ;
RUNTEST 640 TCK;
SDR 27 TDI (0044698e) TDO (00000003) ;
RUNTEST 640 TCK;
SDR 27 TDI (00446d92) TDO (00000003) ;
RUNTEST 640 TCK;
SDR 27 TDI (004471ca) TDO (00000003) ;
RUNTEST 640 TCK;
SDR 27 TDI (004483ce) TDO (00000003) ;
RUNTEST 640 TCK;
SDR 27 TDI (004485c6) TDO (00000003) ;
RUNTEST 640 TCK;
SDR 27 TDI (0044898e) TDO (00000003) ;
RUNTEST 640 TCK;
SDR 27 TDI (00448d9a) TDO (00000003) ;
RUNTEST 640 TCK;
SDR 27 TDI (004491ca) TDO (00000003) ;
RUNTEST 640 TCK;
SDR 27 TDI (0044a3ce) TDO (00000003) ;
RUNTEST 640 TCK;
SDR 27 TDI (0044a5c6) TDO (00000003) ;
RUNTEST 640 TCK;
SDR 27 TDI (0044a99e) TDO (00000003) ;
RUNTEST 640 TCK;
SDR 27 TDI (0044ad92) TDO (00000003) ;
RUNTEST 640 TCK;
SDR 27 TDI (0044b1ca) TDO (00000003) ;
RUNTEST 640 TCK;
SDR 27 TDI (0044c3ce) TDO (00000003) ;
RUNTEST 640 TCK;
SDR 27 TDI (0044c5c6) TDO (00000003) ;
RUNTEST 640 TCK;
SDR 27 TDI (0044c98e) TDO (00000003) ;
RUNTEST 640 TCK;
SDR 27 TDI (0044cd92) TDO (00000003) ;
RUNTEST 640 TCK;
SDR 27 TDI (0044d1ca) TDO (00000003) ;
RUNTEST 640 TCK;
SDR 27 TDI (0044e3ce) TDO (00000003) ;
RUNTEST 640 TCK;
SDR 27 TDI (0044e5c6) TDO (00000003) ;
RUNTEST 640 TCK;
SDR 27 TDI (0044e98e) TDO (00000003) ;
RUNTEST 640 TCK;
SDR 27 TDI (0044ed92) TDO (00000003) ;
RUNTEST 640 TCK;
SDR 27 TDI (0044f1ca) TDO (00000003) ;
RUNTEST 640 TCK;
SDR 27 TDI (004503ee) TDO (00000003) ;
RUNTEST 640 TCK;
SDR 27 TDI (004505c6) TDO (00000003) ;
RUNTEST 640 TCK;
SDR 27 TDI (0045098e) TDO (00000003) ;
RUNTEST 640 TCK;
SDR 27 TDI (00450d92) TDO (00000003) ;
RUNTEST 640 TCK;
SDR 27 TDI (004511ca) TDO (00000003) ;
RUNTEST 640 TCK;
SDR 27 TDI (004523ce) TDO (00000003) ;
RUNTEST 640 TCK;
SDR 27 TDI (004525c6) TDO (00000003) ;
RUNTEST 640 TCK;
SDR 27 TDI (0045298e) TDO (00000003) ;
RUNTEST 640 TCK;
SDR 27 TDI (00452d92) TDO (00000003) ;
RUNTEST 640 TCK;
SDR 27 TDI (004531ca) TDO (00000003) ;
RUNTEST 640 TCK;
SDR 27 TDI (004543ce) TDO (00000003) ;
RUNTEST 640 TCK;
SDR 27 TDI (004545ce) TDO (00000003) ;
RUNTEST 640 TCK;
SDR 27 TDI (0045498e) TDO (00000003) ;
RUNTEST 640 TCK;
SDR 27 TDI (00454d92) TDO (00000003) ;
RUNTEST 640 TCK;
SDR 27 TDI (004551ca) TDO (00000003) ;
RUNTEST 640 TCK;
SDR 27 TDI (004563ce) TDO (00000003) ;
RUNTEST 640 TCK;
SDR 27 TDI (004565c6) TDO (00000003) ;
RUNTEST 640 TCK;
SDR 27 TDI (0045698e) TDO (00000003) ;
RUNTEST 640 TCK;
SDR 27 TDI (00456d92) TDO (00000003) ;
RUNTEST 640 TCK;
SDR 27 TDI (004571ca) TDO (00000003) ;
RUNTEST 640 TCK;
SDR 27 TDI (004583ce) TDO (00000003) ;
RUNTEST 640 TCK;
SDR 27 TDI (004585c6) TDO (00000003) ;
RUNTEST 640 TCK;
SDR 27 TDI (0045898e) TDO (00000003) ;
RUNTEST 640 TCK;
SDR 27 TDI (00458d92) TDO (00000003) ;
RUNTEST 640 TCK;
SDR 27 TDI (004591ce) TDO (00000003) ;
RUNTEST 640 TCK;
SDR 27 TDI (0045a3ce) TDO (00000003) ;
RUNTEST 640 TCK;
SDR 27 TDI (0045a5c6) TDO (00000003) ;
RUNTEST 640 TCK;
SDR 27 TDI (0045a98e) TDO (00000003) ;
RUNTEST 640 TCK;
SDR 27 TDI (0045ad92) TDO (00000003) ;
RUNTEST 640 TCK;
SDR 27 TDI (0045b1ca) TDO (00000003) ;
RUNTEST 640 TCK;
SDR 27 TDI (0045c3ce) TDO (00000003) ;
RUNTEST 640 TCK;
SDR 27 TDI (0045c5c6) TDO (00000003) ;
RUNTEST 640 TCK;
SDR 27 TDI (0045c98e) TDO (00000003) ;
RUNTEST 640 TCK;
SDR 27 TDI (0045cdd2) TDO (00000003) ;
RUNTEST 640 TCK;
SDR 27 TDI (0045d1ca) TDO (00000003) ;
RUNTEST 640 TCK;
SDR 27 TDI (0045e3ce) TDO (00000003) ;
RUNTEST 640 TCK;
SDR 27 TDI (0045e5c6) TDO (00000003) ;
RUNTEST 640 TCK;
SDR 27 TDI (0045e98e) TDO (00000003) ;
RUNTEST 640 TCK;
SDR 27 TDI (0045ed92) TDO (00000003) ;
RUNTEST 640 TCK;
SDR 27 TDI (0045f1ca) TDO (00000003) ;
RUNTEST 640 TCK;
SDR 27 TDI (004603ce) TDO (00000003) ;
RUNTEST 640 TCK;
SDR 27 TDI (004605c6) TDO (00000003) ;
RUNTEST 640 TCK;
SDR 27 TDI (0046098e) TDO (00000003) ;
RUNTEST 640 TCK;
SDR 27 TDI (00460d92) TDO (00000003) ;
RUNTEST 640 TCK;
SDR 27 TDI (004611ca) TDO (00000003) ;
RUNTEST 640 TCK;
SDR 27 TDI (004623ce) TDO (00000003) ;
RUNTEST 640 TCK;
SDR 27 TDI (004625c6) TDO (00000003) ;
RUNTEST 640 TCK;
SDR 27 TDI (0046298e) TDO (00000003) ;
RUNTEST 640 TCK;
SDR 27 TDI (00462d92) TDO (00000003) ;
RUNTEST 640 TCK;
SDR 27 TDI (004631da) TDO (00000003) ;
RUNTEST 640 TCK;
SDR 27 TDI (008003be) TDO (00000003) ;
RUNTEST 640 TCK;
SDR 27 TDI (008007fe) TDO (00000003) ;
RUNTEST 640 TCK;
SDR 27 TDI (00800b02) TDO (00000003) ;
RUNTEST 640 TCK;
SDR 27 TDI (00800f02) TDO (00000003) ;
RUNTEST 640 TCK;
SDR 27 TDI (00801302) TDO (00000003) ;
RUNTEST 640 TCK;
SDR 27 TDI (008023da) TDO (00000003) ;
RUNTEST 640 TCK;
SDR 27 TDI (00802752) TDO (00000003) ;
RUNTEST 640 TCK;
SDR 27 TDI (00802b02) TDO (00000003) ;
RUNTEST 640 TCK;
SDR 27 TDI (00802f02) TDO (00000003) ;
RUNTEST 640 TCK;
SDR 27 TDI (00803002) TDO (00000003) ;
RUNTEST 640 TCK;
SDR 27 TDI (008040ba) TDO (00000003) ;
RUNTEST 640 TCK;
SDR 27 TDI (008044ba) TDO (00000003) ;
RUNTEST 640 TCK;
SDR 27 TDI (00804882) TDO (00000003) ;
RUNTEST 640 TCK;
SDR 27 TDI (00804c02) TDO (00000003) ;
RUNTEST 640 TCK;
SDR 27 TDI (00805002) TDO (00000003) ;
RUNTEST 640 TCK;
SDR 27 TDI (00808342) TDO (00000003) ;
RUNTEST 640 TCK;
SDR 27 TDI (00808702) TDO (00000003) ;
RUNTEST 640 TCK;
SDR 27 TDI (00808b02) TDO (00000003) ;
RUNTEST 640 TCK;
SDR 27 TDI (00808f02) TDO (00000003) ;
RUNTEST 640 TCK;
SDR 27 TDI (00809302) TDO (00000003) ;
RUNTEST 640 TCK;
SDR 27 TDI (0080a302) TDO (00000003) ;
RUNTEST 640 TCK;
SDR 27 TDI (0080a7a2) TDO (00000003) ;
RUNTEST 640 TCK;
SDR 27 TDI (0080ab82) TDO (00000003) ;
RUNTEST 640 TCK;
SDR 27 TDI (0080af02) TDO (00000003) ;
RUNTEST 640 TCK;
SDR 27 TDI (0080b002) TDO (00000003) ;
RUNTEST 640 TCK;
SDR 27 TDI (0080c002) TDO (00000003) ;
RUNTEST 640 TCK;
SDR 27 TDI (0080c402) TDO (00000003) ;
RUNTEST 640 TCK;
SDR 27 TDI (0080c802) TDO (00000003) ;
RUNTEST 640 TCK;
SDR 27 TDI (0080cc82) TDO (00000003) ;
RUNTEST 640 TCK;
SDR 27 TDI (0080d002) TDO (00000003) ;
RUNTEST 640 TCK;
SDR 27 TDI (00810302) TDO (00000003) ;
RUNTEST 640 TCK;
SDR 27 TDI (0081073a) TDO (00000003) ;
RUNTEST 640 TCK;
SDR 27 TDI (00810b02) TDO (00000003) ;
RUNTEST 640 TCK;
SDR 27 TDI (00810f02) TDO (00000003) ;
RUNTEST 640 TCK;
SDR 27 TDI (00811302) TDO (00000003) ;
RUNTEST 640 TCK;
SDR 27 TDI (00812302) TDO (00000003) ;
RUNTEST 640 TCK;
SDR 27 TDI (00812712) TDO (00000003) ;
RUNTEST 640 TCK;
SDR 27 TDI (00812b02) TDO (00000003) ;
RUNTEST 640 TCK;
SDR 27 TDI (00812f02) TDO (00000003) ;
RUNTEST 640 TCK;
SDR 27 TDI (00813002) TDO (00000003) ;
RUNTEST 640 TCK;
SDR 27 TDI (00814002) TDO (00000003) ;
RUNTEST 640 TCK;
SDR 27 TDI (00814402) TDO (00000003) ;
RUNTEST 640 TCK;
SDR 27 TDI (00814802) TDO (00000003) ;
RUNTEST 640 TCK;
SDR 27 TDI (00814c02) TDO (00000003) ;
RUNTEST 640 TCK;
SDR 27 TDI (00815002) TDO (00000003) ;
RUNTEST 640 TCK;
SDR 27 TDI (00818302) TDO (00000003) ;
RUNTEST 640 TCK;
SDR 27 TDI (00818786) TDO (00000003) ;
RUNTEST 640 TCK;
SDR 27 TDI (00818b02) TDO (00000003) ;
RUNTEST 640 TCK;
SDR 27 TDI (00818f02) TDO (00000003) ;
RUNTEST 640 TCK;
SDR 27 TDI (00819302) TDO (00000003) ;
RUNTEST 640 TCK;
SDR 27 TDI (0081a302) TDO (00000003) ;
RUNTEST 640 TCK;
SDR 27 TDI (0081a742) TDO (00000003) ;
RUNTEST 640 TCK;
SDR 27 TDI (0081ab02) TDO (00000003) ;
RUNTEST 640 TCK;
SDR 27 TDI (0081af02) TDO (00000003) ;
RUNTEST 640 TCK;
SDR 27 TDI (0081b002) TDO (00000003) ;
RUNTEST 640 TCK;
SDR 27 TDI (0081c002) TDO (00000003) ;
RUNTEST 640 TCK;
SDR 27 TDI (0081c422) TDO (00000003) ;
RUNTEST 640 TCK;
SDR 27 TDI (0081c802) TDO (00000003) ;
RUNTEST 640 TCK;
SDR 27 TDI (0081cc02) TDO (00000003) ;
RUNTEST 640 TCK;
SDR 27 TDI (0081d002) TDO (00000003) ;
RUNTEST 640 TCK;
SDR 27 TDI (00820302) TDO (00000003) ;
RUNTEST 640 TCK;
SDR 27 TDI (0082071a) TDO (00000003) ;
RUNTEST 640 TCK;
SDR 27 TDI (00820b02) TDO (00000003) ;
RUNTEST 640 TCK;
SDR 27 TDI (00820f02) TDO (00000003) ;
RUNTEST 640 TCK;
SDR 27 TDI (00821302) TDO (00000003) ;
RUNTEST 640 TCK;
SDR 27 TDI (00822302) TDO (00000003) ;
RUNTEST 640 TCK;
SDR 27 TDI (00822742) TDO (00000003) ;
RUNTEST 640 TCK;
SDR 27 TDI (00822b02) TDO (00000003) ;
RUNTEST 640 TCK;
SDR 27 TDI (00822f02) TDO (00000003) ;
RUNTEST 640 TCK;
SDR 27 TDI (00823002) TDO (00000003) ;
RUNTEST 640 TCK;
SDR 27 TDI (00824002) TDO (00000003) ;
RUNTEST 640 TCK;
SDR 27 TDI (00824422) TDO (00000003) ;
RUNTEST 640 TCK;
SDR 27 TDI (00824802) TDO (00000003) ;
RUNTEST 640 TCK;
SDR 27 TDI (00824c02) TDO (00000003) ;
RUNTEST 640 TCK;
SDR 27 TDI (00825002) TDO (00000003) ;
RUNTEST 640 TCK;
SDR 27 TDI (00828302) TDO (00000003) ;
RUNTEST 640 TCK;
SDR 27 TDI (008287a6) TDO (00000003) ;
RUNTEST 640 TCK;
SDR 27 TDI (00828b02) TDO (00000003) ;
RUNTEST 640 TCK;
SDR 27 TDI (00828f02) TDO (00000003) ;
RUNTEST 640 TCK;
SDR 27 TDI (00829302) TDO (00000003) ;
RUNTEST 640 TCK;
SDR 27 TDI (0082a302) TDO (00000003) ;
RUNTEST 640 TCK;
SDR 27 TDI (0082a712) TDO (00000003) ;
RUNTEST 640 TCK;
SDR 27 TDI (0082ab02) TDO (00000003) ;
RUNTEST 640 TCK;
SDR 27 TDI (0082af02) TDO (00000003) ;
RUNTEST 640 TCK;
SDR 27 TDI (0082b002) TDO (00000003) ;
RUNTEST 640 TCK;
SDR 27 TDI (0082c002) TDO (00000003) ;
RUNTEST 640 TCK;
SDR 27 TDI (0082c402) TDO (00000003) ;
RUNTEST 640 TCK;
SDR 27 TDI (0082c802) TDO (00000003) ;
RUNTEST 640 TCK;
SDR 27 TDI (0082cc02) TDO (00000003) ;
RUNTEST 640 TCK;
SDR 27 TDI (0082d002) TDO (00000003) ;
RUNTEST 640 TCK;
SDR 27 TDI (00830322) TDO (00000003) ;
RUNTEST 640 TCK;
SDR 27 TDI (00830702) TDO (00000003) ;
RUNTEST 640 TCK;
SDR 27 TDI (00830b02) TDO (00000003) ;
RUNTEST 640 TCK;
SDR 27 TDI (00830f02) TDO (00000003) ;
RUNTEST 640 TCK;
SDR 27 TDI (00831302) TDO (00000003) ;
RUNTEST 640 TCK;
SDR 27 TDI (00832302) TDO (00000003) ;
RUNTEST 640 TCK;
SDR 27 TDI (00832702) TDO (00000003) ;
RUNTEST 640 TCK;
SDR 27 TDI (00832b02) TDO (00000003) ;
RUNTEST 640 TCK;
SDR 27 TDI (00832f02) TDO (00000003) ;
RUNTEST 640 TCK;
SDR 27 TDI (00833002) TDO (00000003) ;
RUNTEST 640 TCK;
SDR 27 TDI (00834002) TDO (00000003) ;
RUNTEST 640 TCK;
SDR 27 TDI (00834402) TDO (00000003) ;
RUNTEST 640 TCK;
SDR 27 TDI (00834802) TDO (00000003) ;
RUNTEST 640 TCK;
SDR 27 TDI (00834c02) TDO (00000003) ;
RUNTEST 640 TCK;
SDR 27 TDI (00835002) TDO (00000003) ;
RUNTEST 640 TCK;
SDR 27 TDI (00838302) TDO (00000003) ;
RUNTEST 640 TCK;
SDR 27 TDI (00838722) TDO (00000003) ;
RUNTEST 640 TCK;
SDR 27 TDI (00838b02) TDO (00000003) ;
RUNTEST 640 TCK;
SDR 27 TDI (00838f02) TDO (00000003) ;
RUNTEST 640 TCK;
SDR 27 TDI (00839302) TDO (00000003) ;
RUNTEST 640 TCK;
SDR 27 TDI (0083a302) TDO (00000003) ;
RUNTEST 640 TCK;
SDR 27 TDI (0083a702) TDO (00000003) ;
RUNTEST 640 TCK;
SDR 27 TDI (0083ab02) TDO (00000003) ;
RUNTEST 640 TCK;
SDR 27 TDI (0083af02) TDO (00000003) ;
RUNTEST 640 TCK;
SDR 27 TDI (0083b002) TDO (00000003) ;
RUNTEST 640 TCK;
SDR 27 TDI (0083c002) TDO (00000003) ;
RUNTEST 640 TCK;
SDR 27 TDI (0083c402) TDO (00000003) ;
RUNTEST 640 TCK;
SDR 27 TDI (0083c802) TDO (00000003) ;
RUNTEST 640 TCK;
SDR 27 TDI (0083cc02) TDO (00000003) ;
RUNTEST 640 TCK;
SDR 27 TDI (0083d002) TDO (00000003) ;
RUNTEST 640 TCK;
SDR 27 TDI (00840302) TDO (00000003) ;
RUNTEST 640 TCK;
SDR 27 TDI (0084078a) TDO (00000003) ;
RUNTEST 640 TCK;
SDR 27 TDI (00840b02) TDO (00000003) ;
RUNTEST 640 TCK;
SDR 27 TDI (00840f02) TDO (00000003) ;
RUNTEST 640 TCK;
SDR 27 TDI (00841302) TDO (00000003) ;
RUNTEST 640 TCK;
SDR 27 TDI (00842302) TDO (00000003) ;
RUNTEST 640 TCK;
SDR 27 TDI (00842712) TDO (00000003) ;
RUNTEST 640 TCK;
SDR 27 TDI (00842b02) TDO (00000003) ;
RUNTEST 640 TCK;
SDR 27 TDI (00842f02) TDO (00000003) ;
RUNTEST 640 TCK;
SDR 27 TDI (00843002) TDO (00000003) ;
RUNTEST 640 TCK;
SDR 27 TDI (00844002) TDO (00000003) ;
RUNTEST 640 TCK;
SDR 27 TDI (00844422) TDO (00000003) ;
RUNTEST 640 TCK;
SDR 27 TDI (00844802) TDO (00000003) ;
RUNTEST 640 TCK;
SDR 27 TDI (00844c02) TDO (00000003) ;
RUNTEST 640 TCK;
SDR 27 TDI (00845002) TDO (00000003) ;
RUNTEST 640 TCK;
SDR 27 TDI (00848302) TDO (00000003) ;
RUNTEST 640 TCK;
SDR 27 TDI (00848736) TDO (00000003) ;
RUNTEST 640 TCK;
SDR 27 TDI (00848b02) TDO (00000003) ;
RUNTEST 640 TCK;
SDR 27 TDI (00848f02) TDO (00000003) ;
RUNTEST 640 TCK;
SDR 27 TDI (00849302) TDO (00000003) ;
RUNTEST 640 TCK;
SDR 27 TDI (0084a302) TDO (00000003) ;
RUNTEST 640 TCK;
SDR 27 TDI (0084a742) TDO (00000003) ;
RUNTEST 640 TCK;
SDR 27 TDI (0084ab02) TDO (00000003) ;
RUNTEST 640 TCK;
SDR 27 TDI (0084af02) TDO (00000003) ;
RUNTEST 640 TCK;
SDR 27 TDI (0084b002) TDO (00000003) ;
RUNTEST 640 TCK;
SDR 27 TDI (0084c002) TDO (00000003) ;
RUNTEST 640 TCK;
SDR 27 TDI (0084c402) TDO (00000003) ;
RUNTEST 640 TCK;
SDR 27 TDI (0084c802) TDO (00000003) ;
RUNTEST 640 TCK;
SDR 27 TDI (0084cc02) TDO (00000003) ;
RUNTEST 640 TCK;
SDR 27 TDI (0084d002) TDO (00000003) ;
RUNTEST 640 TCK;
SDR 27 TDI (00850302) TDO (00000003) ;
RUNTEST 640 TCK;
SDR 27 TDI (00850702) TDO (00000003) ;
RUNTEST 640 TCK;
SDR 27 TDI (00850b02) TDO (00000003) ;
RUNTEST 640 TCK;
SDR 27 TDI (00850f02) TDO (00000003) ;
RUNTEST 640 TCK;
SDR 27 TDI (00851302) TDO (00000003) ;
RUNTEST 640 TCK;
SDR 27 TDI (00852302) TDO (00000003) ;
RUNTEST 640 TCK;
SDR 27 TDI (00852702) TDO (00000003) ;
RUNTEST 640 TCK;
SDR 27 TDI (00852b02) TDO (00000003) ;
RUNTEST 640 TCK;
SDR 27 TDI (00852f02) TDO (00000003) ;
RUNTEST 640 TCK;
SDR 27 TDI (00853002) TDO (00000003) ;
RUNTEST 640 TCK;
SDR 27 TDI (00854002) TDO (00000003) ;
RUNTEST 640 TCK;
SDR 27 TDI (00854402) TDO (00000003) ;
RUNTEST 640 TCK;
SDR 27 TDI (00854802) TDO (00000003) ;
RUNTEST 640 TCK;
SDR 27 TDI (00854c02) TDO (00000003) ;
RUNTEST 640 TCK;
SDR 27 TDI (00855002) TDO (00000003) ;
RUNTEST 640 TCK;
SDR 27 TDI (00858302) TDO (00000003) ;
RUNTEST 640 TCK;
SDR 27 TDI (00858702) TDO (00000003) ;
RUNTEST 640 TCK;
SDR 27 TDI (00858b02) TDO (00000003) ;
RUNTEST 640 TCK;
SDR 27 TDI (00858f02) TDO (00000003) ;
RUNTEST 640 TCK;
SDR 27 TDI (00859302) TDO (00000003) ;
RUNTEST 640 TCK;
SDR 27 TDI (0085a302) TDO (00000003) ;
RUNTEST 640 TCK;
SDR 27 TDI (0085a782) TDO (00000003) ;
RUNTEST 640 TCK;
SDR 27 TDI (0085ab02) TDO (00000003) ;
RUNTEST 640 TCK;
SDR 27 TDI (0085af02) TDO (00000003) ;
RUNTEST 640 TCK;
SDR 27 TDI (0085b002) TDO (00000003) ;
RUNTEST 640 TCK;
SDR 27 TDI (0085c002) TDO (00000003) ;
RUNTEST 640 TCK;
SDR 27 TDI (0085c402) TDO (00000003) ;
RUNTEST 640 TCK;
SDR 27 TDI (0085c802) TDO (00000003) ;
RUNTEST 640 TCK;
SDR 27 TDI (0085cc82) TDO (00000003) ;
RUNTEST 640 TCK;
SDR 27 TDI (0085d002) TDO (00000003) ;
RUNTEST 640 TCK;
SDR 27 TDI (00860002) TDO (00000003) ;
RUNTEST 640 TCK;
SDR 27 TDI (00860502) TDO (00000003) ;
RUNTEST 640 TCK;
SDR 27 TDI (00860902) TDO (00000003) ;
RUNTEST 640 TCK;
SDR 27 TDI (00860c02) TDO (00000003) ;
RUNTEST 640 TCK;
SDR 27 TDI (00861002) TDO (00000003) ;
RUNTEST 640 TCK;
SDR 27 TDI (00862012) TDO (00000003) ;
RUNTEST 640 TCK;
SDR 27 TDI (00862402) TDO (00000003) ;
RUNTEST 640 TCK;
SDR 27 TDI (00862802) TDO (00000003) ;
RUNTEST 640 TCK;
SDR 27 TDI (00862c02) TDO (00000003) ;
RUNTEST 640 TCK;
SDR 27 TDI (00863002) TDO (00000003) ;
RUNTEST 640 TCK;
SDR 27 TDI (00864002) TDO (00000003) ;
RUNTEST 640 TCK;
SDR 27 TDI (00864402) TDO (00000003) ;
RUNTEST 640 TCK;
SDR 27 TDI (00864802) TDO (00000003) ;
RUNTEST 640 TCK;
SDR 27 TDI (00864c02) TDO (00000003) ;
RUNTEST 640 TCK;
SDR 27 TDI (00865002) TDO (00000003) ;
RUNTEST 640 TCK;
SDR 27 TDI (00868302) TDO (00000003) ;
RUNTEST 640 TCK;
SDR 27 TDI (00868702) TDO (00000003) ;
RUNTEST 640 TCK;
SDR 27 TDI (00868b02) TDO (00000003) ;
RUNTEST 640 TCK;
SDR 27 TDI (00868f02) TDO (00000003) ;
RUNTEST 640 TCK;
SDR 27 TDI (00869302) TDO (00000003) ;
RUNTEST 640 TCK;
SDR 27 TDI (0086a302) TDO (00000003) ;
RUNTEST 640 TCK;
SDR 27 TDI (0086a712) TDO (00000003) ;
RUNTEST 640 TCK;
SDR 27 TDI (0086ab02) TDO (00000003) ;
RUNTEST 640 TCK;
SDR 27 TDI (0086af02) TDO (00000003) ;
RUNTEST 640 TCK;
SDR 27 TDI (0086b002) TDO (00000003) ;
RUNTEST 640 TCK;
SDR 27 TDI (0086c002) TDO (00000003) ;
RUNTEST 640 TCK;
SDR 27 TDI (0086c402) TDO (00000003) ;
RUNTEST 640 TCK;
SDR 27 TDI (0086c802) TDO (00000003) ;
RUNTEST 640 TCK;
SDR 27 TDI (0086cc02) TDO (00000003) ;
RUNTEST 640 TCK;
SDR 27 TDI (0086d002) TDO (00000003) ;
RUNTEST 640 TCK;
SDR 27 TDI (00870002) TDO (00000003) ;
RUNTEST 640 TCK;
SDR 27 TDI (00870502) TDO (00000003) ;
RUNTEST 640 TCK;
SDR 27 TDI (00870902) TDO (00000003) ;
RUNTEST 640 TCK;
SDR 27 TDI (00870c02) TDO (00000003) ;
RUNTEST 640 TCK;
SDR 27 TDI (00871102) TDO (00000003) ;
RUNTEST 640 TCK;
SDR 27 TDI (00872002) TDO (00000003) ;
RUNTEST 640 TCK;
SDR 27 TDI (00872402) TDO (00000003) ;
RUNTEST 640 TCK;
SDR 27 TDI (00872802) TDO (00000003) ;
RUNTEST 640 TCK;
SDR 27 TDI (00872c02) TDO (00000003) ;
RUNTEST 640 TCK;
SDR 27 TDI (00873002) TDO (00000003) ;
RUNTEST 640 TCK;
SDR 27 TDI (00874002) TDO (00000003) ;
RUNTEST 640 TCK;
SDR 27 TDI (00874402) TDO (00000003) ;
RUNTEST 640 TCK;
SDR 27 TDI (00874802) TDO (00000003) ;
RUNTEST 640 TCK;
SDR 27 TDI (00874c82) TDO (00000003) ;
RUNTEST 640 TCK;
SDR 27 TDI (00875002) TDO (00000003) ;
RUNTEST 640 TCK;
SDR 27 TDI (00878302) TDO (00000003) ;
RUNTEST 640 TCK;
SDR 27 TDI (00878702) TDO (00000003) ;
RUNTEST 640 TCK;
SDR 27 TDI (00878b02) TDO (00000003) ;
RUNTEST 640 TCK;
SDR 27 TDI (00878f02) TDO (00000003) ;
RUNTEST 640 TCK;
SDR 27 TDI (00879302) TDO (00000003) ;
RUNTEST 640 TCK;
SDR 27 TDI (0087a302) TDO (00000003) ;
RUNTEST 640 TCK;
SDR 27 TDI (0087a702) TDO (00000003) ;
RUNTEST 640 TCK;
SDR 27 TDI (0087ab82) TDO (00000003) ;
RUNTEST 640 TCK;
SDR 27 TDI (0087af02) TDO (00000003) ;
RUNTEST 640 TCK;
SDR 27 TDI (0087b002) TDO (00000003) ;
RUNTEST 640 TCK;
SDR 27 TDI (0087c002) TDO (00000003) ;
RUNTEST 640 TCK;
SDR 27 TDI (0087c402) TDO (00000003) ;
RUNTEST 640 TCK;
SDR 27 TDI (0087c802) TDO (00000003) ;
RUNTEST 640 TCK;
SDR 27 TDI (0087cc02) TDO (00000003) ;
RUNTEST 640 TCK;
SDR 27 TDI (0087d002) TDO (00000003) ;
RUNTEST 640 TCK;
SDR 27 TDI (00880302) TDO (00000003) ;
RUNTEST 640 TCK;
SDR 27 TDI (00880702) TDO (00000003) ;
RUNTEST 640 TCK;
SDR 27 TDI (00880b02) TDO (00000003) ;
RUNTEST 640 TCK;
SDR 27 TDI (00880f02) TDO (00000003) ;
RUNTEST 640 TCK;
SDR 27 TDI (00881302) TDO (00000003) ;
RUNTEST 640 TCK;
SDR 27 TDI (00882302) TDO (00000003) ;
RUNTEST 640 TCK;
SDR 27 TDI (00882782) TDO (00000003) ;
RUNTEST 640 TCK;
SDR 27 TDI (00882982) TDO (00000003) ;
RUNTEST 640 TCK;
SDR 27 TDI (00882d02) TDO (00000003) ;
RUNTEST 640 TCK;
SDR 27 TDI (00883002) TDO (00000003) ;
RUNTEST 640 TCK;
SDR 27 TDI (00884002) TDO (00000003) ;
RUNTEST 640 TCK;
SDR 27 TDI (00884442) TDO (00000003) ;
RUNTEST 640 TCK;
SDR 27 TDI (00884802) TDO (00000003) ;
RUNTEST 640 TCK;
SDR 27 TDI (00884c02) TDO (00000003) ;
RUNTEST 640 TCK;
SDR 27 TDI (00885002) TDO (00000003) ;
RUNTEST 640 TCK;
SDR 27 TDI (00888302) TDO (00000003) ;
RUNTEST 640 TCK;
SDR 27 TDI (00888702) TDO (00000003) ;
RUNTEST 640 TCK;
SDR 27 TDI (00888b02) TDO (00000003) ;
RUNTEST 640 TCK;
SDR 27 TDI (00888f02) TDO (00000003) ;
RUNTEST 640 TCK;
SDR 27 TDI (00889302) TDO (00000003) ;
RUNTEST 640 TCK;
SDR 27 TDI (0088a302) TDO (00000003) ;
RUNTEST 640 TCK;
SDR 27 TDI (0088a702) TDO (00000003) ;
RUNTEST 640 TCK;
SDR 27 TDI (0088ab02) TDO (00000003) ;
RUNTEST 640 TCK;
SDR 27 TDI (0088af02) TDO (00000003) ;
RUNTEST 640 TCK;
SDR 27 TDI (0088b002) TDO (00000003) ;
RUNTEST 640 TCK;
SDR 27 TDI (0088c042) TDO (00000003) ;
RUNTEST 640 TCK;
SDR 27 TDI (0088c402) TDO (00000003) ;
RUNTEST 640 TCK;
SDR 27 TDI (0088c802) TDO (00000003) ;
RUNTEST 640 TCK;
SDR 27 TDI (0088cc82) TDO (00000003) ;
RUNTEST 640 TCK;
SDR 27 TDI (0088d002) TDO (00000003) ;
RUNTEST 640 TCK;
SDR 27 TDI (00890342) TDO (00000003) ;
RUNTEST 640 TCK;
SDR 27 TDI (00890702) TDO (00000003) ;
RUNTEST 640 TCK;
SDR 27 TDI (00890b02) TDO (00000003) ;
RUNTEST 640 TCK;
SDR 27 TDI (00890f02) TDO (00000003) ;
RUNTEST 640 TCK;
SDR 27 TDI (00891302) TDO (00000003) ;
RUNTEST 640 TCK;
SDR 27 TDI (00892322) TDO (00000003) ;
RUNTEST 640 TCK;
SDR 27 TDI (00892782) TDO (00000003) ;
RUNTEST 640 TCK;
SDR 27 TDI (00892b82) TDO (00000003) ;
RUNTEST 640 TCK;
SDR 27 TDI (00892d02) TDO (00000003) ;
RUNTEST 640 TCK;
SDR 27 TDI (00893002) TDO (00000003) ;
RUNTEST 640 TCK;
SDR 27 TDI (00894002) TDO (00000003) ;
RUNTEST 640 TCK;
SDR 27 TDI (00894402) TDO (00000003) ;
RUNTEST 640 TCK;
SDR 27 TDI (00894802) TDO (00000003) ;
RUNTEST 640 TCK;
SDR 27 TDI (00894c82) TDO (00000003) ;
RUNTEST 640 TCK;
SDR 27 TDI (00895002) TDO (00000003) ;
RUNTEST 640 TCK;
SDR 27 TDI (008983be) TDO (00000003) ;
RUNTEST 640 TCK;
SDR 27 TDI (008987fe) TDO (00000003) ;
RUNTEST 640 TCK;
SDR 27 TDI (00898b02) TDO (00000003) ;
RUNTEST 640 TCK;
SDR 27 TDI (00898f02) TDO (00000003) ;
RUNTEST 640 TCK;
SDR 27 TDI (00899302) TDO (00000003) ;
RUNTEST 640 TCK;
SDR 27 TDI (0089a3da) TDO (00000003) ;
RUNTEST 640 TCK;
SDR 27 TDI (0089a772) TDO (00000003) ;
RUNTEST 640 TCK;
SDR 27 TDI (0089ab02) TDO (00000003) ;
RUNTEST 640 TCK;
SDR 27 TDI (0089af02) TDO (00000003) ;
RUNTEST 640 TCK;
SDR 27 TDI (0089b002) TDO (00000003) ;
RUNTEST 640 TCK;
SDR 27 TDI (0089c0ba) TDO (00000003) ;
RUNTEST 640 TCK;
SDR 27 TDI (0089c4ba) TDO (00000003) ;
RUNTEST 640 TCK;
SDR 27 TDI (0089c882) TDO (00000003) ;
RUNTEST 640 TCK;
SDR 27 TDI (0089cc02) TDO (00000003) ;
RUNTEST 640 TCK;
SDR 27 TDI (0089d002) TDO (00000003) ;
RUNTEST 640 TCK;
SDR 27 TDI (008a0312) TDO (00000003) ;
RUNTEST 640 TCK;
SDR 27 TDI (008a0702) TDO (00000003) ;
RUNTEST 640 TCK;
SDR 27 TDI (008a0b02) TDO (00000003) ;
RUNTEST 640 TCK;
SDR 27 TDI (008a0f02) TDO (00000003) ;
RUNTEST 640 TCK;
SDR 27 TDI (008a1302) TDO (00000003) ;
RUNTEST 640 TCK;
SDR 27 TDI (008a2302) TDO (00000003) ;
RUNTEST 640 TCK;
SDR 27 TDI (008a2702) TDO (00000003) ;
RUNTEST 640 TCK;
SDR 27 TDI (008a2b02) TDO (00000003) ;
RUNTEST 640 TCK;
SDR 27 TDI (008a2f02) TDO (00000003) ;
RUNTEST 640 TCK;
SDR 27 TDI (008a3002) TDO (00000003) ;
RUNTEST 640 TCK;
SDR 27 TDI (008a4002) TDO (00000003) ;
RUNTEST 640 TCK;
SDR 27 TDI (008a4402) TDO (00000003) ;
RUNTEST 640 TCK;
SDR 27 TDI (008a4802) TDO (00000003) ;
RUNTEST 640 TCK;
SDR 27 TDI (008a4c02) TDO (00000003) ;
RUNTEST 640 TCK;
SDR 27 TDI (008a5002) TDO (00000003) ;
RUNTEST 640 TCK;
SDR 27 TDI (008a8302) TDO (00000003) ;
RUNTEST 640 TCK;
SDR 27 TDI (008a8712) TDO (00000003) ;
RUNTEST 640 TCK;
SDR 27 TDI (008a8b02) TDO (00000003) ;
RUNTEST 640 TCK;
SDR 27 TDI (008a8f02) TDO (00000003) ;
RUNTEST 640 TCK;
SDR 27 TDI (008a9302) TDO (00000003) ;
RUNTEST 640 TCK;
SDR 27 TDI (008aa302) TDO (00000003) ;
RUNTEST 640 TCK;
SDR 27 TDI (008aa702) TDO (00000003) ;
RUNTEST 640 TCK;
SDR 27 TDI (008aab02) TDO (00000003) ;
RUNTEST 640 TCK;
SDR 27 TDI (008aaf02) TDO (00000003) ;
RUNTEST 640 TCK;
SDR 27 TDI (008ab002) TDO (00000003) ;
RUNTEST 640 TCK;
SDR 27 TDI (008ac002) TDO (00000003) ;
RUNTEST 640 TCK;
SDR 27 TDI (008ac402) TDO (00000003) ;
RUNTEST 640 TCK;
SDR 27 TDI (008ac802) TDO (00000003) ;
RUNTEST 640 TCK;
SDR 27 TDI (008acc02) TDO (00000003) ;
RUNTEST 640 TCK;
SDR 27 TDI (008ad002) TDO (00000003) ;
RUNTEST 640 TCK;
SDR 27 TDI (008b0302) TDO (00000003) ;
RUNTEST 640 TCK;
SDR 27 TDI (008b0702) TDO (00000003) ;
RUNTEST 640 TCK;
SDR 27 TDI (008b0b02) TDO (00000003) ;
RUNTEST 640 TCK;
SDR 27 TDI (008b0f02) TDO (00000003) ;
RUNTEST 640 TCK;
SDR 27 TDI (008b1302) TDO (00000003) ;
RUNTEST 640 TCK;
SDR 27 TDI (008b2302) TDO (00000003) ;
RUNTEST 640 TCK;
SDR 27 TDI (008b2702) TDO (00000003) ;
RUNTEST 640 TCK;
SDR 27 TDI (008b2b02) TDO (00000003) ;
RUNTEST 640 TCK;
SDR 27 TDI (008b2f02) TDO (00000003) ;
RUNTEST 640 TCK;
SDR 27 TDI (008b3002) TDO (00000003) ;
RUNTEST 640 TCK;
SDR 27 TDI (008b4022) TDO (00000003) ;
RUNTEST 640 TCK;
SDR 27 TDI (008b4402) TDO (00000003) ;
RUNTEST 640 TCK;
SDR 27 TDI (008b4802) TDO (00000003) ;
RUNTEST 640 TCK;
SDR 27 TDI (008b4c02) TDO (00000003) ;
RUNTEST 640 TCK;
SDR 27 TDI (008b5002) TDO (00000003) ;
RUNTEST 640 TCK;
SDR 27 TDI (008b8302) TDO (00000003) ;
RUNTEST 640 TCK;
SDR 27 TDI (008b8702) TDO (00000003) ;
RUNTEST 640 TCK;
SDR 27 TDI (008b8b02) TDO (00000003) ;
RUNTEST 640 TCK;
SDR 27 TDI (008b8f02) TDO (00000003) ;
RUNTEST 640 TCK;
SDR 27 TDI (008b9302) TDO (00000003) ;
RUNTEST 640 TCK;
SDR 27 TDI (008ba302) TDO (00000003) ;
RUNTEST 640 TCK;
SDR 27 TDI (008ba702) TDO (00000003) ;
RUNTEST 640 TCK;
SDR 27 TDI (008bab02) TDO (00000003) ;
RUNTEST 640 TCK;
SDR 27 TDI (008baf02) TDO (00000003) ;
RUNTEST 640 TCK;
SDR 27 TDI (008bb002) TDO (00000003) ;
RUNTEST 640 TCK;
SDR 27 TDI (008bc002) TDO (00000003) ;
RUNTEST 640 TCK;
SDR 27 TDI (008bc422) TDO (00000003) ;
RUNTEST 640 TCK;
SDR 27 TDI (008bc802) TDO (00000003) ;
RUNTEST 640 TCK;
SDR 27 TDI (008bcc02) TDO (00000003) ;
RUNTEST 640 TCK;
SDR 27 TDI (008bd002) TDO (00000003) ;
RUNTEST 640 TCK;
SDR 27 TDI (008c0302) TDO (00000003) ;
RUNTEST 640 TCK;
SDR 27 TDI (008c0702) TDO (00000003) ;
RUNTEST 640 TCK;
SDR 27 TDI (008c0b02) TDO (00000003) ;
RUNTEST 640 TCK;
SDR 27 TDI (008c0f02) TDO (00000003) ;
RUNTEST 640 TCK;
SDR 27 TDI (008c1302) TDO (00000003) ;
RUNTEST 640 TCK;
SDR 27 TDI (008c2302) TDO (00000003) ;
RUNTEST 640 TCK;
SDR 27 TDI (008c2782) TDO (00000003) ;
RUNTEST 640 TCK;
SDR 27 TDI (008c2b82) TDO (00000003) ;
RUNTEST 640 TCK;
SDR 27 TDI (008c2f02) TDO (00000003) ;
RUNTEST 640 TCK;
SDR 27 TDI (008c3002) TDO (00000003) ;
RUNTEST 640 TCK;
SDR 27 TDI (008c4002) TDO (00000003) ;
RUNTEST 640 TCK;
SDR 27 TDI (008c4442) TDO (00000003) ;
RUNTEST 640 TCK;
SDR 27 TDI (008c4802) TDO (00000003) ;
RUNTEST 640 TCK;
SDR 27 TDI (008c4c02) TDO (00000003) ;
RUNTEST 640 TCK;
SDR 27 TDI (008c5002) TDO (00000003) ;
RUNTEST 640 TCK;
SDR 27 TDI (008c8302) TDO (00000003) ;
RUNTEST 640 TCK;
SDR 27 TDI (008c8702) TDO (00000003) ;
RUNTEST 640 TCK;
SDR 27 TDI (008c8b02) TDO (00000003) ;
RUNTEST 640 TCK;
SDR 27 TDI (008c8f02) TDO (00000003) ;
RUNTEST 640 TCK;
SDR 27 TDI (008c9302) TDO (00000003) ;
RUNTEST 640 TCK;
SDR 27 TDI (008ca302) TDO (00000003) ;
RUNTEST 640 TCK;
SDR 27 TDI (008ca702) TDO (00000003) ;
RUNTEST 640 TCK;
SDR 27 TDI (008cab02) TDO (00000003) ;
RUNTEST 640 TCK;
SDR 27 TDI (008caf02) TDO (00000003) ;
RUNTEST 640 TCK;
SDR 27 TDI (008cb002) TDO (00000003) ;
RUNTEST 640 TCK;
SDR 27 TDI (008cc042) TDO (00000003) ;
RUNTEST 640 TCK;
SDR 27 TDI (008cc402) TDO (00000003) ;
RUNTEST 640 TCK;
SDR 27 TDI (008cc802) TDO (00000003) ;
RUNTEST 640 TCK;
SDR 27 TDI (008ccc82) TDO (00000003) ;
RUNTEST 640 TCK;
SDR 27 TDI (008cd002) TDO (00000003) ;
RUNTEST 640 TCK;
SDR 27 TDI (008d0002) TDO (00000003) ;
RUNTEST 640 TCK;
SDR 27 TDI (008d0542) TDO (00000003) ;
RUNTEST 640 TCK;
SDR 27 TDI (008d0902) TDO (00000003) ;
RUNTEST 640 TCK;
SDR 27 TDI (008d0c02) TDO (00000003) ;
RUNTEST 640 TCK;
SDR 27 TDI (008d1002) TDO (00000003) ;
RUNTEST 640 TCK;
SDR 27 TDI (008d2002) TDO (00000003) ;
RUNTEST 640 TCK;
SDR 27 TDI (008d24a2) TDO (00000003) ;
RUNTEST 640 TCK;
SDR 27 TDI (008d2882) TDO (00000003) ;
RUNTEST 640 TCK;
SDR 27 TDI (008d2c02) TDO (00000003) ;
RUNTEST 640 TCK;
SDR 27 TDI (008d3002) TDO (00000003) ;
RUNTEST 640 TCK;
SDR 27 TDI (008d4002) TDO (00000003) ;
RUNTEST 640 TCK;
SDR 27 TDI (008d4402) TDO (00000003) ;
RUNTEST 640 TCK;
SDR 27 TDI (008d4802) TDO (00000003) ;
RUNTEST 640 TCK;
SDR 27 TDI (008d4c82) TDO (00000003) ;
RUNTEST 640 TCK;
SDR 27 TDI (008d5002) TDO (00000003) ;
RUNTEST 640 TCK;
SDR 27 TDI (008d83be) TDO (00000003) ;
RUNTEST 640 TCK;
SDR 27 TDI (008d87be) TDO (00000003) ;
RUNTEST 640 TCK;
SDR 27 TDI (008d8b02) TDO (00000003) ;
RUNTEST 640 TCK;
SDR 27 TDI (008d8f02) TDO (00000003) ;
RUNTEST 640 TCK;
SDR 27 TDI (008d9302) TDO (00000003) ;
RUNTEST 640 TCK;
SDR 27 TDI (008da3fa) TDO (00000003) ;
RUNTEST 640 TCK;
SDR 27 TDI (008da752) TDO (00000003) ;
RUNTEST 640 TCK;
SDR 27 TDI (008dab02) TDO (00000003) ;
RUNTEST 640 TCK;
SDR 27 TDI (008daf02) TDO (00000003) ;
RUNTEST 640 TCK;
SDR 27 TDI (008db002) TDO (00000003) ;
RUNTEST 640 TCK;
SDR 27 TDI (008dc0ba) TDO (00000003) ;
RUNTEST 640 TCK;
SDR 27 TDI (008dc4ba) TDO (00000003) ;
RUNTEST 640 TCK;
SDR 27 TDI (008dc882) TDO (00000003) ;
RUNTEST 640 TCK;
SDR 27 TDI (008dcc02) TDO (00000003) ;
RUNTEST 640 TCK;
SDR 27 TDI (008dd002) TDO (00000003) ;
RUNTEST 640 TCK;
SDR 27 TDI (008e0002) TDO (00000003) ;
RUNTEST 640 TCK;
SDR 27 TDI (008e0702) TDO (00000003) ;
RUNTEST 640 TCK;
SDR 27 TDI (008e0902) TDO (00000003) ;
RUNTEST 640 TCK;
SDR 27 TDI (008e0e02) TDO (00000003) ;
RUNTEST 640 TCK;
SDR 27 TDI (008e1102) TDO (00000003) ;
RUNTEST 640 TCK;
SDR 27 TDI (008e2302) TDO (00000003) ;
RUNTEST 640 TCK;
SDR 27 TDI (008e2482) TDO (00000003) ;
RUNTEST 640 TCK;
SDR 27 TDI (008e2882) TDO (00000003) ;
RUNTEST 640 TCK;
SDR 27 TDI (008e2f02) TDO (00000003) ;
RUNTEST 640 TCK;
SDR 27 TDI (008e3002) TDO (00000003) ;
RUNTEST 640 TCK;
SDR 27 TDI (008e4002) TDO (00000003) ;
RUNTEST 640 TCK;
SDR 27 TDI (008e4442) TDO (00000003) ;
RUNTEST 640 TCK;
SDR 27 TDI (008e4802) TDO (00000003) ;
RUNTEST 640 TCK;
SDR 27 TDI (008e4c02) TDO (00000003) ;
RUNTEST 640 TCK;
SDR 27 TDI (008e5002) TDO (00000003) ;
RUNTEST 640 TCK;
SDR 27 TDI (008e8302) TDO (00000003) ;
RUNTEST 640 TCK;
SDR 27 TDI (008e8702) TDO (00000003) ;
RUNTEST 640 TCK;
SDR 27 TDI (008e8b02) TDO (00000003) ;
RUNTEST 640 TCK;
SDR 27 TDI (008e8f02) TDO (00000003) ;
RUNTEST 640 TCK;
SDR 27 TDI (008e9302) TDO (00000003) ;
RUNTEST 640 TCK;
SDR 27 TDI (008ea302) TDO (00000003) ;
RUNTEST 640 TCK;
SDR 27 TDI (008ea702) TDO (00000003) ;
RUNTEST 640 TCK;
SDR 27 TDI (008eab02) TDO (00000003) ;
RUNTEST 640 TCK;
SDR 27 TDI (008eaf02) TDO (00000003) ;
RUNTEST 640 TCK;
SDR 27 TDI (008eb002) TDO (00000003) ;
RUNTEST 640 TCK;
SDR 27 TDI (008ec042) TDO (00000003) ;
RUNTEST 640 TCK;
SDR 27 TDI (008ec402) TDO (00000003) ;
RUNTEST 640 TCK;
SDR 27 TDI (008ec802) TDO (00000003) ;
RUNTEST 640 TCK;
SDR 27 TDI (008ecc82) TDO (00000003) ;
RUNTEST 640 TCK;
SDR 27 TDI (008ed002) TDO (00000003) ;
RUNTEST 640 TCK;
SDR 27 TDI (008f0302) TDO (00000003) ;
RUNTEST 640 TCK;
SDR 27 TDI (008f0702) TDO (00000003) ;
RUNTEST 640 TCK;
SDR 27 TDI (008f0b02) TDO (00000003) ;
RUNTEST 640 TCK;
SDR 27 TDI (008f0f02) TDO (00000003) ;
RUNTEST 640 TCK;
SDR 27 TDI (008f1302) TDO (00000003) ;
RUNTEST 640 TCK;
SDR 27 TDI (008f2302) TDO (00000003) ;
RUNTEST 640 TCK;
SDR 27 TDI (008f2782) TDO (00000003) ;
RUNTEST 640 TCK;
SDR 27 TDI (008f2b82) TDO (00000003) ;
RUNTEST 640 TCK;
SDR 27 TDI (008f2f02) TDO (00000003) ;
RUNTEST 640 TCK;
SDR 27 TDI (008f3002) TDO (00000003) ;
RUNTEST 640 TCK;
SDR 27 TDI (008f4002) TDO (00000003) ;
RUNTEST 640 TCK;
SDR 27 TDI (008f4442) TDO (00000003) ;
RUNTEST 640 TCK;
SDR 27 TDI (008f4802) TDO (00000003) ;
RUNTEST 640 TCK;
SDR 27 TDI (008f4c02) TDO (00000003) ;
RUNTEST 640 TCK;
SDR 27 TDI (008f5002) TDO (00000003) ;
RUNTEST 640 TCK;
SDR 27 TDI (008f8302) TDO (00000003) ;
RUNTEST 640 TCK;
SDR 27 TDI (008f8702) TDO (00000003) ;
RUNTEST 640 TCK;
SDR 27 TDI (008f8b02) TDO (00000003) ;
RUNTEST 640 TCK;
SDR 27 TDI (008f8f02) TDO (00000003) ;
RUNTEST 640 TCK;
SDR 27 TDI (008f9302) TDO (00000003) ;
RUNTEST 640 TCK;
SDR 27 TDI (008fa302) TDO (00000003) ;
RUNTEST 640 TCK;
SDR 27 TDI (008fa702) TDO (00000003) ;
RUNTEST 640 TCK;
SDR 27 TDI (008fab02) TDO (00000003) ;
RUNTEST 640 TCK;
SDR 27 TDI (008faf02) TDO (00000003) ;
RUNTEST 640 TCK;
SDR 27 TDI (008fb002) TDO (00000003) ;
RUNTEST 640 TCK;
SDR 27 TDI (008fc042) TDO (00000003) ;
RUNTEST 640 TCK;
SDR 27 TDI (008fc402) TDO (00000003) ;
RUNTEST 640 TCK;
SDR 27 TDI (008fc802) TDO (00000003) ;
RUNTEST 640 TCK;
SDR 27 TDI (008fcc82) TDO (00000003) ;
RUNTEST 640 TCK;
SDR 27 TDI (008fd002) TDO (00000003) ;
RUNTEST 640 TCK;
SDR 27 TDI (00900302) TDO (00000003) ;
RUNTEST 640 TCK;
SDR 27 TDI (009007be) TDO (00000003) ;
RUNTEST 640 TCK;
SDR 27 TDI (00900b02) TDO (00000003) ;
RUNTEST 640 TCK;
SDR 27 TDI (00900f02) TDO (00000003) ;
RUNTEST 640 TCK;
SDR 27 TDI (00901302) TDO (00000003) ;
RUNTEST 640 TCK;
SDR 27 TDI (00902302) TDO (00000003) ;
RUNTEST 640 TCK;
SDR 27 TDI (00902752) TDO (00000003) ;
RUNTEST 640 TCK;
SDR 27 TDI (00902b02) TDO (00000003) ;
RUNTEST 640 TCK;
SDR 27 TDI (00902f02) TDO (00000003) ;
RUNTEST 640 TCK;
SDR 27 TDI (00903002) TDO (00000003) ;
RUNTEST 640 TCK;
SDR 27 TDI (00904002) TDO (00000003) ;
RUNTEST 640 TCK;
SDR 27 TDI (00904432) TDO (00000003) ;
RUNTEST 640 TCK;
SDR 27 TDI (00904802) TDO (00000003) ;
RUNTEST 640 TCK;
SDR 27 TDI (00904c82) TDO (00000003) ;
RUNTEST 640 TCK;
SDR 27 TDI (00905002) TDO (00000003) ;
RUNTEST 640 TCK;
SDR 27 TDI (009083be) TDO (00000003) ;
RUNTEST 640 TCK;
SDR 27 TDI (00908702) TDO (00000003) ;
RUNTEST 640 TCK;
SDR 27 TDI (00908b02) TDO (00000003) ;
RUNTEST 640 TCK;
SDR 27 TDI (00908f02) TDO (00000003) ;
RUNTEST 640 TCK;
SDR 27 TDI (00909302) TDO (00000003) ;
RUNTEST 640 TCK;
SDR 27 TDI (0090a352) TDO (00000003) ;
RUNTEST 640 TCK;
SDR 27 TDI (0090a702) TDO (00000003) ;
RUNTEST 640 TCK;
SDR 27 TDI (0090ab02) TDO (00000003) ;
RUNTEST 640 TCK;
SDR 27 TDI (0090af02) TDO (00000003) ;
RUNTEST 640 TCK;
SDR 27 TDI (0090b002) TDO (00000003) ;
RUNTEST 640 TCK;
SDR 27 TDI (0090c022) TDO (00000003) ;
RUNTEST 640 TCK;
SDR 27 TDI (0090c48a) TDO (00000003) ;
RUNTEST 640 TCK;
SDR 27 TDI (0090c802) TDO (00000003) ;
RUNTEST 640 TCK;
SDR 27 TDI (0090cc02) TDO (00000003) ;
RUNTEST 640 TCK;
SDR 27 TDI (0090d002) TDO (00000003) ;
RUNTEST 640 TCK;
SDR 27 TDI (00910302) TDO (00000003) ;
RUNTEST 640 TCK;
SDR 27 TDI (00910702) TDO (00000003) ;
RUNTEST 640 TCK;
SDR 27 TDI (00910b02) TDO (00000003) ;
RUNTEST 640 TCK;
SDR 27 TDI (00910f02) TDO (00000003) ;
RUNTEST 640 TCK;
SDR 27 TDI (00911302) TDO (00000003) ;
RUNTEST 640 TCK;
SDR 27 TDI (00912302) TDO (00000003) ;
RUNTEST 640 TCK;
SDR 27 TDI (00912782) TDO (00000003) ;
RUNTEST 640 TCK;
SDR 27 TDI (00912b82) TDO (00000003) ;
RUNTEST 640 TCK;
SDR 27 TDI (00912f02) TDO (00000003) ;
RUNTEST 640 TCK;
SDR 27 TDI (00913002) TDO (00000003) ;
RUNTEST 640 TCK;
SDR 27 TDI (00914002) TDO (00000003) ;
RUNTEST 640 TCK;
SDR 27 TDI (00914442) TDO (00000003) ;
RUNTEST 640 TCK;
SDR 27 TDI (00914802) TDO (00000003) ;
RUNTEST 640 TCK;
SDR 27 TDI (00914c02) TDO (00000003) ;
RUNTEST 640 TCK;
SDR 27 TDI (00915002) TDO (00000003) ;
RUNTEST 640 TCK;
SDR 27 TDI (00918302) TDO (00000003) ;
RUNTEST 640 TCK;
SDR 27 TDI (00918602) TDO (00000003) ;
RUNTEST 640 TCK;
SDR 27 TDI (00918a02) TDO (00000003) ;
RUNTEST 640 TCK;
SDR 27 TDI (00918f02) TDO (00000003) ;
RUNTEST 640 TCK;
SDR 27 TDI (00919302) TDO (00000003) ;
RUNTEST 640 TCK;
SDR 27 TDI (0091a102) TDO (00000003) ;
RUNTEST 640 TCK;
SDR 27 TDI (0091a702) TDO (00000003) ;
RUNTEST 640 TCK;
SDR 27 TDI (0091ab02) TDO (00000003) ;
RUNTEST 640 TCK;
SDR 27 TDI (0091af02) TDO (00000003) ;
RUNTEST 640 TCK;
SDR 27 TDI (0091b002) TDO (00000003) ;
RUNTEST 640 TCK;
SDR 27 TDI (0091c042) TDO (00000003) ;
RUNTEST 640 TCK;
SDR 27 TDI (0091c402) TDO (00000003) ;
RUNTEST 640 TCK;
SDR 27 TDI (0091c802) TDO (00000003) ;
RUNTEST 640 TCK;
SDR 27 TDI (0091cc82) TDO (00000003) ;
RUNTEST 640 TCK;
SDR 27 TDI (0091d002) TDO (00000003) ;
RUNTEST 640 TCK;
SDR 27 TDI (00920302) TDO (00000003) ;
RUNTEST 640 TCK;
SDR 27 TDI (00920702) TDO (00000003) ;
RUNTEST 640 TCK;
SDR 27 TDI (00920b02) TDO (00000003) ;
RUNTEST 640 TCK;
SDR 27 TDI (00920f02) TDO (00000003) ;
RUNTEST 640 TCK;
SDR 27 TDI (00921302) TDO (00000003) ;
RUNTEST 640 TCK;
SDR 27 TDI (00922302) TDO (00000003) ;
RUNTEST 640 TCK;
SDR 27 TDI (00922782) TDO (00000003) ;
RUNTEST 640 TCK;
SDR 27 TDI (00922b82) TDO (00000003) ;
RUNTEST 640 TCK;
SDR 27 TDI (00922f02) TDO (00000003) ;
RUNTEST 640 TCK;
SDR 27 TDI (00923002) TDO (00000003) ;
RUNTEST 640 TCK;
SDR 27 TDI (00924002) TDO (00000003) ;
RUNTEST 640 TCK;
SDR 27 TDI (00924442) TDO (00000003) ;
RUNTEST 640 TCK;
SDR 27 TDI (00924802) TDO (00000003) ;
RUNTEST 640 TCK;
SDR 27 TDI (00924c02) TDO (00000003) ;
RUNTEST 640 TCK;
SDR 27 TDI (00925002) TDO (00000003) ;
RUNTEST 640 TCK;
SDR 27 TDI (00928002) TDO (00000003) ;
RUNTEST 640 TCK;
SDR 27 TDI (00928502) TDO (00000003) ;
RUNTEST 640 TCK;
SDR 27 TDI (00928902) TDO (00000003) ;
RUNTEST 640 TCK;
SDR 27 TDI (00928c02) TDO (00000003) ;
RUNTEST 640 TCK;
SDR 27 TDI (00929002) TDO (00000003) ;
RUNTEST 640 TCK;
SDR 27 TDI (0092a202) TDO (00000003) ;
RUNTEST 640 TCK;
SDR 27 TDI (0092a402) TDO (00000003) ;
RUNTEST 640 TCK;
SDR 27 TDI (0092a802) TDO (00000003) ;
RUNTEST 640 TCK;
SDR 27 TDI (0092ac02) TDO (00000003) ;
RUNTEST 640 TCK;
SDR 27 TDI (0092b002) TDO (00000003) ;
RUNTEST 640 TCK;
SDR 27 TDI (0092c042) TDO (00000003) ;
RUNTEST 640 TCK;
SDR 27 TDI (0092c402) TDO (00000003) ;
RUNTEST 640 TCK;
SDR 27 TDI (0092c802) TDO (00000003) ;
RUNTEST 640 TCK;
SDR 27 TDI (0092cc82) TDO (00000003) ;
RUNTEST 640 TCK;
SDR 27 TDI (0092d002) TDO (00000003) ;
RUNTEST 640 TCK;
SDR 27 TDI (00930302) TDO (00000003) ;
RUNTEST 640 TCK;
SDR 27 TDI (00930702) TDO (00000003) ;
RUNTEST 640 TCK;
SDR 27 TDI (00930b02) TDO (00000003) ;
RUNTEST 640 TCK;
SDR 27 TDI (00930f02) TDO (00000003) ;
RUNTEST 640 TCK;
SDR 27 TDI (00931302) TDO (00000003) ;
RUNTEST 640 TCK;
SDR 27 TDI (00932342) TDO (00000003) ;
RUNTEST 640 TCK;
SDR 27 TDI (00932702) TDO (00000003) ;
RUNTEST 640 TCK;
SDR 27 TDI (00932b02) TDO (00000003) ;
RUNTEST 640 TCK;
SDR 27 TDI (00932f02) TDO (00000003) ;
RUNTEST 640 TCK;
SDR 27 TDI (00933002) TDO (00000003) ;
RUNTEST 640 TCK;
SDR 27 TDI (00934002) TDO (00000003) ;
RUNTEST 640 TCK;
SDR 27 TDI (00934402) TDO (00000003) ;
RUNTEST 640 TCK;
SDR 27 TDI (00934802) TDO (00000003) ;
RUNTEST 640 TCK;
SDR 27 TDI (00934c02) TDO (00000003) ;
RUNTEST 640 TCK;
SDR 27 TDI (00935002) TDO (00000003) ;
RUNTEST 640 TCK;
SDR 27 TDI (00938302) TDO (00000003) ;
RUNTEST 640 TCK;
SDR 27 TDI (00938702) TDO (00000003) ;
RUNTEST 640 TCK;
SDR 27 TDI (00938b02) TDO (00000003) ;
RUNTEST 640 TCK;
SDR 27 TDI (00938f02) TDO (00000003) ;
RUNTEST 640 TCK;
SDR 27 TDI (00939302) TDO (00000003) ;
RUNTEST 640 TCK;
SDR 27 TDI (0093a302) TDO (00000003) ;
RUNTEST 640 TCK;
SDR 27 TDI (0093a742) TDO (00000003) ;
RUNTEST 640 TCK;
SDR 27 TDI (0093ab02) TDO (00000003) ;
RUNTEST 640 TCK;
SDR 27 TDI (0093af02) TDO (00000003) ;
RUNTEST 640 TCK;
SDR 27 TDI (0093b002) TDO (00000003) ;
RUNTEST 640 TCK;
SDR 27 TDI (0093c002) TDO (00000003) ;
RUNTEST 640 TCK;
SDR 27 TDI (0093c402) TDO (00000003) ;
RUNTEST 640 TCK;
SDR 27 TDI (0093c802) TDO (00000003) ;
RUNTEST 640 TCK;
SDR 27 TDI (0093cc02) TDO (00000003) ;
RUNTEST 640 TCK;
SDR 27 TDI (0093d002) TDO (00000003) ;
RUNTEST 640 TCK;
SDR 27 TDI (00940002) TDO (00000003) ;
RUNTEST 640 TCK;
SDR 27 TDI (00940702) TDO (00000003) ;
RUNTEST 640 TCK;
SDR 27 TDI (00940902) TDO (00000003) ;
RUNTEST 640 TCK;
SDR 27 TDI (00940e02) TDO (00000003) ;
RUNTEST 640 TCK;
SDR 27 TDI (00941002) TDO (00000003) ;
RUNTEST 640 TCK;
SDR 27 TDI (00942202) TDO (00000003) ;
RUNTEST 640 TCK;
SDR 27 TDI (00942402) TDO (00000003) ;
RUNTEST 640 TCK;
SDR 27 TDI (00942802) TDO (00000003) ;
RUNTEST 640 TCK;
SDR 27 TDI (00942c02) TDO (00000003) ;
RUNTEST 640 TCK;
SDR 27 TDI (00943002) TDO (00000003) ;
RUNTEST 640 TCK;
SDR 27 TDI (00944002) TDO (00000003) ;
RUNTEST 640 TCK;
SDR 27 TDI (00944402) TDO (00000003) ;
RUNTEST 640 TCK;
SDR 27 TDI (00944802) TDO (00000003) ;
RUNTEST 640 TCK;
SDR 27 TDI (00944c82) TDO (00000003) ;
RUNTEST 640 TCK;
SDR 27 TDI (00945002) TDO (00000003) ;
RUNTEST 640 TCK;
SDR 27 TDI (009483be) TDO (00000003) ;
RUNTEST 640 TCK;
SDR 27 TDI (009487be) TDO (00000003) ;
RUNTEST 640 TCK;
SDR 27 TDI (00948b02) TDO (00000003) ;
RUNTEST 640 TCK;
SDR 27 TDI (00948f02) TDO (00000003) ;
RUNTEST 640 TCK;
SDR 27 TDI (00949302) TDO (00000003) ;
RUNTEST 640 TCK;
SDR 27 TDI (0094a352) TDO (00000003) ;
RUNTEST 640 TCK;
SDR 27 TDI (0094a752) TDO (00000003) ;
RUNTEST 640 TCK;
SDR 27 TDI (0094ab02) TDO (00000003) ;
RUNTEST 640 TCK;
SDR 27 TDI (0094af02) TDO (00000003) ;
RUNTEST 640 TCK;
SDR 27 TDI (0094b002) TDO (00000003) ;
RUNTEST 640 TCK;
SDR 27 TDI (0094c03a) TDO (00000003) ;
RUNTEST 640 TCK;
SDR 27 TDI (0094c43a) TDO (00000003) ;
RUNTEST 640 TCK;
SDR 27 TDI (0094c882) TDO (00000003) ;
RUNTEST 640 TCK;
SDR 27 TDI (0094cc02) TDO (00000003) ;
RUNTEST 640 TCK;
SDR 27 TDI (0094d002) TDO (00000003) ;
RUNTEST 640 TCK;
SDR 27 TDI (009503be) TDO (00000003) ;
RUNTEST 640 TCK;
SDR 27 TDI (009507be) TDO (00000003) ;
RUNTEST 640 TCK;
SDR 27 TDI (00950b02) TDO (00000003) ;
RUNTEST 640 TCK;
SDR 27 TDI (00950f02) TDO (00000003) ;
RUNTEST 640 TCK;
SDR 27 TDI (00951302) TDO (00000003) ;
RUNTEST 640 TCK;
SDR 27 TDI (00952352) TDO (00000003) ;
RUNTEST 640 TCK;
SDR 27 TDI (00952752) TDO (00000003) ;
RUNTEST 640 TCK;
SDR 27 TDI (00952b02) TDO (00000003) ;
RUNTEST 640 TCK;
SDR 27 TDI (00952f02) TDO (00000003) ;
RUNTEST 640 TCK;
SDR 27 TDI (00953002) TDO (00000003) ;
RUNTEST 640 TCK;
SDR 27 TDI (00954022) TDO (00000003) ;
RUNTEST 640 TCK;
SDR 27 TDI (00954422) TDO (00000003) ;
RUNTEST 640 TCK;
SDR 27 TDI (00954802) TDO (00000003) ;
RUNTEST 640 TCK;
SDR 27 TDI (00954c82) TDO (00000003) ;
RUNTEST 640 TCK;
SDR 27 TDI (00955002) TDO (00000003) ;
RUNTEST 640 TCK;
SDR 27 TDI (00958002) TDO (00000003) ;
RUNTEST 640 TCK;
SDR 27 TDI (00958702) TDO (00000003) ;
RUNTEST 640 TCK;
SDR 27 TDI (00958902) TDO (00000003) ;
RUNTEST 640 TCK;
SDR 27 TDI (00958e02) TDO (00000003) ;
RUNTEST 640 TCK;
SDR 27 TDI (00959102) TDO (00000003) ;
RUNTEST 640 TCK;
SDR 27 TDI (0095a302) TDO (00000003) ;
RUNTEST 640 TCK;
SDR 27 TDI (0095a402) TDO (00000003) ;
RUNTEST 640 TCK;
SDR 27 TDI (0095a802) TDO (00000003) ;
RUNTEST 640 TCK;
SDR 27 TDI (0095af02) TDO (00000003) ;
RUNTEST 640 TCK;
SDR 27 TDI (0095b002) TDO (00000003) ;
RUNTEST 640 TCK;
SDR 27 TDI (0095c09a) TDO (00000003) ;
RUNTEST 640 TCK;
SDR 27 TDI (0095c402) TDO (00000003) ;
RUNTEST 640 TCK;
SDR 27 TDI (0095c802) TDO (00000003) ;
RUNTEST 640 TCK;
SDR 27 TDI (0095cc02) TDO (00000003) ;
RUNTEST 640 TCK;
SDR 27 TDI (0095d002) TDO (00000003) ;
RUNTEST 640 TCK;
SDR 27 TDI (00960002) TDO (00000003) ;
RUNTEST 640 TCK;
SDR 27 TDI (00960602) TDO (00000003) ;
RUNTEST 640 TCK;
SDR 27 TDI (00960802) TDO (00000003) ;
RUNTEST 640 TCK;
SDR 27 TDI (00960e02) TDO (00000003) ;
RUNTEST 640 TCK;
SDR 27 TDI (00961102) TDO (00000003) ;
RUNTEST 640 TCK;
SDR 27 TDI (00962302) TDO (00000003) ;
RUNTEST 640 TCK;
SDR 27 TDI (00962482) TDO (00000003) ;
RUNTEST 640 TCK;
SDR 27 TDI (00962882) TDO (00000003) ;
RUNTEST 640 TCK;
SDR 27 TDI (00962f02) TDO (00000003) ;
RUNTEST 640 TCK;
SDR 27 TDI (00963002) TDO (00000003) ;
RUNTEST 640 TCK;
SDR 27 TDI (00964002) TDO (00000003) ;
RUNTEST 640 TCK;
SDR 27 TDI (00964442) TDO (00000003) ;
RUNTEST 640 TCK;
SDR 27 TDI (00964802) TDO (00000003) ;
RUNTEST 640 TCK;
SDR 27 TDI (00964c02) TDO (00000003) ;
RUNTEST 640 TCK;
SDR 27 TDI (00965002) TDO (00000003) ;
RUNTEST 640 TCK;
SDR 27 TDI (00968302) TDO (00000003) ;
RUNTEST 640 TCK;
SDR 27 TDI (00968502) TDO (00000003) ;
RUNTEST 640 TCK;
SDR 27 TDI (00968b02) TDO (00000003) ;
RUNTEST 640 TCK;
SDR 27 TDI (00968d02) TDO (00000003) ;
RUNTEST 640 TCK;
SDR 27 TDI (00969202) TDO (00000003) ;
RUNTEST 640 TCK;
SDR 27 TDI (0096a002) TDO (00000003) ;
RUNTEST 640 TCK;
SDR 27 TDI (0096a702) TDO (00000003) ;
RUNTEST 640 TCK;
SDR 27 TDI (0096ab02) TDO (00000003) ;
RUNTEST 640 TCK;
SDR 27 TDI (0096ac02) TDO (00000003) ;
RUNTEST 640 TCK;
SDR 27 TDI (0096b002) TDO (00000003) ;
RUNTEST 640 TCK;
SDR 27 TDI (0096c042) TDO (00000003) ;
RUNTEST 640 TCK;
SDR 27 TDI (0096c402) TDO (00000003) ;
RUNTEST 640 TCK;
SDR 27 TDI (0096c802) TDO (00000003) ;
RUNTEST 640 TCK;
SDR 27 TDI (0096cc82) TDO (00000003) ;
RUNTEST 640 TCK;
SDR 27 TDI (0096d002) TDO (00000003) ;
RUNTEST 640 TCK;
SDR 27 TDI (00970302) TDO (00000003) ;
RUNTEST 640 TCK;
SDR 27 TDI (00970702) TDO (00000003) ;
RUNTEST 640 TCK;
SDR 27 TDI (00970b02) TDO (00000003) ;
RUNTEST 640 TCK;
SDR 27 TDI (00970f02) TDO (00000003) ;
RUNTEST 640 TCK;
SDR 27 TDI (00971302) TDO (00000003) ;
RUNTEST 640 TCK;
SDR 27 TDI (00972302) TDO (00000003) ;
RUNTEST 640 TCK;
SDR 27 TDI (00972782) TDO (00000003) ;
RUNTEST 640 TCK;
SDR 27 TDI (00972b82) TDO (00000003) ;
RUNTEST 640 TCK;
SDR 27 TDI (00972f02) TDO (00000003) ;
RUNTEST 640 TCK;
SDR 27 TDI (00973002) TDO (00000003) ;
RUNTEST 640 TCK;
SDR 27 TDI (00974002) TDO (00000003) ;
RUNTEST 640 TCK;
SDR 27 TDI (00974442) TDO (00000003) ;
RUNTEST 640 TCK;
SDR 27 TDI (00974802) TDO (00000003) ;
RUNTEST 640 TCK;
SDR 27 TDI (00974c02) TDO (00000003) ;
RUNTEST 640 TCK;
SDR 27 TDI (00975002) TDO (00000003) ;
RUNTEST 640 TCK;
SDR 27 TDI (00978302) TDO (00000003) ;
RUNTEST 640 TCK;
SDR 27 TDI (00978702) TDO (00000003) ;
RUNTEST 640 TCK;
SDR 27 TDI (00978b02) TDO (00000003) ;
RUNTEST 640 TCK;
SDR 27 TDI (00978f02) TDO (00000003) ;
RUNTEST 640 TCK;
SDR 27 TDI (00979302) TDO (00000003) ;
RUNTEST 640 TCK;
SDR 27 TDI (0097a302) TDO (00000003) ;
RUNTEST 640 TCK;
SDR 27 TDI (0097a702) TDO (00000003) ;
RUNTEST 640 TCK;
SDR 27 TDI (0097ab02) TDO (00000003) ;
RUNTEST 640 TCK;
SDR 27 TDI (0097af02) TDO (00000003) ;
RUNTEST 640 TCK;
SDR 27 TDI (0097b002) TDO (00000003) ;
RUNTEST 640 TCK;
SDR 27 TDI (0097c042) TDO (00000003) ;
RUNTEST 640 TCK;
SDR 27 TDI (0097c402) TDO (00000003) ;
RUNTEST 640 TCK;
SDR 27 TDI (0097c802) TDO (00000003) ;
RUNTEST 640 TCK;
SDR 27 TDI (0097cc82) TDO (00000003) ;
RUNTEST 640 TCK;
SDR 27 TDI (0097d002) TDO (00000003) ;
RUNTEST 640 TCK;
SDR 27 TDI (00980302) TDO (00000003) ;
RUNTEST 640 TCK;
SDR 27 TDI (00980702) TDO (00000003) ;
RUNTEST 640 TCK;
SDR 27 TDI (00980b02) TDO (00000003) ;
RUNTEST 640 TCK;
SDR 27 TDI (00980f02) TDO (00000003) ;
RUNTEST 640 TCK;
SDR 27 TDI (00981302) TDO (00000003) ;
RUNTEST 640 TCK;
SDR 27 TDI (00982302) TDO (00000003) ;
RUNTEST 640 TCK;
SDR 27 TDI (00982702) TDO (00000003) ;
RUNTEST 640 TCK;
SDR 27 TDI (00982b02) TDO (00000003) ;
RUNTEST 640 TCK;
SDR 27 TDI (00982f02) TDO (00000003) ;
RUNTEST 640 TCK;
SDR 27 TDI (00983002) TDO (00000003) ;
RUNTEST 640 TCK;
SDR 27 TDI (00984002) TDO (00000003) ;
RUNTEST 640 TCK;
SDR 27 TDI (00984402) TDO (00000003) ;
RUNTEST 640 TCK;
SDR 27 TDI (00984802) TDO (00000003) ;
RUNTEST 640 TCK;
SDR 27 TDI (00984c02) TDO (00000003) ;
RUNTEST 640 TCK;
SDR 27 TDI (00985002) TDO (00000003) ;
RUNTEST 640 TCK;
SDR 27 TDI (00988002) TDO (00000003) ;
RUNTEST 640 TCK;
SDR 27 TDI (00988702) TDO (00000003) ;
RUNTEST 640 TCK;
SDR 27 TDI (00988902) TDO (00000003) ;
RUNTEST 640 TCK;
SDR 27 TDI (00988e02) TDO (00000003) ;
RUNTEST 640 TCK;
SDR 27 TDI (00989102) TDO (00000003) ;
RUNTEST 640 TCK;
SDR 27 TDI (0098a302) TDO (00000003) ;
RUNTEST 640 TCK;
SDR 27 TDI (0098a482) TDO (00000003) ;
RUNTEST 640 TCK;
SDR 27 TDI (0098a882) TDO (00000003) ;
RUNTEST 640 TCK;
SDR 27 TDI (0098af02) TDO (00000003) ;
RUNTEST 640 TCK;
SDR 27 TDI (0098b002) TDO (00000003) ;
RUNTEST 640 TCK;
SDR 27 TDI (0098c042) TDO (00000003) ;
RUNTEST 640 TCK;
SDR 27 TDI (0098c442) TDO (00000003) ;
RUNTEST 640 TCK;
SDR 27 TDI (0098c802) TDO (00000003) ;
RUNTEST 640 TCK;
SDR 27 TDI (0098cc82) TDO (00000003) ;
RUNTEST 640 TCK;
SDR 27 TDI (0098d002) TDO (00000003) ;
RUNTEST 640 TCK;
SDR 27 TDI (00990002) TDO (00000003) ;
RUNTEST 640 TCK;
SDR 27 TDI (00990502) TDO (00000003) ;
RUNTEST 640 TCK;
SDR 27 TDI (00990902) TDO (00000003) ;
RUNTEST 640 TCK;
SDR 27 TDI (00990c02) TDO (00000003) ;
RUNTEST 640 TCK;
SDR 27 TDI (00991002) TDO (00000003) ;
RUNTEST 640 TCK;
SDR 27 TDI (00992002) TDO (00000003) ;
RUNTEST 640 TCK;
SDR 27 TDI (00992402) TDO (00000003) ;
RUNTEST 640 TCK;
SDR 27 TDI (00992802) TDO (00000003) ;
RUNTEST 640 TCK;
SDR 27 TDI (00992c02) TDO (00000003) ;
RUNTEST 640 TCK;
SDR 27 TDI (00993002) TDO (00000003) ;
RUNTEST 640 TCK;
SDR 27 TDI (00994002) TDO (00000003) ;
RUNTEST 640 TCK;
SDR 27 TDI (00994402) TDO (00000003) ;
RUNTEST 640 TCK;
SDR 27 TDI (00994802) TDO (00000003) ;
RUNTEST 640 TCK;
SDR 27 TDI (00994c02) TDO (00000003) ;
RUNTEST 640 TCK;
SDR 27 TDI (00995002) TDO (00000003) ;
RUNTEST 640 TCK;
SDR 27 TDI (00998002) TDO (00000003) ;
RUNTEST 640 TCK;
SDR 27 TDI (00998502) TDO (00000003) ;
RUNTEST 640 TCK;
SDR 27 TDI (00998902) TDO (00000003) ;
RUNTEST 640 TCK;
SDR 27 TDI (00998c02) TDO (00000003) ;
RUNTEST 640 TCK;
SDR 27 TDI (00999102) TDO (00000003) ;
RUNTEST 640 TCK;
SDR 27 TDI (0099a002) TDO (00000003) ;
RUNTEST 640 TCK;
SDR 27 TDI (0099a482) TDO (00000003) ;
RUNTEST 640 TCK;
SDR 27 TDI (0099a882) TDO (00000003) ;
RUNTEST 640 TCK;
SDR 27 TDI (0099ac02) TDO (00000003) ;
RUNTEST 640 TCK;
SDR 27 TDI (0099b002) TDO (00000003) ;
RUNTEST 640 TCK;
SDR 27 TDI (0099c042) TDO (00000003) ;
RUNTEST 640 TCK;
SDR 27 TDI (0099c442) TDO (00000003) ;
RUNTEST 640 TCK;
SDR 27 TDI (0099c802) TDO (00000003) ;
RUNTEST 640 TCK;
SDR 27 TDI (0099cc82) TDO (00000003) ;
RUNTEST 640 TCK;
SDR 27 TDI (0099d002) TDO (00000003) ;
RUNTEST 640 TCK;
SDR 27 TDI (009a030a) TDO (00000003) ;
RUNTEST 640 TCK;
SDR 27 TDI (009a0702) TDO (00000003) ;
RUNTEST 640 TCK;
SDR 27 TDI (009a0b02) TDO (00000003) ;
RUNTEST 640 TCK;
SDR 27 TDI (009a0f02) TDO (00000003) ;
RUNTEST 640 TCK;
SDR 27 TDI (009a1302) TDO (00000003) ;
RUNTEST 640 TCK;
SDR 27 TDI (009a2302) TDO (00000003) ;
RUNTEST 640 TCK;
SDR 27 TDI (009a2702) TDO (00000003) ;
RUNTEST 640 TCK;
SDR 27 TDI (009a2902) TDO (00000003) ;
RUNTEST 640 TCK;
SDR 27 TDI (009a2d02) TDO (00000003) ;
RUNTEST 640 TCK;
SDR 27 TDI (009a3002) TDO (00000003) ;
RUNTEST 640 TCK;
SDR 27 TDI (009a4002) TDO (00000003) ;
RUNTEST 640 TCK;
SDR 27 TDI (009a4402) TDO (00000003) ;
RUNTEST 640 TCK;
SDR 27 TDI (009a4802) TDO (00000003) ;
RUNTEST 640 TCK;
SDR 27 TDI (009a4c02) TDO (00000003) ;
RUNTEST 640 TCK;
SDR 27 TDI (009a5002) TDO (00000003) ;
RUNTEST 640 TCK;
SDR 27 TDI (009a8302) TDO (00000003) ;
RUNTEST 640 TCK;
SDR 27 TDI (009a870a) TDO (00000003) ;
RUNTEST 640 TCK;
SDR 27 TDI (009a8b02) TDO (00000003) ;
RUNTEST 640 TCK;
SDR 27 TDI (009a8f02) TDO (00000003) ;
RUNTEST 640 TCK;
SDR 27 TDI (009a9302) TDO (00000003) ;
RUNTEST 640 TCK;
SDR 27 TDI (009aa302) TDO (00000003) ;
RUNTEST 640 TCK;
SDR 27 TDI (009aa702) TDO (00000003) ;
RUNTEST 640 TCK;
SDR 27 TDI (009aab02) TDO (00000003) ;
RUNTEST 640 TCK;
SDR 27 TDI (009aad02) TDO (00000003) ;
RUNTEST 640 TCK;
SDR 27 TDI (009ab002) TDO (00000003) ;
RUNTEST 640 TCK;
SDR 27 TDI (009ac002) TDO (00000003) ;
RUNTEST 640 TCK;
SDR 27 TDI (009ac402) TDO (00000003) ;
RUNTEST 640 TCK;
SDR 27 TDI (009ac802) TDO (00000003) ;
RUNTEST 640 TCK;
SDR 27 TDI (009acc02) TDO (00000003) ;
RUNTEST 640 TCK;
SDR 27 TDI (009ad002) TDO (00000003) ;
RUNTEST 640 TCK;
SDR 27 TDI (009b0382) TDO (00000003) ;
RUNTEST 640 TCK;
SDR 27 TDI (009b0702) TDO (00000003) ;
RUNTEST 640 TCK;
SDR 27 TDI (009b0b02) TDO (00000003) ;
RUNTEST 640 TCK;
SDR 27 TDI (009b0f02) TDO (00000003) ;
RUNTEST 640 TCK;
SDR 27 TDI (009b1302) TDO (00000003) ;
RUNTEST 640 TCK;
SDR 27 TDI (009b2302) TDO (00000003) ;
RUNTEST 640 TCK;
SDR 27 TDI (009b2702) TDO (00000003) ;
RUNTEST 640 TCK;
SDR 27 TDI (009b2b02) TDO (00000003) ;
RUNTEST 640 TCK;
SDR 27 TDI (009b2f02) TDO (00000003) ;
RUNTEST 640 TCK;
SDR 27 TDI (009b3002) TDO (00000003) ;
RUNTEST 640 TCK;
SDR 27 TDI (009b4002) TDO (00000003) ;
RUNTEST 640 TCK;
SDR 27 TDI (009b4402) TDO (00000003) ;
RUNTEST 640 TCK;
SDR 27 TDI (009b4802) TDO (00000003) ;
RUNTEST 640 TCK;
SDR 27 TDI (009b4c02) TDO (00000003) ;
RUNTEST 640 TCK;
SDR 27 TDI (009b5002) TDO (00000003) ;
RUNTEST 640 TCK;
SDR 27 TDI (009b8202) TDO (00000003) ;
RUNTEST 640 TCK;
SDR 27 TDI (009b8782) TDO (00000003) ;
RUNTEST 640 TCK;
SDR 27 TDI (009b8b02) TDO (00000003) ;
RUNTEST 640 TCK;
SDR 27 TDI (009b8f02) TDO (00000003) ;
RUNTEST 640 TCK;
SDR 27 TDI (009b9102) TDO (00000003) ;
RUNTEST 640 TCK;
SDR 27 TDI (009ba302) TDO (00000003) ;
RUNTEST 640 TCK;
SDR 27 TDI (009ba702) TDO (00000003) ;
RUNTEST 640 TCK;
SDR 27 TDI (009baa02) TDO (00000003) ;
RUNTEST 640 TCK;
SDR 27 TDI (009baf02) TDO (00000003) ;
RUNTEST 640 TCK;
SDR 27 TDI (009bb002) TDO (00000003) ;
RUNTEST 640 TCK;
SDR 27 TDI (009bc002) TDO (00000003) ;
RUNTEST 640 TCK;
SDR 27 TDI (009bc402) TDO (00000003) ;
RUNTEST 640 TCK;
SDR 27 TDI (009bc802) TDO (00000003) ;
RUNTEST 640 TCK;
SDR 27 TDI (009bcc02) TDO (00000003) ;
RUNTEST 640 TCK;
SDR 27 TDI (009bd002) TDO (00000003) ;
RUNTEST 640 TCK;
SDR 27 TDI (009c0302) TDO (00000003) ;
RUNTEST 640 TCK;
SDR 27 TDI (009c0602) TDO (00000003) ;
RUNTEST 640 TCK;
SDR 27 TDI (009c0b02) TDO (00000003) ;
RUNTEST 640 TCK;
SDR 27 TDI (009c0f02) TDO (00000003) ;
RUNTEST 640 TCK;
SDR 27 TDI (009c1102) TDO (00000003) ;
RUNTEST 640 TCK;
SDR 27 TDI (009c2302) TDO (00000003) ;
RUNTEST 640 TCK;
SDR 27 TDI (009c2702) TDO (00000003) ;
RUNTEST 640 TCK;
SDR 27 TDI (009c2a02) TDO (00000003) ;
RUNTEST 640 TCK;
SDR 27 TDI (009c2f02) TDO (00000003) ;
RUNTEST 640 TCK;
SDR 27 TDI (009c3002) TDO (00000003) ;
RUNTEST 640 TCK;
SDR 27 TDI (009c4002) TDO (00000003) ;
RUNTEST 640 TCK;
SDR 27 TDI (009c4402) TDO (00000003) ;
RUNTEST 640 TCK;
SDR 27 TDI (009c4802) TDO (00000003) ;
RUNTEST 640 TCK;
SDR 27 TDI (009c4c02) TDO (00000003) ;
RUNTEST 640 TCK;
SDR 27 TDI (009c5002) TDO (00000003) ;
RUNTEST 640 TCK;
SDR 27 TDI (009c8302) TDO (00000003) ;
RUNTEST 640 TCK;
SDR 27 TDI (009c8602) TDO (00000003) ;
RUNTEST 640 TCK;
SDR 27 TDI (009c8b02) TDO (00000003) ;
RUNTEST 640 TCK;
SDR 27 TDI (009c8f02) TDO (00000003) ;
RUNTEST 640 TCK;
SDR 27 TDI (009c9102) TDO (00000003) ;
RUNTEST 640 TCK;
SDR 27 TDI (009ca302) TDO (00000003) ;
RUNTEST 640 TCK;
SDR 27 TDI (009ca702) TDO (00000003) ;
RUNTEST 640 TCK;
SDR 27 TDI (009caa02) TDO (00000003) ;
RUNTEST 640 TCK;
SDR 27 TDI (009caf02) TDO (00000003) ;
RUNTEST 640 TCK;
SDR 27 TDI (009cb002) TDO (00000003) ;
RUNTEST 640 TCK;
SDR 27 TDI (009cc002) TDO (00000003) ;
RUNTEST 640 TCK;
SDR 27 TDI (009cc402) TDO (00000003) ;
RUNTEST 640 TCK;
SDR 27 TDI (009cc802) TDO (00000003) ;
RUNTEST 640 TCK;
SDR 27 TDI (009ccc02) TDO (00000003) ;
RUNTEST 640 TCK;
SDR 27 TDI (009cd002) TDO (00000003) ;
RUNTEST 640 TCK;
SDR 27 TDI (009d0202) TDO (00000003) ;
RUNTEST 640 TCK;
SDR 27 TDI (009d0702) TDO (00000003) ;
RUNTEST 640 TCK;
SDR 27 TDI (009d0b02) TDO (00000003) ;
RUNTEST 640 TCK;
SDR 27 TDI (009d0f02) TDO (00000003) ;
RUNTEST 640 TCK;
SDR 27 TDI (009d1102) TDO (00000003) ;
RUNTEST 640 TCK;
SDR 27 TDI (009d2302) TDO (00000003) ;
RUNTEST 640 TCK;
SDR 27 TDI (009d2702) TDO (00000003) ;
RUNTEST 640 TCK;
SDR 27 TDI (009d2a02) TDO (00000003) ;
RUNTEST 640 TCK;
SDR 27 TDI (009d2f02) TDO (00000003) ;
RUNTEST 640 TCK;
SDR 27 TDI (009d3002) TDO (00000003) ;
RUNTEST 640 TCK;
SDR 27 TDI (009d4002) TDO (00000003) ;
RUNTEST 640 TCK;
SDR 27 TDI (009d4402) TDO (00000003) ;
RUNTEST 640 TCK;
SDR 27 TDI (009d4802) TDO (00000003) ;
RUNTEST 640 TCK;
SDR 27 TDI (009d4c02) TDO (00000003) ;
RUNTEST 640 TCK;
SDR 27 TDI (009d5002) TDO (00000003) ;
RUNTEST 640 TCK;
SDR 27 TDI (009d8302) TDO (00000003) ;
RUNTEST 640 TCK;
SDR 27 TDI (009d8602) TDO (00000003) ;
RUNTEST 640 TCK;
SDR 27 TDI (009d8b02) TDO (00000003) ;
RUNTEST 640 TCK;
SDR 27 TDI (009d8f02) TDO (00000003) ;
RUNTEST 640 TCK;
SDR 27 TDI (009d9102) TDO (00000003) ;
RUNTEST 640 TCK;
SDR 27 TDI (009da302) TDO (00000003) ;
RUNTEST 640 TCK;
SDR 27 TDI (009da602) TDO (00000003) ;
RUNTEST 640 TCK;
SDR 27 TDI (009dab02) TDO (00000003) ;
RUNTEST 640 TCK;
SDR 27 TDI (009daf02) TDO (00000003) ;
RUNTEST 640 TCK;
SDR 27 TDI (009db002) TDO (00000003) ;
RUNTEST 640 TCK;
SDR 27 TDI (009dc002) TDO (00000003) ;
RUNTEST 640 TCK;
SDR 27 TDI (009dc402) TDO (00000003) ;
RUNTEST 640 TCK;
SDR 27 TDI (009dc802) TDO (00000003) ;
RUNTEST 640 TCK;
SDR 27 TDI (009dcc02) TDO (00000003) ;
RUNTEST 640 TCK;
SDR 27 TDI (009dd002) TDO (00000003) ;
RUNTEST 640 TCK;
SDR 27 TDI (009e0302) TDO (00000003) ;
RUNTEST 640 TCK;
SDR 27 TDI (009e0602) TDO (00000003) ;
RUNTEST 640 TCK;
SDR 27 TDI (009e0b02) TDO (00000003) ;
RUNTEST 640 TCK;
SDR 27 TDI (009e0f02) TDO (00000003) ;
RUNTEST 640 TCK;
SDR 27 TDI (009e1102) TDO (00000003) ;
RUNTEST 640 TCK;
SDR 27 TDI (009e2302) TDO (00000003) ;
RUNTEST 640 TCK;
SDR 27 TDI (009e2602) TDO (00000003) ;
RUNTEST 640 TCK;
SDR 27 TDI (009e2b02) TDO (00000003) ;
RUNTEST 640 TCK;
SDR 27 TDI (009e2f02) TDO (00000003) ;
RUNTEST 640 TCK;
SDR 27 TDI (009e3002) TDO (00000003) ;
RUNTEST 640 TCK;
SDR 27 TDI (009e4002) TDO (00000003) ;
RUNTEST 640 TCK;
SDR 27 TDI (009e4402) TDO (00000003) ;
RUNTEST 640 TCK;
SDR 27 TDI (009e4802) TDO (00000003) ;
RUNTEST 640 TCK;
SDR 27 TDI (009e4c02) TDO (00000003) ;
RUNTEST 640 TCK;
SDR 27 TDI (009e5002) TDO (00000003) ;
RUNTEST 640 TCK;
SDR 27 TDI (009e8302) TDO (00000003) ;
RUNTEST 640 TCK;
SDR 27 TDI (009e8602) TDO (00000003) ;
RUNTEST 640 TCK;
SDR 27 TDI (009e8b02) TDO (00000003) ;
RUNTEST 640 TCK;
SDR 27 TDI (009e8d02) TDO (00000003) ;
RUNTEST 640 TCK;
SDR 27 TDI (009e9302) TDO (00000003) ;
RUNTEST 640 TCK;
SDR 27 TDI (009ea302) TDO (00000003) ;
RUNTEST 640 TCK;
SDR 27 TDI (009ea782) TDO (00000003) ;
RUNTEST 640 TCK;
SDR 27 TDI (009eaa82) TDO (00000003) ;
RUNTEST 640 TCK;
SDR 27 TDI (009eaf02) TDO (00000003) ;
RUNTEST 640 TCK;
SDR 27 TDI (009eb002) TDO (00000003) ;
RUNTEST 640 TCK;
SDR 27 TDI (009ec042) TDO (00000003) ;
RUNTEST 640 TCK;
SDR 27 TDI (009ec442) TDO (00000003) ;
RUNTEST 640 TCK;
SDR 27 TDI (009ec802) TDO (00000003) ;
RUNTEST 640 TCK;
SDR 27 TDI (009ecc82) TDO (00000003) ;
RUNTEST 640 TCK;
SDR 27 TDI (009ed002) TDO (00000003) ;
RUNTEST 640 TCK;
SDR 27 TDI (009f0202) TDO (00000003) ;
RUNTEST 640 TCK;
SDR 27 TDI (009f0702) TDO (00000003) ;
RUNTEST 640 TCK;
SDR 27 TDI (009f0b02) TDO (00000003) ;
RUNTEST 640 TCK;
SDR 27 TDI (009f0f02) TDO (00000003) ;
RUNTEST 640 TCK;
SDR 27 TDI (009f1102) TDO (00000003) ;
RUNTEST 640 TCK;
SDR 27 TDI (009f2382) TDO (00000003) ;
RUNTEST 640 TCK;
SDR 27 TDI (009f2702) TDO (00000003) ;
RUNTEST 640 TCK;
SDR 27 TDI (009f2a02) TDO (00000003) ;
RUNTEST 640 TCK;
SDR 27 TDI (009f2f02) TDO (00000003) ;
RUNTEST 640 TCK;
SDR 27 TDI (009f3002) TDO (00000003) ;
RUNTEST 640 TCK;
SDR 27 TDI (009f4002) TDO (00000003) ;
RUNTEST 640 TCK;
SDR 27 TDI (009f4402) TDO (00000003) ;
RUNTEST 640 TCK;
SDR 27 TDI (009f4802) TDO (00000003) ;
RUNTEST 640 TCK;
SDR 27 TDI (009f4c02) TDO (00000003) ;
RUNTEST 640 TCK;
SDR 27 TDI (009f5002) TDO (00000003) ;
RUNTEST 640 TCK;
SDR 27 TDI (009f8302) TDO (00000003) ;
RUNTEST 640 TCK;
SDR 27 TDI (009f8602) TDO (00000003) ;
RUNTEST 640 TCK;
SDR 27 TDI (009f8b02) TDO (00000003) ;
RUNTEST 640 TCK;
SDR 27 TDI (009f8f02) TDO (00000003) ;
RUNTEST 640 TCK;
SDR 27 TDI (009f9102) TDO (00000003) ;
RUNTEST 640 TCK;
SDR 27 TDI (009fa302) TDO (00000003) ;
RUNTEST 640 TCK;
SDR 27 TDI (009fa782) TDO (00000003) ;
RUNTEST 640 TCK;
SDR 27 TDI (009faa82) TDO (00000003) ;
RUNTEST 640 TCK;
SDR 27 TDI (009faf02) TDO (00000003) ;
RUNTEST 640 TCK;
SDR 27 TDI (009fb002) TDO (00000003) ;
RUNTEST 640 TCK;
SDR 27 TDI (009fc002) TDO (00000003) ;
RUNTEST 640 TCK;
SDR 27 TDI (009fc402) TDO (00000003) ;
RUNTEST 640 TCK;
SDR 27 TDI (009fc802) TDO (00000003) ;
RUNTEST 640 TCK;
SDR 27 TDI (009fcc02) TDO (00000003) ;
RUNTEST 640 TCK;
SDR 27 TDI (009fd002) TDO (00000003) ;
RUNTEST 640 TCK;
SDR 27 TDI (00a00306) TDO (00000003) ;
RUNTEST 640 TCK;
SDR 27 TDI (00a00602) TDO (00000003) ;
RUNTEST 640 TCK;
SDR 27 TDI (00a00b02) TDO (00000003) ;
RUNTEST 640 TCK;
SDR 27 TDI (00a00f02) TDO (00000003) ;
RUNTEST 640 TCK;
SDR 27 TDI (00a01302) TDO (00000003) ;
RUNTEST 640 TCK;
SDR 27 TDI (00a02302) TDO (00000003) ;
RUNTEST 640 TCK;
SDR 27 TDI (00a02702) TDO (00000003) ;
RUNTEST 640 TCK;
SDR 27 TDI (00a02b02) TDO (00000003) ;
RUNTEST 640 TCK;
SDR 27 TDI (00a02f02) TDO (00000003) ;
RUNTEST 640 TCK;
SDR 27 TDI (00a03002) TDO (00000003) ;
RUNTEST 640 TCK;
SDR 27 TDI (00a04002) TDO (00000003) ;
RUNTEST 640 TCK;
SDR 27 TDI (00a04402) TDO (00000003) ;
RUNTEST 640 TCK;
SDR 27 TDI (00a04802) TDO (00000003) ;
RUNTEST 640 TCK;
SDR 27 TDI (00a04c02) TDO (00000003) ;
RUNTEST 640 TCK;
SDR 27 TDI (00a05002) TDO (00000003) ;
RUNTEST 640 TCK;
SDR 27 TDI (00a08302) TDO (00000003) ;
RUNTEST 640 TCK;
SDR 27 TDI (00a08606) TDO (00000003) ;
RUNTEST 640 TCK;
SDR 27 TDI (00a08b02) TDO (00000003) ;
RUNTEST 640 TCK;
SDR 27 TDI (00a08f02) TDO (00000003) ;
RUNTEST 640 TCK;
SDR 27 TDI (00a09102) TDO (00000003) ;
RUNTEST 640 TCK;
SDR 27 TDI (00a0a302) TDO (00000003) ;
RUNTEST 640 TCK;
SDR 27 TDI (00a0a702) TDO (00000003) ;
RUNTEST 640 TCK;
SDR 27 TDI (00a0aa02) TDO (00000003) ;
RUNTEST 640 TCK;
SDR 27 TDI (00a0af02) TDO (00000003) ;
RUNTEST 640 TCK;
SDR 27 TDI (00a0b002) TDO (00000003) ;
RUNTEST 640 TCK;
SDR 27 TDI (00a0c002) TDO (00000003) ;
RUNTEST 640 TCK;
SDR 27 TDI (00a0c402) TDO (00000003) ;
RUNTEST 640 TCK;
SDR 27 TDI (00a0c802) TDO (00000003) ;
RUNTEST 640 TCK;
SDR 27 TDI (00a0cc02) TDO (00000003) ;
RUNTEST 640 TCK;
SDR 27 TDI (00a0d002) TDO (00000003) ;
RUNTEST 640 TCK;
SDR 27 TDI (00a10302) TDO (00000003) ;
RUNTEST 640 TCK;
SDR 27 TDI (00a10602) TDO (00000003) ;
RUNTEST 640 TCK;
SDR 27 TDI (00a10b02) TDO (00000003) ;
RUNTEST 640 TCK;
SDR 27 TDI (00a10f02) TDO (00000003) ;
RUNTEST 640 TCK;
SDR 27 TDI (00a11302) TDO (00000003) ;
RUNTEST 640 TCK;
SDR 27 TDI (00a12302) TDO (00000003) ;
RUNTEST 640 TCK;
SDR 27 TDI (00a12702) TDO (00000003) ;
RUNTEST 640 TCK;
SDR 27 TDI (00a12b02) TDO (00000003) ;
RUNTEST 640 TCK;
SDR 27 TDI (00a12f02) TDO (00000003) ;
RUNTEST 640 TCK;
SDR 27 TDI (00a13002) TDO (00000003) ;
RUNTEST 640 TCK;
SDR 27 TDI (00a14002) TDO (00000003) ;
RUNTEST 640 TCK;
SDR 27 TDI (00a14402) TDO (00000003) ;
RUNTEST 640 TCK;
SDR 27 TDI (00a14802) TDO (00000003) ;
RUNTEST 640 TCK;
SDR 27 TDI (00a14c02) TDO (00000003) ;
RUNTEST 640 TCK;
SDR 27 TDI (00a15002) TDO (00000003) ;
RUNTEST 640 TCK;
SDR 27 TDI (00a18202) TDO (00000003) ;
RUNTEST 640 TCK;
SDR 27 TDI (00a18702) TDO (00000003) ;
RUNTEST 640 TCK;
SDR 27 TDI (00a18b02) TDO (00000003) ;
RUNTEST 640 TCK;
SDR 27 TDI (00a18f02) TDO (00000003) ;
RUNTEST 640 TCK;
SDR 27 TDI (00a19302) TDO (00000003) ;
RUNTEST 640 TCK;
SDR 27 TDI (00a1a302) TDO (00000003) ;
RUNTEST 640 TCK;
SDR 27 TDI (00a1a782) TDO (00000003) ;
RUNTEST 640 TCK;
SDR 27 TDI (00a1ab82) TDO (00000003) ;
RUNTEST 640 TCK;
SDR 27 TDI (00a1af02) TDO (00000003) ;
RUNTEST 640 TCK;
SDR 27 TDI (00a1b002) TDO (00000003) ;
RUNTEST 640 TCK;
SDR 27 TDI (00a1c002) TDO (00000003) ;
RUNTEST 640 TCK;
SDR 27 TDI (00a1c442) TDO (00000003) ;
RUNTEST 640 TCK;
SDR 27 TDI (00a1c802) TDO (00000003) ;
RUNTEST 640 TCK;
SDR 27 TDI (00a1cc02) TDO (00000003) ;
RUNTEST 640 TCK;
SDR 27 TDI (00a1d002) TDO (00000003) ;
RUNTEST 640 TCK;
SDR 27 TDI (00a20302) TDO (00000003) ;
RUNTEST 640 TCK;
SDR 27 TDI (00a20702) TDO (00000003) ;
RUNTEST 640 TCK;
SDR 27 TDI (00a20b02) TDO (00000003) ;
RUNTEST 640 TCK;
SDR 27 TDI (00a20f02) TDO (00000003) ;
RUNTEST 640 TCK;
SDR 27 TDI (00a21302) TDO (00000003) ;
RUNTEST 640 TCK;
SDR 27 TDI (00a22302) TDO (00000003) ;
RUNTEST 640 TCK;
SDR 27 TDI (00a22602) TDO (00000003) ;
RUNTEST 640 TCK;
SDR 27 TDI (00a22b02) TDO (00000003) ;
RUNTEST 640 TCK;
SDR 27 TDI (00a22f02) TDO (00000003) ;
RUNTEST 640 TCK;
SDR 27 TDI (00a23002) TDO (00000003) ;
RUNTEST 640 TCK;
SDR 27 TDI (00a24002) TDO (00000003) ;
RUNTEST 640 TCK;
SDR 27 TDI (00a24402) TDO (00000003) ;
RUNTEST 640 TCK;
SDR 27 TDI (00a24802) TDO (00000003) ;
RUNTEST 640 TCK;
SDR 27 TDI (00a24c02) TDO (00000003) ;
RUNTEST 640 TCK;
SDR 27 TDI (00a25002) TDO (00000003) ;
RUNTEST 640 TCK;
SDR 27 TDI (00a28302) TDO (00000003) ;
RUNTEST 640 TCK;
SDR 27 TDI (00a28702) TDO (00000003) ;
RUNTEST 640 TCK;
SDR 27 TDI (00a28b02) TDO (00000003) ;
RUNTEST 640 TCK;
SDR 27 TDI (00a28f02) TDO (00000003) ;
RUNTEST 640 TCK;
SDR 27 TDI (00a29302) TDO (00000003) ;
RUNTEST 640 TCK;
SDR 27 TDI (00a2a302) TDO (00000003) ;
RUNTEST 640 TCK;
SDR 27 TDI (00a2a702) TDO (00000003) ;
RUNTEST 640 TCK;
SDR 27 TDI (00a2ab02) TDO (00000003) ;
RUNTEST 640 TCK;
SDR 27 TDI (00a2af02) TDO (00000003) ;
RUNTEST 640 TCK;
SDR 27 TDI (00a2b002) TDO (00000003) ;
RUNTEST 640 TCK;
SDR 27 TDI (00a2c002) TDO (00000003) ;
RUNTEST 640 TCK;
SDR 27 TDI (00a2c402) TDO (00000003) ;
RUNTEST 640 TCK;
SDR 27 TDI (00a2c802) TDO (00000003) ;
RUNTEST 640 TCK;
SDR 27 TDI (00a2cc02) TDO (00000003) ;
RUNTEST 640 TCK;
SDR 27 TDI (00a2d002) TDO (00000003) ;
RUNTEST 640 TCK;
SDR 27 TDI (00a30302) TDO (00000003) ;
RUNTEST 640 TCK;
SDR 27 TDI (00a30702) TDO (00000003) ;
RUNTEST 640 TCK;
SDR 27 TDI (00a30b02) TDO (00000003) ;
RUNTEST 640 TCK;
SDR 27 TDI (00a30f02) TDO (00000003) ;
RUNTEST 640 TCK;
SDR 27 TDI (00a31302) TDO (00000003) ;
RUNTEST 640 TCK;
SDR 27 TDI (00a32302) TDO (00000003) ;
RUNTEST 640 TCK;
SDR 27 TDI (00a32702) TDO (00000003) ;
RUNTEST 640 TCK;
SDR 27 TDI (00a32b02) TDO (00000003) ;
RUNTEST 640 TCK;
SDR 27 TDI (00a32f02) TDO (00000003) ;
RUNTEST 640 TCK;
SDR 27 TDI (00a33002) TDO (00000003) ;
RUNTEST 640 TCK;
SDR 27 TDI (00a34002) TDO (00000003) ;
RUNTEST 640 TCK;
SDR 27 TDI (00a34402) TDO (00000003) ;
RUNTEST 640 TCK;
SDR 27 TDI (00a34802) TDO (00000003) ;
RUNTEST 640 TCK;
SDR 27 TDI (00a34c02) TDO (00000003) ;
RUNTEST 640 TCK;
SDR 27 TDI (00a35002) TDO (00000003) ;
RUNTEST 640 TCK;
SDR 27 TDI (00a38302) TDO (00000003) ;
RUNTEST 640 TCK;
SDR 27 TDI (00a38702) TDO (00000003) ;
RUNTEST 640 TCK;
SDR 27 TDI (00a38b02) TDO (00000003) ;
RUNTEST 640 TCK;
SDR 27 TDI (00a38f02) TDO (00000003) ;
RUNTEST 640 TCK;
SDR 27 TDI (00a39302) TDO (00000003) ;
RUNTEST 640 TCK;
SDR 27 TDI (00a3a302) TDO (00000003) ;
RUNTEST 640 TCK;
SDR 27 TDI (00a3a702) TDO (00000003) ;
RUNTEST 640 TCK;
SDR 27 TDI (00a3ab02) TDO (00000003) ;
RUNTEST 640 TCK;
SDR 27 TDI (00a3af02) TDO (00000003) ;
RUNTEST 640 TCK;
SDR 27 TDI (00a3b002) TDO (00000003) ;
RUNTEST 640 TCK;
SDR 27 TDI (00a3c002) TDO (00000003) ;
RUNTEST 640 TCK;
SDR 27 TDI (00a3c402) TDO (00000003) ;
RUNTEST 640 TCK;
SDR 27 TDI (00a3c802) TDO (00000003) ;
RUNTEST 640 TCK;
SDR 27 TDI (00a3cc02) TDO (00000003) ;
RUNTEST 640 TCK;
SDR 27 TDI (00a3d002) TDO (00000003) ;
RUNTEST 640 TCK;
SDR 27 TDI (00c003ba) TDO (00000003) ;
RUNTEST 640 TCK;
SDR 27 TDI (00c0059e) TDO (00000003) ;
RUNTEST 640 TCK;
SDR 27 TDI (00c009fe) TDO (00000003) ;
RUNTEST 640 TCK;
SDR 27 TDI (00c00dee) TDO (00000003) ;
RUNTEST 640 TCK;
SDR 27 TDI (00c011f6) TDO (00000003) ;
RUNTEST 640 TCK;
SDR 27 TDI (00c023ba) TDO (00000003) ;
RUNTEST 640 TCK;
SDR 27 TDI (00c0259e) TDO (00000003) ;
RUNTEST 640 TCK;
SDR 27 TDI (00c029fe) TDO (00000003) ;
RUNTEST 640 TCK;
SDR 27 TDI (00c02dee) TDO (00000003) ;
RUNTEST 640 TCK;
SDR 27 TDI (00c031f6) TDO (00000003) ;
RUNTEST 640 TCK;
SDR 27 TDI (00c043ba) TDO (00000003) ;
RUNTEST 640 TCK;
SDR 27 TDI (00c0459e) TDO (00000003) ;
RUNTEST 640 TCK;
SDR 27 TDI (00c049fe) TDO (00000003) ;
RUNTEST 640 TCK;
SDR 27 TDI (00c04dee) TDO (00000003) ;
RUNTEST 640 TCK;
SDR 27 TDI (00c051f6) TDO (00000003) ;
RUNTEST 640 TCK;
SDR 27 TDI (00c063ba) TDO (00000003) ;
RUNTEST 640 TCK;
SDR 27 TDI (00c0659e) TDO (00000003) ;
RUNTEST 640 TCK;
SDR 27 TDI (00c069fe) TDO (00000003) ;
RUNTEST 640 TCK;
SDR 27 TDI (00c06dee) TDO (00000003) ;
RUNTEST 640 TCK;
SDR 27 TDI (00c071f6) TDO (00000003) ;
RUNTEST 640 TCK;
SDR 27 TDI (00c083ba) TDO (00000003) ;
RUNTEST 640 TCK;
SDR 27 TDI (00c0859e) TDO (00000003) ;
RUNTEST 640 TCK;
SDR 27 TDI (00c089fe) TDO (00000003) ;
RUNTEST 640 TCK;
SDR 27 TDI (00c08dee) TDO (00000003) ;
RUNTEST 640 TCK;
SDR 27 TDI (00c091f6) TDO (00000003) ;
RUNTEST 640 TCK;
SDR 27 TDI (00c0a3ba) TDO (00000003) ;
RUNTEST 640 TCK;
SDR 27 TDI (00c0a59e) TDO (00000003) ;
RUNTEST 640 TCK;
SDR 27 TDI (00c0a9fe) TDO (00000003) ;
RUNTEST 640 TCK;
SDR 27 TDI (00c0adee) TDO (00000003) ;
RUNTEST 640 TCK;
SDR 27 TDI (00c0b1f6) TDO (00000003) ;
RUNTEST 640 TCK;
SDR 27 TDI (00c0c3be) TDO (00000003) ;
RUNTEST 640 TCK;
SDR 27 TDI (00c0c59e) TDO (00000003) ;
RUNTEST 640 TCK;
SDR 27 TDI (00c0c9fe) TDO (00000003) ;
RUNTEST 640 TCK;
SDR 27 TDI (00c0cdee) TDO (00000003) ;
RUNTEST 640 TCK;
SDR 27 TDI (00c0d1f6) TDO (00000003) ;
RUNTEST 640 TCK;
SDR 27 TDI (00c0e3ba) TDO (00000003) ;
RUNTEST 640 TCK;
SDR 27 TDI (00c0e59e) TDO (00000003) ;
RUNTEST 640 TCK;
SDR 27 TDI (00c0e9fe) TDO (00000003) ;
RUNTEST 640 TCK;
SDR 27 TDI (00c0edee) TDO (00000003) ;
RUNTEST 640 TCK;
SDR 27 TDI (00c0f1f6) TDO (00000003) ;
RUNTEST 640 TCK;
SDR 27 TDI (00c103ba) TDO (00000003) ;
RUNTEST 640 TCK;
SDR 27 TDI (00c1059e) TDO (00000003) ;
RUNTEST 640 TCK;
SDR 27 TDI (00c109fe) TDO (00000003) ;
RUNTEST 640 TCK;
SDR 27 TDI (00c10dee) TDO (00000003) ;
RUNTEST 640 TCK;
SDR 27 TDI (00c111f6) TDO (00000003) ;
RUNTEST 640 TCK;
SDR 27 TDI (00c123ba) TDO (00000003) ;
RUNTEST 640 TCK;
SDR 27 TDI (00c1259e) TDO (00000003) ;
RUNTEST 640 TCK;
SDR 27 TDI (00c129fe) TDO (00000003) ;
RUNTEST 640 TCK;
SDR 27 TDI (00c12dee) TDO (00000003) ;
RUNTEST 640 TCK;
SDR 27 TDI (00c131f6) TDO (00000003) ;
RUNTEST 640 TCK;
SDR 27 TDI (00c143ba) TDO (00000003) ;
RUNTEST 640 TCK;
SDR 27 TDI (00c1459e) TDO (00000003) ;
RUNTEST 640 TCK;
SDR 27 TDI (00c149fe) TDO (00000003) ;
RUNTEST 640 TCK;
SDR 27 TDI (00c14dee) TDO (00000003) ;
RUNTEST 640 TCK;
SDR 27 TDI (00c151f6) TDO (00000003) ;
RUNTEST 640 TCK;
SDR 27 TDI (00c163ba) TDO (00000003) ;
RUNTEST 640 TCK;
SDR 27 TDI (00c1659e) TDO (00000003) ;
RUNTEST 640 TCK;
SDR 27 TDI (00c169fe) TDO (00000003) ;
RUNTEST 640 TCK;
SDR 27 TDI (00c16dee) TDO (00000003) ;
RUNTEST 640 TCK;
SDR 27 TDI (00c171f6) TDO (00000003) ;
RUNTEST 640 TCK;
SDR 27 TDI (00c183ba) TDO (00000003) ;
RUNTEST 640 TCK;
SDR 27 TDI (00c1859e) TDO (00000003) ;
RUNTEST 640 TCK;
SDR 27 TDI (00c189fe) TDO (00000003) ;
RUNTEST 640 TCK;
SDR 27 TDI (00c18dee) TDO (00000003) ;
RUNTEST 640 TCK;
SDR 27 TDI (00c191f6) TDO (00000003) ;
RUNTEST 640 TCK;
SDR 27 TDI (00c1a3ba) TDO (00000003) ;
RUNTEST 640 TCK;
SDR 27 TDI (00c1a59e) TDO (00000003) ;
RUNTEST 640 TCK;
SDR 27 TDI (00c1a9fe) TDO (00000003) ;
RUNTEST 640 TCK;
SDR 27 TDI (00c1adee) TDO (00000003) ;
RUNTEST 640 TCK;
SDR 27 TDI (00c1b1f6) TDO (00000003) ;
RUNTEST 640 TCK;
SDR 27 TDI (00c1c3ba) TDO (00000003) ;
RUNTEST 640 TCK;
SDR 27 TDI (00c1c59e) TDO (00000003) ;
RUNTEST 640 TCK;
SDR 27 TDI (00c1c9fe) TDO (00000003) ;
RUNTEST 640 TCK;
SDR 27 TDI (00c1cdee) TDO (00000003) ;
RUNTEST 640 TCK;
SDR 27 TDI (00c1d1f6) TDO (00000003) ;
RUNTEST 640 TCK;
SDR 27 TDI (00c1e3ba) TDO (00000003) ;
RUNTEST 640 TCK;
SDR 27 TDI (00c1e59e) TDO (00000003) ;
RUNTEST 640 TCK;
SDR 27 TDI (00c1e9fe) TDO (00000003) ;
RUNTEST 640 TCK;
SDR 27 TDI (00c1edee) TDO (00000003) ;
RUNTEST 640 TCK;
SDR 27 TDI (00c1f1f6) TDO (00000003) ;
RUNTEST 640 TCK;
SDR 27 TDI (00c203ba) TDO (00000003) ;
RUNTEST 640 TCK;
SDR 27 TDI (00c2059e) TDO (00000003) ;
RUNTEST 640 TCK;
SDR 27 TDI (00c209fe) TDO (00000003) ;
RUNTEST 640 TCK;
SDR 27 TDI (00c20dee) TDO (00000003) ;
RUNTEST 640 TCK;
SDR 27 TDI (00c211f6) TDO (00000003) ;
RUNTEST 640 TCK;
SDR 27 TDI (00c223ba) TDO (00000003) ;
RUNTEST 640 TCK;
SDR 27 TDI (00c2259e) TDO (00000003) ;
RUNTEST 640 TCK;
SDR 27 TDI (00c229fe) TDO (00000003) ;
RUNTEST 640 TCK;
SDR 27 TDI (00c22dee) TDO (00000003) ;
RUNTEST 640 TCK;
SDR 27 TDI (00c231f6) TDO (00000003) ;
RUNTEST 640 TCK;
SDR 27 TDI (00c403ba) TDO (00000003) ;
RUNTEST 640 TCK;
SDR 27 TDI (00c4059e) TDO (00000003) ;
RUNTEST 640 TCK;
SDR 27 TDI (00c409fe) TDO (00000003) ;
RUNTEST 640 TCK;
SDR 27 TDI (00c40dee) TDO (00000003) ;
RUNTEST 640 TCK;
SDR 27 TDI (00c411f6) TDO (00000003) ;
RUNTEST 640 TCK;
SDR 27 TDI (00c423ba) TDO (00000003) ;
RUNTEST 640 TCK;
SDR 27 TDI (00c4259e) TDO (00000003) ;
RUNTEST 640 TCK;
SDR 27 TDI (00c429fe) TDO (00000003) ;
RUNTEST 640 TCK;
SDR 27 TDI (00c42dee) TDO (00000003) ;
RUNTEST 640 TCK;
SDR 27 TDI (00c431f6) TDO (00000003) ;
RUNTEST 640 TCK;
SDR 27 TDI (00c443ba) TDO (00000003) ;
RUNTEST 640 TCK;
SDR 27 TDI (00c4459e) TDO (00000003) ;
RUNTEST 640 TCK;
SDR 27 TDI (00c449fe) TDO (00000003) ;
RUNTEST 640 TCK;
SDR 27 TDI (00c44dee) TDO (00000003) ;
RUNTEST 640 TCK;
SDR 27 TDI (00c451f6) TDO (00000003) ;
RUNTEST 640 TCK;
SDR 27 TDI (00c463ba) TDO (00000003) ;
RUNTEST 640 TCK;
SDR 27 TDI (00c4659e) TDO (00000003) ;
RUNTEST 640 TCK;
SDR 27 TDI (00c469fe) TDO (00000003) ;
RUNTEST 640 TCK;
SDR 27 TDI (00c46dee) TDO (00000003) ;
RUNTEST 640 TCK;
SDR 27 TDI (00c471f6) TDO (00000003) ;
RUNTEST 640 TCK;
SDR 27 TDI (00c483ba) TDO (00000003) ;
RUNTEST 640 TCK;
SDR 27 TDI (00c4859e) TDO (00000003) ;
RUNTEST 640 TCK;
SDR 27 TDI (00c489fe) TDO (00000003) ;
RUNTEST 640 TCK;
SDR 27 TDI (00c48dee) TDO (00000003) ;
RUNTEST 640 TCK;
SDR 27 TDI (00c491f6) TDO (00000003) ;
RUNTEST 640 TCK;
SDR 27 TDI (00c4a3ba) TDO (00000003) ;
RUNTEST 640 TCK;
SDR 27 TDI (00c4a5be) TDO (00000003) ;
RUNTEST 640 TCK;
SDR 27 TDI (00c4a9fe) TDO (00000003) ;
RUNTEST 640 TCK;
SDR 27 TDI (00c4adee) TDO (00000003) ;
RUNTEST 640 TCK;
SDR 27 TDI (00c4b1f6) TDO (00000003) ;
RUNTEST 640 TCK;
SDR 27 TDI (00c4c3ba) TDO (00000003) ;
RUNTEST 640 TCK;
SDR 27 TDI (00c4c59e) TDO (00000003) ;
RUNTEST 640 TCK;
SDR 27 TDI (00c4c9fe) TDO (00000003) ;
RUNTEST 640 TCK;
SDR 27 TDI (00c4cdee) TDO (00000003) ;
RUNTEST 640 TCK;
SDR 27 TDI (00c4d1f6) TDO (00000003) ;
RUNTEST 640 TCK;
SDR 27 TDI (00c4e3ba) TDO (00000003) ;
RUNTEST 640 TCK;
SDR 27 TDI (00c4e59e) TDO (00000003) ;
RUNTEST 640 TCK;
SDR 27 TDI (00c4e9fe) TDO (00000003) ;
RUNTEST 640 TCK;
SDR 27 TDI (00c4edee) TDO (00000003) ;
RUNTEST 640 TCK;
SDR 27 TDI (00c4f1f6) TDO (00000003) ;
RUNTEST 640 TCK;
SDR 27 TDI (00c503ba) TDO (00000003) ;
RUNTEST 640 TCK;
SDR 27 TDI (00c505de) TDO (00000003) ;
RUNTEST 640 TCK;
SDR 27 TDI (00c509fe) TDO (00000003) ;
RUNTEST 640 TCK;
SDR 27 TDI (00c50dee) TDO (00000003) ;
RUNTEST 640 TCK;
SDR 27 TDI (00c511f6) TDO (00000003) ;
RUNTEST 640 TCK;
SDR 27 TDI (00c523ba) TDO (00000003) ;
RUNTEST 640 TCK;
SDR 27 TDI (00c5259e) TDO (00000003) ;
RUNTEST 640 TCK;
SDR 27 TDI (00c529fe) TDO (00000003) ;
RUNTEST 640 TCK;
SDR 27 TDI (00c52dee) TDO (00000003) ;
RUNTEST 640 TCK;
SDR 27 TDI (00c531f6) TDO (00000003) ;
RUNTEST 640 TCK;
SDR 27 TDI (00c543ba) TDO (00000003) ;
RUNTEST 640 TCK;
SDR 27 TDI (00c5459e) TDO (00000003) ;
RUNTEST 640 TCK;
SDR 27 TDI (00c549fe) TDO (00000003) ;
RUNTEST 640 TCK;
SDR 27 TDI (00c54dfe) TDO (00000003) ;
RUNTEST 640 TCK;
SDR 27 TDI (00c551f6) TDO (00000003) ;
RUNTEST 640 TCK;
SDR 27 TDI (00c563ba) TDO (00000003) ;
RUNTEST 640 TCK;
SDR 27 TDI (00c5659e) TDO (00000003) ;
RUNTEST 640 TCK;
SDR 27 TDI (00c569fe) TDO (00000003) ;
RUNTEST 640 TCK;
SDR 27 TDI (00c56dee) TDO (00000003) ;
RUNTEST 640 TCK;
SDR 27 TDI (00c571f6) TDO (00000003) ;
RUNTEST 640 TCK;
SDR 27 TDI (00c583ba) TDO (00000003) ;
RUNTEST 640 TCK;
SDR 27 TDI (00c5859e) TDO (00000003) ;
RUNTEST 640 TCK;
SDR 27 TDI (00c589fe) TDO (00000003) ;
RUNTEST 640 TCK;
SDR 27 TDI (00c58dee) TDO (00000003) ;
RUNTEST 640 TCK;
SDR 27 TDI (00c591fe) TDO (00000003) ;
RUNTEST 640 TCK;
SDR 27 TDI (00c5a3ba) TDO (00000003) ;
RUNTEST 640 TCK;
SDR 27 TDI (00c5a59e) TDO (00000003) ;
RUNTEST 640 TCK;
SDR 27 TDI (00c5a9fe) TDO (00000003) ;
RUNTEST 640 TCK;
SDR 27 TDI (00c5adee) TDO (00000003) ;
RUNTEST 640 TCK;
SDR 27 TDI (00c5b1f6) TDO (00000003) ;
RUNTEST 640 TCK;
SDR 27 TDI (00c5c3ba) TDO (00000003) ;
RUNTEST 640 TCK;
SDR 27 TDI (00c5c59e) TDO (00000003) ;
RUNTEST 640 TCK;
SDR 27 TDI (00c5c9fe) TDO (00000003) ;
RUNTEST 640 TCK;
SDR 27 TDI (00c5cdee) TDO (00000003) ;
RUNTEST 640 TCK;
SDR 27 TDI (00c5d1f6) TDO (00000003) ;
RUNTEST 640 TCK;
SDR 27 TDI (00c5e3ba) TDO (00000003) ;
RUNTEST 640 TCK;
SDR 27 TDI (00c5e59e) TDO (00000003) ;
RUNTEST 640 TCK;
SDR 27 TDI (00c5e9fe) TDO (00000003) ;
RUNTEST 640 TCK;
SDR 27 TDI (00c5edee) TDO (00000003) ;
RUNTEST 640 TCK;
SDR 27 TDI (00c5f1f6) TDO (00000003) ;
RUNTEST 640 TCK;
SDR 27 TDI (00c603ba) TDO (00000003) ;
RUNTEST 640 TCK;
SDR 27 TDI (00c6059e) TDO (00000003) ;
RUNTEST 640 TCK;
SDR 27 TDI (00c609fe) TDO (00000003) ;
RUNTEST 640 TCK;
SDR 27 TDI (00c60dee) TDO (00000003) ;
RUNTEST 640 TCK;
SDR 27 TDI (00c611f6) TDO (00000003) ;
RUNTEST 640 TCK;
SDR 27 TDI (00c623fa) TDO (00000003) ;
RUNTEST 640 TCK;
SDR 27 TDI (00c6259e) TDO (00000003) ;
RUNTEST 640 TCK;
SDR 27 TDI (00c629fe) TDO (00000003) ;
RUNTEST 640 TCK;
SDR 27 TDI (00c62dee) TDO (00000003) ;
RUNTEST 640 TCK;
SDR 27 TDI (00c631f6) TDO (00000003) ;
RUNTEST 640 TCK;
SDR 27 TDI (00c631f6) TDO (00000003) ;
// Loading devices with 'conld' or 'bypass' instruction.
SIR 8 TDI (f0) ;
RUNTEST 100 TCK;
TIR 0 ;
HIR 0 ;
HDR 0 ;
TDR 0 ;
//Loading device with 'ispen' instruction.
SIR 8 TDI (e8) ;
SDR 6 TDI (07) SMASK (3f) ;
// Loading device with a 'fvfy' instruction. 
SIR 8 TDI (ee) ;
SDR 27 TDI (00000302) SMASK (07ffffff) ;
RUNTEST 1 TCK;
SDR 27 TDI (00000702) TDO (00000303) MASK (07ffffff) ;
RUNTEST 1 TCK;
SDR 27 TDI (00000a02) TDO (00000703) ;
RUNTEST 1 TCK;
SDR 27 TDI (00000f02) TDO (00000a03) ;
RUNTEST 1 TCK;
SDR 27 TDI (00001302) TDO (00000f03) ;
RUNTEST 1 TCK;
SDR 27 TDI (00002302) TDO (00001303) ;
RUNTEST 1 TCK;
SDR 27 TDI (00002702) TDO (00002303) ;
RUNTEST 1 TCK;
SDR 27 TDI (00002b02) TDO (00002703) ;
RUNTEST 1 TCK;
SDR 27 TDI (00002f02) TDO (00002b03) ;
RUNTEST 1 TCK;
SDR 27 TDI (00003002) TDO (00002f03) ;
RUNTEST 1 TCK;
SDR 27 TDI (00004002) TDO (00003003) ;
RUNTEST 1 TCK;
SDR 27 TDI (00004402) TDO (00004003) ;
RUNTEST 1 TCK;
SDR 27 TDI (00004802) TDO (00004403) ;
RUNTEST 1 TCK;
SDR 27 TDI (00004c02) TDO (00004803) ;
RUNTEST 1 TCK;
SDR 27 TDI (00005002) TDO (00004c03) ;
RUNTEST 1 TCK;
SDR 27 TDI (00008302) TDO (00005003) ;
RUNTEST 1 TCK;
SDR 27 TDI (00008712) TDO (00008303) ;
RUNTEST 1 TCK;
SDR 27 TDI (00008b12) TDO (00008713) ;
RUNTEST 1 TCK;
SDR 27 TDI (00008f12) TDO (00008b13) ;
RUNTEST 1 TCK;
SDR 27 TDI (00009302) TDO (00008f13) ;
RUNTEST 1 TCK;
SDR 27 TDI (0000a312) TDO (00009303) ;
RUNTEST 1 TCK;
SDR 27 TDI (0000a712) TDO (0000a313) ;
RUNTEST 1 TCK;
SDR 27 TDI (0000ab12) TDO (0000a713) ;
RUNTEST 1 TCK;
SDR 27 TDI (0000af12) TDO (0000ab13) ;
RUNTEST 1 TCK;
SDR 27 TDI (0000b012) TDO (0000af13) ;
RUNTEST 1 TCK;
SDR 27 TDI (0000c002) TDO (0000b013) ;
RUNTEST 1 TCK;
SDR 27 TDI (0000c412) TDO (0000c003) ;
RUNTEST 1 TCK;
SDR 27 TDI (0000c812) TDO (0000c413) ;
RUNTEST 1 TCK;
SDR 27 TDI (0000cc02) TDO (0000c813) ;
RUNTEST 1 TCK;
SDR 27 TDI (0000d002) TDO (0000cc03) ;
RUNTEST 1 TCK;
SDR 27 TDI (00010302) TDO (0000d003) ;
RUNTEST 1 TCK;
SDR 27 TDI (00010702) TDO (00010303) ;
RUNTEST 1 TCK;
SDR 27 TDI (00010b02) TDO (00010703) ;
RUNTEST 1 TCK;
SDR 27 TDI (00010f02) TDO (00010b03) ;
RUNTEST 1 TCK;
SDR 27 TDI (00011302) TDO (00010f03) ;
RUNTEST 1 TCK;
SDR 27 TDI (00012332) TDO (00011303) ;
RUNTEST 1 TCK;
SDR 27 TDI (00012702) TDO (00012333) ;
RUNTEST 1 TCK;
SDR 27 TDI (00012b02) TDO (00012703) ;
RUNTEST 1 TCK;
SDR 27 TDI (00012f02) TDO (00012b03) ;
RUNTEST 1 TCK;
SDR 27 TDI (00013002) TDO (00012f03) ;
RUNTEST 1 TCK;
SDR 27 TDI (00014002) TDO (00013003) ;
RUNTEST 1 TCK;
SDR 27 TDI (00014402) TDO (00014003) ;
RUNTEST 1 TCK;
SDR 27 TDI (00014802) TDO (00014403) ;
RUNTEST 1 TCK;
SDR 27 TDI (00014c02) TDO (00014803) ;
RUNTEST 1 TCK;
SDR 27 TDI (00015002) TDO (00014c03) ;
RUNTEST 1 TCK;
SDR 27 TDI (00018302) TDO (00015003) ;
RUNTEST 1 TCK;
SDR 27 TDI (00018702) TDO (00018303) ;
RUNTEST 1 TCK;
SDR 27 TDI (00018a02) TDO (00018703) ;
RUNTEST 1 TCK;
SDR 27 TDI (00018f02) TDO (00018a03) ;
RUNTEST 1 TCK;
SDR 27 TDI (00019302) TDO (00018f03) ;
RUNTEST 1 TCK;
SDR 27 TDI (0001a30e) TDO (00019303) ;
RUNTEST 1 TCK;
SDR 27 TDI (0001a702) TDO (0001a30f) ;
RUNTEST 1 TCK;
SDR 27 TDI (0001ab02) TDO (0001a703) ;
RUNTEST 1 TCK;
SDR 27 TDI (0001af02) TDO (0001ab03) ;
RUNTEST 1 TCK;
SDR 27 TDI (0001b002) TDO (0001af03) ;
RUNTEST 1 TCK;
SDR 27 TDI (0001c002) TDO (0001b003) ;
RUNTEST 1 TCK;
SDR 27 TDI (0001c402) TDO (0001c003) ;
RUNTEST 1 TCK;
SDR 27 TDI (0001c802) TDO (0001c403) ;
RUNTEST 1 TCK;
SDR 27 TDI (0001cc02) TDO (0001c803) ;
RUNTEST 1 TCK;
SDR 27 TDI (0001d002) TDO (0001cc03) ;
RUNTEST 1 TCK;
SDR 27 TDI (00020302) TDO (0001d003) ;
RUNTEST 1 TCK;
SDR 27 TDI (00020722) TDO (00020303) ;
RUNTEST 1 TCK;
SDR 27 TDI (00020b02) TDO (00020723) ;
RUNTEST 1 TCK;
SDR 27 TDI (00020f02) TDO (00020b03) ;
RUNTEST 1 TCK;
SDR 27 TDI (00021302) TDO (00020f03) ;
RUNTEST 1 TCK;
SDR 27 TDI (00022302) TDO (00021303) ;
RUNTEST 1 TCK;
SDR 27 TDI (0002270a) TDO (00022303) ;
RUNTEST 1 TCK;
SDR 27 TDI (00022b02) TDO (0002270b) ;
RUNTEST 1 TCK;
SDR 27 TDI (00022f02) TDO (00022b03) ;
RUNTEST 1 TCK;
SDR 27 TDI (00023002) TDO (00022f03) ;
RUNTEST 1 TCK;
SDR 27 TDI (00024002) TDO (00023003) ;
RUNTEST 1 TCK;
SDR 27 TDI (00024402) TDO (00024003) ;
RUNTEST 1 TCK;
SDR 27 TDI (00024802) TDO (00024403) ;
RUNTEST 1 TCK;
SDR 27 TDI (00024c02) TDO (00024803) ;
RUNTEST 1 TCK;
SDR 27 TDI (00025002) TDO (00024c03) ;
RUNTEST 1 TCK;
SDR 27 TDI (00028302) TDO (00025003) ;
RUNTEST 1 TCK;
SDR 27 TDI (00028712) TDO (00028303) ;
RUNTEST 1 TCK;
SDR 27 TDI (00028b02) TDO (00028713) ;
RUNTEST 1 TCK;
SDR 27 TDI (00028f02) TDO (00028b03) ;
RUNTEST 1 TCK;
SDR 27 TDI (00029302) TDO (00028f03) ;
RUNTEST 1 TCK;
SDR 27 TDI (0002a302) TDO (00029303) ;
RUNTEST 1 TCK;
SDR 27 TDI (0002a706) TDO (0002a303) ;
RUNTEST 1 TCK;
SDR 27 TDI (0002ab02) TDO (0002a707) ;
RUNTEST 1 TCK;
SDR 27 TDI (0002af02) TDO (0002ab03) ;
RUNTEST 1 TCK;
SDR 27 TDI (0002b002) TDO (0002af03) ;
RUNTEST 1 TCK;
SDR 27 TDI (0002c002) TDO (0002b003) ;
RUNTEST 1 TCK;
SDR 27 TDI (0002c402) TDO (0002c003) ;
RUNTEST 1 TCK;
SDR 27 TDI (0002c802) TDO (0002c403) ;
RUNTEST 1 TCK;
SDR 27 TDI (0002cc02) TDO (0002c803) ;
RUNTEST 1 TCK;
SDR 27 TDI (0002d002) TDO (0002cc03) ;
RUNTEST 1 TCK;
SDR 27 TDI (00030272) TDO (0002d003) ;
RUNTEST 1 TCK;
SDR 27 TDI (00030546) TDO (00030273) ;
RUNTEST 1 TCK;
SDR 27 TDI (00030b06) TDO (00030547) ;
RUNTEST 1 TCK;
SDR 27 TDI (00030c06) TDO (00030b07) ;
RUNTEST 1 TCK;
SDR 27 TDI (0003127e) TDO (00030c07) ;
RUNTEST 1 TCK;
SDR 27 TDI (00032002) TDO (0003127f) ;
RUNTEST 1 TCK;
SDR 27 TDI (00032702) TDO (00032003) ;
RUNTEST 1 TCK;
SDR 27 TDI (00032b02) TDO (00032703) ;
RUNTEST 1 TCK;
SDR 27 TDI (00032f42) TDO (00032b03) ;
RUNTEST 1 TCK;
SDR 27 TDI (0003300a) TDO (00032f43) ;
RUNTEST 1 TCK;
SDR 27 TDI (000340de) TDO (0003300b) ;
RUNTEST 1 TCK;
SDR 27 TDI (000344ce) TDO (000340df) ;
RUNTEST 1 TCK;
SDR 27 TDI (0003488e) TDO (000344cf) ;
RUNTEST 1 TCK;
SDR 27 TDI (00034cc2) TDO (0003488f) ;
RUNTEST 1 TCK;
SDR 27 TDI (00035082) TDO (00034cc3) ;
RUNTEST 1 TCK;
SDR 27 TDI (00038286) TDO (00035083) ;
RUNTEST 1 TCK;
SDR 27 TDI (00038482) TDO (00038287) ;
RUNTEST 1 TCK;
SDR 27 TDI (00038ab2) TDO (00038483) ;
RUNTEST 1 TCK;
SDR 27 TDI (00038e82) TDO (00038ab3) ;
RUNTEST 1 TCK;
SDR 27 TDI (00039202) TDO (00038e83) ;
RUNTEST 1 TCK;
SDR 27 TDI (0003a1c2) TDO (00039203) ;
RUNTEST 1 TCK;
SDR 27 TDI (0003a402) TDO (0003a1c3) ;
RUNTEST 1 TCK;
SDR 27 TDI (0003aa0a) TDO (0003a403) ;
RUNTEST 1 TCK;
SDR 27 TDI (0003af02) TDO (0003aa0b) ;
RUNTEST 1 TCK;
SDR 27 TDI (0003b002) TDO (0003af03) ;
RUNTEST 1 TCK;
SDR 27 TDI (0003c022) TDO (0003b003) ;
RUNTEST 1 TCK;
SDR 27 TDI (0003c402) TDO (0003c023) ;
RUNTEST 1 TCK;
SDR 27 TDI (0003c802) TDO (0003c403) ;
RUNTEST 1 TCK;
SDR 27 TDI (0003cc02) TDO (0003c803) ;
RUNTEST 1 TCK;
SDR 27 TDI (0003d002) TDO (0003cc03) ;
RUNTEST 1 TCK;
SDR 27 TDI (00040382) TDO (0003d003) ;
RUNTEST 1 TCK;
SDR 27 TDI (00040782) TDO (00040383) ;
RUNTEST 1 TCK;
SDR 27 TDI (00040b82) TDO (00040783) ;
RUNTEST 1 TCK;
SDR 27 TDI (00040f82) TDO (00040b83) ;
RUNTEST 1 TCK;
SDR 27 TDI (00041302) TDO (00040f83) ;
RUNTEST 1 TCK;
SDR 27 TDI (00042302) TDO (00041303) ;
RUNTEST 1 TCK;
SDR 27 TDI (000427c2) TDO (00042303) ;
RUNTEST 1 TCK;
SDR 27 TDI (00042b02) TDO (000427c3) ;
RUNTEST 1 TCK;
SDR 27 TDI (00042f02) TDO (00042b03) ;
RUNTEST 1 TCK;
SDR 27 TDI (00043002) TDO (00042f03) ;
RUNTEST 1 TCK;
SDR 27 TDI (00044002) TDO (00043003) ;
RUNTEST 1 TCK;
SDR 27 TDI (00044422) TDO (00044003) ;
RUNTEST 1 TCK;
SDR 27 TDI (00044802) TDO (00044423) ;
RUNTEST 1 TCK;
SDR 27 TDI (00044c02) TDO (00044803) ;
RUNTEST 1 TCK;
SDR 27 TDI (00045002) TDO (00044c03) ;
RUNTEST 1 TCK;
SDR 27 TDI (00048372) TDO (00045003) ;
RUNTEST 1 TCK;
SDR 27 TDI (00048746) TDO (00048373) ;
RUNTEST 1 TCK;
SDR 27 TDI (00048b02) TDO (00048747) ;
RUNTEST 1 TCK;
SDR 27 TDI (00048f02) TDO (00048b03) ;
RUNTEST 1 TCK;
SDR 27 TDI (0004937a) TDO (00048f03) ;
RUNTEST 1 TCK;
SDR 27 TDI (0004a302) TDO (0004937b) ;
RUNTEST 1 TCK;
SDR 27 TDI (0004a702) TDO (0004a303) ;
RUNTEST 1 TCK;
SDR 27 TDI (0004ab02) TDO (0004a703) ;
RUNTEST 1 TCK;
SDR 27 TDI (0004af42) TDO (0004ab03) ;
RUNTEST 1 TCK;
SDR 27 TDI (0004b00a) TDO (0004af43) ;
RUNTEST 1 TCK;
SDR 27 TDI (0004c05e) TDO (0004b00b) ;
RUNTEST 1 TCK;
SDR 27 TDI (0004c44e) TDO (0004c05f) ;
RUNTEST 1 TCK;
SDR 27 TDI (0004c80e) TDO (0004c44f) ;
RUNTEST 1 TCK;
SDR 27 TDI (0004cc42) TDO (0004c80f) ;
RUNTEST 1 TCK;
SDR 27 TDI (0004d002) TDO (0004cc43) ;
RUNTEST 1 TCK;
SDR 27 TDI (00050302) TDO (0004d003) ;
RUNTEST 1 TCK;
SDR 27 TDI (00050702) TDO (00050303) ;
RUNTEST 1 TCK;
SDR 27 TDI (00050b02) TDO (00050703) ;
RUNTEST 1 TCK;
SDR 27 TDI (00050f02) TDO (00050b03) ;
RUNTEST 1 TCK;
SDR 27 TDI (00051302) TDO (00050f03) ;
RUNTEST 1 TCK;
SDR 27 TDI (00052302) TDO (00051303) ;
RUNTEST 1 TCK;
SDR 27 TDI (00052702) TDO (00052303) ;
RUNTEST 1 TCK;
SDR 27 TDI (00052b02) TDO (00052703) ;
RUNTEST 1 TCK;
SDR 27 TDI (00052f02) TDO (00052b03) ;
RUNTEST 1 TCK;
SDR 27 TDI (00053002) TDO (00052f03) ;
RUNTEST 1 TCK;
SDR 27 TDI (00054002) TDO (00053003) ;
RUNTEST 1 TCK;
SDR 27 TDI (00054412) TDO (00054003) ;
RUNTEST 1 TCK;
SDR 27 TDI (00054802) TDO (00054413) ;
RUNTEST 1 TCK;
SDR 27 TDI (00054c2e) TDO (00054803) ;
RUNTEST 1 TCK;
SDR 27 TDI (00055002) TDO (00054c2f) ;
RUNTEST 1 TCK;
SDR 27 TDI (00058302) TDO (00055003) ;
RUNTEST 1 TCK;
SDR 27 TDI (00058782) TDO (00058303) ;
RUNTEST 1 TCK;
SDR 27 TDI (00058b02) TDO (00058783) ;
RUNTEST 1 TCK;
SDR 27 TDI (00058f02) TDO (00058b03) ;
RUNTEST 1 TCK;
SDR 27 TDI (00059302) TDO (00058f03) ;
RUNTEST 1 TCK;
SDR 27 TDI (0005a302) TDO (00059303) ;
RUNTEST 1 TCK;
SDR 27 TDI (0005a702) TDO (0005a303) ;
RUNTEST 1 TCK;
SDR 27 TDI (0005ab02) TDO (0005a703) ;
RUNTEST 1 TCK;
SDR 27 TDI (0005af02) TDO (0005ab03) ;
RUNTEST 1 TCK;
SDR 27 TDI (0005b002) TDO (0005af03) ;
RUNTEST 1 TCK;
SDR 27 TDI (0005c002) TDO (0005b003) ;
RUNTEST 1 TCK;
SDR 27 TDI (0005c402) TDO (0005c003) ;
RUNTEST 1 TCK;
SDR 27 TDI (0005c802) TDO (0005c403) ;
RUNTEST 1 TCK;
SDR 27 TDI (0005cc02) TDO (0005c803) ;
RUNTEST 1 TCK;
SDR 27 TDI (0005d002) TDO (0005cc03) ;
RUNTEST 1 TCK;
SDR 27 TDI (00060002) TDO (0005d003) ;
RUNTEST 1 TCK;
SDR 27 TDI (000605c2) TDO (00060003) ;
RUNTEST 1 TCK;
SDR 27 TDI (00060886) TDO (000605c3) ;
RUNTEST 1 TCK;
SDR 27 TDI (00060cb6) TDO (00060887) ;
RUNTEST 1 TCK;
SDR 27 TDI (00061106) TDO (00060cb7) ;
RUNTEST 1 TCK;
SDR 27 TDI (00062002) TDO (00061107) ;
RUNTEST 1 TCK;
SDR 27 TDI (00062402) TDO (00062003) ;
RUNTEST 1 TCK;
SDR 27 TDI (00062882) TDO (00062403) ;
RUNTEST 1 TCK;
SDR 27 TDI (00062e4a) TDO (00062883) ;
RUNTEST 1 TCK;
SDR 27 TDI (00063002) TDO (00062e4b) ;
RUNTEST 1 TCK;
SDR 27 TDI (00064082) TDO (00063003) ;
RUNTEST 1 TCK;
SDR 27 TDI (00064482) TDO (00064083) ;
RUNTEST 1 TCK;
SDR 27 TDI (00064882) TDO (00064483) ;
RUNTEST 1 TCK;
SDR 27 TDI (00064c82) TDO (00064883) ;
RUNTEST 1 TCK;
SDR 27 TDI (00065082) TDO (00064c83) ;
RUNTEST 1 TCK;
SDR 27 TDI (000683f2) TDO (00065083) ;
RUNTEST 1 TCK;
SDR 27 TDI (00068602) TDO (000683f3) ;
RUNTEST 1 TCK;
SDR 27 TDI (00068b02) TDO (00068603) ;
RUNTEST 1 TCK;
SDR 27 TDI (00068f02) TDO (00068b03) ;
RUNTEST 1 TCK;
SDR 27 TDI (0006923a) TDO (00068f03) ;
RUNTEST 1 TCK;
SDR 27 TDI (0006a306) TDO (0006923b) ;
RUNTEST 1 TCK;
SDR 27 TDI (0006a706) TDO (0006a307) ;
RUNTEST 1 TCK;
SDR 27 TDI (0006ab06) TDO (0006a707) ;
RUNTEST 1 TCK;
SDR 27 TDI (0006ad06) TDO (0006ab07) ;
RUNTEST 1 TCK;
SDR 27 TDI (0006b08e) TDO (0006ad07) ;
RUNTEST 1 TCK;
SDR 27 TDI (0006c05e) TDO (0006b08f) ;
RUNTEST 1 TCK;
SDR 27 TDI (0006c44e) TDO (0006c05f) ;
RUNTEST 1 TCK;
SDR 27 TDI (0006c80e) TDO (0006c44f) ;
RUNTEST 1 TCK;
SDR 27 TDI (0006cc06) TDO (0006c80f) ;
RUNTEST 1 TCK;
SDR 27 TDI (0006d006) TDO (0006cc07) ;
RUNTEST 1 TCK;
SDR 27 TDI (00070202) TDO (0006d007) ;
RUNTEST 1 TCK;
SDR 27 TDI (00070502) TDO (00070203) ;
RUNTEST 1 TCK;
SDR 27 TDI (00070802) TDO (00070503) ;
RUNTEST 1 TCK;
SDR 27 TDI (00070e02) TDO (00070803) ;
RUNTEST 1 TCK;
SDR 27 TDI (00071102) TDO (00070e03) ;
RUNTEST 1 TCK;
SDR 27 TDI (00072002) TDO (00071103) ;
RUNTEST 1 TCK;
SDR 27 TDI (00072502) TDO (00072003) ;
RUNTEST 1 TCK;
SDR 27 TDI (00072802) TDO (00072503) ;
RUNTEST 1 TCK;
SDR 27 TDI (00072f02) TDO (00072803) ;
RUNTEST 1 TCK;
SDR 27 TDI (00073002) TDO (00072f03) ;
RUNTEST 1 TCK;
SDR 27 TDI (00074002) TDO (00073003) ;
RUNTEST 1 TCK;
SDR 27 TDI (00074412) TDO (00074003) ;
RUNTEST 1 TCK;
SDR 27 TDI (00074802) TDO (00074413) ;
RUNTEST 1 TCK;
SDR 27 TDI (00074c2e) TDO (00074803) ;
RUNTEST 1 TCK;
SDR 27 TDI (00075002) TDO (00074c2f) ;
RUNTEST 1 TCK;
SDR 27 TDI (00078102) TDO (00075003) ;
RUNTEST 1 TCK;
SDR 27 TDI (00078602) TDO (00078103) ;
RUNTEST 1 TCK;
SDR 27 TDI (00078b82) TDO (00078603) ;
RUNTEST 1 TCK;
SDR 27 TDI (00078d02) TDO (00078b83) ;
RUNTEST 1 TCK;
SDR 27 TDI (00079202) TDO (00078d03) ;
RUNTEST 1 TCK;
SDR 27 TDI (0007a302) TDO (00079203) ;
RUNTEST 1 TCK;
SDR 27 TDI (0007a602) TDO (0007a303) ;
RUNTEST 1 TCK;
SDR 27 TDI (0007ab02) TDO (0007a603) ;
RUNTEST 1 TCK;
SDR 27 TDI (0007ac02) TDO (0007ab03) ;
RUNTEST 1 TCK;
SDR 27 TDI (0007b002) TDO (0007ac03) ;
RUNTEST 1 TCK;
SDR 27 TDI (0007c002) TDO (0007b003) ;
RUNTEST 1 TCK;
SDR 27 TDI (0007c402) TDO (0007c003) ;
RUNTEST 1 TCK;
SDR 27 TDI (0007c802) TDO (0007c403) ;
RUNTEST 1 TCK;
SDR 27 TDI (0007cc02) TDO (0007c803) ;
RUNTEST 1 TCK;
SDR 27 TDI (0007d002) TDO (0007cc03) ;
RUNTEST 1 TCK;
SDR 27 TDI (00080262) TDO (0007d003) ;
RUNTEST 1 TCK;
SDR 27 TDI (00080502) TDO (00080263) ;
RUNTEST 1 TCK;
SDR 27 TDI (00080802) TDO (00080503) ;
RUNTEST 1 TCK;
SDR 27 TDI (00080e82) TDO (00080803) ;
RUNTEST 1 TCK;
SDR 27 TDI (0008114a) TDO (00080e83) ;
RUNTEST 1 TCK;
SDR 27 TDI (00082202) TDO (0008114b) ;
RUNTEST 1 TCK;
SDR 27 TDI (00082502) TDO (00082203) ;
RUNTEST 1 TCK;
SDR 27 TDI (00082802) TDO (00082503) ;
RUNTEST 1 TCK;
SDR 27 TDI (00082f02) TDO (00082803) ;
RUNTEST 1 TCK;
SDR 27 TDI (00083002) TDO (00082f03) ;
RUNTEST 1 TCK;
SDR 27 TDI (0008405e) TDO (00083003) ;
RUNTEST 1 TCK;
SDR 27 TDI (0008444e) TDO (0008405f) ;
RUNTEST 1 TCK;
SDR 27 TDI (0008481e) TDO (0008444f) ;
RUNTEST 1 TCK;
SDR 27 TDI (00084c42) TDO (0008481f) ;
RUNTEST 1 TCK;
SDR 27 TDI (0008502e) TDO (00084c43) ;
RUNTEST 1 TCK;
SDR 27 TDI (00088102) TDO (0008502f) ;
RUNTEST 1 TCK;
SDR 27 TDI (00088602) TDO (00088103) ;
RUNTEST 1 TCK;
SDR 27 TDI (00088b06) TDO (00088603) ;
RUNTEST 1 TCK;
SDR 27 TDI (00088d02) TDO (00088b07) ;
RUNTEST 1 TCK;
SDR 27 TDI (00089202) TDO (00088d03) ;
RUNTEST 1 TCK;
SDR 27 TDI (0008a102) TDO (00089203) ;
RUNTEST 1 TCK;
SDR 27 TDI (0008a602) TDO (0008a103) ;
RUNTEST 1 TCK;
SDR 27 TDI (0008ab02) TDO (0008a603) ;
RUNTEST 1 TCK;
SDR 27 TDI (0008ac82) TDO (0008ab03) ;
RUNTEST 1 TCK;
SDR 27 TDI (0008b002) TDO (0008ac83) ;
RUNTEST 1 TCK;
SDR 27 TDI (0008c002) TDO (0008b003) ;
RUNTEST 1 TCK;
SDR 27 TDI (0008c402) TDO (0008c003) ;
RUNTEST 1 TCK;
SDR 27 TDI (0008c802) TDO (0008c403) ;
RUNTEST 1 TCK;
SDR 27 TDI (0008cc02) TDO (0008c803) ;
RUNTEST 1 TCK;
SDR 27 TDI (0008d002) TDO (0008cc03) ;
RUNTEST 1 TCK;
SDR 27 TDI (00090202) TDO (0008d003) ;
RUNTEST 1 TCK;
SDR 27 TDI (00090502) TDO (00090203) ;
RUNTEST 1 TCK;
SDR 27 TDI (00090b02) TDO (00090503) ;
RUNTEST 1 TCK;
SDR 27 TDI (00090e02) TDO (00090b03) ;
RUNTEST 1 TCK;
SDR 27 TDI (00091102) TDO (00090e03) ;
RUNTEST 1 TCK;
SDR 27 TDI (00092302) TDO (00091103) ;
RUNTEST 1 TCK;
SDR 27 TDI (00092502) TDO (00092303) ;
RUNTEST 1 TCK;
SDR 27 TDI (00092802) TDO (00092503) ;
RUNTEST 1 TCK;
SDR 27 TDI (00092f02) TDO (00092803) ;
RUNTEST 1 TCK;
SDR 27 TDI (00093002) TDO (00092f03) ;
RUNTEST 1 TCK;
SDR 27 TDI (00094002) TDO (00093003) ;
RUNTEST 1 TCK;
SDR 27 TDI (00094402) TDO (00094003) ;
RUNTEST 1 TCK;
SDR 27 TDI (00094802) TDO (00094403) ;
RUNTEST 1 TCK;
SDR 27 TDI (00094c02) TDO (00094803) ;
RUNTEST 1 TCK;
SDR 27 TDI (00095002) TDO (00094c03) ;
RUNTEST 1 TCK;
SDR 27 TDI (00098102) TDO (00095003) ;
RUNTEST 1 TCK;
SDR 27 TDI (00098622) TDO (00098103) ;
RUNTEST 1 TCK;
SDR 27 TDI (00098822) TDO (00098623) ;
RUNTEST 1 TCK;
SDR 27 TDI (00098d22) TDO (00098823) ;
RUNTEST 1 TCK;
SDR 27 TDI (00099202) TDO (00098d23) ;
RUNTEST 1 TCK;
SDR 27 TDI (0009a022) TDO (00099203) ;
RUNTEST 1 TCK;
SDR 27 TDI (0009a622) TDO (0009a023) ;
RUNTEST 1 TCK;
SDR 27 TDI (0009ab22) TDO (0009a623) ;
RUNTEST 1 TCK;
SDR 27 TDI (0009ad22) TDO (0009ab23) ;
RUNTEST 1 TCK;
SDR 27 TDI (0009b022) TDO (0009ad23) ;
RUNTEST 1 TCK;
SDR 27 TDI (0009c002) TDO (0009b023) ;
RUNTEST 1 TCK;
SDR 27 TDI (0009c402) TDO (0009c003) ;
RUNTEST 1 TCK;
SDR 27 TDI (0009c802) TDO (0009c403) ;
RUNTEST 1 TCK;
SDR 27 TDI (0009cc22) TDO (0009c803) ;
RUNTEST 1 TCK;
SDR 27 TDI (0009d022) TDO (0009cc23) ;
RUNTEST 1 TCK;
SDR 27 TDI (000a0262) TDO (0009d023) ;
RUNTEST 1 TCK;
SDR 27 TDI (000a0502) TDO (000a0263) ;
RUNTEST 1 TCK;
SDR 27 TDI (000a0b02) TDO (000a0503) ;
RUNTEST 1 TCK;
SDR 27 TDI (000a0f82) TDO (000a0b03) ;
RUNTEST 1 TCK;
SDR 27 TDI (000a11ca) TDO (000a0f83) ;
RUNTEST 1 TCK;
SDR 27 TDI (000a2302) TDO (000a11cb) ;
RUNTEST 1 TCK;
SDR 27 TDI (000a2702) TDO (000a2303) ;
RUNTEST 1 TCK;
SDR 27 TDI (000a2a02) TDO (000a2703) ;
RUNTEST 1 TCK;
SDR 27 TDI (000a2f02) TDO (000a2a03) ;
RUNTEST 1 TCK;
SDR 27 TDI (000a3002) TDO (000a2f03) ;
RUNTEST 1 TCK;
SDR 27 TDI (000a405e) TDO (000a3003) ;
RUNTEST 1 TCK;
SDR 27 TDI (000a444e) TDO (000a405f) ;
RUNTEST 1 TCK;
SDR 27 TDI (000a481e) TDO (000a444f) ;
RUNTEST 1 TCK;
SDR 27 TDI (000a4c42) TDO (000a481f) ;
RUNTEST 1 TCK;
SDR 27 TDI (000a502e) TDO (000a4c43) ;
RUNTEST 1 TCK;
SDR 27 TDI (000a8102) TDO (000a502f) ;
RUNTEST 1 TCK;
SDR 27 TDI (000a8602) TDO (000a8103) ;
RUNTEST 1 TCK;
SDR 27 TDI (000a8802) TDO (000a8603) ;
RUNTEST 1 TCK;
SDR 27 TDI (000a8c06) TDO (000a8803) ;
RUNTEST 1 TCK;
SDR 27 TDI (000a9202) TDO (000a8c07) ;
RUNTEST 1 TCK;
SDR 27 TDI (000aa202) TDO (000a9203) ;
RUNTEST 1 TCK;
SDR 27 TDI (000aa402) TDO (000aa203) ;
RUNTEST 1 TCK;
SDR 27 TDI (000aa902) TDO (000aa403) ;
RUNTEST 1 TCK;
SDR 27 TDI (000aad02) TDO (000aa903) ;
RUNTEST 1 TCK;
SDR 27 TDI (000ab002) TDO (000aad03) ;
RUNTEST 1 TCK;
SDR 27 TDI (000ac002) TDO (000ab003) ;
RUNTEST 1 TCK;
SDR 27 TDI (000ac402) TDO (000ac003) ;
RUNTEST 1 TCK;
SDR 27 TDI (000ac802) TDO (000ac403) ;
RUNTEST 1 TCK;
SDR 27 TDI (000acc02) TDO (000ac803) ;
RUNTEST 1 TCK;
SDR 27 TDI (000ad002) TDO (000acc03) ;
RUNTEST 1 TCK;
SDR 27 TDI (000b0362) TDO (000ad003) ;
RUNTEST 1 TCK;
SDR 27 TDI (000b0702) TDO (000b0363) ;
RUNTEST 1 TCK;
SDR 27 TDI (000b0b02) TDO (000b0703) ;
RUNTEST 1 TCK;
SDR 27 TDI (000b0f82) TDO (000b0b03) ;
RUNTEST 1 TCK;
SDR 27 TDI (000b11ca) TDO (000b0f83) ;
RUNTEST 1 TCK;
SDR 27 TDI (000b2302) TDO (000b11cb) ;
RUNTEST 1 TCK;
SDR 27 TDI (000b2602) TDO (000b2303) ;
RUNTEST 1 TCK;
SDR 27 TDI (000b2902) TDO (000b2603) ;
RUNTEST 1 TCK;
SDR 27 TDI (000b2f02) TDO (000b2903) ;
RUNTEST 1 TCK;
SDR 27 TDI (000b3002) TDO (000b2f03) ;
RUNTEST 1 TCK;
SDR 27 TDI (000b404e) TDO (000b3003) ;
RUNTEST 1 TCK;
SDR 27 TDI (000b444e) TDO (000b404f) ;
RUNTEST 1 TCK;
SDR 27 TDI (000b481e) TDO (000b444f) ;
RUNTEST 1 TCK;
SDR 27 TDI (000b4c42) TDO (000b481f) ;
RUNTEST 1 TCK;
SDR 27 TDI (000b502e) TDO (000b4c43) ;
RUNTEST 1 TCK;
SDR 27 TDI (000b8202) TDO (000b502f) ;
RUNTEST 1 TCK;
SDR 27 TDI (000b8502) TDO (000b8203) ;
RUNTEST 1 TCK;
SDR 27 TDI (000b8b02) TDO (000b8503) ;
RUNTEST 1 TCK;
SDR 27 TDI (000b8f02) TDO (000b8b03) ;
RUNTEST 1 TCK;
SDR 27 TDI (000b9306) TDO (000b8f03) ;
RUNTEST 1 TCK;
SDR 27 TDI (000ba302) TDO (000b9307) ;
RUNTEST 1 TCK;
SDR 27 TDI (000ba702) TDO (000ba303) ;
RUNTEST 1 TCK;
SDR 27 TDI (000ba802) TDO (000ba703) ;
RUNTEST 1 TCK;
SDR 27 TDI (000baf02) TDO (000ba803) ;
RUNTEST 1 TCK;
SDR 27 TDI (000bb002) TDO (000baf03) ;
RUNTEST 1 TCK;
SDR 27 TDI (000bc002) TDO (000bb003) ;
RUNTEST 1 TCK;
SDR 27 TDI (000bc402) TDO (000bc003) ;
RUNTEST 1 TCK;
SDR 27 TDI (000bc802) TDO (000bc403) ;
RUNTEST 1 TCK;
SDR 27 TDI (000bcc02) TDO (000bc803) ;
RUNTEST 1 TCK;
SDR 27 TDI (000bd002) TDO (000bcc03) ;
RUNTEST 1 TCK;
SDR 27 TDI (000c0202) TDO (000bd003) ;
RUNTEST 1 TCK;
SDR 27 TDI (000c0502) TDO (000c0203) ;
RUNTEST 1 TCK;
SDR 27 TDI (000c0802) TDO (000c0503) ;
RUNTEST 1 TCK;
SDR 27 TDI (000c0e42) TDO (000c0803) ;
RUNTEST 1 TCK;
SDR 27 TDI (000c1142) TDO (000c0e43) ;
RUNTEST 1 TCK;
SDR 27 TDI (000c2302) TDO (000c1143) ;
RUNTEST 1 TCK;
SDR 27 TDI (000c2702) TDO (000c2303) ;
RUNTEST 1 TCK;
SDR 27 TDI (000c2a02) TDO (000c2703) ;
RUNTEST 1 TCK;
SDR 27 TDI (000c2f02) TDO (000c2a03) ;
RUNTEST 1 TCK;
SDR 27 TDI (000c3042) TDO (000c2f03) ;
RUNTEST 1 TCK;
SDR 27 TDI (000c4002) TDO (000c3043) ;
RUNTEST 1 TCK;
SDR 27 TDI (000c4402) TDO (000c4003) ;
RUNTEST 1 TCK;
SDR 27 TDI (000c4802) TDO (000c4403) ;
RUNTEST 1 TCK;
SDR 27 TDI (000c4c42) TDO (000c4803) ;
RUNTEST 1 TCK;
SDR 27 TDI (000c5002) TDO (000c4c43) ;
RUNTEST 1 TCK;
SDR 27 TDI (000c8302) TDO (000c5003) ;
RUNTEST 1 TCK;
SDR 27 TDI (000c8602) TDO (000c8303) ;
RUNTEST 1 TCK;
SDR 27 TDI (000c884a) TDO (000c8603) ;
RUNTEST 1 TCK;
SDR 27 TDI (000c8c02) TDO (000c884b) ;
RUNTEST 1 TCK;
SDR 27 TDI (000c9202) TDO (000c8c03) ;
RUNTEST 1 TCK;
SDR 27 TDI (000ca002) TDO (000c9203) ;
RUNTEST 1 TCK;
SDR 27 TDI (000ca702) TDO (000ca003) ;
RUNTEST 1 TCK;
SDR 27 TDI (000cab02) TDO (000ca703) ;
RUNTEST 1 TCK;
SDR 27 TDI (000cae36) TDO (000cab03) ;
RUNTEST 1 TCK;
SDR 27 TDI (000cb002) TDO (000cae37) ;
RUNTEST 1 TCK;
SDR 27 TDI (000cc002) TDO (000cb003) ;
RUNTEST 1 TCK;
SDR 27 TDI (000cc402) TDO (000cc003) ;
RUNTEST 1 TCK;
SDR 27 TDI (000cc842) TDO (000cc403) ;
RUNTEST 1 TCK;
SDR 27 TDI (000ccc02) TDO (000cc843) ;
RUNTEST 1 TCK;
SDR 27 TDI (000cd002) TDO (000ccc03) ;
RUNTEST 1 TCK;
SDR 27 TDI (000d0002) TDO (000cd003) ;
RUNTEST 1 TCK;
SDR 27 TDI (000d0502) TDO (000d0003) ;
RUNTEST 1 TCK;
SDR 27 TDI (000d0802) TDO (000d0503) ;
RUNTEST 1 TCK;
SDR 27 TDI (000d0c02) TDO (000d0803) ;
RUNTEST 1 TCK;
SDR 27 TDI (000d1102) TDO (000d0c03) ;
RUNTEST 1 TCK;
SDR 27 TDI (000d2002) TDO (000d1103) ;
RUNTEST 1 TCK;
SDR 27 TDI (000d2402) TDO (000d2003) ;
RUNTEST 1 TCK;
SDR 27 TDI (000d2802) TDO (000d2403) ;
RUNTEST 1 TCK;
SDR 27 TDI (000d2e02) TDO (000d2803) ;
RUNTEST 1 TCK;
SDR 27 TDI (000d3002) TDO (000d2e03) ;
RUNTEST 1 TCK;
SDR 27 TDI (000d4002) TDO (000d3003) ;
RUNTEST 1 TCK;
SDR 27 TDI (000d4402) TDO (000d4003) ;
RUNTEST 1 TCK;
SDR 27 TDI (000d4802) TDO (000d4403) ;
RUNTEST 1 TCK;
SDR 27 TDI (000d4c02) TDO (000d4803) ;
RUNTEST 1 TCK;
SDR 27 TDI (000d5002) TDO (000d4c03) ;
RUNTEST 1 TCK;
SDR 27 TDI (000d8302) TDO (000d5003) ;
RUNTEST 1 TCK;
SDR 27 TDI (000d8702) TDO (000d8303) ;
RUNTEST 1 TCK;
SDR 27 TDI (000d8b42) TDO (000d8703) ;
RUNTEST 1 TCK;
SDR 27 TDI (000d8f42) TDO (000d8b43) ;
RUNTEST 1 TCK;
SDR 27 TDI (000d9302) TDO (000d8f43) ;
RUNTEST 1 TCK;
SDR 27 TDI (000da302) TDO (000d9303) ;
RUNTEST 1 TCK;
SDR 27 TDI (000da702) TDO (000da303) ;
RUNTEST 1 TCK;
SDR 27 TDI (000dab02) TDO (000da703) ;
RUNTEST 1 TCK;
SDR 27 TDI (000daf02) TDO (000dab03) ;
RUNTEST 1 TCK;
SDR 27 TDI (000db002) TDO (000daf03) ;
RUNTEST 1 TCK;
SDR 27 TDI (000dc022) TDO (000db003) ;
RUNTEST 1 TCK;
SDR 27 TDI (000dc422) TDO (000dc023) ;
RUNTEST 1 TCK;
SDR 27 TDI (000dc822) TDO (000dc423) ;
RUNTEST 1 TCK;
SDR 27 TDI (000dcc02) TDO (000dc823) ;
RUNTEST 1 TCK;
SDR 27 TDI (000dd002) TDO (000dcc03) ;
RUNTEST 1 TCK;
SDR 27 TDI (000e0202) TDO (000dd003) ;
RUNTEST 1 TCK;
SDR 27 TDI (000e0502) TDO (000e0203) ;
RUNTEST 1 TCK;
SDR 27 TDI (000e0942) TDO (000e0503) ;
RUNTEST 1 TCK;
SDR 27 TDI (000e0e02) TDO (000e0943) ;
RUNTEST 1 TCK;
SDR 27 TDI (000e1142) TDO (000e0e03) ;
RUNTEST 1 TCK;
SDR 27 TDI (000e2302) TDO (000e1143) ;
RUNTEST 1 TCK;
SDR 27 TDI (000e2502) TDO (000e2303) ;
RUNTEST 1 TCK;
SDR 27 TDI (000e2a02) TDO (000e2503) ;
RUNTEST 1 TCK;
SDR 27 TDI (000e2f02) TDO (000e2a03) ;
RUNTEST 1 TCK;
SDR 27 TDI (000e3002) TDO (000e2f03) ;
RUNTEST 1 TCK;
SDR 27 TDI (000e4002) TDO (000e3003) ;
RUNTEST 1 TCK;
SDR 27 TDI (000e4402) TDO (000e4003) ;
RUNTEST 1 TCK;
SDR 27 TDI (000e4842) TDO (000e4403) ;
RUNTEST 1 TCK;
SDR 27 TDI (000e4c42) TDO (000e4843) ;
RUNTEST 1 TCK;
SDR 27 TDI (000e5002) TDO (000e4c43) ;
RUNTEST 1 TCK;
SDR 27 TDI (000e8302) TDO (000e5003) ;
RUNTEST 1 TCK;
SDR 27 TDI (000e8702) TDO (000e8303) ;
RUNTEST 1 TCK;
SDR 27 TDI (000e8b02) TDO (000e8703) ;
RUNTEST 1 TCK;
SDR 27 TDI (000e8f4a) TDO (000e8b03) ;
RUNTEST 1 TCK;
SDR 27 TDI (000e9302) TDO (000e8f4b) ;
RUNTEST 1 TCK;
SDR 27 TDI (000ea302) TDO (000e9303) ;
RUNTEST 1 TCK;
SDR 27 TDI (000ea702) TDO (000ea303) ;
RUNTEST 1 TCK;
SDR 27 TDI (000eab02) TDO (000ea703) ;
RUNTEST 1 TCK;
SDR 27 TDI (000eaf02) TDO (000eab03) ;
RUNTEST 1 TCK;
SDR 27 TDI (000eb076) TDO (000eaf03) ;
RUNTEST 1 TCK;
SDR 27 TDI (000ec002) TDO (000eb077) ;
RUNTEST 1 TCK;
SDR 27 TDI (000ec402) TDO (000ec003) ;
RUNTEST 1 TCK;
SDR 27 TDI (000ec802) TDO (000ec403) ;
RUNTEST 1 TCK;
SDR 27 TDI (000ecc02) TDO (000ec803) ;
RUNTEST 1 TCK;
SDR 27 TDI (000ed002) TDO (000ecc03) ;
RUNTEST 1 TCK;
SDR 27 TDI (000f0302) TDO (000ed003) ;
RUNTEST 1 TCK;
SDR 27 TDI (000f0702) TDO (000f0303) ;
RUNTEST 1 TCK;
SDR 27 TDI (000f0b02) TDO (000f0703) ;
RUNTEST 1 TCK;
SDR 27 TDI (000f0f02) TDO (000f0b03) ;
RUNTEST 1 TCK;
SDR 27 TDI (000f1342) TDO (000f0f03) ;
RUNTEST 1 TCK;
SDR 27 TDI (000f2302) TDO (000f1343) ;
RUNTEST 1 TCK;
SDR 27 TDI (000f2702) TDO (000f2303) ;
RUNTEST 1 TCK;
SDR 27 TDI (000f2b02) TDO (000f2703) ;
RUNTEST 1 TCK;
SDR 27 TDI (000f2f02) TDO (000f2b03) ;
RUNTEST 1 TCK;
SDR 27 TDI (000f3002) TDO (000f2f03) ;
RUNTEST 1 TCK;
SDR 27 TDI (000f4002) TDO (000f3003) ;
RUNTEST 1 TCK;
SDR 27 TDI (000f4402) TDO (000f4003) ;
RUNTEST 1 TCK;
SDR 27 TDI (000f4802) TDO (000f4403) ;
RUNTEST 1 TCK;
SDR 27 TDI (000f4c42) TDO (000f4803) ;
RUNTEST 1 TCK;
SDR 27 TDI (000f5002) TDO (000f4c43) ;
RUNTEST 1 TCK;
SDR 27 TDI (000f8302) TDO (000f5003) ;
RUNTEST 1 TCK;
SDR 27 TDI (000f870a) TDO (000f8303) ;
RUNTEST 1 TCK;
SDR 27 TDI (000f8b02) TDO (000f870b) ;
RUNTEST 1 TCK;
SDR 27 TDI (000f8f02) TDO (000f8b03) ;
RUNTEST 1 TCK;
SDR 27 TDI (000f9302) TDO (000f8f03) ;
RUNTEST 1 TCK;
SDR 27 TDI (000fa302) TDO (000f9303) ;
RUNTEST 1 TCK;
SDR 27 TDI (000fa702) TDO (000fa303) ;
RUNTEST 1 TCK;
SDR 27 TDI (000fab76) TDO (000fa703) ;
RUNTEST 1 TCK;
SDR 27 TDI (000faf02) TDO (000fab77) ;
RUNTEST 1 TCK;
SDR 27 TDI (000fb002) TDO (000faf03) ;
RUNTEST 1 TCK;
SDR 27 TDI (000fc002) TDO (000fb003) ;
RUNTEST 1 TCK;
SDR 27 TDI (000fc402) TDO (000fc003) ;
RUNTEST 1 TCK;
SDR 27 TDI (000fc822) TDO (000fc403) ;
RUNTEST 1 TCK;
SDR 27 TDI (000fcc02) TDO (000fc823) ;
RUNTEST 1 TCK;
SDR 27 TDI (000fd002) TDO (000fcc03) ;
RUNTEST 1 TCK;
SDR 27 TDI (00100342) TDO (000fd003) ;
RUNTEST 1 TCK;
SDR 27 TDI (00100702) TDO (00100343) ;
RUNTEST 1 TCK;
SDR 27 TDI (00100b02) TDO (00100703) ;
RUNTEST 1 TCK;
SDR 27 TDI (00100f82) TDO (00100b03) ;
RUNTEST 1 TCK;
SDR 27 TDI (001013ca) TDO (00100f83) ;
RUNTEST 1 TCK;
SDR 27 TDI (00102302) TDO (001013cb) ;
RUNTEST 1 TCK;
SDR 27 TDI (00102702) TDO (00102303) ;
RUNTEST 1 TCK;
SDR 27 TDI (00102b02) TDO (00102703) ;
RUNTEST 1 TCK;
SDR 27 TDI (00102f02) TDO (00102b03) ;
RUNTEST 1 TCK;
SDR 27 TDI (00103002) TDO (00102f03) ;
RUNTEST 1 TCK;
SDR 27 TDI (0010404e) TDO (00103003) ;
RUNTEST 1 TCK;
SDR 27 TDI (0010444e) TDO (0010404f) ;
RUNTEST 1 TCK;
SDR 27 TDI (0010481e) TDO (0010444f) ;
RUNTEST 1 TCK;
SDR 27 TDI (00104c42) TDO (0010481f) ;
RUNTEST 1 TCK;
SDR 27 TDI (0010502e) TDO (00104c43) ;
RUNTEST 1 TCK;
SDR 27 TDI (00108302) TDO (0010502f) ;
RUNTEST 1 TCK;
SDR 27 TDI (00108702) TDO (00108303) ;
RUNTEST 1 TCK;
SDR 27 TDI (00108b02) TDO (00108703) ;
RUNTEST 1 TCK;
SDR 27 TDI (00108f02) TDO (00108b03) ;
RUNTEST 1 TCK;
SDR 27 TDI (00109302) TDO (00108f03) ;
RUNTEST 1 TCK;
SDR 27 TDI (0010a302) TDO (00109303) ;
RUNTEST 1 TCK;
SDR 27 TDI (0010a702) TDO (0010a303) ;
RUNTEST 1 TCK;
SDR 27 TDI (0010ab02) TDO (0010a703) ;
RUNTEST 1 TCK;
SDR 27 TDI (0010af02) TDO (0010ab03) ;
RUNTEST 1 TCK;
SDR 27 TDI (0010b002) TDO (0010af03) ;
RUNTEST 1 TCK;
SDR 27 TDI (0010c082) TDO (0010b003) ;
RUNTEST 1 TCK;
SDR 27 TDI (0010c402) TDO (0010c083) ;
RUNTEST 1 TCK;
SDR 27 TDI (0010c802) TDO (0010c403) ;
RUNTEST 1 TCK;
SDR 27 TDI (0010cc02) TDO (0010c803) ;
RUNTEST 1 TCK;
SDR 27 TDI (0010d002) TDO (0010cc03) ;
RUNTEST 1 TCK;
SDR 27 TDI (00110342) TDO (0010d003) ;
RUNTEST 1 TCK;
SDR 27 TDI (00110702) TDO (00110343) ;
RUNTEST 1 TCK;
SDR 27 TDI (00110b02) TDO (00110703) ;
RUNTEST 1 TCK;
SDR 27 TDI (00110f82) TDO (00110b03) ;
RUNTEST 1 TCK;
SDR 27 TDI (001113c2) TDO (00110f83) ;
RUNTEST 1 TCK;
SDR 27 TDI (00112302) TDO (001113c3) ;
RUNTEST 1 TCK;
SDR 27 TDI (00112702) TDO (00112303) ;
RUNTEST 1 TCK;
SDR 27 TDI (00112b02) TDO (00112703) ;
RUNTEST 1 TCK;
SDR 27 TDI (00112f02) TDO (00112b03) ;
RUNTEST 1 TCK;
SDR 27 TDI (00113002) TDO (00112f03) ;
RUNTEST 1 TCK;
SDR 27 TDI (0011404a) TDO (00113003) ;
RUNTEST 1 TCK;
SDR 27 TDI (0011444a) TDO (0011404b) ;
RUNTEST 1 TCK;
SDR 27 TDI (0011481a) TDO (0011444b) ;
RUNTEST 1 TCK;
SDR 27 TDI (00114c42) TDO (0011481b) ;
RUNTEST 1 TCK;
SDR 27 TDI (0011502e) TDO (00114c43) ;
RUNTEST 1 TCK;
SDR 27 TDI (00118302) TDO (0011502f) ;
RUNTEST 1 TCK;
SDR 27 TDI (00118602) TDO (00118303) ;
RUNTEST 1 TCK;
SDR 27 TDI (00118b02) TDO (00118603) ;
RUNTEST 1 TCK;
SDR 27 TDI (00118f02) TDO (00118b03) ;
RUNTEST 1 TCK;
SDR 27 TDI (00119202) TDO (00118f03) ;
RUNTEST 1 TCK;
SDR 27 TDI (0011a302) TDO (00119203) ;
RUNTEST 1 TCK;
SDR 27 TDI (0011a702) TDO (0011a303) ;
RUNTEST 1 TCK;
SDR 27 TDI (0011ab02) TDO (0011a703) ;
RUNTEST 1 TCK;
SDR 27 TDI (0011ad02) TDO (0011ab03) ;
RUNTEST 1 TCK;
SDR 27 TDI (0011b002) TDO (0011ad03) ;
RUNTEST 1 TCK;
SDR 27 TDI (0011c006) TDO (0011b003) ;
RUNTEST 1 TCK;
SDR 27 TDI (0011c402) TDO (0011c007) ;
RUNTEST 1 TCK;
SDR 27 TDI (0011c882) TDO (0011c403) ;
RUNTEST 1 TCK;
SDR 27 TDI (0011cc02) TDO (0011c883) ;
RUNTEST 1 TCK;
SDR 27 TDI (0011d002) TDO (0011cc03) ;
RUNTEST 1 TCK;
SDR 27 TDI (00120342) TDO (0011d003) ;
RUNTEST 1 TCK;
SDR 27 TDI (00120702) TDO (00120343) ;
RUNTEST 1 TCK;
SDR 27 TDI (00120b02) TDO (00120703) ;
RUNTEST 1 TCK;
SDR 27 TDI (00120f82) TDO (00120b03) ;
RUNTEST 1 TCK;
SDR 27 TDI (001213c2) TDO (00120f83) ;
RUNTEST 1 TCK;
SDR 27 TDI (00122302) TDO (001213c3) ;
RUNTEST 1 TCK;
SDR 27 TDI (00122702) TDO (00122303) ;
RUNTEST 1 TCK;
SDR 27 TDI (00122b02) TDO (00122703) ;
RUNTEST 1 TCK;
SDR 27 TDI (00122f02) TDO (00122b03) ;
RUNTEST 1 TCK;
SDR 27 TDI (00123002) TDO (00122f03) ;
RUNTEST 1 TCK;
SDR 27 TDI (00124042) TDO (00123003) ;
RUNTEST 1 TCK;
SDR 27 TDI (00124442) TDO (00124043) ;
RUNTEST 1 TCK;
SDR 27 TDI (00124812) TDO (00124443) ;
RUNTEST 1 TCK;
SDR 27 TDI (00124c42) TDO (00124813) ;
RUNTEST 1 TCK;
SDR 27 TDI (0012502e) TDO (00124c43) ;
RUNTEST 1 TCK;
SDR 27 TDI (00128002) TDO (0012502f) ;
RUNTEST 1 TCK;
SDR 27 TDI (00128502) TDO (00128003) ;
RUNTEST 1 TCK;
SDR 27 TDI (00128802) TDO (00128503) ;
RUNTEST 1 TCK;
SDR 27 TDI (00128c02) TDO (00128803) ;
RUNTEST 1 TCK;
SDR 27 TDI (00129102) TDO (00128c03) ;
RUNTEST 1 TCK;
SDR 27 TDI (0012a002) TDO (00129103) ;
RUNTEST 1 TCK;
SDR 27 TDI (0012a402) TDO (0012a003) ;
RUNTEST 1 TCK;
SDR 27 TDI (0012a802) TDO (0012a403) ;
RUNTEST 1 TCK;
SDR 27 TDI (0012ae02) TDO (0012a803) ;
RUNTEST 1 TCK;
SDR 27 TDI (0012b002) TDO (0012ae03) ;
RUNTEST 1 TCK;
SDR 27 TDI (0012c002) TDO (0012b003) ;
RUNTEST 1 TCK;
SDR 27 TDI (0012c40e) TDO (0012c003) ;
RUNTEST 1 TCK;
SDR 27 TDI (0012c802) TDO (0012c40f) ;
RUNTEST 1 TCK;
SDR 27 TDI (0012cc82) TDO (0012c803) ;
RUNTEST 1 TCK;
SDR 27 TDI (0012d002) TDO (0012cc83) ;
RUNTEST 1 TCK;
SDR 27 TDI (00130342) TDO (0012d003) ;
RUNTEST 1 TCK;
SDR 27 TDI (00130702) TDO (00130343) ;
RUNTEST 1 TCK;
SDR 27 TDI (00130b02) TDO (00130703) ;
RUNTEST 1 TCK;
SDR 27 TDI (00130f82) TDO (00130b03) ;
RUNTEST 1 TCK;
SDR 27 TDI (001313c2) TDO (00130f83) ;
RUNTEST 1 TCK;
SDR 27 TDI (00132302) TDO (001313c3) ;
RUNTEST 1 TCK;
SDR 27 TDI (00132702) TDO (00132303) ;
RUNTEST 1 TCK;
SDR 27 TDI (00132b02) TDO (00132703) ;
RUNTEST 1 TCK;
SDR 27 TDI (00132f02) TDO (00132b03) ;
RUNTEST 1 TCK;
SDR 27 TDI (00133002) TDO (00132f03) ;
RUNTEST 1 TCK;
SDR 27 TDI (00134002) TDO (00133003) ;
RUNTEST 1 TCK;
SDR 27 TDI (00134402) TDO (00134003) ;
RUNTEST 1 TCK;
SDR 27 TDI (00134812) TDO (00134403) ;
RUNTEST 1 TCK;
SDR 27 TDI (00134c42) TDO (00134813) ;
RUNTEST 1 TCK;
SDR 27 TDI (0013502e) TDO (00134c43) ;
RUNTEST 1 TCK;
SDR 27 TDI (00138302) TDO (0013502f) ;
RUNTEST 1 TCK;
SDR 27 TDI (00138702) TDO (00138303) ;
RUNTEST 1 TCK;
SDR 27 TDI (00138b02) TDO (00138703) ;
RUNTEST 1 TCK;
SDR 27 TDI (00138f02) TDO (00138b03) ;
RUNTEST 1 TCK;
SDR 27 TDI (00139302) TDO (00138f03) ;
RUNTEST 1 TCK;
SDR 27 TDI (0013a302) TDO (00139303) ;
RUNTEST 1 TCK;
SDR 27 TDI (0013a702) TDO (0013a303) ;
RUNTEST 1 TCK;
SDR 27 TDI (0013ab02) TDO (0013a703) ;
RUNTEST 1 TCK;
SDR 27 TDI (0013af02) TDO (0013ab03) ;
RUNTEST 1 TCK;
SDR 27 TDI (0013b002) TDO (0013af03) ;
RUNTEST 1 TCK;
SDR 27 TDI (0013c002) TDO (0013b003) ;
RUNTEST 1 TCK;
SDR 27 TDI (0013c442) TDO (0013c003) ;
RUNTEST 1 TCK;
SDR 27 TDI (0013c80e) TDO (0013c443) ;
RUNTEST 1 TCK;
SDR 27 TDI (0013cc02) TDO (0013c80f) ;
RUNTEST 1 TCK;
SDR 27 TDI (0013d082) TDO (0013cc03) ;
RUNTEST 1 TCK;
SDR 27 TDI (00140102) TDO (0013d083) ;
RUNTEST 1 TCK;
SDR 27 TDI (00140702) TDO (00140103) ;
RUNTEST 1 TCK;
SDR 27 TDI (00140a02) TDO (00140703) ;
RUNTEST 1 TCK;
SDR 27 TDI (00140d02) TDO (00140a03) ;
RUNTEST 1 TCK;
SDR 27 TDI (00141302) TDO (00140d03) ;
RUNTEST 1 TCK;
SDR 27 TDI (00142002) TDO (00141303) ;
RUNTEST 1 TCK;
SDR 27 TDI (00142402) TDO (00142003) ;
RUNTEST 1 TCK;
SDR 27 TDI (00142902) TDO (00142403) ;
RUNTEST 1 TCK;
SDR 27 TDI (00142e02) TDO (00142903) ;
RUNTEST 1 TCK;
SDR 27 TDI (00143002) TDO (00142e03) ;
RUNTEST 1 TCK;
SDR 27 TDI (00144002) TDO (00143003) ;
RUNTEST 1 TCK;
SDR 27 TDI (00144402) TDO (00144003) ;
RUNTEST 1 TCK;
SDR 27 TDI (00144802) TDO (00144403) ;
RUNTEST 1 TCK;
SDR 27 TDI (00144c02) TDO (00144803) ;
RUNTEST 1 TCK;
SDR 27 TDI (00145002) TDO (00144c03) ;
RUNTEST 1 TCK;
SDR 27 TDI (0014830a) TDO (00145003) ;
RUNTEST 1 TCK;
SDR 27 TDI (0014870a) TDO (0014830b) ;
RUNTEST 1 TCK;
SDR 27 TDI (00148b0a) TDO (0014870b) ;
RUNTEST 1 TCK;
SDR 27 TDI (00148f0a) TDO (00148b0b) ;
RUNTEST 1 TCK;
SDR 27 TDI (00149302) TDO (00148f0b) ;
RUNTEST 1 TCK;
SDR 27 TDI (0014a30a) TDO (00149303) ;
RUNTEST 1 TCK;
SDR 27 TDI (0014a70a) TDO (0014a30b) ;
RUNTEST 1 TCK;
SDR 27 TDI (0014ab0a) TDO (0014a70b) ;
RUNTEST 1 TCK;
SDR 27 TDI (0014af0a) TDO (0014ab0b) ;
RUNTEST 1 TCK;
SDR 27 TDI (0014b002) TDO (0014af0b) ;
RUNTEST 1 TCK;
SDR 27 TDI (0014c002) TDO (0014b003) ;
RUNTEST 1 TCK;
SDR 27 TDI (0014c402) TDO (0014c003) ;
RUNTEST 1 TCK;
SDR 27 TDI (0014c802) TDO (0014c403) ;
RUNTEST 1 TCK;
SDR 27 TDI (0014cc0a) TDO (0014c803) ;
RUNTEST 1 TCK;
SDR 27 TDI (0014d00a) TDO (0014cc0b) ;
RUNTEST 1 TCK;
SDR 27 TDI (00150302) TDO (0014d00b) ;
RUNTEST 1 TCK;
SDR 27 TDI (00150702) TDO (00150303) ;
RUNTEST 1 TCK;
SDR 27 TDI (00150b02) TDO (00150703) ;
RUNTEST 1 TCK;
SDR 27 TDI (00150f02) TDO (00150b03) ;
RUNTEST 1 TCK;
SDR 27 TDI (00151302) TDO (00150f03) ;
RUNTEST 1 TCK;
SDR 27 TDI (00152342) TDO (00151303) ;
RUNTEST 1 TCK;
SDR 27 TDI (00152742) TDO (00152343) ;
RUNTEST 1 TCK;
SDR 27 TDI (00152b42) TDO (00152743) ;
RUNTEST 1 TCK;
SDR 27 TDI (00152f02) TDO (00152b43) ;
RUNTEST 1 TCK;
SDR 27 TDI (00153042) TDO (00152f03) ;
RUNTEST 1 TCK;
SDR 27 TDI (00154002) TDO (00153043) ;
RUNTEST 1 TCK;
SDR 27 TDI (00154402) TDO (00154003) ;
RUNTEST 1 TCK;
SDR 27 TDI (00154842) TDO (00154403) ;
RUNTEST 1 TCK;
SDR 27 TDI (00154c02) TDO (00154843) ;
RUNTEST 1 TCK;
SDR 27 TDI (00155002) TDO (00154c03) ;
RUNTEST 1 TCK;
SDR 27 TDI (00158202) TDO (00155003) ;
RUNTEST 1 TCK;
SDR 27 TDI (00158502) TDO (00158203) ;
RUNTEST 1 TCK;
SDR 27 TDI (00158902) TDO (00158503) ;
RUNTEST 1 TCK;
SDR 27 TDI (00158e02) TDO (00158903) ;
RUNTEST 1 TCK;
SDR 27 TDI (00159302) TDO (00158e03) ;
RUNTEST 1 TCK;
SDR 27 TDI (0015a302) TDO (00159303) ;
RUNTEST 1 TCK;
SDR 27 TDI (0015a502) TDO (0015a303) ;
RUNTEST 1 TCK;
SDR 27 TDI (0015aa02) TDO (0015a503) ;
RUNTEST 1 TCK;
SDR 27 TDI (0015ae02) TDO (0015aa03) ;
RUNTEST 1 TCK;
SDR 27 TDI (0015b002) TDO (0015ae03) ;
RUNTEST 1 TCK;
SDR 27 TDI (0015c002) TDO (0015b003) ;
RUNTEST 1 TCK;
SDR 27 TDI (0015c402) TDO (0015c003) ;
RUNTEST 1 TCK;
SDR 27 TDI (0015c802) TDO (0015c403) ;
RUNTEST 1 TCK;
SDR 27 TDI (0015cc02) TDO (0015c803) ;
RUNTEST 1 TCK;
SDR 27 TDI (0015d002) TDO (0015cc03) ;
RUNTEST 1 TCK;
SDR 27 TDI (00160202) TDO (0015d003) ;
RUNTEST 1 TCK;
SDR 27 TDI (00160402) TDO (00160203) ;
RUNTEST 1 TCK;
SDR 27 TDI (00160902) TDO (00160403) ;
RUNTEST 1 TCK;
SDR 27 TDI (00160e82) TDO (00160903) ;
RUNTEST 1 TCK;
SDR 27 TDI (001610c2) TDO (00160e83) ;
RUNTEST 1 TCK;
SDR 27 TDI (00162302) TDO (001610c3) ;
RUNTEST 1 TCK;
SDR 27 TDI (00162502) TDO (00162303) ;
RUNTEST 1 TCK;
SDR 27 TDI (00162a02) TDO (00162503) ;
RUNTEST 1 TCK;
SDR 27 TDI (00162d02) TDO (00162a03) ;
RUNTEST 1 TCK;
SDR 27 TDI (00163002) TDO (00162d03) ;
RUNTEST 1 TCK;
SDR 27 TDI (00164002) TDO (00163003) ;
RUNTEST 1 TCK;
SDR 27 TDI (00164402) TDO (00164003) ;
RUNTEST 1 TCK;
SDR 27 TDI (00164812) TDO (00164403) ;
RUNTEST 1 TCK;
SDR 27 TDI (00164c42) TDO (00164813) ;
RUNTEST 1 TCK;
SDR 27 TDI (0016502e) TDO (00164c43) ;
RUNTEST 1 TCK;
SDR 27 TDI (00168102) TDO (0016502f) ;
RUNTEST 1 TCK;
SDR 27 TDI (00168702) TDO (00168103) ;
RUNTEST 1 TCK;
SDR 27 TDI (00168a02) TDO (00168703) ;
RUNTEST 1 TCK;
SDR 27 TDI (00168d02) TDO (00168a03) ;
RUNTEST 1 TCK;
SDR 27 TDI (0016930a) TDO (00168d03) ;
RUNTEST 1 TCK;
SDR 27 TDI (0016a002) TDO (0016930b) ;
RUNTEST 1 TCK;
SDR 27 TDI (0016a602) TDO (0016a003) ;
RUNTEST 1 TCK;
SDR 27 TDI (0016a902) TDO (0016a603) ;
RUNTEST 1 TCK;
SDR 27 TDI (0016ae02) TDO (0016a903) ;
RUNTEST 1 TCK;
SDR 27 TDI (0016b002) TDO (0016ae03) ;
RUNTEST 1 TCK;
SDR 27 TDI (0016c04a) TDO (0016b003) ;
RUNTEST 1 TCK;
SDR 27 TDI (0016c482) TDO (0016c04b) ;
RUNTEST 1 TCK;
SDR 27 TDI (0016c802) TDO (0016c483) ;
RUNTEST 1 TCK;
SDR 27 TDI (0016cc02) TDO (0016c803) ;
RUNTEST 1 TCK;
SDR 27 TDI (0016d002) TDO (0016cc03) ;
RUNTEST 1 TCK;
SDR 27 TDI (00170302) TDO (0016d003) ;
RUNTEST 1 TCK;
SDR 27 TDI (00170782) TDO (00170303) ;
RUNTEST 1 TCK;
SDR 27 TDI (00170b82) TDO (00170783) ;
RUNTEST 1 TCK;
SDR 27 TDI (00170f02) TDO (00170b83) ;
RUNTEST 1 TCK;
SDR 27 TDI (00171302) TDO (00170f03) ;
RUNTEST 1 TCK;
SDR 27 TDI (00172302) TDO (00171303) ;
RUNTEST 1 TCK;
SDR 27 TDI (00172702) TDO (00172303) ;
RUNTEST 1 TCK;
SDR 27 TDI (00172b02) TDO (00172703) ;
RUNTEST 1 TCK;
SDR 27 TDI (00172f02) TDO (00172b03) ;
RUNTEST 1 TCK;
SDR 27 TDI (00173002) TDO (00172f03) ;
RUNTEST 1 TCK;
SDR 27 TDI (00174002) TDO (00173003) ;
RUNTEST 1 TCK;
SDR 27 TDI (00174402) TDO (00174003) ;
RUNTEST 1 TCK;
SDR 27 TDI (00174802) TDO (00174403) ;
RUNTEST 1 TCK;
SDR 27 TDI (00174c02) TDO (00174803) ;
RUNTEST 1 TCK;
SDR 27 TDI (00175002) TDO (00174c03) ;
RUNTEST 1 TCK;
SDR 27 TDI (00178302) TDO (00175003) ;
RUNTEST 1 TCK;
SDR 27 TDI (00178702) TDO (00178303) ;
RUNTEST 1 TCK;
SDR 27 TDI (00178b02) TDO (00178703) ;
RUNTEST 1 TCK;
SDR 27 TDI (00178f02) TDO (00178b03) ;
RUNTEST 1 TCK;
SDR 27 TDI (00179302) TDO (00178f03) ;
RUNTEST 1 TCK;
SDR 27 TDI (0017a302) TDO (00179303) ;
RUNTEST 1 TCK;
SDR 27 TDI (0017a702) TDO (0017a303) ;
RUNTEST 1 TCK;
SDR 27 TDI (0017ab02) TDO (0017a703) ;
RUNTEST 1 TCK;
SDR 27 TDI (0017af02) TDO (0017ab03) ;
RUNTEST 1 TCK;
SDR 27 TDI (0017b002) TDO (0017af03) ;
RUNTEST 1 TCK;
SDR 27 TDI (0017c002) TDO (0017b003) ;
RUNTEST 1 TCK;
SDR 27 TDI (0017c402) TDO (0017c003) ;
RUNTEST 1 TCK;
SDR 27 TDI (0017c802) TDO (0017c403) ;
RUNTEST 1 TCK;
SDR 27 TDI (0017cc02) TDO (0017c803) ;
RUNTEST 1 TCK;
SDR 27 TDI (0017d002) TDO (0017cc03) ;
RUNTEST 1 TCK;
SDR 27 TDI (00180302) TDO (0017d003) ;
RUNTEST 1 TCK;
SDR 27 TDI (00180702) TDO (00180303) ;
RUNTEST 1 TCK;
SDR 27 TDI (00180b02) TDO (00180703) ;
RUNTEST 1 TCK;
SDR 27 TDI (00180f02) TDO (00180b03) ;
RUNTEST 1 TCK;
SDR 27 TDI (00181302) TDO (00180f03) ;
RUNTEST 1 TCK;
SDR 27 TDI (00182302) TDO (00181303) ;
RUNTEST 1 TCK;
SDR 27 TDI (00182702) TDO (00182303) ;
RUNTEST 1 TCK;
SDR 27 TDI (00182b02) TDO (00182703) ;
RUNTEST 1 TCK;
SDR 27 TDI (00182f02) TDO (00182b03) ;
RUNTEST 1 TCK;
SDR 27 TDI (00183002) TDO (00182f03) ;
RUNTEST 1 TCK;
SDR 27 TDI (00184002) TDO (00183003) ;
RUNTEST 1 TCK;
SDR 27 TDI (00184402) TDO (00184003) ;
RUNTEST 1 TCK;
SDR 27 TDI (00184802) TDO (00184403) ;
RUNTEST 1 TCK;
SDR 27 TDI (00184c02) TDO (00184803) ;
RUNTEST 1 TCK;
SDR 27 TDI (00185002) TDO (00184c03) ;
RUNTEST 1 TCK;
SDR 27 TDI (00188202) TDO (00185003) ;
RUNTEST 1 TCK;
SDR 27 TDI (00188502) TDO (00188203) ;
RUNTEST 1 TCK;
SDR 27 TDI (00188902) TDO (00188503) ;
RUNTEST 1 TCK;
SDR 27 TDI (00188e02) TDO (00188903) ;
RUNTEST 1 TCK;
SDR 27 TDI (00189102) TDO (00188e03) ;
RUNTEST 1 TCK;
SDR 27 TDI (0018a302) TDO (00189103) ;
RUNTEST 1 TCK;
SDR 27 TDI (0018a502) TDO (0018a303) ;
RUNTEST 1 TCK;
SDR 27 TDI (0018aa02) TDO (0018a503) ;
RUNTEST 1 TCK;
SDR 27 TDI (0018af02) TDO (0018aa03) ;
RUNTEST 1 TCK;
SDR 27 TDI (0018b002) TDO (0018af03) ;
RUNTEST 1 TCK;
SDR 27 TDI (0018c002) TDO (0018b003) ;
RUNTEST 1 TCK;
SDR 27 TDI (0018c402) TDO (0018c003) ;
RUNTEST 1 TCK;
SDR 27 TDI (0018c802) TDO (0018c403) ;
RUNTEST 1 TCK;
SDR 27 TDI (0018cc02) TDO (0018c803) ;
RUNTEST 1 TCK;
SDR 27 TDI (0018d002) TDO (0018cc03) ;
RUNTEST 1 TCK;
SDR 27 TDI (00190002) TDO (0018d003) ;
RUNTEST 1 TCK;
SDR 27 TDI (00190402) TDO (00190003) ;
RUNTEST 1 TCK;
SDR 27 TDI (00190802) TDO (00190403) ;
RUNTEST 1 TCK;
SDR 27 TDI (00190c02) TDO (00190803) ;
RUNTEST 1 TCK;
SDR 27 TDI (00191002) TDO (00190c03) ;
RUNTEST 1 TCK;
SDR 27 TDI (00192002) TDO (00191003) ;
RUNTEST 1 TCK;
SDR 27 TDI (00192402) TDO (00192003) ;
RUNTEST 1 TCK;
SDR 27 TDI (00192802) TDO (00192403) ;
RUNTEST 1 TCK;
SDR 27 TDI (00192c02) TDO (00192803) ;
RUNTEST 1 TCK;
SDR 27 TDI (00193002) TDO (00192c03) ;
RUNTEST 1 TCK;
SDR 27 TDI (00194002) TDO (00193003) ;
RUNTEST 1 TCK;
SDR 27 TDI (00194402) TDO (00194003) ;
RUNTEST 1 TCK;
SDR 27 TDI (00194802) TDO (00194403) ;
RUNTEST 1 TCK;
SDR 27 TDI (00194c02) TDO (00194803) ;
RUNTEST 1 TCK;
SDR 27 TDI (00195002) TDO (00194c03) ;
RUNTEST 1 TCK;
SDR 27 TDI (00198002) TDO (00195003) ;
RUNTEST 1 TCK;
SDR 27 TDI (00198402) TDO (00198003) ;
RUNTEST 1 TCK;
SDR 27 TDI (00198802) TDO (00198403) ;
RUNTEST 1 TCK;
SDR 27 TDI (00198c02) TDO (00198803) ;
RUNTEST 1 TCK;
SDR 27 TDI (00199002) TDO (00198c03) ;
RUNTEST 1 TCK;
SDR 27 TDI (0019a002) TDO (00199003) ;
RUNTEST 1 TCK;
SDR 27 TDI (0019a402) TDO (0019a003) ;
RUNTEST 1 TCK;
SDR 27 TDI (0019a802) TDO (0019a403) ;
RUNTEST 1 TCK;
SDR 27 TDI (0019ac02) TDO (0019a803) ;
RUNTEST 1 TCK;
SDR 27 TDI (0019b002) TDO (0019ac03) ;
RUNTEST 1 TCK;
SDR 27 TDI (0019c002) TDO (0019b003) ;
RUNTEST 1 TCK;
SDR 27 TDI (0019c402) TDO (0019c003) ;
RUNTEST 1 TCK;
SDR 27 TDI (0019c802) TDO (0019c403) ;
RUNTEST 1 TCK;
SDR 27 TDI (0019cc02) TDO (0019c803) ;
RUNTEST 1 TCK;
SDR 27 TDI (0019d002) TDO (0019cc03) ;
RUNTEST 1 TCK;
SDR 27 TDI (001a0002) TDO (0019d003) ;
RUNTEST 1 TCK;
SDR 27 TDI (001a0402) TDO (001a0003) ;
RUNTEST 1 TCK;
SDR 27 TDI (001a0802) TDO (001a0403) ;
RUNTEST 1 TCK;
SDR 27 TDI (001a0c02) TDO (001a0803) ;
RUNTEST 1 TCK;
SDR 27 TDI (001a1002) TDO (001a0c03) ;
RUNTEST 1 TCK;
SDR 27 TDI (001a2002) TDO (001a1003) ;
RUNTEST 1 TCK;
SDR 27 TDI (001a2402) TDO (001a2003) ;
RUNTEST 1 TCK;
SDR 27 TDI (001a2802) TDO (001a2403) ;
RUNTEST 1 TCK;
SDR 27 TDI (001a2c02) TDO (001a2803) ;
RUNTEST 1 TCK;
SDR 27 TDI (001a3002) TDO (001a2c03) ;
RUNTEST 1 TCK;
SDR 27 TDI (001a4002) TDO (001a3003) ;
RUNTEST 1 TCK;
SDR 27 TDI (001a4402) TDO (001a4003) ;
RUNTEST 1 TCK;
SDR 27 TDI (001a4802) TDO (001a4403) ;
RUNTEST 1 TCK;
SDR 27 TDI (001a4c02) TDO (001a4803) ;
RUNTEST 1 TCK;
SDR 27 TDI (001a5002) TDO (001a4c03) ;
RUNTEST 1 TCK;
SDR 27 TDI (001a8002) TDO (001a5003) ;
RUNTEST 1 TCK;
SDR 27 TDI (001a8402) TDO (001a8003) ;
RUNTEST 1 TCK;
SDR 27 TDI (001a8802) TDO (001a8403) ;
RUNTEST 1 TCK;
SDR 27 TDI (001a8c02) TDO (001a8803) ;
RUNTEST 1 TCK;
SDR 27 TDI (001a9002) TDO (001a8c03) ;
RUNTEST 1 TCK;
SDR 27 TDI (001aa002) TDO (001a9003) ;
RUNTEST 1 TCK;
SDR 27 TDI (001aa402) TDO (001aa003) ;
RUNTEST 1 TCK;
SDR 27 TDI (001aa802) TDO (001aa403) ;
RUNTEST 1 TCK;
SDR 27 TDI (001aad02) TDO (001aa803) ;
RUNTEST 1 TCK;
SDR 27 TDI (001ab002) TDO (001aad03) ;
RUNTEST 1 TCK;
SDR 27 TDI (001ac002) TDO (001ab003) ;
RUNTEST 1 TCK;
SDR 27 TDI (001ac402) TDO (001ac003) ;
RUNTEST 1 TCK;
SDR 27 TDI (001ac802) TDO (001ac403) ;
RUNTEST 1 TCK;
SDR 27 TDI (001acc02) TDO (001ac803) ;
RUNTEST 1 TCK;
SDR 27 TDI (001ad002) TDO (001acc03) ;
RUNTEST 1 TCK;
SDR 27 TDI (001b0002) TDO (001ad003) ;
RUNTEST 1 TCK;
SDR 27 TDI (001b0402) TDO (001b0003) ;
RUNTEST 1 TCK;
SDR 27 TDI (001b0802) TDO (001b0403) ;
RUNTEST 1 TCK;
SDR 27 TDI (001b0c02) TDO (001b0803) ;
RUNTEST 1 TCK;
SDR 27 TDI (001b1002) TDO (001b0c03) ;
RUNTEST 1 TCK;
SDR 27 TDI (001b2202) TDO (001b1003) ;
RUNTEST 1 TCK;
SDR 27 TDI (001b2402) TDO (001b2203) ;
RUNTEST 1 TCK;
SDR 27 TDI (001b2802) TDO (001b2403) ;
RUNTEST 1 TCK;
SDR 27 TDI (001b2d02) TDO (001b2803) ;
RUNTEST 1 TCK;
SDR 27 TDI (001b3002) TDO (001b2d03) ;
RUNTEST 1 TCK;
SDR 27 TDI (001b4002) TDO (001b3003) ;
RUNTEST 1 TCK;
SDR 27 TDI (001b4402) TDO (001b4003) ;
RUNTEST 1 TCK;
SDR 27 TDI (001b4802) TDO (001b4403) ;
RUNTEST 1 TCK;
SDR 27 TDI (001b4c02) TDO (001b4803) ;
RUNTEST 1 TCK;
SDR 27 TDI (001b5002) TDO (001b4c03) ;
RUNTEST 1 TCK;
SDR 27 TDI (001b8302) TDO (001b5003) ;
RUNTEST 1 TCK;
SDR 27 TDI (001b8602) TDO (001b8303) ;
RUNTEST 1 TCK;
SDR 27 TDI (001b8b02) TDO (001b8603) ;
RUNTEST 1 TCK;
SDR 27 TDI (001b8f02) TDO (001b8b03) ;
RUNTEST 1 TCK;
SDR 27 TDI (001b9102) TDO (001b8f03) ;
RUNTEST 1 TCK;
SDR 27 TDI (001ba302) TDO (001b9103) ;
RUNTEST 1 TCK;
SDR 27 TDI (001ba702) TDO (001ba303) ;
RUNTEST 1 TCK;
SDR 27 TDI (001baa02) TDO (001ba703) ;
RUNTEST 1 TCK;
SDR 27 TDI (001baf02) TDO (001baa03) ;
RUNTEST 1 TCK;
SDR 27 TDI (001bb002) TDO (001baf03) ;
RUNTEST 1 TCK;
SDR 27 TDI (001bc002) TDO (001bb003) ;
RUNTEST 1 TCK;
SDR 27 TDI (001bc402) TDO (001bc003) ;
RUNTEST 1 TCK;
SDR 27 TDI (001bc802) TDO (001bc403) ;
RUNTEST 1 TCK;
SDR 27 TDI (001bcc02) TDO (001bc803) ;
RUNTEST 1 TCK;
SDR 27 TDI (001bd002) TDO (001bcc03) ;
RUNTEST 1 TCK;
SDR 27 TDI (001c0202) TDO (001bd003) ;
RUNTEST 1 TCK;
SDR 27 TDI (001c0702) TDO (001c0203) ;
RUNTEST 1 TCK;
SDR 27 TDI (001c0b02) TDO (001c0703) ;
RUNTEST 1 TCK;
SDR 27 TDI (001c0f02) TDO (001c0b03) ;
RUNTEST 1 TCK;
SDR 27 TDI (001c1102) TDO (001c0f03) ;
RUNTEST 1 TCK;
SDR 27 TDI (001c2302) TDO (001c1103) ;
RUNTEST 1 TCK;
SDR 27 TDI (001c2602) TDO (001c2303) ;
RUNTEST 1 TCK;
SDR 27 TDI (001c2b02) TDO (001c2603) ;
RUNTEST 1 TCK;
SDR 27 TDI (001c2f02) TDO (001c2b03) ;
RUNTEST 1 TCK;
SDR 27 TDI (001c3002) TDO (001c2f03) ;
RUNTEST 1 TCK;
SDR 27 TDI (001c4002) TDO (001c3003) ;
RUNTEST 1 TCK;
SDR 27 TDI (001c4402) TDO (001c4003) ;
RUNTEST 1 TCK;
SDR 27 TDI (001c4802) TDO (001c4403) ;
RUNTEST 1 TCK;
SDR 27 TDI (001c4c02) TDO (001c4803) ;
RUNTEST 1 TCK;
SDR 27 TDI (001c5002) TDO (001c4c03) ;
RUNTEST 1 TCK;
SDR 27 TDI (001c8206) TDO (001c5003) ;
RUNTEST 1 TCK;
SDR 27 TDI (001c8702) TDO (001c8207) ;
RUNTEST 1 TCK;
SDR 27 TDI (001c8b02) TDO (001c8703) ;
RUNTEST 1 TCK;
SDR 27 TDI (001c8d02) TDO (001c8b03) ;
RUNTEST 1 TCK;
SDR 27 TDI (001c9302) TDO (001c8d03) ;
RUNTEST 1 TCK;
SDR 27 TDI (001ca306) TDO (001c9303) ;
RUNTEST 1 TCK;
SDR 27 TDI (001ca706) TDO (001ca307) ;
RUNTEST 1 TCK;
SDR 27 TDI (001caa06) TDO (001ca707) ;
RUNTEST 1 TCK;
SDR 27 TDI (001caf06) TDO (001caa07) ;
RUNTEST 1 TCK;
SDR 27 TDI (001cb086) TDO (001caf07) ;
RUNTEST 1 TCK;
SDR 27 TDI (001cc002) TDO (001cb087) ;
RUNTEST 1 TCK;
SDR 27 TDI (001cc402) TDO (001cc003) ;
RUNTEST 1 TCK;
SDR 27 TDI (001cc802) TDO (001cc403) ;
RUNTEST 1 TCK;
SDR 27 TDI (001ccc06) TDO (001cc803) ;
RUNTEST 1 TCK;
SDR 27 TDI (001cd006) TDO (001ccc07) ;
RUNTEST 1 TCK;
SDR 27 TDI (001d0382) TDO (001cd007) ;
RUNTEST 1 TCK;
SDR 27 TDI (001d0602) TDO (001d0383) ;
RUNTEST 1 TCK;
SDR 27 TDI (001d0b02) TDO (001d0603) ;
RUNTEST 1 TCK;
SDR 27 TDI (001d0d02) TDO (001d0b03) ;
RUNTEST 1 TCK;
SDR 27 TDI (001d1302) TDO (001d0d03) ;
RUNTEST 1 TCK;
SDR 27 TDI (001d2302) TDO (001d1303) ;
RUNTEST 1 TCK;
SDR 27 TDI (001d2602) TDO (001d2303) ;
RUNTEST 1 TCK;
SDR 27 TDI (001d2b02) TDO (001d2603) ;
RUNTEST 1 TCK;
SDR 27 TDI (001d2f02) TDO (001d2b03) ;
RUNTEST 1 TCK;
SDR 27 TDI (001d3002) TDO (001d2f03) ;
RUNTEST 1 TCK;
SDR 27 TDI (001d4002) TDO (001d3003) ;
RUNTEST 1 TCK;
SDR 27 TDI (001d4402) TDO (001d4003) ;
RUNTEST 1 TCK;
SDR 27 TDI (001d4802) TDO (001d4403) ;
RUNTEST 1 TCK;
SDR 27 TDI (001d4c02) TDO (001d4803) ;
RUNTEST 1 TCK;
SDR 27 TDI (001d5002) TDO (001d4c03) ;
RUNTEST 1 TCK;
SDR 27 TDI (001d8202) TDO (001d5003) ;
RUNTEST 1 TCK;
SDR 27 TDI (001d8782) TDO (001d8203) ;
RUNTEST 1 TCK;
SDR 27 TDI (001d8b82) TDO (001d8783) ;
RUNTEST 1 TCK;
SDR 27 TDI (001d8d82) TDO (001d8b83) ;
RUNTEST 1 TCK;
SDR 27 TDI (001d9302) TDO (001d8d83) ;
RUNTEST 1 TCK;
SDR 27 TDI (001da302) TDO (001d9303) ;
RUNTEST 1 TCK;
SDR 27 TDI (001da702) TDO (001da303) ;
RUNTEST 1 TCK;
SDR 27 TDI (001daa02) TDO (001da703) ;
RUNTEST 1 TCK;
SDR 27 TDI (001daf02) TDO (001daa03) ;
RUNTEST 1 TCK;
SDR 27 TDI (001db002) TDO (001daf03) ;
RUNTEST 1 TCK;
SDR 27 TDI (001dc002) TDO (001db003) ;
RUNTEST 1 TCK;
SDR 27 TDI (001dc402) TDO (001dc003) ;
RUNTEST 1 TCK;
SDR 27 TDI (001dc802) TDO (001dc403) ;
RUNTEST 1 TCK;
SDR 27 TDI (001dcc02) TDO (001dc803) ;
RUNTEST 1 TCK;
SDR 27 TDI (001dd002) TDO (001dcc03) ;
RUNTEST 1 TCK;
SDR 27 TDI (001e0202) TDO (001dd003) ;
RUNTEST 1 TCK;
SDR 27 TDI (001e0702) TDO (001e0203) ;
RUNTEST 1 TCK;
SDR 27 TDI (001e0b02) TDO (001e0703) ;
RUNTEST 1 TCK;
SDR 27 TDI (001e0d02) TDO (001e0b03) ;
RUNTEST 1 TCK;
SDR 27 TDI (001e1302) TDO (001e0d03) ;
RUNTEST 1 TCK;
SDR 27 TDI (001e2302) TDO (001e1303) ;
RUNTEST 1 TCK;
SDR 27 TDI (001e2602) TDO (001e2303) ;
RUNTEST 1 TCK;
SDR 27 TDI (001e2b02) TDO (001e2603) ;
RUNTEST 1 TCK;
SDR 27 TDI (001e2f02) TDO (001e2b03) ;
RUNTEST 1 TCK;
SDR 27 TDI (001e3002) TDO (001e2f03) ;
RUNTEST 1 TCK;
SDR 27 TDI (001e4002) TDO (001e3003) ;
RUNTEST 1 TCK;
SDR 27 TDI (001e4402) TDO (001e4003) ;
RUNTEST 1 TCK;
SDR 27 TDI (001e4802) TDO (001e4403) ;
RUNTEST 1 TCK;
SDR 27 TDI (001e4c02) TDO (001e4803) ;
RUNTEST 1 TCK;
SDR 27 TDI (001e5002) TDO (001e4c03) ;
RUNTEST 1 TCK;
SDR 27 TDI (001e8202) TDO (001e5003) ;
RUNTEST 1 TCK;
SDR 27 TDI (001e8702) TDO (001e8203) ;
RUNTEST 1 TCK;
SDR 27 TDI (001e8b02) TDO (001e8703) ;
RUNTEST 1 TCK;
SDR 27 TDI (001e8f02) TDO (001e8b03) ;
RUNTEST 1 TCK;
SDR 27 TDI (001e9102) TDO (001e8f03) ;
RUNTEST 1 TCK;
SDR 27 TDI (001ea302) TDO (001e9103) ;
RUNTEST 1 TCK;
SDR 27 TDI (001ea602) TDO (001ea303) ;
RUNTEST 1 TCK;
SDR 27 TDI (001eab02) TDO (001ea603) ;
RUNTEST 1 TCK;
SDR 27 TDI (001eaf02) TDO (001eab03) ;
RUNTEST 1 TCK;
SDR 27 TDI (001eb002) TDO (001eaf03) ;
RUNTEST 1 TCK;
SDR 27 TDI (001ec002) TDO (001eb003) ;
RUNTEST 1 TCK;
SDR 27 TDI (001ec402) TDO (001ec003) ;
RUNTEST 1 TCK;
SDR 27 TDI (001ec802) TDO (001ec403) ;
RUNTEST 1 TCK;
SDR 27 TDI (001ecc02) TDO (001ec803) ;
RUNTEST 1 TCK;
SDR 27 TDI (001ed002) TDO (001ecc03) ;
RUNTEST 1 TCK;
SDR 27 TDI (001f030a) TDO (001ed003) ;
RUNTEST 1 TCK;
SDR 27 TDI (001f0602) TDO (001f030b) ;
RUNTEST 1 TCK;
SDR 27 TDI (001f0b02) TDO (001f0603) ;
RUNTEST 1 TCK;
SDR 27 TDI (001f0d02) TDO (001f0b03) ;
RUNTEST 1 TCK;
SDR 27 TDI (001f1302) TDO (001f0d03) ;
RUNTEST 1 TCK;
SDR 27 TDI (001f2302) TDO (001f1303) ;
RUNTEST 1 TCK;
SDR 27 TDI (001f2632) TDO (001f2303) ;
RUNTEST 1 TCK;
SDR 27 TDI (001f2b02) TDO (001f2633) ;
RUNTEST 1 TCK;
SDR 27 TDI (001f2f02) TDO (001f2b03) ;
RUNTEST 1 TCK;
SDR 27 TDI (001f3082) TDO (001f2f03) ;
RUNTEST 1 TCK;
SDR 27 TDI (001f4002) TDO (001f3083) ;
RUNTEST 1 TCK;
SDR 27 TDI (001f4402) TDO (001f4003) ;
RUNTEST 1 TCK;
SDR 27 TDI (001f4802) TDO (001f4403) ;
RUNTEST 1 TCK;
SDR 27 TDI (001f4c02) TDO (001f4803) ;
RUNTEST 1 TCK;
SDR 27 TDI (001f5002) TDO (001f4c03) ;
RUNTEST 1 TCK;
SDR 27 TDI (001f8302) TDO (001f5003) ;
RUNTEST 1 TCK;
SDR 27 TDI (001f8702) TDO (001f8303) ;
RUNTEST 1 TCK;
SDR 27 TDI (001f8b02) TDO (001f8703) ;
RUNTEST 1 TCK;
SDR 27 TDI (001f8f02) TDO (001f8b03) ;
RUNTEST 1 TCK;
SDR 27 TDI (001f9342) TDO (001f8f03) ;
RUNTEST 1 TCK;
SDR 27 TDI (001fa302) TDO (001f9343) ;
RUNTEST 1 TCK;
SDR 27 TDI (001fa702) TDO (001fa303) ;
RUNTEST 1 TCK;
SDR 27 TDI (001fab02) TDO (001fa703) ;
RUNTEST 1 TCK;
SDR 27 TDI (001faf02) TDO (001fab03) ;
RUNTEST 1 TCK;
SDR 27 TDI (001fb002) TDO (001faf03) ;
RUNTEST 1 TCK;
SDR 27 TDI (001fc002) TDO (001fb003) ;
RUNTEST 1 TCK;
SDR 27 TDI (001fc402) TDO (001fc003) ;
RUNTEST 1 TCK;
SDR 27 TDI (001fc802) TDO (001fc403) ;
RUNTEST 1 TCK;
SDR 27 TDI (001fcc42) TDO (001fc803) ;
RUNTEST 1 TCK;
SDR 27 TDI (001fd002) TDO (001fcc43) ;
RUNTEST 1 TCK;
SDR 27 TDI (00200302) TDO (001fd003) ;
RUNTEST 1 TCK;
SDR 27 TDI (00200702) TDO (00200303) ;
RUNTEST 1 TCK;
SDR 27 TDI (00200b02) TDO (00200703) ;
RUNTEST 1 TCK;
SDR 27 TDI (00200f02) TDO (00200b03) ;
RUNTEST 1 TCK;
SDR 27 TDI (00201102) TDO (00200f03) ;
RUNTEST 1 TCK;
SDR 27 TDI (00202302) TDO (00201103) ;
RUNTEST 1 TCK;
SDR 27 TDI (00202702) TDO (00202303) ;
RUNTEST 1 TCK;
SDR 27 TDI (00202a02) TDO (00202703) ;
RUNTEST 1 TCK;
SDR 27 TDI (00202f02) TDO (00202a03) ;
RUNTEST 1 TCK;
SDR 27 TDI (00203002) TDO (00202f03) ;
RUNTEST 1 TCK;
SDR 27 TDI (00204002) TDO (00203003) ;
RUNTEST 1 TCK;
SDR 27 TDI (00204402) TDO (00204003) ;
RUNTEST 1 TCK;
SDR 27 TDI (00204802) TDO (00204403) ;
RUNTEST 1 TCK;
SDR 27 TDI (00204c02) TDO (00204803) ;
RUNTEST 1 TCK;
SDR 27 TDI (00205002) TDO (00204c03) ;
RUNTEST 1 TCK;
SDR 27 TDI (00208302) TDO (00205003) ;
RUNTEST 1 TCK;
SDR 27 TDI (00208702) TDO (00208303) ;
RUNTEST 1 TCK;
SDR 27 TDI (00208b02) TDO (00208703) ;
RUNTEST 1 TCK;
SDR 27 TDI (00208f02) TDO (00208b03) ;
RUNTEST 1 TCK;
SDR 27 TDI (00209302) TDO (00208f03) ;
RUNTEST 1 TCK;
SDR 27 TDI (0020a302) TDO (00209303) ;
RUNTEST 1 TCK;
SDR 27 TDI (0020a702) TDO (0020a303) ;
RUNTEST 1 TCK;
SDR 27 TDI (0020aa02) TDO (0020a703) ;
RUNTEST 1 TCK;
SDR 27 TDI (0020af02) TDO (0020aa03) ;
RUNTEST 1 TCK;
SDR 27 TDI (0020b002) TDO (0020af03) ;
RUNTEST 1 TCK;
SDR 27 TDI (0020c002) TDO (0020b003) ;
RUNTEST 1 TCK;
SDR 27 TDI (0020c402) TDO (0020c003) ;
RUNTEST 1 TCK;
SDR 27 TDI (0020c802) TDO (0020c403) ;
RUNTEST 1 TCK;
SDR 27 TDI (0020cc02) TDO (0020c803) ;
RUNTEST 1 TCK;
SDR 27 TDI (0020d002) TDO (0020cc03) ;
RUNTEST 1 TCK;
SDR 27 TDI (00210302) TDO (0020d003) ;
RUNTEST 1 TCK;
SDR 27 TDI (00210702) TDO (00210303) ;
RUNTEST 1 TCK;
SDR 27 TDI (00210b02) TDO (00210703) ;
RUNTEST 1 TCK;
SDR 27 TDI (00210f02) TDO (00210b03) ;
RUNTEST 1 TCK;
SDR 27 TDI (00211302) TDO (00210f03) ;
RUNTEST 1 TCK;
SDR 27 TDI (00212302) TDO (00211303) ;
RUNTEST 1 TCK;
SDR 27 TDI (00212702) TDO (00212303) ;
RUNTEST 1 TCK;
SDR 27 TDI (00212b02) TDO (00212703) ;
RUNTEST 1 TCK;
SDR 27 TDI (00212f02) TDO (00212b03) ;
RUNTEST 1 TCK;
SDR 27 TDI (00213002) TDO (00212f03) ;
RUNTEST 1 TCK;
SDR 27 TDI (00214002) TDO (00213003) ;
RUNTEST 1 TCK;
SDR 27 TDI (00214402) TDO (00214003) ;
RUNTEST 1 TCK;
SDR 27 TDI (00214802) TDO (00214403) ;
RUNTEST 1 TCK;
SDR 27 TDI (00214c02) TDO (00214803) ;
RUNTEST 1 TCK;
SDR 27 TDI (00215002) TDO (00214c03) ;
RUNTEST 1 TCK;
SDR 27 TDI (00218202) TDO (00215003) ;
RUNTEST 1 TCK;
SDR 27 TDI (00218602) TDO (00218203) ;
RUNTEST 1 TCK;
SDR 27 TDI (00218b02) TDO (00218603) ;
RUNTEST 1 TCK;
SDR 27 TDI (00218f02) TDO (00218b03) ;
RUNTEST 1 TCK;
SDR 27 TDI (00219302) TDO (00218f03) ;
RUNTEST 1 TCK;
SDR 27 TDI (0021a302) TDO (00219303) ;
RUNTEST 1 TCK;
SDR 27 TDI (0021a702) TDO (0021a303) ;
RUNTEST 1 TCK;
SDR 27 TDI (0021ab02) TDO (0021a703) ;
RUNTEST 1 TCK;
SDR 27 TDI (0021af02) TDO (0021ab03) ;
RUNTEST 1 TCK;
SDR 27 TDI (0021b002) TDO (0021af03) ;
RUNTEST 1 TCK;
SDR 27 TDI (0021c002) TDO (0021b003) ;
RUNTEST 1 TCK;
SDR 27 TDI (0021c402) TDO (0021c003) ;
RUNTEST 1 TCK;
SDR 27 TDI (0021c802) TDO (0021c403) ;
RUNTEST 1 TCK;
SDR 27 TDI (0021cc02) TDO (0021c803) ;
RUNTEST 1 TCK;
SDR 27 TDI (0021d002) TDO (0021cc03) ;
RUNTEST 1 TCK;
SDR 27 TDI (00220302) TDO (0021d003) ;
RUNTEST 1 TCK;
SDR 27 TDI (00220702) TDO (00220303) MASK (07fffeff) ;
RUNTEST 1 TCK;
SDR 27 TDI (00220b02) TDO (00220703) MASK (07ffffff) ;
RUNTEST 1 TCK;
SDR 27 TDI (00220f02) TDO (00220b03) ;
RUNTEST 1 TCK;
SDR 27 TDI (00221302) TDO (00220f03) ;
RUNTEST 1 TCK;
SDR 27 TDI (00222302) TDO (00221303) ;
RUNTEST 1 TCK;
SDR 27 TDI (00222602) TDO (00222303) ;
RUNTEST 1 TCK;
SDR 27 TDI (00222b02) TDO (00222603) ;
RUNTEST 1 TCK;
SDR 27 TDI (00222f02) TDO (00222b03) ;
RUNTEST 1 TCK;
SDR 27 TDI (00223002) TDO (00222f03) ;
RUNTEST 1 TCK;
SDR 27 TDI (00224002) TDO (00223003) ;
RUNTEST 1 TCK;
SDR 27 TDI (00224402) TDO (00224003) ;
RUNTEST 1 TCK;
SDR 27 TDI (00224802) TDO (00224403) ;
RUNTEST 1 TCK;
SDR 27 TDI (00224c02) TDO (00224803) ;
RUNTEST 1 TCK;
SDR 27 TDI (00225002) TDO (00224c03) ;
RUNTEST 1 TCK;
SDR 27 TDI (00228302) TDO (00225003) ;
RUNTEST 1 TCK;
SDR 27 TDI (00228702) TDO (00228303) ;
RUNTEST 1 TCK;
SDR 27 TDI (00228b02) TDO (00228703) ;
RUNTEST 1 TCK;
SDR 27 TDI (00228f02) TDO (00228b03) ;
RUNTEST 1 TCK;
SDR 27 TDI (00229302) TDO (00228f03) ;
RUNTEST 1 TCK;
SDR 27 TDI (0022a302) TDO (00229303) ;
RUNTEST 1 TCK;
SDR 27 TDI (0022a702) TDO (0022a303) ;
RUNTEST 1 TCK;
SDR 27 TDI (0022ab02) TDO (0022a703) ;
RUNTEST 1 TCK;
SDR 27 TDI (0022af02) TDO (0022ab03) ;
RUNTEST 1 TCK;
SDR 27 TDI (0022b002) TDO (0022af03) ;
RUNTEST 1 TCK;
SDR 27 TDI (0022c002) TDO (0022b003) ;
RUNTEST 1 TCK;
SDR 27 TDI (0022c402) TDO (0022c003) ;
RUNTEST 1 TCK;
SDR 27 TDI (0022c802) TDO (0022c403) ;
RUNTEST 1 TCK;
SDR 27 TDI (0022cc02) TDO (0022c803) ;
RUNTEST 1 TCK;
SDR 27 TDI (0022d002) TDO (0022cc03) ;
RUNTEST 1 TCK;
SDR 27 TDI (00230302) TDO (0022d003) ;
RUNTEST 1 TCK;
SDR 27 TDI (00230702) TDO (00230303) ;
RUNTEST 1 TCK;
SDR 27 TDI (00230b02) TDO (00230703) ;
RUNTEST 1 TCK;
SDR 27 TDI (00230f02) TDO (00230b03) ;
RUNTEST 1 TCK;
SDR 27 TDI (00231302) TDO (00230f03) ;
RUNTEST 1 TCK;
SDR 27 TDI (00232302) TDO (00231303) ;
RUNTEST 1 TCK;
SDR 27 TDI (00232702) TDO (00232303) ;
RUNTEST 1 TCK;
SDR 27 TDI (00232b02) TDO (00232703) ;
RUNTEST 1 TCK;
SDR 27 TDI (00232f02) TDO (00232b03) ;
RUNTEST 1 TCK;
SDR 27 TDI (00233002) TDO (00232f03) ;
RUNTEST 1 TCK;
SDR 27 TDI (00234002) TDO (00233003) ;
RUNTEST 1 TCK;
SDR 27 TDI (00234402) TDO (00234003) ;
RUNTEST 1 TCK;
SDR 27 TDI (00234802) TDO (00234403) ;
RUNTEST 1 TCK;
SDR 27 TDI (00234c02) TDO (00234803) ;
RUNTEST 1 TCK;
SDR 27 TDI (00235002) TDO (00234c03) ;
RUNTEST 1 TCK;
SDR 27 TDI (00238302) TDO (00235003) ;
RUNTEST 1 TCK;
SDR 27 TDI (00238702) TDO (00238303) ;
RUNTEST 1 TCK;
SDR 27 TDI (00238b02) TDO (00238703) ;
RUNTEST 1 TCK;
SDR 27 TDI (00238f02) TDO (00238b03) ;
RUNTEST 1 TCK;
SDR 27 TDI (00239302) TDO (00238f03) ;
RUNTEST 1 TCK;
SDR 27 TDI (0023a302) TDO (00239303) ;
RUNTEST 1 TCK;
SDR 27 TDI (0023a702) TDO (0023a303) ;
RUNTEST 1 TCK;
SDR 27 TDI (0023ab02) TDO (0023a703) ;
RUNTEST 1 TCK;
SDR 27 TDI (0023af02) TDO (0023ab03) ;
RUNTEST 1 TCK;
SDR 27 TDI (0023b002) TDO (0023af03) ;
RUNTEST 1 TCK;
SDR 27 TDI (0023c002) TDO (0023b003) ;
RUNTEST 1 TCK;
SDR 27 TDI (0023c402) TDO (0023c003) ;
RUNTEST 1 TCK;
SDR 27 TDI (0023c802) TDO (0023c403) ;
RUNTEST 1 TCK;
SDR 27 TDI (0023cc02) TDO (0023c803) ;
RUNTEST 1 TCK;
SDR 27 TDI (0023d002) TDO (0023cc03) ;
RUNTEST 1 TCK;
SDR 27 TDI (004003ce) TDO (0023d003) ;
RUNTEST 1 TCK;
SDR 27 TDI (004005c6) TDO (004003cf) ;
RUNTEST 1 TCK;
SDR 27 TDI (0040098e) TDO (004005c7) ;
RUNTEST 1 TCK;
SDR 27 TDI (00400d92) TDO (0040098f) ;
RUNTEST 1 TCK;
SDR 27 TDI (004011ca) TDO (00400d93) ;
RUNTEST 1 TCK;
SDR 27 TDI (004023ce) TDO (004011cb) ;
RUNTEST 1 TCK;
SDR 27 TDI (004025c6) TDO (004023cf) ;
RUNTEST 1 TCK;
SDR 27 TDI (0040298e) TDO (004025c7) ;
RUNTEST 1 TCK;
SDR 27 TDI (00402d92) TDO (0040298f) ;
RUNTEST 1 TCK;
SDR 27 TDI (004031ca) TDO (00402d93) ;
RUNTEST 1 TCK;
SDR 27 TDI (004043ce) TDO (004031cb) ;
RUNTEST 1 TCK;
SDR 27 TDI (004045c6) TDO (004043cf) ;
RUNTEST 1 TCK;
SDR 27 TDI (004049ae) TDO (004045c7) ;
RUNTEST 1 TCK;
SDR 27 TDI (00404d92) TDO (004049af) ;
RUNTEST 1 TCK;
SDR 27 TDI (004051ca) TDO (00404d93) ;
RUNTEST 1 TCK;
SDR 27 TDI (004063ce) TDO (004051cb) ;
RUNTEST 1 TCK;
SDR 27 TDI (004065c6) TDO (004063cf) ;
RUNTEST 1 TCK;
SDR 27 TDI (0040698e) TDO (004065c7) ;
RUNTEST 1 TCK;
SDR 27 TDI (00406d92) TDO (0040698f) ;
RUNTEST 1 TCK;
SDR 27 TDI (004071ca) TDO (00406d93) ;
RUNTEST 1 TCK;
SDR 27 TDI (004083ce) TDO (004071cb) ;
RUNTEST 1 TCK;
SDR 27 TDI (004085c6) TDO (004083cf) ;
RUNTEST 1 TCK;
SDR 27 TDI (0040898e) TDO (004085c7) ;
RUNTEST 1 TCK;
SDR 27 TDI (00408d92) TDO (0040898f) ;
RUNTEST 1 TCK;
SDR 27 TDI (004091ca) TDO (00408d93) ;
RUNTEST 1 TCK;
SDR 27 TDI (0040a3ce) TDO (004091cb) ;
RUNTEST 1 TCK;
SDR 27 TDI (0040a5c6) TDO (0040a3cf) ;
RUNTEST 1 TCK;
SDR 27 TDI (0040a98e) TDO (0040a5c7) ;
RUNTEST 1 TCK;
SDR 27 TDI (0040adb2) TDO (0040a98f) ;
RUNTEST 1 TCK;
SDR 27 TDI (0040b1ca) TDO (0040adb3) ;
RUNTEST 1 TCK;
SDR 27 TDI (0040c3ce) TDO (0040b1cb) ;
RUNTEST 1 TCK;
SDR 27 TDI (0040c5c6) TDO (0040c3cf) ;
RUNTEST 1 TCK;
SDR 27 TDI (0040c98e) TDO (0040c5c7) ;
RUNTEST 1 TCK;
SDR 27 TDI (0040cd96) TDO (0040c98f) ;
RUNTEST 1 TCK;
SDR 27 TDI (0040d1ca) TDO (0040cd97) ;
RUNTEST 1 TCK;
SDR 27 TDI (0040e3ce) TDO (0040d1cb) ;
RUNTEST 1 TCK;
SDR 27 TDI (0040e5c6) TDO (0040e3cf) ;
RUNTEST 1 TCK;
SDR 27 TDI (0040e98e) TDO (0040e5c7) ;
RUNTEST 1 TCK;
SDR 27 TDI (0040ed92) TDO (0040e98f) ;
RUNTEST 1 TCK;
SDR 27 TDI (0040f1ca) TDO (0040ed93) ;
RUNTEST 1 TCK;
SDR 27 TDI (004103ce) TDO (0040f1cb) ;
RUNTEST 1 TCK;
SDR 27 TDI (004105d6) TDO (004103cf) ;
RUNTEST 1 TCK;
SDR 27 TDI (0041098e) TDO (004105d7) ;
RUNTEST 1 TCK;
SDR 27 TDI (00410d92) TDO (0041098f) ;
RUNTEST 1 TCK;
SDR 27 TDI (004111ca) TDO (00410d93) ;
RUNTEST 1 TCK;
SDR 27 TDI (004123ce) TDO (004111cb) ;
RUNTEST 1 TCK;
SDR 27 TDI (004125e6) TDO (004123cf) ;
RUNTEST 1 TCK;
SDR 27 TDI (0041298e) TDO (004125e7) ;
RUNTEST 1 TCK;
SDR 27 TDI (00412d92) TDO (0041298f) ;
RUNTEST 1 TCK;
SDR 27 TDI (004131ca) TDO (00412d93) ;
RUNTEST 1 TCK;
SDR 27 TDI (004143ce) TDO (004131cb) ;
RUNTEST 1 TCK;
SDR 27 TDI (004145c6) TDO (004143cf) ;
RUNTEST 1 TCK;
SDR 27 TDI (0041498e) TDO (004145c7) ;
RUNTEST 1 TCK;
SDR 27 TDI (00414d92) TDO (0041498f) ;
RUNTEST 1 TCK;
SDR 27 TDI (004151ca) TDO (00414d93) ;
RUNTEST 1 TCK;
SDR 27 TDI (004163ce) TDO (004151cb) ;
RUNTEST 1 TCK;
SDR 27 TDI (004165c6) TDO (004163cf) ;
RUNTEST 1 TCK;
SDR 27 TDI (0041698e) TDO (004165c7) ;
RUNTEST 1 TCK;
SDR 27 TDI (00416d92) TDO (0041698f) ;
RUNTEST 1 TCK;
SDR 27 TDI (004171ca) TDO (00416d93) ;
RUNTEST 1 TCK;
SDR 27 TDI (004183ce) TDO (004171cb) ;
RUNTEST 1 TCK;
SDR 27 TDI (004185c6) TDO (004183cf) ;
RUNTEST 1 TCK;
SDR 27 TDI (004189ce) TDO (004185c7) ;
RUNTEST 1 TCK;
SDR 27 TDI (00418d92) TDO (004189cf) ;
RUNTEST 1 TCK;
SDR 27 TDI (004191ca) TDO (00418d93) ;
RUNTEST 1 TCK;
SDR 27 TDI (0041a3ce) TDO (004191cb) ;
RUNTEST 1 TCK;
SDR 27 TDI (0041a5c6) TDO (0041a3cf) ;
RUNTEST 1 TCK;
SDR 27 TDI (0041a98e) TDO (0041a5c7) ;
RUNTEST 1 TCK;
SDR 27 TDI (0041ad92) TDO (0041a98f) ;
RUNTEST 1 TCK;
SDR 27 TDI (0041b1ca) TDO (0041ad93) ;
RUNTEST 1 TCK;
SDR 27 TDI (0041c3ce) TDO (0041b1cb) ;
RUNTEST 1 TCK;
SDR 27 TDI (0041c5c6) TDO (0041c3cf) ;
RUNTEST 1 TCK;
SDR 27 TDI (0041c98e) TDO (0041c5c7) ;
RUNTEST 1 TCK;
SDR 27 TDI (0041cd92) TDO (0041c98f) ;
RUNTEST 1 TCK;
SDR 27 TDI (0041d1ea) TDO (0041cd93) ;
RUNTEST 1 TCK;
SDR 27 TDI (0041e3ce) TDO (0041d1eb) ;
RUNTEST 1 TCK;
SDR 27 TDI (0041e5c6) TDO (0041e3cf) ;
RUNTEST 1 TCK;
SDR 27 TDI (0041e98e) TDO (0041e5c7) ;
RUNTEST 1 TCK;
SDR 27 TDI (0041ed92) TDO (0041e98f) ;
RUNTEST 1 TCK;
SDR 27 TDI (0041f1ca) TDO (0041ed93) ;
RUNTEST 1 TCK;
SDR 27 TDI (004203de) TDO (0041f1cb) ;
RUNTEST 1 TCK;
SDR 27 TDI (004205c6) TDO (004203df) ;
RUNTEST 1 TCK;
SDR 27 TDI (0042098e) TDO (004205c7) ;
RUNTEST 1 TCK;
SDR 27 TDI (00420d92) TDO (0042098f) ;
RUNTEST 1 TCK;
SDR 27 TDI (004211ca) TDO (00420d93) ;
RUNTEST 1 TCK;
SDR 27 TDI (004223ce) TDO (004211cb) ;
RUNTEST 1 TCK;
SDR 27 TDI (004225c6) TDO (004223cf) ;
RUNTEST 1 TCK;
SDR 27 TDI (0042298e) TDO (004225c7) ;
RUNTEST 1 TCK;
SDR 27 TDI (00422d92) TDO (0042298f) ;
RUNTEST 1 TCK;
SDR 27 TDI (004231ca) TDO (00422d93) ;
RUNTEST 1 TCK;
SDR 27 TDI (004403ce) TDO (004231cb) ;
RUNTEST 1 TCK;
SDR 27 TDI (004405c6) TDO (004403cf) ;
RUNTEST 1 TCK;
SDR 27 TDI (0044098e) TDO (004405c7) ;
RUNTEST 1 TCK;
SDR 27 TDI (00440d92) TDO (0044098f) ;
RUNTEST 1 TCK;
SDR 27 TDI (004411ca) TDO (00440d93) ;
RUNTEST 1 TCK;
SDR 27 TDI (004423ce) TDO (004411cb) ;
RUNTEST 1 TCK;
SDR 27 TDI (004425c6) TDO (004423cf) ;
RUNTEST 1 TCK;
SDR 27 TDI (0044298e) TDO (004425c7) ;
RUNTEST 1 TCK;
SDR 27 TDI (00442d92) TDO (0044298f) ;
RUNTEST 1 TCK;
SDR 27 TDI (004431ca) TDO (00442d93) ;
RUNTEST 1 TCK;
SDR 27 TDI (004443ce) TDO (004431cb) ;
RUNTEST 1 TCK;
SDR 27 TDI (004445c6) TDO (004443cf) ;
RUNTEST 1 TCK;
SDR 27 TDI (0044498e) TDO (004445c7) ;
RUNTEST 1 TCK;
SDR 27 TDI (00444d92) TDO (0044498f) ;
RUNTEST 1 TCK;
SDR 27 TDI (004451ca) TDO (00444d93) ;
RUNTEST 1 TCK;
SDR 27 TDI (004463ce) TDO (004451cb) ;
RUNTEST 1 TCK;
SDR 27 TDI (004465c6) TDO (004463cf) ;
RUNTEST 1 TCK;
SDR 27 TDI (0044698e) TDO (004465c7) ;
RUNTEST 1 TCK;
SDR 27 TDI (00446d92) TDO (0044698f) ;
RUNTEST 1 TCK;
SDR 27 TDI (004471ca) TDO (00446d93) ;
RUNTEST 1 TCK;
SDR 27 TDI (004483ce) TDO (004471cb) ;
RUNTEST 1 TCK;
SDR 27 TDI (004485c6) TDO (004483cf) ;
RUNTEST 1 TCK;
SDR 27 TDI (0044898e) TDO (004485c7) ;
RUNTEST 1 TCK;
SDR 27 TDI (00448d9a) TDO (0044898f) ;
RUNTEST 1 TCK;
SDR 27 TDI (004491ca) TDO (00448d9b) ;
RUNTEST 1 TCK;
SDR 27 TDI (0044a3ce) TDO (004491cb) ;
RUNTEST 1 TCK;
SDR 27 TDI (0044a5c6) TDO (0044a3cf) ;
RUNTEST 1 TCK;
SDR 27 TDI (0044a99e) TDO (0044a5c7) ;
RUNTEST 1 TCK;
SDR 27 TDI (0044ad92) TDO (0044a99f) ;
RUNTEST 1 TCK;
SDR 27 TDI (0044b1ca) TDO (0044ad93) ;
RUNTEST 1 TCK;
SDR 27 TDI (0044c3ce) TDO (0044b1cb) ;
RUNTEST 1 TCK;
SDR 27 TDI (0044c5c6) TDO (0044c3cf) ;
RUNTEST 1 TCK;
SDR 27 TDI (0044c98e) TDO (0044c5c7) ;
RUNTEST 1 TCK;
SDR 27 TDI (0044cd92) TDO (0044c98f) ;
RUNTEST 1 TCK;
SDR 27 TDI (0044d1ca) TDO (0044cd93) ;
RUNTEST 1 TCK;
SDR 27 TDI (0044e3ce) TDO (0044d1cb) ;
RUNTEST 1 TCK;
SDR 27 TDI (0044e5c6) TDO (0044e3cf) ;
RUNTEST 1 TCK;
SDR 27 TDI (0044e98e) TDO (0044e5c7) ;
RUNTEST 1 TCK;
SDR 27 TDI (0044ed92) TDO (0044e98f) ;
RUNTEST 1 TCK;
SDR 27 TDI (0044f1ca) TDO (0044ed93) ;
RUNTEST 1 TCK;
SDR 27 TDI (004503ee) TDO (0044f1cb) ;
RUNTEST 1 TCK;
SDR 27 TDI (004505c6) TDO (004503ef) ;
RUNTEST 1 TCK;
SDR 27 TDI (0045098e) TDO (004505c7) ;
RUNTEST 1 TCK;
SDR 27 TDI (00450d92) TDO (0045098f) ;
RUNTEST 1 TCK;
SDR 27 TDI (004511ca) TDO (00450d93) ;
RUNTEST 1 TCK;
SDR 27 TDI (004523ce) TDO (004511cb) ;
RUNTEST 1 TCK;
SDR 27 TDI (004525c6) TDO (004523cf) ;
RUNTEST 1 TCK;
SDR 27 TDI (0045298e) TDO (004525c7) ;
RUNTEST 1 TCK;
SDR 27 TDI (00452d92) TDO (0045298f) ;
RUNTEST 1 TCK;
SDR 27 TDI (004531ca) TDO (00452d93) ;
RUNTEST 1 TCK;
SDR 27 TDI (004543ce) TDO (004531cb) ;
RUNTEST 1 TCK;
SDR 27 TDI (004545ce) TDO (004543cf) ;
RUNTEST 1 TCK;
SDR 27 TDI (0045498e) TDO (004545cf) ;
RUNTEST 1 TCK;
SDR 27 TDI (00454d92) TDO (0045498f) ;
RUNTEST 1 TCK;
SDR 27 TDI (004551ca) TDO (00454d93) ;
RUNTEST 1 TCK;
SDR 27 TDI (004563ce) TDO (004551cb) ;
RUNTEST 1 TCK;
SDR 27 TDI (004565c6) TDO (004563cf) ;
RUNTEST 1 TCK;
SDR 27 TDI (0045698e) TDO (004565c7) ;
RUNTEST 1 TCK;
SDR 27 TDI (00456d92) TDO (0045698f) ;
RUNTEST 1 TCK;
SDR 27 TDI (004571ca) TDO (00456d93) ;
RUNTEST 1 TCK;
SDR 27 TDI (004583ce) TDO (004571cb) ;
RUNTEST 1 TCK;
SDR 27 TDI (004585c6) TDO (004583cf) ;
RUNTEST 1 TCK;
SDR 27 TDI (0045898e) TDO (004585c7) ;
RUNTEST 1 TCK;
SDR 27 TDI (00458d92) TDO (0045898f) ;
RUNTEST 1 TCK;
SDR 27 TDI (004591ce) TDO (00458d93) ;
RUNTEST 1 TCK;
SDR 27 TDI (0045a3ce) TDO (004591cf) ;
RUNTEST 1 TCK;
SDR 27 TDI (0045a5c6) TDO (0045a3cf) ;
RUNTEST 1 TCK;
SDR 27 TDI (0045a98e) TDO (0045a5c7) ;
RUNTEST 1 TCK;
SDR 27 TDI (0045ad92) TDO (0045a98f) ;
RUNTEST 1 TCK;
SDR 27 TDI (0045b1ca) TDO (0045ad93) ;
RUNTEST 1 TCK;
SDR 27 TDI (0045c3ce) TDO (0045b1cb) ;
RUNTEST 1 TCK;
SDR 27 TDI (0045c5c6) TDO (0045c3cf) ;
RUNTEST 1 TCK;
SDR 27 TDI (0045c98e) TDO (0045c5c7) ;
RUNTEST 1 TCK;
SDR 27 TDI (0045cdd2) TDO (0045c98f) ;
RUNTEST 1 TCK;
SDR 27 TDI (0045d1ca) TDO (0045cdd3) ;
RUNTEST 1 TCK;
SDR 27 TDI (0045e3ce) TDO (0045d1cb) ;
RUNTEST 1 TCK;
SDR 27 TDI (0045e5c6) TDO (0045e3cf) ;
RUNTEST 1 TCK;
SDR 27 TDI (0045e98e) TDO (0045e5c7) ;
RUNTEST 1 TCK;
SDR 27 TDI (0045ed92) TDO (0045e98f) ;
RUNTEST 1 TCK;
SDR 27 TDI (0045f1ca) TDO (0045ed93) ;
RUNTEST 1 TCK;
SDR 27 TDI (004603ce) TDO (0045f1cb) ;
RUNTEST 1 TCK;
SDR 27 TDI (004605c6) TDO (004603cf) ;
RUNTEST 1 TCK;
SDR 27 TDI (0046098e) TDO (004605c7) ;
RUNTEST 1 TCK;
SDR 27 TDI (00460d92) TDO (0046098f) ;
RUNTEST 1 TCK;
SDR 27 TDI (004611ca) TDO (00460d93) ;
RUNTEST 1 TCK;
SDR 27 TDI (004623ce) TDO (004611cb) ;
RUNTEST 1 TCK;
SDR 27 TDI (004625c6) TDO (004623cf) ;
RUNTEST 1 TCK;
SDR 27 TDI (0046298e) TDO (004625c7) ;
RUNTEST 1 TCK;
SDR 27 TDI (00462d92) TDO (0046298f) ;
RUNTEST 1 TCK;
SDR 27 TDI (004631da) TDO (00462d93) ;
RUNTEST 1 TCK;
SDR 27 TDI (008003be) TDO (004631db) ;
RUNTEST 1 TCK;
SDR 27 TDI (008007fe) TDO (008003bf) ;
RUNTEST 1 TCK;
SDR 27 TDI (00800b02) TDO (008007ff) ;
RUNTEST 1 TCK;
SDR 27 TDI (00800f02) TDO (00800b03) ;
RUNTEST 1 TCK;
SDR 27 TDI (00801302) TDO (00800f03) ;
RUNTEST 1 TCK;
SDR 27 TDI (008023da) TDO (00801303) ;
RUNTEST 1 TCK;
SDR 27 TDI (00802752) TDO (008023db) ;
RUNTEST 1 TCK;
SDR 27 TDI (00802b02) TDO (00802753) ;
RUNTEST 1 TCK;
SDR 27 TDI (00802f02) TDO (00802b03) ;
RUNTEST 1 TCK;
SDR 27 TDI (00803002) TDO (00802f03) ;
RUNTEST 1 TCK;
SDR 27 TDI (008040ba) TDO (00803003) ;
RUNTEST 1 TCK;
SDR 27 TDI (008044ba) TDO (008040bb) ;
RUNTEST 1 TCK;
SDR 27 TDI (00804882) TDO (008044bb) ;
RUNTEST 1 TCK;
SDR 27 TDI (00804c02) TDO (00804883) ;
RUNTEST 1 TCK;
SDR 27 TDI (00805002) TDO (00804c03) ;
RUNTEST 1 TCK;
SDR 27 TDI (00808342) TDO (00805003) ;
RUNTEST 1 TCK;
SDR 27 TDI (00808702) TDO (00808343) ;
RUNTEST 1 TCK;
SDR 27 TDI (00808b02) TDO (00808703) ;
RUNTEST 1 TCK;
SDR 27 TDI (00808f02) TDO (00808b03) ;
RUNTEST 1 TCK;
SDR 27 TDI (00809302) TDO (00808f03) ;
RUNTEST 1 TCK;
SDR 27 TDI (0080a302) TDO (00809303) ;
RUNTEST 1 TCK;
SDR 27 TDI (0080a7a2) TDO (0080a303) ;
RUNTEST 1 TCK;
SDR 27 TDI (0080ab82) TDO (0080a7a3) ;
RUNTEST 1 TCK;
SDR 27 TDI (0080af02) TDO (0080ab83) ;
RUNTEST 1 TCK;
SDR 27 TDI (0080b002) TDO (0080af03) ;
RUNTEST 1 TCK;
SDR 27 TDI (0080c002) TDO (0080b003) ;
RUNTEST 1 TCK;
SDR 27 TDI (0080c402) TDO (0080c003) ;
RUNTEST 1 TCK;
SDR 27 TDI (0080c802) TDO (0080c403) ;
RUNTEST 1 TCK;
SDR 27 TDI (0080cc82) TDO (0080c803) ;
RUNTEST 1 TCK;
SDR 27 TDI (0080d002) TDO (0080cc83) ;
RUNTEST 1 TCK;
SDR 27 TDI (00810302) TDO (0080d003) ;
RUNTEST 1 TCK;
SDR 27 TDI (0081073a) TDO (00810303) ;
RUNTEST 1 TCK;
SDR 27 TDI (00810b02) TDO (0081073b) ;
RUNTEST 1 TCK;
SDR 27 TDI (00810f02) TDO (00810b03) ;
RUNTEST 1 TCK;
SDR 27 TDI (00811302) TDO (00810f03) ;
RUNTEST 1 TCK;
SDR 27 TDI (00812302) TDO (00811303) ;
RUNTEST 1 TCK;
SDR 27 TDI (00812712) TDO (00812303) ;
RUNTEST 1 TCK;
SDR 27 TDI (00812b02) TDO (00812713) ;
RUNTEST 1 TCK;
SDR 27 TDI (00812f02) TDO (00812b03) ;
RUNTEST 1 TCK;
SDR 27 TDI (00813002) TDO (00812f03) ;
RUNTEST 1 TCK;
SDR 27 TDI (00814002) TDO (00813003) ;
RUNTEST 1 TCK;
SDR 27 TDI (00814402) TDO (00814003) ;
RUNTEST 1 TCK;
SDR 27 TDI (00814802) TDO (00814403) ;
RUNTEST 1 TCK;
SDR 27 TDI (00814c02) TDO (00814803) ;
RUNTEST 1 TCK;
SDR 27 TDI (00815002) TDO (00814c03) ;
RUNTEST 1 TCK;
SDR 27 TDI (00818302) TDO (00815003) ;
RUNTEST 1 TCK;
SDR 27 TDI (00818786) TDO (00818303) ;
RUNTEST 1 TCK;
SDR 27 TDI (00818b02) TDO (00818787) ;
RUNTEST 1 TCK;
SDR 27 TDI (00818f02) TDO (00818b03) ;
RUNTEST 1 TCK;
SDR 27 TDI (00819302) TDO (00818f03) ;
RUNTEST 1 TCK;
SDR 27 TDI (0081a302) TDO (00819303) ;
RUNTEST 1 TCK;
SDR 27 TDI (0081a742) TDO (0081a303) ;
RUNTEST 1 TCK;
SDR 27 TDI (0081ab02) TDO (0081a743) ;
RUNTEST 1 TCK;
SDR 27 TDI (0081af02) TDO (0081ab03) ;
RUNTEST 1 TCK;
SDR 27 TDI (0081b002) TDO (0081af03) ;
RUNTEST 1 TCK;
SDR 27 TDI (0081c002) TDO (0081b003) ;
RUNTEST 1 TCK;
SDR 27 TDI (0081c422) TDO (0081c003) ;
RUNTEST 1 TCK;
SDR 27 TDI (0081c802) TDO (0081c423) ;
RUNTEST 1 TCK;
SDR 27 TDI (0081cc02) TDO (0081c803) ;
RUNTEST 1 TCK;
SDR 27 TDI (0081d002) TDO (0081cc03) ;
RUNTEST 1 TCK;
SDR 27 TDI (00820302) TDO (0081d003) ;
RUNTEST 1 TCK;
SDR 27 TDI (0082071a) TDO (00820303) ;
RUNTEST 1 TCK;
SDR 27 TDI (00820b02) TDO (0082071b) ;
RUNTEST 1 TCK;
SDR 27 TDI (00820f02) TDO (00820b03) ;
RUNTEST 1 TCK;
SDR 27 TDI (00821302) TDO (00820f03) ;
RUNTEST 1 TCK;
SDR 27 TDI (00822302) TDO (00821303) ;
RUNTEST 1 TCK;
SDR 27 TDI (00822742) TDO (00822303) ;
RUNTEST 1 TCK;
SDR 27 TDI (00822b02) TDO (00822743) ;
RUNTEST 1 TCK;
SDR 27 TDI (00822f02) TDO (00822b03) ;
RUNTEST 1 TCK;
SDR 27 TDI (00823002) TDO (00822f03) ;
RUNTEST 1 TCK;
SDR 27 TDI (00824002) TDO (00823003) ;
RUNTEST 1 TCK;
SDR 27 TDI (00824422) TDO (00824003) ;
RUNTEST 1 TCK;
SDR 27 TDI (00824802) TDO (00824423) ;
RUNTEST 1 TCK;
SDR 27 TDI (00824c02) TDO (00824803) ;
RUNTEST 1 TCK;
SDR 27 TDI (00825002) TDO (00824c03) ;
RUNTEST 1 TCK;
SDR 27 TDI (00828302) TDO (00825003) ;
RUNTEST 1 TCK;
SDR 27 TDI (008287a6) TDO (00828303) ;
RUNTEST 1 TCK;
SDR 27 TDI (00828b02) TDO (008287a7) ;
RUNTEST 1 TCK;
SDR 27 TDI (00828f02) TDO (00828b03) ;
RUNTEST 1 TCK;
SDR 27 TDI (00829302) TDO (00828f03) ;
RUNTEST 1 TCK;
SDR 27 TDI (0082a302) TDO (00829303) ;
RUNTEST 1 TCK;
SDR 27 TDI (0082a712) TDO (0082a303) ;
RUNTEST 1 TCK;
SDR 27 TDI (0082ab02) TDO (0082a713) ;
RUNTEST 1 TCK;
SDR 27 TDI (0082af02) TDO (0082ab03) ;
RUNTEST 1 TCK;
SDR 27 TDI (0082b002) TDO (0082af03) ;
RUNTEST 1 TCK;
SDR 27 TDI (0082c002) TDO (0082b003) ;
RUNTEST 1 TCK;
SDR 27 TDI (0082c402) TDO (0082c003) ;
RUNTEST 1 TCK;
SDR 27 TDI (0082c802) TDO (0082c403) ;
RUNTEST 1 TCK;
SDR 27 TDI (0082cc02) TDO (0082c803) ;
RUNTEST 1 TCK;
SDR 27 TDI (0082d002) TDO (0082cc03) ;
RUNTEST 1 TCK;
SDR 27 TDI (00830322) TDO (0082d003) ;
RUNTEST 1 TCK;
SDR 27 TDI (00830702) TDO (00830323) ;
RUNTEST 1 TCK;
SDR 27 TDI (00830b02) TDO (00830703) ;
RUNTEST 1 TCK;
SDR 27 TDI (00830f02) TDO (00830b03) ;
RUNTEST 1 TCK;
SDR 27 TDI (00831302) TDO (00830f03) ;
RUNTEST 1 TCK;
SDR 27 TDI (00832302) TDO (00831303) ;
RUNTEST 1 TCK;
SDR 27 TDI (00832702) TDO (00832303) ;
RUNTEST 1 TCK;
SDR 27 TDI (00832b02) TDO (00832703) ;
RUNTEST 1 TCK;
SDR 27 TDI (00832f02) TDO (00832b03) ;
RUNTEST 1 TCK;
SDR 27 TDI (00833002) TDO (00832f03) ;
RUNTEST 1 TCK;
SDR 27 TDI (00834002) TDO (00833003) ;
RUNTEST 1 TCK;
SDR 27 TDI (00834402) TDO (00834003) ;
RUNTEST 1 TCK;
SDR 27 TDI (00834802) TDO (00834403) ;
RUNTEST 1 TCK;
SDR 27 TDI (00834c02) TDO (00834803) ;
RUNTEST 1 TCK;
SDR 27 TDI (00835002) TDO (00834c03) ;
RUNTEST 1 TCK;
SDR 27 TDI (00838302) TDO (00835003) ;
RUNTEST 1 TCK;
SDR 27 TDI (00838722) TDO (00838303) ;
RUNTEST 1 TCK;
SDR 27 TDI (00838b02) TDO (00838723) ;
RUNTEST 1 TCK;
SDR 27 TDI (00838f02) TDO (00838b03) ;
RUNTEST 1 TCK;
SDR 27 TDI (00839302) TDO (00838f03) ;
RUNTEST 1 TCK;
SDR 27 TDI (0083a302) TDO (00839303) ;
RUNTEST 1 TCK;
SDR 27 TDI (0083a702) TDO (0083a303) ;
RUNTEST 1 TCK;
SDR 27 TDI (0083ab02) TDO (0083a703) ;
RUNTEST 1 TCK;
SDR 27 TDI (0083af02) TDO (0083ab03) ;
RUNTEST 1 TCK;
SDR 27 TDI (0083b002) TDO (0083af03) ;
RUNTEST 1 TCK;
SDR 27 TDI (0083c002) TDO (0083b003) ;
RUNTEST 1 TCK;
SDR 27 TDI (0083c402) TDO (0083c003) ;
RUNTEST 1 TCK;
SDR 27 TDI (0083c802) TDO (0083c403) ;
RUNTEST 1 TCK;
SDR 27 TDI (0083cc02) TDO (0083c803) ;
RUNTEST 1 TCK;
SDR 27 TDI (0083d002) TDO (0083cc03) ;
RUNTEST 1 TCK;
SDR 27 TDI (00840302) TDO (0083d003) ;
RUNTEST 1 TCK;
SDR 27 TDI (0084078a) TDO (00840303) ;
RUNTEST 1 TCK;
SDR 27 TDI (00840b02) TDO (0084078b) ;
RUNTEST 1 TCK;
SDR 27 TDI (00840f02) TDO (00840b03) ;
RUNTEST 1 TCK;
SDR 27 TDI (00841302) TDO (00840f03) ;
RUNTEST 1 TCK;
SDR 27 TDI (00842302) TDO (00841303) ;
RUNTEST 1 TCK;
SDR 27 TDI (00842712) TDO (00842303) ;
RUNTEST 1 TCK;
SDR 27 TDI (00842b02) TDO (00842713) ;
RUNTEST 1 TCK;
SDR 27 TDI (00842f02) TDO (00842b03) ;
RUNTEST 1 TCK;
SDR 27 TDI (00843002) TDO (00842f03) ;
RUNTEST 1 TCK;
SDR 27 TDI (00844002) TDO (00843003) ;
RUNTEST 1 TCK;
SDR 27 TDI (00844422) TDO (00844003) ;
RUNTEST 1 TCK;
SDR 27 TDI (00844802) TDO (00844423) ;
RUNTEST 1 TCK;
SDR 27 TDI (00844c02) TDO (00844803) ;
RUNTEST 1 TCK;
SDR 27 TDI (00845002) TDO (00844c03) ;
RUNTEST 1 TCK;
SDR 27 TDI (00848302) TDO (00845003) ;
RUNTEST 1 TCK;
SDR 27 TDI (00848736) TDO (00848303) ;
RUNTEST 1 TCK;
SDR 27 TDI (00848b02) TDO (00848737) ;
RUNTEST 1 TCK;
SDR 27 TDI (00848f02) TDO (00848b03) ;
RUNTEST 1 TCK;
SDR 27 TDI (00849302) TDO (00848f03) ;
RUNTEST 1 TCK;
SDR 27 TDI (0084a302) TDO (00849303) ;
RUNTEST 1 TCK;
SDR 27 TDI (0084a742) TDO (0084a303) ;
RUNTEST 1 TCK;
SDR 27 TDI (0084ab02) TDO (0084a743) ;
RUNTEST 1 TCK;
SDR 27 TDI (0084af02) TDO (0084ab03) ;
RUNTEST 1 TCK;
SDR 27 TDI (0084b002) TDO (0084af03) ;
RUNTEST 1 TCK;
SDR 27 TDI (0084c002) TDO (0084b003) ;
RUNTEST 1 TCK;
SDR 27 TDI (0084c402) TDO (0084c003) ;
RUNTEST 1 TCK;
SDR 27 TDI (0084c802) TDO (0084c403) ;
RUNTEST 1 TCK;
SDR 27 TDI (0084cc02) TDO (0084c803) ;
RUNTEST 1 TCK;
SDR 27 TDI (0084d002) TDO (0084cc03) ;
RUNTEST 1 TCK;
SDR 27 TDI (00850302) TDO (0084d003) ;
RUNTEST 1 TCK;
SDR 27 TDI (00850702) TDO (00850303) ;
RUNTEST 1 TCK;
SDR 27 TDI (00850b02) TDO (00850703) ;
RUNTEST 1 TCK;
SDR 27 TDI (00850f02) TDO (00850b03) ;
RUNTEST 1 TCK;
SDR 27 TDI (00851302) TDO (00850f03) ;
RUNTEST 1 TCK;
SDR 27 TDI (00852302) TDO (00851303) ;
RUNTEST 1 TCK;
SDR 27 TDI (00852702) TDO (00852303) ;
RUNTEST 1 TCK;
SDR 27 TDI (00852b02) TDO (00852703) ;
RUNTEST 1 TCK;
SDR 27 TDI (00852f02) TDO (00852b03) ;
RUNTEST 1 TCK;
SDR 27 TDI (00853002) TDO (00852f03) ;
RUNTEST 1 TCK;
SDR 27 TDI (00854002) TDO (00853003) ;
RUNTEST 1 TCK;
SDR 27 TDI (00854402) TDO (00854003) ;
RUNTEST 1 TCK;
SDR 27 TDI (00854802) TDO (00854403) ;
RUNTEST 1 TCK;
SDR 27 TDI (00854c02) TDO (00854803) ;
RUNTEST 1 TCK;
SDR 27 TDI (00855002) TDO (00854c03) ;
RUNTEST 1 TCK;
SDR 27 TDI (00858302) TDO (00855003) ;
RUNTEST 1 TCK;
SDR 27 TDI (00858702) TDO (00858303) ;
RUNTEST 1 TCK;
SDR 27 TDI (00858b02) TDO (00858703) ;
RUNTEST 1 TCK;
SDR 27 TDI (00858f02) TDO (00858b03) ;
RUNTEST 1 TCK;
SDR 27 TDI (00859302) TDO (00858f03) ;
RUNTEST 1 TCK;
SDR 27 TDI (0085a302) TDO (00859303) ;
RUNTEST 1 TCK;
SDR 27 TDI (0085a782) TDO (0085a303) ;
RUNTEST 1 TCK;
SDR 27 TDI (0085ab02) TDO (0085a783) ;
RUNTEST 1 TCK;
SDR 27 TDI (0085af02) TDO (0085ab03) ;
RUNTEST 1 TCK;
SDR 27 TDI (0085b002) TDO (0085af03) ;
RUNTEST 1 TCK;
SDR 27 TDI (0085c002) TDO (0085b003) ;
RUNTEST 1 TCK;
SDR 27 TDI (0085c402) TDO (0085c003) ;
RUNTEST 1 TCK;
SDR 27 TDI (0085c802) TDO (0085c403) ;
RUNTEST 1 TCK;
SDR 27 TDI (0085cc82) TDO (0085c803) ;
RUNTEST 1 TCK;
SDR 27 TDI (0085d002) TDO (0085cc83) ;
RUNTEST 1 TCK;
SDR 27 TDI (00860002) TDO (0085d003) ;
RUNTEST 1 TCK;
SDR 27 TDI (00860502) TDO (00860003) ;
RUNTEST 1 TCK;
SDR 27 TDI (00860902) TDO (00860503) ;
RUNTEST 1 TCK;
SDR 27 TDI (00860c02) TDO (00860903) ;
RUNTEST 1 TCK;
SDR 27 TDI (00861002) TDO (00860c03) ;
RUNTEST 1 TCK;
SDR 27 TDI (00862012) TDO (00861003) ;
RUNTEST 1 TCK;
SDR 27 TDI (00862402) TDO (00862013) ;
RUNTEST 1 TCK;
SDR 27 TDI (00862802) TDO (00862403) ;
RUNTEST 1 TCK;
SDR 27 TDI (00862c02) TDO (00862803) ;
RUNTEST 1 TCK;
SDR 27 TDI (00863002) TDO (00862c03) ;
RUNTEST 1 TCK;
SDR 27 TDI (00864002) TDO (00863003) ;
RUNTEST 1 TCK;
SDR 27 TDI (00864402) TDO (00864003) ;
RUNTEST 1 TCK;
SDR 27 TDI (00864802) TDO (00864403) ;
RUNTEST 1 TCK;
SDR 27 TDI (00864c02) TDO (00864803) ;
RUNTEST 1 TCK;
SDR 27 TDI (00865002) TDO (00864c03) ;
RUNTEST 1 TCK;
SDR 27 TDI (00868302) TDO (00865003) ;
RUNTEST 1 TCK;
SDR 27 TDI (00868702) TDO (00868303) ;
RUNTEST 1 TCK;
SDR 27 TDI (00868b02) TDO (00868703) ;
RUNTEST 1 TCK;
SDR 27 TDI (00868f02) TDO (00868b03) ;
RUNTEST 1 TCK;
SDR 27 TDI (00869302) TDO (00868f03) ;
RUNTEST 1 TCK;
SDR 27 TDI (0086a302) TDO (00869303) ;
RUNTEST 1 TCK;
SDR 27 TDI (0086a712) TDO (0086a303) ;
RUNTEST 1 TCK;
SDR 27 TDI (0086ab02) TDO (0086a713) ;
RUNTEST 1 TCK;
SDR 27 TDI (0086af02) TDO (0086ab03) ;
RUNTEST 1 TCK;
SDR 27 TDI (0086b002) TDO (0086af03) ;
RUNTEST 1 TCK;
SDR 27 TDI (0086c002) TDO (0086b003) ;
RUNTEST 1 TCK;
SDR 27 TDI (0086c402) TDO (0086c003) ;
RUNTEST 1 TCK;
SDR 27 TDI (0086c802) TDO (0086c403) ;
RUNTEST 1 TCK;
SDR 27 TDI (0086cc02) TDO (0086c803) ;
RUNTEST 1 TCK;
SDR 27 TDI (0086d002) TDO (0086cc03) ;
RUNTEST 1 TCK;
SDR 27 TDI (00870002) TDO (0086d003) ;
RUNTEST 1 TCK;
SDR 27 TDI (00870502) TDO (00870003) ;
RUNTEST 1 TCK;
SDR 27 TDI (00870902) TDO (00870503) ;
RUNTEST 1 TCK;
SDR 27 TDI (00870c02) TDO (00870903) ;
RUNTEST 1 TCK;
SDR 27 TDI (00871102) TDO (00870c03) ;
RUNTEST 1 TCK;
SDR 27 TDI (00872002) TDO (00871103) ;
RUNTEST 1 TCK;
SDR 27 TDI (00872402) TDO (00872003) ;
RUNTEST 1 TCK;
SDR 27 TDI (00872802) TDO (00872403) ;
RUNTEST 1 TCK;
SDR 27 TDI (00872c02) TDO (00872803) ;
RUNTEST 1 TCK;
SDR 27 TDI (00873002) TDO (00872c03) ;
RUNTEST 1 TCK;
SDR 27 TDI (00874002) TDO (00873003) ;
RUNTEST 1 TCK;
SDR 27 TDI (00874402) TDO (00874003) ;
RUNTEST 1 TCK;
SDR 27 TDI (00874802) TDO (00874403) ;
RUNTEST 1 TCK;
SDR 27 TDI (00874c82) TDO (00874803) ;
RUNTEST 1 TCK;
SDR 27 TDI (00875002) TDO (00874c83) ;
RUNTEST 1 TCK;
SDR 27 TDI (00878302) TDO (00875003) ;
RUNTEST 1 TCK;
SDR 27 TDI (00878702) TDO (00878303) ;
RUNTEST 1 TCK;
SDR 27 TDI (00878b02) TDO (00878703) ;
RUNTEST 1 TCK;
SDR 27 TDI (00878f02) TDO (00878b03) ;
RUNTEST 1 TCK;
SDR 27 TDI (00879302) TDO (00878f03) ;
RUNTEST 1 TCK;
SDR 27 TDI (0087a302) TDO (00879303) ;
RUNTEST 1 TCK;
SDR 27 TDI (0087a702) TDO (0087a303) ;
RUNTEST 1 TCK;
SDR 27 TDI (0087ab82) TDO (0087a703) ;
RUNTEST 1 TCK;
SDR 27 TDI (0087af02) TDO (0087ab83) ;
RUNTEST 1 TCK;
SDR 27 TDI (0087b002) TDO (0087af03) ;
RUNTEST 1 TCK;
SDR 27 TDI (0087c002) TDO (0087b003) ;
RUNTEST 1 TCK;
SDR 27 TDI (0087c402) TDO (0087c003) ;
RUNTEST 1 TCK;
SDR 27 TDI (0087c802) TDO (0087c403) ;
RUNTEST 1 TCK;
SDR 27 TDI (0087cc02) TDO (0087c803) ;
RUNTEST 1 TCK;
SDR 27 TDI (0087d002) TDO (0087cc03) ;
RUNTEST 1 TCK;
SDR 27 TDI (00880302) TDO (0087d003) ;
RUNTEST 1 TCK;
SDR 27 TDI (00880702) TDO (00880303) ;
RUNTEST 1 TCK;
SDR 27 TDI (00880b02) TDO (00880703) ;
RUNTEST 1 TCK;
SDR 27 TDI (00880f02) TDO (00880b03) ;
RUNTEST 1 TCK;
SDR 27 TDI (00881302) TDO (00880f03) ;
RUNTEST 1 TCK;
SDR 27 TDI (00882302) TDO (00881303) ;
RUNTEST 1 TCK;
SDR 27 TDI (00882782) TDO (00882303) ;
RUNTEST 1 TCK;
SDR 27 TDI (00882982) TDO (00882783) ;
RUNTEST 1 TCK;
SDR 27 TDI (00882d02) TDO (00882983) ;
RUNTEST 1 TCK;
SDR 27 TDI (00883002) TDO (00882d03) ;
RUNTEST 1 TCK;
SDR 27 TDI (00884002) TDO (00883003) ;
RUNTEST 1 TCK;
SDR 27 TDI (00884442) TDO (00884003) ;
RUNTEST 1 TCK;
SDR 27 TDI (00884802) TDO (00884443) ;
RUNTEST 1 TCK;
SDR 27 TDI (00884c02) TDO (00884803) ;
RUNTEST 1 TCK;
SDR 27 TDI (00885002) TDO (00884c03) ;
RUNTEST 1 TCK;
SDR 27 TDI (00888302) TDO (00885003) ;
RUNTEST 1 TCK;
SDR 27 TDI (00888702) TDO (00888303) ;
RUNTEST 1 TCK;
SDR 27 TDI (00888b02) TDO (00888703) ;
RUNTEST 1 TCK;
SDR 27 TDI (00888f02) TDO (00888b03) ;
RUNTEST 1 TCK;
SDR 27 TDI (00889302) TDO (00888f03) ;
RUNTEST 1 TCK;
SDR 27 TDI (0088a302) TDO (00889303) ;
RUNTEST 1 TCK;
SDR 27 TDI (0088a702) TDO (0088a303) ;
RUNTEST 1 TCK;
SDR 27 TDI (0088ab02) TDO (0088a703) ;
RUNTEST 1 TCK;
SDR 27 TDI (0088af02) TDO (0088ab03) ;
RUNTEST 1 TCK;
SDR 27 TDI (0088b002) TDO (0088af03) ;
RUNTEST 1 TCK;
SDR 27 TDI (0088c042) TDO (0088b003) ;
RUNTEST 1 TCK;
SDR 27 TDI (0088c402) TDO (0088c043) ;
RUNTEST 1 TCK;
SDR 27 TDI (0088c802) TDO (0088c403) ;
RUNTEST 1 TCK;
SDR 27 TDI (0088cc82) TDO (0088c803) ;
RUNTEST 1 TCK;
SDR 27 TDI (0088d002) TDO (0088cc83) ;
RUNTEST 1 TCK;
SDR 27 TDI (00890342) TDO (0088d003) ;
RUNTEST 1 TCK;
SDR 27 TDI (00890702) TDO (00890343) ;
RUNTEST 1 TCK;
SDR 27 TDI (00890b02) TDO (00890703) ;
RUNTEST 1 TCK;
SDR 27 TDI (00890f02) TDO (00890b03) ;
RUNTEST 1 TCK;
SDR 27 TDI (00891302) TDO (00890f03) ;
RUNTEST 1 TCK;
SDR 27 TDI (00892322) TDO (00891303) ;
RUNTEST 1 TCK;
SDR 27 TDI (00892782) TDO (00892323) ;
RUNTEST 1 TCK;
SDR 27 TDI (00892b82) TDO (00892783) ;
RUNTEST 1 TCK;
SDR 27 TDI (00892d02) TDO (00892b83) ;
RUNTEST 1 TCK;
SDR 27 TDI (00893002) TDO (00892d03) ;
RUNTEST 1 TCK;
SDR 27 TDI (00894002) TDO (00893003) ;
RUNTEST 1 TCK;
SDR 27 TDI (00894402) TDO (00894003) ;
RUNTEST 1 TCK;
SDR 27 TDI (00894802) TDO (00894403) ;
RUNTEST 1 TCK;
SDR 27 TDI (00894c82) TDO (00894803) ;
RUNTEST 1 TCK;
SDR 27 TDI (00895002) TDO (00894c83) ;
RUNTEST 1 TCK;
SDR 27 TDI (008983be) TDO (00895003) ;
RUNTEST 1 TCK;
SDR 27 TDI (008987fe) TDO (008983bf) ;
RUNTEST 1 TCK;
SDR 27 TDI (00898b02) TDO (008987ff) ;
RUNTEST 1 TCK;
SDR 27 TDI (00898f02) TDO (00898b03) ;
RUNTEST 1 TCK;
SDR 27 TDI (00899302) TDO (00898f03) ;
RUNTEST 1 TCK;
SDR 27 TDI (0089a3da) TDO (00899303) ;
RUNTEST 1 TCK;
SDR 27 TDI (0089a772) TDO (0089a3db) ;
RUNTEST 1 TCK;
SDR 27 TDI (0089ab02) TDO (0089a773) ;
RUNTEST 1 TCK;
SDR 27 TDI (0089af02) TDO (0089ab03) ;
RUNTEST 1 TCK;
SDR 27 TDI (0089b002) TDO (0089af03) ;
RUNTEST 1 TCK;
SDR 27 TDI (0089c0ba) TDO (0089b003) ;
RUNTEST 1 TCK;
SDR 27 TDI (0089c4ba) TDO (0089c0bb) ;
RUNTEST 1 TCK;
SDR 27 TDI (0089c882) TDO (0089c4bb) ;
RUNTEST 1 TCK;
SDR 27 TDI (0089cc02) TDO (0089c883) ;
RUNTEST 1 TCK;
SDR 27 TDI (0089d002) TDO (0089cc03) ;
RUNTEST 1 TCK;
SDR 27 TDI (008a0312) TDO (0089d003) ;
RUNTEST 1 TCK;
SDR 27 TDI (008a0702) TDO (008a0313) ;
RUNTEST 1 TCK;
SDR 27 TDI (008a0b02) TDO (008a0703) ;
RUNTEST 1 TCK;
SDR 27 TDI (008a0f02) TDO (008a0b03) ;
RUNTEST 1 TCK;
SDR 27 TDI (008a1302) TDO (008a0f03) ;
RUNTEST 1 TCK;
SDR 27 TDI (008a2302) TDO (008a1303) ;
RUNTEST 1 TCK;
SDR 27 TDI (008a2702) TDO (008a2303) ;
RUNTEST 1 TCK;
SDR 27 TDI (008a2b02) TDO (008a2703) ;
RUNTEST 1 TCK;
SDR 27 TDI (008a2f02) TDO (008a2b03) ;
RUNTEST 1 TCK;
SDR 27 TDI (008a3002) TDO (008a2f03) ;
RUNTEST 1 TCK;
SDR 27 TDI (008a4002) TDO (008a3003) ;
RUNTEST 1 TCK;
SDR 27 TDI (008a4402) TDO (008a4003) ;
RUNTEST 1 TCK;
SDR 27 TDI (008a4802) TDO (008a4403) ;
RUNTEST 1 TCK;
SDR 27 TDI (008a4c02) TDO (008a4803) ;
RUNTEST 1 TCK;
SDR 27 TDI (008a5002) TDO (008a4c03) ;
RUNTEST 1 TCK;
SDR 27 TDI (008a8302) TDO (008a5003) ;
RUNTEST 1 TCK;
SDR 27 TDI (008a8712) TDO (008a8303) ;
RUNTEST 1 TCK;
SDR 27 TDI (008a8b02) TDO (008a8713) ;
RUNTEST 1 TCK;
SDR 27 TDI (008a8f02) TDO (008a8b03) ;
RUNTEST 1 TCK;
SDR 27 TDI (008a9302) TDO (008a8f03) ;
RUNTEST 1 TCK;
SDR 27 TDI (008aa302) TDO (008a9303) ;
RUNTEST 1 TCK;
SDR 27 TDI (008aa702) TDO (008aa303) ;
RUNTEST 1 TCK;
SDR 27 TDI (008aab02) TDO (008aa703) ;
RUNTEST 1 TCK;
SDR 27 TDI (008aaf02) TDO (008aab03) ;
RUNTEST 1 TCK;
SDR 27 TDI (008ab002) TDO (008aaf03) ;
RUNTEST 1 TCK;
SDR 27 TDI (008ac002) TDO (008ab003) ;
RUNTEST 1 TCK;
SDR 27 TDI (008ac402) TDO (008ac003) ;
RUNTEST 1 TCK;
SDR 27 TDI (008ac802) TDO (008ac403) ;
RUNTEST 1 TCK;
SDR 27 TDI (008acc02) TDO (008ac803) ;
RUNTEST 1 TCK;
SDR 27 TDI (008ad002) TDO (008acc03) ;
RUNTEST 1 TCK;
SDR 27 TDI (008b0302) TDO (008ad003) ;
RUNTEST 1 TCK;
SDR 27 TDI (008b0702) TDO (008b0303) ;
RUNTEST 1 TCK;
SDR 27 TDI (008b0b02) TDO (008b0703) ;
RUNTEST 1 TCK;
SDR 27 TDI (008b0f02) TDO (008b0b03) ;
RUNTEST 1 TCK;
SDR 27 TDI (008b1302) TDO (008b0f03) ;
RUNTEST 1 TCK;
SDR 27 TDI (008b2302) TDO (008b1303) ;
RUNTEST 1 TCK;
SDR 27 TDI (008b2702) TDO (008b2303) ;
RUNTEST 1 TCK;
SDR 27 TDI (008b2b02) TDO (008b2703) ;
RUNTEST 1 TCK;
SDR 27 TDI (008b2f02) TDO (008b2b03) ;
RUNTEST 1 TCK;
SDR 27 TDI (008b3002) TDO (008b2f03) ;
RUNTEST 1 TCK;
SDR 27 TDI (008b4022) TDO (008b3003) ;
RUNTEST 1 TCK;
SDR 27 TDI (008b4402) TDO (008b4023) ;
RUNTEST 1 TCK;
SDR 27 TDI (008b4802) TDO (008b4403) ;
RUNTEST 1 TCK;
SDR 27 TDI (008b4c02) TDO (008b4803) ;
RUNTEST 1 TCK;
SDR 27 TDI (008b5002) TDO (008b4c03) ;
RUNTEST 1 TCK;
SDR 27 TDI (008b8302) TDO (008b5003) ;
RUNTEST 1 TCK;
SDR 27 TDI (008b8702) TDO (008b8303) ;
RUNTEST 1 TCK;
SDR 27 TDI (008b8b02) TDO (008b8703) ;
RUNTEST 1 TCK;
SDR 27 TDI (008b8f02) TDO (008b8b03) ;
RUNTEST 1 TCK;
SDR 27 TDI (008b9302) TDO (008b8f03) ;
RUNTEST 1 TCK;
SDR 27 TDI (008ba302) TDO (008b9303) ;
RUNTEST 1 TCK;
SDR 27 TDI (008ba702) TDO (008ba303) ;
RUNTEST 1 TCK;
SDR 27 TDI (008bab02) TDO (008ba703) ;
RUNTEST 1 TCK;
SDR 27 TDI (008baf02) TDO (008bab03) ;
RUNTEST 1 TCK;
SDR 27 TDI (008bb002) TDO (008baf03) ;
RUNTEST 1 TCK;
SDR 27 TDI (008bc002) TDO (008bb003) ;
RUNTEST 1 TCK;
SDR 27 TDI (008bc422) TDO (008bc003) ;
RUNTEST 1 TCK;
SDR 27 TDI (008bc802) TDO (008bc423) ;
RUNTEST 1 TCK;
SDR 27 TDI (008bcc02) TDO (008bc803) ;
RUNTEST 1 TCK;
SDR 27 TDI (008bd002) TDO (008bcc03) ;
RUNTEST 1 TCK;
SDR 27 TDI (008c0302) TDO (008bd003) ;
RUNTEST 1 TCK;
SDR 27 TDI (008c0702) TDO (008c0303) ;
RUNTEST 1 TCK;
SDR 27 TDI (008c0b02) TDO (008c0703) ;
RUNTEST 1 TCK;
SDR 27 TDI (008c0f02) TDO (008c0b03) ;
RUNTEST 1 TCK;
SDR 27 TDI (008c1302) TDO (008c0f03) ;
RUNTEST 1 TCK;
SDR 27 TDI (008c2302) TDO (008c1303) ;
RUNTEST 1 TCK;
SDR 27 TDI (008c2782) TDO (008c2303) ;
RUNTEST 1 TCK;
SDR 27 TDI (008c2b82) TDO (008c2783) ;
RUNTEST 1 TCK;
SDR 27 TDI (008c2f02) TDO (008c2b83) ;
RUNTEST 1 TCK;
SDR 27 TDI (008c3002) TDO (008c2f03) ;
RUNTEST 1 TCK;
SDR 27 TDI (008c4002) TDO (008c3003) ;
RUNTEST 1 TCK;
SDR 27 TDI (008c4442) TDO (008c4003) ;
RUNTEST 1 TCK;
SDR 27 TDI (008c4802) TDO (008c4443) ;
RUNTEST 1 TCK;
SDR 27 TDI (008c4c02) TDO (008c4803) ;
RUNTEST 1 TCK;
SDR 27 TDI (008c5002) TDO (008c4c03) ;
RUNTEST 1 TCK;
SDR 27 TDI (008c8302) TDO (008c5003) ;
RUNTEST 1 TCK;
SDR 27 TDI (008c8702) TDO (008c8303) ;
RUNTEST 1 TCK;
SDR 27 TDI (008c8b02) TDO (008c8703) ;
RUNTEST 1 TCK;
SDR 27 TDI (008c8f02) TDO (008c8b03) ;
RUNTEST 1 TCK;
SDR 27 TDI (008c9302) TDO (008c8f03) ;
RUNTEST 1 TCK;
SDR 27 TDI (008ca302) TDO (008c9303) ;
RUNTEST 1 TCK;
SDR 27 TDI (008ca702) TDO (008ca303) ;
RUNTEST 1 TCK;
SDR 27 TDI (008cab02) TDO (008ca703) ;
RUNTEST 1 TCK;
SDR 27 TDI (008caf02) TDO (008cab03) ;
RUNTEST 1 TCK;
SDR 27 TDI (008cb002) TDO (008caf03) ;
RUNTEST 1 TCK;
SDR 27 TDI (008cc042) TDO (008cb003) ;
RUNTEST 1 TCK;
SDR 27 TDI (008cc402) TDO (008cc043) ;
RUNTEST 1 TCK;
SDR 27 TDI (008cc802) TDO (008cc403) ;
RUNTEST 1 TCK;
SDR 27 TDI (008ccc82) TDO (008cc803) ;
RUNTEST 1 TCK;
SDR 27 TDI (008cd002) TDO (008ccc83) ;
RUNTEST 1 TCK;
SDR 27 TDI (008d0002) TDO (008cd003) ;
RUNTEST 1 TCK;
SDR 27 TDI (008d0542) TDO (008d0003) ;
RUNTEST 1 TCK;
SDR 27 TDI (008d0902) TDO (008d0543) ;
RUNTEST 1 TCK;
SDR 27 TDI (008d0c02) TDO (008d0903) ;
RUNTEST 1 TCK;
SDR 27 TDI (008d1002) TDO (008d0c03) ;
RUNTEST 1 TCK;
SDR 27 TDI (008d2002) TDO (008d1003) ;
RUNTEST 1 TCK;
SDR 27 TDI (008d24a2) TDO (008d2003) ;
RUNTEST 1 TCK;
SDR 27 TDI (008d2882) TDO (008d24a3) ;
RUNTEST 1 TCK;
SDR 27 TDI (008d2c02) TDO (008d2883) ;
RUNTEST 1 TCK;
SDR 27 TDI (008d3002) TDO (008d2c03) ;
RUNTEST 1 TCK;
SDR 27 TDI (008d4002) TDO (008d3003) ;
RUNTEST 1 TCK;
SDR 27 TDI (008d4402) TDO (008d4003) ;
RUNTEST 1 TCK;
SDR 27 TDI (008d4802) TDO (008d4403) ;
RUNTEST 1 TCK;
SDR 27 TDI (008d4c82) TDO (008d4803) ;
RUNTEST 1 TCK;
SDR 27 TDI (008d5002) TDO (008d4c83) ;
RUNTEST 1 TCK;
SDR 27 TDI (008d83be) TDO (008d5003) ;
RUNTEST 1 TCK;
SDR 27 TDI (008d87be) TDO (008d83bf) ;
RUNTEST 1 TCK;
SDR 27 TDI (008d8b02) TDO (008d87bf) ;
RUNTEST 1 TCK;
SDR 27 TDI (008d8f02) TDO (008d8b03) ;
RUNTEST 1 TCK;
SDR 27 TDI (008d9302) TDO (008d8f03) ;
RUNTEST 1 TCK;
SDR 27 TDI (008da3fa) TDO (008d9303) ;
RUNTEST 1 TCK;
SDR 27 TDI (008da752) TDO (008da3fb) ;
RUNTEST 1 TCK;
SDR 27 TDI (008dab02) TDO (008da753) ;
RUNTEST 1 TCK;
SDR 27 TDI (008daf02) TDO (008dab03) ;
RUNTEST 1 TCK;
SDR 27 TDI (008db002) TDO (008daf03) ;
RUNTEST 1 TCK;
SDR 27 TDI (008dc0ba) TDO (008db003) ;
RUNTEST 1 TCK;
SDR 27 TDI (008dc4ba) TDO (008dc0bb) ;
RUNTEST 1 TCK;
SDR 27 TDI (008dc882) TDO (008dc4bb) ;
RUNTEST 1 TCK;
SDR 27 TDI (008dcc02) TDO (008dc883) ;
RUNTEST 1 TCK;
SDR 27 TDI (008dd002) TDO (008dcc03) ;
RUNTEST 1 TCK;
SDR 27 TDI (008e0002) TDO (008dd003) ;
RUNTEST 1 TCK;
SDR 27 TDI (008e0702) TDO (008e0003) ;
RUNTEST 1 TCK;
SDR 27 TDI (008e0902) TDO (008e0703) ;
RUNTEST 1 TCK;
SDR 27 TDI (008e0e02) TDO (008e0903) ;
RUNTEST 1 TCK;
SDR 27 TDI (008e1102) TDO (008e0e03) ;
RUNTEST 1 TCK;
SDR 27 TDI (008e2302) TDO (008e1103) ;
RUNTEST 1 TCK;
SDR 27 TDI (008e2482) TDO (008e2303) ;
RUNTEST 1 TCK;
SDR 27 TDI (008e2882) TDO (008e2483) ;
RUNTEST 1 TCK;
SDR 27 TDI (008e2f02) TDO (008e2883) ;
RUNTEST 1 TCK;
SDR 27 TDI (008e3002) TDO (008e2f03) ;
RUNTEST 1 TCK;
SDR 27 TDI (008e4002) TDO (008e3003) ;
RUNTEST 1 TCK;
SDR 27 TDI (008e4442) TDO (008e4003) ;
RUNTEST 1 TCK;
SDR 27 TDI (008e4802) TDO (008e4443) ;
RUNTEST 1 TCK;
SDR 27 TDI (008e4c02) TDO (008e4803) ;
RUNTEST 1 TCK;
SDR 27 TDI (008e5002) TDO (008e4c03) ;
RUNTEST 1 TCK;
SDR 27 TDI (008e8302) TDO (008e5003) ;
RUNTEST 1 TCK;
SDR 27 TDI (008e8702) TDO (008e8303) ;
RUNTEST 1 TCK;
SDR 27 TDI (008e8b02) TDO (008e8703) ;
RUNTEST 1 TCK;
SDR 27 TDI (008e8f02) TDO (008e8b03) ;
RUNTEST 1 TCK;
SDR 27 TDI (008e9302) TDO (008e8f03) ;
RUNTEST 1 TCK;
SDR 27 TDI (008ea302) TDO (008e9303) ;
RUNTEST 1 TCK;
SDR 27 TDI (008ea702) TDO (008ea303) ;
RUNTEST 1 TCK;
SDR 27 TDI (008eab02) TDO (008ea703) ;
RUNTEST 1 TCK;
SDR 27 TDI (008eaf02) TDO (008eab03) ;
RUNTEST 1 TCK;
SDR 27 TDI (008eb002) TDO (008eaf03) ;
RUNTEST 1 TCK;
SDR 27 TDI (008ec042) TDO (008eb003) ;
RUNTEST 1 TCK;
SDR 27 TDI (008ec402) TDO (008ec043) ;
RUNTEST 1 TCK;
SDR 27 TDI (008ec802) TDO (008ec403) ;
RUNTEST 1 TCK;
SDR 27 TDI (008ecc82) TDO (008ec803) ;
RUNTEST 1 TCK;
SDR 27 TDI (008ed002) TDO (008ecc83) ;
RUNTEST 1 TCK;
SDR 27 TDI (008f0302) TDO (008ed003) ;
RUNTEST 1 TCK;
SDR 27 TDI (008f0702) TDO (008f0303) ;
RUNTEST 1 TCK;
SDR 27 TDI (008f0b02) TDO (008f0703) ;
RUNTEST 1 TCK;
SDR 27 TDI (008f0f02) TDO (008f0b03) ;
RUNTEST 1 TCK;
SDR 27 TDI (008f1302) TDO (008f0f03) ;
RUNTEST 1 TCK;
SDR 27 TDI (008f2302) TDO (008f1303) ;
RUNTEST 1 TCK;
SDR 27 TDI (008f2782) TDO (008f2303) ;
RUNTEST 1 TCK;
SDR 27 TDI (008f2b82) TDO (008f2783) ;
RUNTEST 1 TCK;
SDR 27 TDI (008f2f02) TDO (008f2b83) ;
RUNTEST 1 TCK;
SDR 27 TDI (008f3002) TDO (008f2f03) ;
RUNTEST 1 TCK;
SDR 27 TDI (008f4002) TDO (008f3003) ;
RUNTEST 1 TCK;
SDR 27 TDI (008f4442) TDO (008f4003) ;
RUNTEST 1 TCK;
SDR 27 TDI (008f4802) TDO (008f4443) ;
RUNTEST 1 TCK;
SDR 27 TDI (008f4c02) TDO (008f4803) ;
RUNTEST 1 TCK;
SDR 27 TDI (008f5002) TDO (008f4c03) ;
RUNTEST 1 TCK;
SDR 27 TDI (008f8302) TDO (008f5003) ;
RUNTEST 1 TCK;
SDR 27 TDI (008f8702) TDO (008f8303) ;
RUNTEST 1 TCK;
SDR 27 TDI (008f8b02) TDO (008f8703) ;
RUNTEST 1 TCK;
SDR 27 TDI (008f8f02) TDO (008f8b03) ;
RUNTEST 1 TCK;
SDR 27 TDI (008f9302) TDO (008f8f03) ;
RUNTEST 1 TCK;
SDR 27 TDI (008fa302) TDO (008f9303) ;
RUNTEST 1 TCK;
SDR 27 TDI (008fa702) TDO (008fa303) ;
RUNTEST 1 TCK;
SDR 27 TDI (008fab02) TDO (008fa703) ;
RUNTEST 1 TCK;
SDR 27 TDI (008faf02) TDO (008fab03) ;
RUNTEST 1 TCK;
SDR 27 TDI (008fb002) TDO (008faf03) ;
RUNTEST 1 TCK;
SDR 27 TDI (008fc042) TDO (008fb003) ;
RUNTEST 1 TCK;
SDR 27 TDI (008fc402) TDO (008fc043) ;
RUNTEST 1 TCK;
SDR 27 TDI (008fc802) TDO (008fc403) ;
RUNTEST 1 TCK;
SDR 27 TDI (008fcc82) TDO (008fc803) ;
RUNTEST 1 TCK;
SDR 27 TDI (008fd002) TDO (008fcc83) ;
RUNTEST 1 TCK;
SDR 27 TDI (00900302) TDO (008fd003) ;
RUNTEST 1 TCK;
SDR 27 TDI (009007be) TDO (00900303) ;
RUNTEST 1 TCK;
SDR 27 TDI (00900b02) TDO (009007bf) ;
RUNTEST 1 TCK;
SDR 27 TDI (00900f02) TDO (00900b03) ;
RUNTEST 1 TCK;
SDR 27 TDI (00901302) TDO (00900f03) ;
RUNTEST 1 TCK;
SDR 27 TDI (00902302) TDO (00901303) ;
RUNTEST 1 TCK;
SDR 27 TDI (00902752) TDO (00902303) ;
RUNTEST 1 TCK;
SDR 27 TDI (00902b02) TDO (00902753) ;
RUNTEST 1 TCK;
SDR 27 TDI (00902f02) TDO (00902b03) ;
RUNTEST 1 TCK;
SDR 27 TDI (00903002) TDO (00902f03) ;
RUNTEST 1 TCK;
SDR 27 TDI (00904002) TDO (00903003) ;
RUNTEST 1 TCK;
SDR 27 TDI (00904432) TDO (00904003) ;
RUNTEST 1 TCK;
SDR 27 TDI (00904802) TDO (00904433) ;
RUNTEST 1 TCK;
SDR 27 TDI (00904c82) TDO (00904803) ;
RUNTEST 1 TCK;
SDR 27 TDI (00905002) TDO (00904c83) ;
RUNTEST 1 TCK;
SDR 27 TDI (009083be) TDO (00905003) ;
RUNTEST 1 TCK;
SDR 27 TDI (00908702) TDO (009083bf) ;
RUNTEST 1 TCK;
SDR 27 TDI (00908b02) TDO (00908703) ;
RUNTEST 1 TCK;
SDR 27 TDI (00908f02) TDO (00908b03) ;
RUNTEST 1 TCK;
SDR 27 TDI (00909302) TDO (00908f03) ;
RUNTEST 1 TCK;
SDR 27 TDI (0090a352) TDO (00909303) ;
RUNTEST 1 TCK;
SDR 27 TDI (0090a702) TDO (0090a353) ;
RUNTEST 1 TCK;
SDR 27 TDI (0090ab02) TDO (0090a703) ;
RUNTEST 1 TCK;
SDR 27 TDI (0090af02) TDO (0090ab03) ;
RUNTEST 1 TCK;
SDR 27 TDI (0090b002) TDO (0090af03) ;
RUNTEST 1 TCK;
SDR 27 TDI (0090c022) TDO (0090b003) ;
RUNTEST 1 TCK;
SDR 27 TDI (0090c48a) TDO (0090c023) ;
RUNTEST 1 TCK;
SDR 27 TDI (0090c802) TDO (0090c48b) ;
RUNTEST 1 TCK;
SDR 27 TDI (0090cc02) TDO (0090c803) ;
RUNTEST 1 TCK;
SDR 27 TDI (0090d002) TDO (0090cc03) ;
RUNTEST 1 TCK;
SDR 27 TDI (00910302) TDO (0090d003) ;
RUNTEST 1 TCK;
SDR 27 TDI (00910702) TDO (00910303) ;
RUNTEST 1 TCK;
SDR 27 TDI (00910b02) TDO (00910703) ;
RUNTEST 1 TCK;
SDR 27 TDI (00910f02) TDO (00910b03) ;
RUNTEST 1 TCK;
SDR 27 TDI (00911302) TDO (00910f03) ;
RUNTEST 1 TCK;
SDR 27 TDI (00912302) TDO (00911303) ;
RUNTEST 1 TCK;
SDR 27 TDI (00912782) TDO (00912303) ;
RUNTEST 1 TCK;
SDR 27 TDI (00912b82) TDO (00912783) ;
RUNTEST 1 TCK;
SDR 27 TDI (00912f02) TDO (00912b83) ;
RUNTEST 1 TCK;
SDR 27 TDI (00913002) TDO (00912f03) ;
RUNTEST 1 TCK;
SDR 27 TDI (00914002) TDO (00913003) ;
RUNTEST 1 TCK;
SDR 27 TDI (00914442) TDO (00914003) ;
RUNTEST 1 TCK;
SDR 27 TDI (00914802) TDO (00914443) ;
RUNTEST 1 TCK;
SDR 27 TDI (00914c02) TDO (00914803) ;
RUNTEST 1 TCK;
SDR 27 TDI (00915002) TDO (00914c03) ;
RUNTEST 1 TCK;
SDR 27 TDI (00918302) TDO (00915003) ;
RUNTEST 1 TCK;
SDR 27 TDI (00918602) TDO (00918303) ;
RUNTEST 1 TCK;
SDR 27 TDI (00918a02) TDO (00918603) ;
RUNTEST 1 TCK;
SDR 27 TDI (00918f02) TDO (00918a03) ;
RUNTEST 1 TCK;
SDR 27 TDI (00919302) TDO (00918f03) ;
RUNTEST 1 TCK;
SDR 27 TDI (0091a102) TDO (00919303) ;
RUNTEST 1 TCK;
SDR 27 TDI (0091a702) TDO (0091a103) ;
RUNTEST 1 TCK;
SDR 27 TDI (0091ab02) TDO (0091a703) ;
RUNTEST 1 TCK;
SDR 27 TDI (0091af02) TDO (0091ab03) ;
RUNTEST 1 TCK;
SDR 27 TDI (0091b002) TDO (0091af03) ;
RUNTEST 1 TCK;
SDR 27 TDI (0091c042) TDO (0091b003) ;
RUNTEST 1 TCK;
SDR 27 TDI (0091c402) TDO (0091c043) ;
RUNTEST 1 TCK;
SDR 27 TDI (0091c802) TDO (0091c403) ;
RUNTEST 1 TCK;
SDR 27 TDI (0091cc82) TDO (0091c803) ;
RUNTEST 1 TCK;
SDR 27 TDI (0091d002) TDO (0091cc83) ;
RUNTEST 1 TCK;
SDR 27 TDI (00920302) TDO (0091d003) ;
RUNTEST 1 TCK;
SDR 27 TDI (00920702) TDO (00920303) ;
RUNTEST 1 TCK;
SDR 27 TDI (00920b02) TDO (00920703) ;
RUNTEST 1 TCK;
SDR 27 TDI (00920f02) TDO (00920b03) ;
RUNTEST 1 TCK;
SDR 27 TDI (00921302) TDO (00920f03) ;
RUNTEST 1 TCK;
SDR 27 TDI (00922302) TDO (00921303) ;
RUNTEST 1 TCK;
SDR 27 TDI (00922782) TDO (00922303) ;
RUNTEST 1 TCK;
SDR 27 TDI (00922b82) TDO (00922783) ;
RUNTEST 1 TCK;
SDR 27 TDI (00922f02) TDO (00922b83) ;
RUNTEST 1 TCK;
SDR 27 TDI (00923002) TDO (00922f03) ;
RUNTEST 1 TCK;
SDR 27 TDI (00924002) TDO (00923003) ;
RUNTEST 1 TCK;
SDR 27 TDI (00924442) TDO (00924003) ;
RUNTEST 1 TCK;
SDR 27 TDI (00924802) TDO (00924443) ;
RUNTEST 1 TCK;
SDR 27 TDI (00924c02) TDO (00924803) ;
RUNTEST 1 TCK;
SDR 27 TDI (00925002) TDO (00924c03) ;
RUNTEST 1 TCK;
SDR 27 TDI (00928002) TDO (00925003) ;
RUNTEST 1 TCK;
SDR 27 TDI (00928502) TDO (00928003) ;
RUNTEST 1 TCK;
SDR 27 TDI (00928902) TDO (00928503) ;
RUNTEST 1 TCK;
SDR 27 TDI (00928c02) TDO (00928903) ;
RUNTEST 1 TCK;
SDR 27 TDI (00929002) TDO (00928c03) ;
RUNTEST 1 TCK;
SDR 27 TDI (0092a202) TDO (00929003) ;
RUNTEST 1 TCK;
SDR 27 TDI (0092a402) TDO (0092a203) ;
RUNTEST 1 TCK;
SDR 27 TDI (0092a802) TDO (0092a403) ;
RUNTEST 1 TCK;
SDR 27 TDI (0092ac02) TDO (0092a803) ;
RUNTEST 1 TCK;
SDR 27 TDI (0092b002) TDO (0092ac03) ;
RUNTEST 1 TCK;
SDR 27 TDI (0092c042) TDO (0092b003) ;
RUNTEST 1 TCK;
SDR 27 TDI (0092c402) TDO (0092c043) ;
RUNTEST 1 TCK;
SDR 27 TDI (0092c802) TDO (0092c403) ;
RUNTEST 1 TCK;
SDR 27 TDI (0092cc82) TDO (0092c803) ;
RUNTEST 1 TCK;
SDR 27 TDI (0092d002) TDO (0092cc83) ;
RUNTEST 1 TCK;
SDR 27 TDI (00930302) TDO (0092d003) ;
RUNTEST 1 TCK;
SDR 27 TDI (00930702) TDO (00930303) ;
RUNTEST 1 TCK;
SDR 27 TDI (00930b02) TDO (00930703) ;
RUNTEST 1 TCK;
SDR 27 TDI (00930f02) TDO (00930b03) ;
RUNTEST 1 TCK;
SDR 27 TDI (00931302) TDO (00930f03) ;
RUNTEST 1 TCK;
SDR 27 TDI (00932342) TDO (00931303) ;
RUNTEST 1 TCK;
SDR 27 TDI (00932702) TDO (00932343) ;
RUNTEST 1 TCK;
SDR 27 TDI (00932b02) TDO (00932703) ;
RUNTEST 1 TCK;
SDR 27 TDI (00932f02) TDO (00932b03) ;
RUNTEST 1 TCK;
SDR 27 TDI (00933002) TDO (00932f03) ;
RUNTEST 1 TCK;
SDR 27 TDI (00934002) TDO (00933003) ;
RUNTEST 1 TCK;
SDR 27 TDI (00934402) TDO (00934003) ;
RUNTEST 1 TCK;
SDR 27 TDI (00934802) TDO (00934403) ;
RUNTEST 1 TCK;
SDR 27 TDI (00934c02) TDO (00934803) ;
RUNTEST 1 TCK;
SDR 27 TDI (00935002) TDO (00934c03) ;
RUNTEST 1 TCK;
SDR 27 TDI (00938302) TDO (00935003) ;
RUNTEST 1 TCK;
SDR 27 TDI (00938702) TDO (00938303) ;
RUNTEST 1 TCK;
SDR 27 TDI (00938b02) TDO (00938703) ;
RUNTEST 1 TCK;
SDR 27 TDI (00938f02) TDO (00938b03) ;
RUNTEST 1 TCK;
SDR 27 TDI (00939302) TDO (00938f03) ;
RUNTEST 1 TCK;
SDR 27 TDI (0093a302) TDO (00939303) ;
RUNTEST 1 TCK;
SDR 27 TDI (0093a742) TDO (0093a303) ;
RUNTEST 1 TCK;
SDR 27 TDI (0093ab02) TDO (0093a743) ;
RUNTEST 1 TCK;
SDR 27 TDI (0093af02) TDO (0093ab03) ;
RUNTEST 1 TCK;
SDR 27 TDI (0093b002) TDO (0093af03) ;
RUNTEST 1 TCK;
SDR 27 TDI (0093c002) TDO (0093b003) ;
RUNTEST 1 TCK;
SDR 27 TDI (0093c402) TDO (0093c003) ;
RUNTEST 1 TCK;
SDR 27 TDI (0093c802) TDO (0093c403) ;
RUNTEST 1 TCK;
SDR 27 TDI (0093cc02) TDO (0093c803) ;
RUNTEST 1 TCK;
SDR 27 TDI (0093d002) TDO (0093cc03) ;
RUNTEST 1 TCK;
SDR 27 TDI (00940002) TDO (0093d003) ;
RUNTEST 1 TCK;
SDR 27 TDI (00940702) TDO (00940003) ;
RUNTEST 1 TCK;
SDR 27 TDI (00940902) TDO (00940703) ;
RUNTEST 1 TCK;
SDR 27 TDI (00940e02) TDO (00940903) ;
RUNTEST 1 TCK;
SDR 27 TDI (00941002) TDO (00940e03) ;
RUNTEST 1 TCK;
SDR 27 TDI (00942202) TDO (00941003) ;
RUNTEST 1 TCK;
SDR 27 TDI (00942402) TDO (00942203) ;
RUNTEST 1 TCK;
SDR 27 TDI (00942802) TDO (00942403) ;
RUNTEST 1 TCK;
SDR 27 TDI (00942c02) TDO (00942803) ;
RUNTEST 1 TCK;
SDR 27 TDI (00943002) TDO (00942c03) ;
RUNTEST 1 TCK;
SDR 27 TDI (00944002) TDO (00943003) ;
RUNTEST 1 TCK;
SDR 27 TDI (00944402) TDO (00944003) ;
RUNTEST 1 TCK;
SDR 27 TDI (00944802) TDO (00944403) ;
RUNTEST 1 TCK;
SDR 27 TDI (00944c82) TDO (00944803) ;
RUNTEST 1 TCK;
SDR 27 TDI (00945002) TDO (00944c83) ;
RUNTEST 1 TCK;
SDR 27 TDI (009483be) TDO (00945003) ;
RUNTEST 1 TCK;
SDR 27 TDI (009487be) TDO (009483bf) ;
RUNTEST 1 TCK;
SDR 27 TDI (00948b02) TDO (009487bf) ;
RUNTEST 1 TCK;
SDR 27 TDI (00948f02) TDO (00948b03) ;
RUNTEST 1 TCK;
SDR 27 TDI (00949302) TDO (00948f03) ;
RUNTEST 1 TCK;
SDR 27 TDI (0094a352) TDO (00949303) ;
RUNTEST 1 TCK;
SDR 27 TDI (0094a752) TDO (0094a353) ;
RUNTEST 1 TCK;
SDR 27 TDI (0094ab02) TDO (0094a753) ;
RUNTEST 1 TCK;
SDR 27 TDI (0094af02) TDO (0094ab03) ;
RUNTEST 1 TCK;
SDR 27 TDI (0094b002) TDO (0094af03) ;
RUNTEST 1 TCK;
SDR 27 TDI (0094c03a) TDO (0094b003) ;
RUNTEST 1 TCK;
SDR 27 TDI (0094c43a) TDO (0094c03b) ;
RUNTEST 1 TCK;
SDR 27 TDI (0094c882) TDO (0094c43b) ;
RUNTEST 1 TCK;
SDR 27 TDI (0094cc02) TDO (0094c883) ;
RUNTEST 1 TCK;
SDR 27 TDI (0094d002) TDO (0094cc03) ;
RUNTEST 1 TCK;
SDR 27 TDI (009503be) TDO (0094d003) ;
RUNTEST 1 TCK;
SDR 27 TDI (009507be) TDO (009503bf) ;
RUNTEST 1 TCK;
SDR 27 TDI (00950b02) TDO (009507bf) ;
RUNTEST 1 TCK;
SDR 27 TDI (00950f02) TDO (00950b03) ;
RUNTEST 1 TCK;
SDR 27 TDI (00951302) TDO (00950f03) ;
RUNTEST 1 TCK;
SDR 27 TDI (00952352) TDO (00951303) ;
RUNTEST 1 TCK;
SDR 27 TDI (00952752) TDO (00952353) ;
RUNTEST 1 TCK;
SDR 27 TDI (00952b02) TDO (00952753) ;
RUNTEST 1 TCK;
SDR 27 TDI (00952f02) TDO (00952b03) ;
RUNTEST 1 TCK;
SDR 27 TDI (00953002) TDO (00952f03) ;
RUNTEST 1 TCK;
SDR 27 TDI (00954022) TDO (00953003) ;
RUNTEST 1 TCK;
SDR 27 TDI (00954422) TDO (00954023) ;
RUNTEST 1 TCK;
SDR 27 TDI (00954802) TDO (00954423) ;
RUNTEST 1 TCK;
SDR 27 TDI (00954c82) TDO (00954803) ;
RUNTEST 1 TCK;
SDR 27 TDI (00955002) TDO (00954c83) ;
RUNTEST 1 TCK;
SDR 27 TDI (00958002) TDO (00955003) ;
RUNTEST 1 TCK;
SDR 27 TDI (00958702) TDO (00958003) ;
RUNTEST 1 TCK;
SDR 27 TDI (00958902) TDO (00958703) ;
RUNTEST 1 TCK;
SDR 27 TDI (00958e02) TDO (00958903) ;
RUNTEST 1 TCK;
SDR 27 TDI (00959102) TDO (00958e03) ;
RUNTEST 1 TCK;
SDR 27 TDI (0095a302) TDO (00959103) ;
RUNTEST 1 TCK;
SDR 27 TDI (0095a402) TDO (0095a303) ;
RUNTEST 1 TCK;
SDR 27 TDI (0095a802) TDO (0095a403) ;
RUNTEST 1 TCK;
SDR 27 TDI (0095af02) TDO (0095a803) ;
RUNTEST 1 TCK;
SDR 27 TDI (0095b002) TDO (0095af03) ;
RUNTEST 1 TCK;
SDR 27 TDI (0095c09a) TDO (0095b003) ;
RUNTEST 1 TCK;
SDR 27 TDI (0095c402) TDO (0095c09b) ;
RUNTEST 1 TCK;
SDR 27 TDI (0095c802) TDO (0095c403) ;
RUNTEST 1 TCK;
SDR 27 TDI (0095cc02) TDO (0095c803) ;
RUNTEST 1 TCK;
SDR 27 TDI (0095d002) TDO (0095cc03) ;
RUNTEST 1 TCK;
SDR 27 TDI (00960002) TDO (0095d003) ;
RUNTEST 1 TCK;
SDR 27 TDI (00960602) TDO (00960003) ;
RUNTEST 1 TCK;
SDR 27 TDI (00960802) TDO (00960603) ;
RUNTEST 1 TCK;
SDR 27 TDI (00960e02) TDO (00960803) ;
RUNTEST 1 TCK;
SDR 27 TDI (00961102) TDO (00960e03) ;
RUNTEST 1 TCK;
SDR 27 TDI (00962302) TDO (00961103) ;
RUNTEST 1 TCK;
SDR 27 TDI (00962482) TDO (00962303) ;
RUNTEST 1 TCK;
SDR 27 TDI (00962882) TDO (00962483) ;
RUNTEST 1 TCK;
SDR 27 TDI (00962f02) TDO (00962883) ;
RUNTEST 1 TCK;
SDR 27 TDI (00963002) TDO (00962f03) ;
RUNTEST 1 TCK;
SDR 27 TDI (00964002) TDO (00963003) ;
RUNTEST 1 TCK;
SDR 27 TDI (00964442) TDO (00964003) ;
RUNTEST 1 TCK;
SDR 27 TDI (00964802) TDO (00964443) ;
RUNTEST 1 TCK;
SDR 27 TDI (00964c02) TDO (00964803) ;
RUNTEST 1 TCK;
SDR 27 TDI (00965002) TDO (00964c03) ;
RUNTEST 1 TCK;
SDR 27 TDI (00968302) TDO (00965003) ;
RUNTEST 1 TCK;
SDR 27 TDI (00968502) TDO (00968303) ;
RUNTEST 1 TCK;
SDR 27 TDI (00968b02) TDO (00968503) ;
RUNTEST 1 TCK;
SDR 27 TDI (00968d02) TDO (00968b03) ;
RUNTEST 1 TCK;
SDR 27 TDI (00969202) TDO (00968d03) ;
RUNTEST 1 TCK;
SDR 27 TDI (0096a002) TDO (00969203) ;
RUNTEST 1 TCK;
SDR 27 TDI (0096a702) TDO (0096a003) ;
RUNTEST 1 TCK;
SDR 27 TDI (0096ab02) TDO (0096a703) ;
RUNTEST 1 TCK;
SDR 27 TDI (0096ac02) TDO (0096ab03) ;
RUNTEST 1 TCK;
SDR 27 TDI (0096b002) TDO (0096ac03) ;
RUNTEST 1 TCK;
SDR 27 TDI (0096c042) TDO (0096b003) ;
RUNTEST 1 TCK;
SDR 27 TDI (0096c402) TDO (0096c043) ;
RUNTEST 1 TCK;
SDR 27 TDI (0096c802) TDO (0096c403) ;
RUNTEST 1 TCK;
SDR 27 TDI (0096cc82) TDO (0096c803) ;
RUNTEST 1 TCK;
SDR 27 TDI (0096d002) TDO (0096cc83) ;
RUNTEST 1 TCK;
SDR 27 TDI (00970302) TDO (0096d003) ;
RUNTEST 1 TCK;
SDR 27 TDI (00970702) TDO (00970303) ;
RUNTEST 1 TCK;
SDR 27 TDI (00970b02) TDO (00970703) ;
RUNTEST 1 TCK;
SDR 27 TDI (00970f02) TDO (00970b03) ;
RUNTEST 1 TCK;
SDR 27 TDI (00971302) TDO (00970f03) ;
RUNTEST 1 TCK;
SDR 27 TDI (00972302) TDO (00971303) ;
RUNTEST 1 TCK;
SDR 27 TDI (00972782) TDO (00972303) ;
RUNTEST 1 TCK;
SDR 27 TDI (00972b82) TDO (00972783) ;
RUNTEST 1 TCK;
SDR 27 TDI (00972f02) TDO (00972b83) ;
RUNTEST 1 TCK;
SDR 27 TDI (00973002) TDO (00972f03) ;
RUNTEST 1 TCK;
SDR 27 TDI (00974002) TDO (00973003) ;
RUNTEST 1 TCK;
SDR 27 TDI (00974442) TDO (00974003) ;
RUNTEST 1 TCK;
SDR 27 TDI (00974802) TDO (00974443) ;
RUNTEST 1 TCK;
SDR 27 TDI (00974c02) TDO (00974803) ;
RUNTEST 1 TCK;
SDR 27 TDI (00975002) TDO (00974c03) ;
RUNTEST 1 TCK;
SDR 27 TDI (00978302) TDO (00975003) ;
RUNTEST 1 TCK;
SDR 27 TDI (00978702) TDO (00978303) ;
RUNTEST 1 TCK;
SDR 27 TDI (00978b02) TDO (00978703) ;
RUNTEST 1 TCK;
SDR 27 TDI (00978f02) TDO (00978b03) ;
RUNTEST 1 TCK;
SDR 27 TDI (00979302) TDO (00978f03) ;
RUNTEST 1 TCK;
SDR 27 TDI (0097a302) TDO (00979303) ;
RUNTEST 1 TCK;
SDR 27 TDI (0097a702) TDO (0097a303) ;
RUNTEST 1 TCK;
SDR 27 TDI (0097ab02) TDO (0097a703) ;
RUNTEST 1 TCK;
SDR 27 TDI (0097af02) TDO (0097ab03) ;
RUNTEST 1 TCK;
SDR 27 TDI (0097b002) TDO (0097af03) ;
RUNTEST 1 TCK;
SDR 27 TDI (0097c042) TDO (0097b003) ;
RUNTEST 1 TCK;
SDR 27 TDI (0097c402) TDO (0097c043) ;
RUNTEST 1 TCK;
SDR 27 TDI (0097c802) TDO (0097c403) ;
RUNTEST 1 TCK;
SDR 27 TDI (0097cc82) TDO (0097c803) ;
RUNTEST 1 TCK;
SDR 27 TDI (0097d002) TDO (0097cc83) ;
RUNTEST 1 TCK;
SDR 27 TDI (00980302) TDO (0097d003) ;
RUNTEST 1 TCK;
SDR 27 TDI (00980702) TDO (00980303) ;
RUNTEST 1 TCK;
SDR 27 TDI (00980b02) TDO (00980703) ;
RUNTEST 1 TCK;
SDR 27 TDI (00980f02) TDO (00980b03) ;
RUNTEST 1 TCK;
SDR 27 TDI (00981302) TDO (00980f03) ;
RUNTEST 1 TCK;
SDR 27 TDI (00982302) TDO (00981303) ;
RUNTEST 1 TCK;
SDR 27 TDI (00982702) TDO (00982303) ;
RUNTEST 1 TCK;
SDR 27 TDI (00982b02) TDO (00982703) ;
RUNTEST 1 TCK;
SDR 27 TDI (00982f02) TDO (00982b03) ;
RUNTEST 1 TCK;
SDR 27 TDI (00983002) TDO (00982f03) ;
RUNTEST 1 TCK;
SDR 27 TDI (00984002) TDO (00983003) ;
RUNTEST 1 TCK;
SDR 27 TDI (00984402) TDO (00984003) ;
RUNTEST 1 TCK;
SDR 27 TDI (00984802) TDO (00984403) ;
RUNTEST 1 TCK;
SDR 27 TDI (00984c02) TDO (00984803) ;
RUNTEST 1 TCK;
SDR 27 TDI (00985002) TDO (00984c03) ;
RUNTEST 1 TCK;
SDR 27 TDI (00988002) TDO (00985003) ;
RUNTEST 1 TCK;
SDR 27 TDI (00988702) TDO (00988003) ;
RUNTEST 1 TCK;
SDR 27 TDI (00988902) TDO (00988703) ;
RUNTEST 1 TCK;
SDR 27 TDI (00988e02) TDO (00988903) ;
RUNTEST 1 TCK;
SDR 27 TDI (00989102) TDO (00988e03) ;
RUNTEST 1 TCK;
SDR 27 TDI (0098a302) TDO (00989103) ;
RUNTEST 1 TCK;
SDR 27 TDI (0098a482) TDO (0098a303) ;
RUNTEST 1 TCK;
SDR 27 TDI (0098a882) TDO (0098a483) ;
RUNTEST 1 TCK;
SDR 27 TDI (0098af02) TDO (0098a883) ;
RUNTEST 1 TCK;
SDR 27 TDI (0098b002) TDO (0098af03) ;
RUNTEST 1 TCK;
SDR 27 TDI (0098c042) TDO (0098b003) ;
RUNTEST 1 TCK;
SDR 27 TDI (0098c442) TDO (0098c043) ;
RUNTEST 1 TCK;
SDR 27 TDI (0098c802) TDO (0098c443) ;
RUNTEST 1 TCK;
SDR 27 TDI (0098cc82) TDO (0098c803) ;
RUNTEST 1 TCK;
SDR 27 TDI (0098d002) TDO (0098cc83) ;
RUNTEST 1 TCK;
SDR 27 TDI (00990002) TDO (0098d003) ;
RUNTEST 1 TCK;
SDR 27 TDI (00990502) TDO (00990003) ;
RUNTEST 1 TCK;
SDR 27 TDI (00990902) TDO (00990503) ;
RUNTEST 1 TCK;
SDR 27 TDI (00990c02) TDO (00990903) ;
RUNTEST 1 TCK;
SDR 27 TDI (00991002) TDO (00990c03) ;
RUNTEST 1 TCK;
SDR 27 TDI (00992002) TDO (00991003) ;
RUNTEST 1 TCK;
SDR 27 TDI (00992402) TDO (00992003) ;
RUNTEST 1 TCK;
SDR 27 TDI (00992802) TDO (00992403) ;
RUNTEST 1 TCK;
SDR 27 TDI (00992c02) TDO (00992803) ;
RUNTEST 1 TCK;
SDR 27 TDI (00993002) TDO (00992c03) ;
RUNTEST 1 TCK;
SDR 27 TDI (00994002) TDO (00993003) ;
RUNTEST 1 TCK;
SDR 27 TDI (00994402) TDO (00994003) ;
RUNTEST 1 TCK;
SDR 27 TDI (00994802) TDO (00994403) ;
RUNTEST 1 TCK;
SDR 27 TDI (00994c02) TDO (00994803) ;
RUNTEST 1 TCK;
SDR 27 TDI (00995002) TDO (00994c03) ;
RUNTEST 1 TCK;
SDR 27 TDI (00998002) TDO (00995003) ;
RUNTEST 1 TCK;
SDR 27 TDI (00998502) TDO (00998003) ;
RUNTEST 1 TCK;
SDR 27 TDI (00998902) TDO (00998503) ;
RUNTEST 1 TCK;
SDR 27 TDI (00998c02) TDO (00998903) ;
RUNTEST 1 TCK;
SDR 27 TDI (00999102) TDO (00998c03) ;
RUNTEST 1 TCK;
SDR 27 TDI (0099a002) TDO (00999103) ;
RUNTEST 1 TCK;
SDR 27 TDI (0099a482) TDO (0099a003) ;
RUNTEST 1 TCK;
SDR 27 TDI (0099a882) TDO (0099a483) ;
RUNTEST 1 TCK;
SDR 27 TDI (0099ac02) TDO (0099a883) ;
RUNTEST 1 TCK;
SDR 27 TDI (0099b002) TDO (0099ac03) ;
RUNTEST 1 TCK;
SDR 27 TDI (0099c042) TDO (0099b003) ;
RUNTEST 1 TCK;
SDR 27 TDI (0099c442) TDO (0099c043) ;
RUNTEST 1 TCK;
SDR 27 TDI (0099c802) TDO (0099c443) ;
RUNTEST 1 TCK;
SDR 27 TDI (0099cc82) TDO (0099c803) ;
RUNTEST 1 TCK;
SDR 27 TDI (0099d002) TDO (0099cc83) ;
RUNTEST 1 TCK;
SDR 27 TDI (009a030a) TDO (0099d003) ;
RUNTEST 1 TCK;
SDR 27 TDI (009a0702) TDO (009a030b) ;
RUNTEST 1 TCK;
SDR 27 TDI (009a0b02) TDO (009a0703) ;
RUNTEST 1 TCK;
SDR 27 TDI (009a0f02) TDO (009a0b03) ;
RUNTEST 1 TCK;
SDR 27 TDI (009a1302) TDO (009a0f03) ;
RUNTEST 1 TCK;
SDR 27 TDI (009a2302) TDO (009a1303) ;
RUNTEST 1 TCK;
SDR 27 TDI (009a2702) TDO (009a2303) ;
RUNTEST 1 TCK;
SDR 27 TDI (009a2902) TDO (009a2703) ;
RUNTEST 1 TCK;
SDR 27 TDI (009a2d02) TDO (009a2903) ;
RUNTEST 1 TCK;
SDR 27 TDI (009a3002) TDO (009a2d03) ;
RUNTEST 1 TCK;
SDR 27 TDI (009a4002) TDO (009a3003) ;
RUNTEST 1 TCK;
SDR 27 TDI (009a4402) TDO (009a4003) ;
RUNTEST 1 TCK;
SDR 27 TDI (009a4802) TDO (009a4403) ;
RUNTEST 1 TCK;
SDR 27 TDI (009a4c02) TDO (009a4803) ;
RUNTEST 1 TCK;
SDR 27 TDI (009a5002) TDO (009a4c03) ;
RUNTEST 1 TCK;
SDR 27 TDI (009a8302) TDO (009a5003) ;
RUNTEST 1 TCK;
SDR 27 TDI (009a870a) TDO (009a8303) ;
RUNTEST 1 TCK;
SDR 27 TDI (009a8b02) TDO (009a870b) ;
RUNTEST 1 TCK;
SDR 27 TDI (009a8f02) TDO (009a8b03) ;
RUNTEST 1 TCK;
SDR 27 TDI (009a9302) TDO (009a8f03) ;
RUNTEST 1 TCK;
SDR 27 TDI (009aa302) TDO (009a9303) ;
RUNTEST 1 TCK;
SDR 27 TDI (009aa702) TDO (009aa303) ;
RUNTEST 1 TCK;
SDR 27 TDI (009aab02) TDO (009aa703) ;
RUNTEST 1 TCK;
SDR 27 TDI (009aad02) TDO (009aab03) ;
RUNTEST 1 TCK;
SDR 27 TDI (009ab002) TDO (009aad03) ;
RUNTEST 1 TCK;
SDR 27 TDI (009ac002) TDO (009ab003) ;
RUNTEST 1 TCK;
SDR 27 TDI (009ac402) TDO (009ac003) ;
RUNTEST 1 TCK;
SDR 27 TDI (009ac802) TDO (009ac403) ;
RUNTEST 1 TCK;
SDR 27 TDI (009acc02) TDO (009ac803) ;
RUNTEST 1 TCK;
SDR 27 TDI (009ad002) TDO (009acc03) ;
RUNTEST 1 TCK;
SDR 27 TDI (009b0382) TDO (009ad003) ;
RUNTEST 1 TCK;
SDR 27 TDI (009b0702) TDO (009b0383) ;
RUNTEST 1 TCK;
SDR 27 TDI (009b0b02) TDO (009b0703) ;
RUNTEST 1 TCK;
SDR 27 TDI (009b0f02) TDO (009b0b03) ;
RUNTEST 1 TCK;
SDR 27 TDI (009b1302) TDO (009b0f03) ;
RUNTEST 1 TCK;
SDR 27 TDI (009b2302) TDO (009b1303) ;
RUNTEST 1 TCK;
SDR 27 TDI (009b2702) TDO (009b2303) ;
RUNTEST 1 TCK;
SDR 27 TDI (009b2b02) TDO (009b2703) ;
RUNTEST 1 TCK;
SDR 27 TDI (009b2f02) TDO (009b2b03) ;
RUNTEST 1 TCK;
SDR 27 TDI (009b3002) TDO (009b2f03) ;
RUNTEST 1 TCK;
SDR 27 TDI (009b4002) TDO (009b3003) ;
RUNTEST 1 TCK;
SDR 27 TDI (009b4402) TDO (009b4003) ;
RUNTEST 1 TCK;
SDR 27 TDI (009b4802) TDO (009b4403) ;
RUNTEST 1 TCK;
SDR 27 TDI (009b4c02) TDO (009b4803) ;
RUNTEST 1 TCK;
SDR 27 TDI (009b5002) TDO (009b4c03) ;
RUNTEST 1 TCK;
SDR 27 TDI (009b8202) TDO (009b5003) ;
RUNTEST 1 TCK;
SDR 27 TDI (009b8782) TDO (009b8203) ;
RUNTEST 1 TCK;
SDR 27 TDI (009b8b02) TDO (009b8783) ;
RUNTEST 1 TCK;
SDR 27 TDI (009b8f02) TDO (009b8b03) ;
RUNTEST 1 TCK;
SDR 27 TDI (009b9102) TDO (009b8f03) ;
RUNTEST 1 TCK;
SDR 27 TDI (009ba302) TDO (009b9103) ;
RUNTEST 1 TCK;
SDR 27 TDI (009ba702) TDO (009ba303) ;
RUNTEST 1 TCK;
SDR 27 TDI (009baa02) TDO (009ba703) ;
RUNTEST 1 TCK;
SDR 27 TDI (009baf02) TDO (009baa03) ;
RUNTEST 1 TCK;
SDR 27 TDI (009bb002) TDO (009baf03) ;
RUNTEST 1 TCK;
SDR 27 TDI (009bc002) TDO (009bb003) ;
RUNTEST 1 TCK;
SDR 27 TDI (009bc402) TDO (009bc003) ;
RUNTEST 1 TCK;
SDR 27 TDI (009bc802) TDO (009bc403) ;
RUNTEST 1 TCK;
SDR 27 TDI (009bcc02) TDO (009bc803) ;
RUNTEST 1 TCK;
SDR 27 TDI (009bd002) TDO (009bcc03) ;
RUNTEST 1 TCK;
SDR 27 TDI (009c0302) TDO (009bd003) ;
RUNTEST 1 TCK;
SDR 27 TDI (009c0602) TDO (009c0303) ;
RUNTEST 1 TCK;
SDR 27 TDI (009c0b02) TDO (009c0603) ;
RUNTEST 1 TCK;
SDR 27 TDI (009c0f02) TDO (009c0b03) ;
RUNTEST 1 TCK;
SDR 27 TDI (009c1102) TDO (009c0f03) ;
RUNTEST 1 TCK;
SDR 27 TDI (009c2302) TDO (009c1103) ;
RUNTEST 1 TCK;
SDR 27 TDI (009c2702) TDO (009c2303) ;
RUNTEST 1 TCK;
SDR 27 TDI (009c2a02) TDO (009c2703) ;
RUNTEST 1 TCK;
SDR 27 TDI (009c2f02) TDO (009c2a03) ;
RUNTEST 1 TCK;
SDR 27 TDI (009c3002) TDO (009c2f03) ;
RUNTEST 1 TCK;
SDR 27 TDI (009c4002) TDO (009c3003) ;
RUNTEST 1 TCK;
SDR 27 TDI (009c4402) TDO (009c4003) ;
RUNTEST 1 TCK;
SDR 27 TDI (009c4802) TDO (009c4403) ;
RUNTEST 1 TCK;
SDR 27 TDI (009c4c02) TDO (009c4803) ;
RUNTEST 1 TCK;
SDR 27 TDI (009c5002) TDO (009c4c03) ;
RUNTEST 1 TCK;
SDR 27 TDI (009c8302) TDO (009c5003) ;
RUNTEST 1 TCK;
SDR 27 TDI (009c8602) TDO (009c8303) ;
RUNTEST 1 TCK;
SDR 27 TDI (009c8b02) TDO (009c8603) ;
RUNTEST 1 TCK;
SDR 27 TDI (009c8f02) TDO (009c8b03) ;
RUNTEST 1 TCK;
SDR 27 TDI (009c9102) TDO (009c8f03) ;
RUNTEST 1 TCK;
SDR 27 TDI (009ca302) TDO (009c9103) ;
RUNTEST 1 TCK;
SDR 27 TDI (009ca702) TDO (009ca303) ;
RUNTEST 1 TCK;
SDR 27 TDI (009caa02) TDO (009ca703) ;
RUNTEST 1 TCK;
SDR 27 TDI (009caf02) TDO (009caa03) ;
RUNTEST 1 TCK;
SDR 27 TDI (009cb002) TDO (009caf03) ;
RUNTEST 1 TCK;
SDR 27 TDI (009cc002) TDO (009cb003) ;
RUNTEST 1 TCK;
SDR 27 TDI (009cc402) TDO (009cc003) ;
RUNTEST 1 TCK;
SDR 27 TDI (009cc802) TDO (009cc403) ;
RUNTEST 1 TCK;
SDR 27 TDI (009ccc02) TDO (009cc803) ;
RUNTEST 1 TCK;
SDR 27 TDI (009cd002) TDO (009ccc03) ;
RUNTEST 1 TCK;
SDR 27 TDI (009d0202) TDO (009cd003) ;
RUNTEST 1 TCK;
SDR 27 TDI (009d0702) TDO (009d0203) ;
RUNTEST 1 TCK;
SDR 27 TDI (009d0b02) TDO (009d0703) ;
RUNTEST 1 TCK;
SDR 27 TDI (009d0f02) TDO (009d0b03) ;
RUNTEST 1 TCK;
SDR 27 TDI (009d1102) TDO (009d0f03) ;
RUNTEST 1 TCK;
SDR 27 TDI (009d2302) TDO (009d1103) ;
RUNTEST 1 TCK;
SDR 27 TDI (009d2702) TDO (009d2303) ;
RUNTEST 1 TCK;
SDR 27 TDI (009d2a02) TDO (009d2703) ;
RUNTEST 1 TCK;
SDR 27 TDI (009d2f02) TDO (009d2a03) ;
RUNTEST 1 TCK;
SDR 27 TDI (009d3002) TDO (009d2f03) ;
RUNTEST 1 TCK;
SDR 27 TDI (009d4002) TDO (009d3003) ;
RUNTEST 1 TCK;
SDR 27 TDI (009d4402) TDO (009d4003) ;
RUNTEST 1 TCK;
SDR 27 TDI (009d4802) TDO (009d4403) ;
RUNTEST 1 TCK;
SDR 27 TDI (009d4c02) TDO (009d4803) ;
RUNTEST 1 TCK;
SDR 27 TDI (009d5002) TDO (009d4c03) ;
RUNTEST 1 TCK;
SDR 27 TDI (009d8302) TDO (009d5003) ;
RUNTEST 1 TCK;
SDR 27 TDI (009d8602) TDO (009d8303) ;
RUNTEST 1 TCK;
SDR 27 TDI (009d8b02) TDO (009d8603) ;
RUNTEST 1 TCK;
SDR 27 TDI (009d8f02) TDO (009d8b03) ;
RUNTEST 1 TCK;
SDR 27 TDI (009d9102) TDO (009d8f03) ;
RUNTEST 1 TCK;
SDR 27 TDI (009da302) TDO (009d9103) ;
RUNTEST 1 TCK;
SDR 27 TDI (009da602) TDO (009da303) ;
RUNTEST 1 TCK;
SDR 27 TDI (009dab02) TDO (009da603) ;
RUNTEST 1 TCK;
SDR 27 TDI (009daf02) TDO (009dab03) ;
RUNTEST 1 TCK;
SDR 27 TDI (009db002) TDO (009daf03) ;
RUNTEST 1 TCK;
SDR 27 TDI (009dc002) TDO (009db003) ;
RUNTEST 1 TCK;
SDR 27 TDI (009dc402) TDO (009dc003) ;
RUNTEST 1 TCK;
SDR 27 TDI (009dc802) TDO (009dc403) ;
RUNTEST 1 TCK;
SDR 27 TDI (009dcc02) TDO (009dc803) ;
RUNTEST 1 TCK;
SDR 27 TDI (009dd002) TDO (009dcc03) ;
RUNTEST 1 TCK;
SDR 27 TDI (009e0302) TDO (009dd003) ;
RUNTEST 1 TCK;
SDR 27 TDI (009e0602) TDO (009e0303) ;
RUNTEST 1 TCK;
SDR 27 TDI (009e0b02) TDO (009e0603) ;
RUNTEST 1 TCK;
SDR 27 TDI (009e0f02) TDO (009e0b03) ;
RUNTEST 1 TCK;
SDR 27 TDI (009e1102) TDO (009e0f03) ;
RUNTEST 1 TCK;
SDR 27 TDI (009e2302) TDO (009e1103) ;
RUNTEST 1 TCK;
SDR 27 TDI (009e2602) TDO (009e2303) ;
RUNTEST 1 TCK;
SDR 27 TDI (009e2b02) TDO (009e2603) ;
RUNTEST 1 TCK;
SDR 27 TDI (009e2f02) TDO (009e2b03) ;
RUNTEST 1 TCK;
SDR 27 TDI (009e3002) TDO (009e2f03) ;
RUNTEST 1 TCK;
SDR 27 TDI (009e4002) TDO (009e3003) ;
RUNTEST 1 TCK;
SDR 27 TDI (009e4402) TDO (009e4003) ;
RUNTEST 1 TCK;
SDR 27 TDI (009e4802) TDO (009e4403) ;
RUNTEST 1 TCK;
SDR 27 TDI (009e4c02) TDO (009e4803) ;
RUNTEST 1 TCK;
SDR 27 TDI (009e5002) TDO (009e4c03) ;
RUNTEST 1 TCK;
SDR 27 TDI (009e8302) TDO (009e5003) ;
RUNTEST 1 TCK;
SDR 27 TDI (009e8602) TDO (009e8303) ;
RUNTEST 1 TCK;
SDR 27 TDI (009e8b02) TDO (009e8603) ;
RUNTEST 1 TCK;
SDR 27 TDI (009e8d02) TDO (009e8b03) ;
RUNTEST 1 TCK;
SDR 27 TDI (009e9302) TDO (009e8d03) ;
RUNTEST 1 TCK;
SDR 27 TDI (009ea302) TDO (009e9303) ;
RUNTEST 1 TCK;
SDR 27 TDI (009ea782) TDO (009ea303) ;
RUNTEST 1 TCK;
SDR 27 TDI (009eaa82) TDO (009ea783) ;
RUNTEST 1 TCK;
SDR 27 TDI (009eaf02) TDO (009eaa83) ;
RUNTEST 1 TCK;
SDR 27 TDI (009eb002) TDO (009eaf03) ;
RUNTEST 1 TCK;
SDR 27 TDI (009ec042) TDO (009eb003) ;
RUNTEST 1 TCK;
SDR 27 TDI (009ec442) TDO (009ec043) ;
RUNTEST 1 TCK;
SDR 27 TDI (009ec802) TDO (009ec443) ;
RUNTEST 1 TCK;
SDR 27 TDI (009ecc82) TDO (009ec803) ;
RUNTEST 1 TCK;
SDR 27 TDI (009ed002) TDO (009ecc83) ;
RUNTEST 1 TCK;
SDR 27 TDI (009f0202) TDO (009ed003) ;
RUNTEST 1 TCK;
SDR 27 TDI (009f0702) TDO (009f0203) ;
RUNTEST 1 TCK;
SDR 27 TDI (009f0b02) TDO (009f0703) ;
RUNTEST 1 TCK;
SDR 27 TDI (009f0f02) TDO (009f0b03) ;
RUNTEST 1 TCK;
SDR 27 TDI (009f1102) TDO (009f0f03) ;
RUNTEST 1 TCK;
SDR 27 TDI (009f2382) TDO (009f1103) ;
RUNTEST 1 TCK;
SDR 27 TDI (009f2702) TDO (009f2383) ;
RUNTEST 1 TCK;
SDR 27 TDI (009f2a02) TDO (009f2703) ;
RUNTEST 1 TCK;
SDR 27 TDI (009f2f02) TDO (009f2a03) ;
RUNTEST 1 TCK;
SDR 27 TDI (009f3002) TDO (009f2f03) ;
RUNTEST 1 TCK;
SDR 27 TDI (009f4002) TDO (009f3003) ;
RUNTEST 1 TCK;
SDR 27 TDI (009f4402) TDO (009f4003) ;
RUNTEST 1 TCK;
SDR 27 TDI (009f4802) TDO (009f4403) ;
RUNTEST 1 TCK;
SDR 27 TDI (009f4c02) TDO (009f4803) ;
RUNTEST 1 TCK;
SDR 27 TDI (009f5002) TDO (009f4c03) ;
RUNTEST 1 TCK;
SDR 27 TDI (009f8302) TDO (009f5003) ;
RUNTEST 1 TCK;
SDR 27 TDI (009f8602) TDO (009f8303) ;
RUNTEST 1 TCK;
SDR 27 TDI (009f8b02) TDO (009f8603) ;
RUNTEST 1 TCK;
SDR 27 TDI (009f8f02) TDO (009f8b03) ;
RUNTEST 1 TCK;
SDR 27 TDI (009f9102) TDO (009f8f03) ;
RUNTEST 1 TCK;
SDR 27 TDI (009fa302) TDO (009f9103) ;
RUNTEST 1 TCK;
SDR 27 TDI (009fa782) TDO (009fa303) ;
RUNTEST 1 TCK;
SDR 27 TDI (009faa82) TDO (009fa783) ;
RUNTEST 1 TCK;
SDR 27 TDI (009faf02) TDO (009faa83) ;
RUNTEST 1 TCK;
SDR 27 TDI (009fb002) TDO (009faf03) ;
RUNTEST 1 TCK;
SDR 27 TDI (009fc002) TDO (009fb003) ;
RUNTEST 1 TCK;
SDR 27 TDI (009fc402) TDO (009fc003) ;
RUNTEST 1 TCK;
SDR 27 TDI (009fc802) TDO (009fc403) ;
RUNTEST 1 TCK;
SDR 27 TDI (009fcc02) TDO (009fc803) ;
RUNTEST 1 TCK;
SDR 27 TDI (009fd002) TDO (009fcc03) ;
RUNTEST 1 TCK;
SDR 27 TDI (00a00306) TDO (009fd003) ;
RUNTEST 1 TCK;
SDR 27 TDI (00a00602) TDO (00a00307) ;
RUNTEST 1 TCK;
SDR 27 TDI (00a00b02) TDO (00a00603) ;
RUNTEST 1 TCK;
SDR 27 TDI (00a00f02) TDO (00a00b03) ;
RUNTEST 1 TCK;
SDR 27 TDI (00a01302) TDO (00a00f03) ;
RUNTEST 1 TCK;
SDR 27 TDI (00a02302) TDO (00a01303) ;
RUNTEST 1 TCK;
SDR 27 TDI (00a02702) TDO (00a02303) ;
RUNTEST 1 TCK;
SDR 27 TDI (00a02b02) TDO (00a02703) ;
RUNTEST 1 TCK;
SDR 27 TDI (00a02f02) TDO (00a02b03) ;
RUNTEST 1 TCK;
SDR 27 TDI (00a03002) TDO (00a02f03) ;
RUNTEST 1 TCK;
SDR 27 TDI (00a04002) TDO (00a03003) ;
RUNTEST 1 TCK;
SDR 27 TDI (00a04402) TDO (00a04003) ;
RUNTEST 1 TCK;
SDR 27 TDI (00a04802) TDO (00a04403) ;
RUNTEST 1 TCK;
SDR 27 TDI (00a04c02) TDO (00a04803) ;
RUNTEST 1 TCK;
SDR 27 TDI (00a05002) TDO (00a04c03) ;
RUNTEST 1 TCK;
SDR 27 TDI (00a08302) TDO (00a05003) ;
RUNTEST 1 TCK;
SDR 27 TDI (00a08606) TDO (00a08303) ;
RUNTEST 1 TCK;
SDR 27 TDI (00a08b02) TDO (00a08607) ;
RUNTEST 1 TCK;
SDR 27 TDI (00a08f02) TDO (00a08b03) ;
RUNTEST 1 TCK;
SDR 27 TDI (00a09102) TDO (00a08f03) ;
RUNTEST 1 TCK;
SDR 27 TDI (00a0a302) TDO (00a09103) ;
RUNTEST 1 TCK;
SDR 27 TDI (00a0a702) TDO (00a0a303) ;
RUNTEST 1 TCK;
SDR 27 TDI (00a0aa02) TDO (00a0a703) ;
RUNTEST 1 TCK;
SDR 27 TDI (00a0af02) TDO (00a0aa03) ;
RUNTEST 1 TCK;
SDR 27 TDI (00a0b002) TDO (00a0af03) ;
RUNTEST 1 TCK;
SDR 27 TDI (00a0c002) TDO (00a0b003) ;
RUNTEST 1 TCK;
SDR 27 TDI (00a0c402) TDO (00a0c003) ;
RUNTEST 1 TCK;
SDR 27 TDI (00a0c802) TDO (00a0c403) ;
RUNTEST 1 TCK;
SDR 27 TDI (00a0cc02) TDO (00a0c803) ;
RUNTEST 1 TCK;
SDR 27 TDI (00a0d002) TDO (00a0cc03) ;
RUNTEST 1 TCK;
SDR 27 TDI (00a10302) TDO (00a0d003) ;
RUNTEST 1 TCK;
SDR 27 TDI (00a10602) TDO (00a10303) ;
RUNTEST 1 TCK;
SDR 27 TDI (00a10b02) TDO (00a10603) ;
RUNTEST 1 TCK;
SDR 27 TDI (00a10f02) TDO (00a10b03) ;
RUNTEST 1 TCK;
SDR 27 TDI (00a11302) TDO (00a10f03) ;
RUNTEST 1 TCK;
SDR 27 TDI (00a12302) TDO (00a11303) ;
RUNTEST 1 TCK;
SDR 27 TDI (00a12702) TDO (00a12303) ;
RUNTEST 1 TCK;
SDR 27 TDI (00a12b02) TDO (00a12703) ;
RUNTEST 1 TCK;
SDR 27 TDI (00a12f02) TDO (00a12b03) ;
RUNTEST 1 TCK;
SDR 27 TDI (00a13002) TDO (00a12f03) ;
RUNTEST 1 TCK;
SDR 27 TDI (00a14002) TDO (00a13003) ;
RUNTEST 1 TCK;
SDR 27 TDI (00a14402) TDO (00a14003) ;
RUNTEST 1 TCK;
SDR 27 TDI (00a14802) TDO (00a14403) ;
RUNTEST 1 TCK;
SDR 27 TDI (00a14c02) TDO (00a14803) ;
RUNTEST 1 TCK;
SDR 27 TDI (00a15002) TDO (00a14c03) ;
RUNTEST 1 TCK;
SDR 27 TDI (00a18202) TDO (00a15003) ;
RUNTEST 1 TCK;
SDR 27 TDI (00a18702) TDO (00a18203) ;
RUNTEST 1 TCK;
SDR 27 TDI (00a18b02) TDO (00a18703) ;
RUNTEST 1 TCK;
SDR 27 TDI (00a18f02) TDO (00a18b03) ;
RUNTEST 1 TCK;
SDR 27 TDI (00a19302) TDO (00a18f03) ;
RUNTEST 1 TCK;
SDR 27 TDI (00a1a302) TDO (00a19303) ;
RUNTEST 1 TCK;
SDR 27 TDI (00a1a782) TDO (00a1a303) ;
RUNTEST 1 TCK;
SDR 27 TDI (00a1ab82) TDO (00a1a783) ;
RUNTEST 1 TCK;
SDR 27 TDI (00a1af02) TDO (00a1ab83) ;
RUNTEST 1 TCK;
SDR 27 TDI (00a1b002) TDO (00a1af03) ;
RUNTEST 1 TCK;
SDR 27 TDI (00a1c002) TDO (00a1b003) ;
RUNTEST 1 TCK;
SDR 27 TDI (00a1c442) TDO (00a1c003) ;
RUNTEST 1 TCK;
SDR 27 TDI (00a1c802) TDO (00a1c443) ;
RUNTEST 1 TCK;
SDR 27 TDI (00a1cc02) TDO (00a1c803) ;
RUNTEST 1 TCK;
SDR 27 TDI (00a1d002) TDO (00a1cc03) ;
RUNTEST 1 TCK;
SDR 27 TDI (00a20302) TDO (00a1d003) ;
RUNTEST 1 TCK;
SDR 27 TDI (00a20702) TDO (00a20303) MASK (07fffeff) ;
RUNTEST 1 TCK;
SDR 27 TDI (00a20b02) TDO (00a20703) MASK (07ffffff) ;
RUNTEST 1 TCK;
SDR 27 TDI (00a20f02) TDO (00a20b03) ;
RUNTEST 1 TCK;
SDR 27 TDI (00a21302) TDO (00a20f03) ;
RUNTEST 1 TCK;
SDR 27 TDI (00a22302) TDO (00a21303) ;
RUNTEST 1 TCK;
SDR 27 TDI (00a22602) TDO (00a22303) ;
RUNTEST 1 TCK;
SDR 27 TDI (00a22b02) TDO (00a22603) ;
RUNTEST 1 TCK;
SDR 27 TDI (00a22f02) TDO (00a22b03) ;
RUNTEST 1 TCK;
SDR 27 TDI (00a23002) TDO (00a22f03) ;
RUNTEST 1 TCK;
SDR 27 TDI (00a24002) TDO (00a23003) ;
RUNTEST 1 TCK;
SDR 27 TDI (00a24402) TDO (00a24003) ;
RUNTEST 1 TCK;
SDR 27 TDI (00a24802) TDO (00a24403) ;
RUNTEST 1 TCK;
SDR 27 TDI (00a24c02) TDO (00a24803) ;
RUNTEST 1 TCK;
SDR 27 TDI (00a25002) TDO (00a24c03) ;
RUNTEST 1 TCK;
SDR 27 TDI (00a28302) TDO (00a25003) ;
RUNTEST 1 TCK;
SDR 27 TDI (00a28702) TDO (00a28303) ;
RUNTEST 1 TCK;
SDR 27 TDI (00a28b02) TDO (00a28703) ;
RUNTEST 1 TCK;
SDR 27 TDI (00a28f02) TDO (00a28b03) ;
RUNTEST 1 TCK;
SDR 27 TDI (00a29302) TDO (00a28f03) ;
RUNTEST 1 TCK;
SDR 27 TDI (00a2a302) TDO (00a29303) ;
RUNTEST 1 TCK;
SDR 27 TDI (00a2a702) TDO (00a2a303) ;
RUNTEST 1 TCK;
SDR 27 TDI (00a2ab02) TDO (00a2a703) ;
RUNTEST 1 TCK;
SDR 27 TDI (00a2af02) TDO (00a2ab03) ;
RUNTEST 1 TCK;
SDR 27 TDI (00a2b002) TDO (00a2af03) ;
RUNTEST 1 TCK;
SDR 27 TDI (00a2c002) TDO (00a2b003) ;
RUNTEST 1 TCK;
SDR 27 TDI (00a2c402) TDO (00a2c003) ;
RUNTEST 1 TCK;
SDR 27 TDI (00a2c802) TDO (00a2c403) ;
RUNTEST 1 TCK;
SDR 27 TDI (00a2cc02) TDO (00a2c803) ;
RUNTEST 1 TCK;
SDR 27 TDI (00a2d002) TDO (00a2cc03) ;
RUNTEST 1 TCK;
SDR 27 TDI (00a30302) TDO (00a2d003) ;
RUNTEST 1 TCK;
SDR 27 TDI (00a30702) TDO (00a30303) ;
RUNTEST 1 TCK;
SDR 27 TDI (00a30b02) TDO (00a30703) ;
RUNTEST 1 TCK;
SDR 27 TDI (00a30f02) TDO (00a30b03) ;
RUNTEST 1 TCK;
SDR 27 TDI (00a31302) TDO (00a30f03) ;
RUNTEST 1 TCK;
SDR 27 TDI (00a32302) TDO (00a31303) ;
RUNTEST 1 TCK;
SDR 27 TDI (00a32702) TDO (00a32303) ;
RUNTEST 1 TCK;
SDR 27 TDI (00a32b02) TDO (00a32703) ;
RUNTEST 1 TCK;
SDR 27 TDI (00a32f02) TDO (00a32b03) ;
RUNTEST 1 TCK;
SDR 27 TDI (00a33002) TDO (00a32f03) ;
RUNTEST 1 TCK;
SDR 27 TDI (00a34002) TDO (00a33003) ;
RUNTEST 1 TCK;
SDR 27 TDI (00a34402) TDO (00a34003) ;
RUNTEST 1 TCK;
SDR 27 TDI (00a34802) TDO (00a34403) ;
RUNTEST 1 TCK;
SDR 27 TDI (00a34c02) TDO (00a34803) ;
RUNTEST 1 TCK;
SDR 27 TDI (00a35002) TDO (00a34c03) ;
RUNTEST 1 TCK;
SDR 27 TDI (00a38302) TDO (00a35003) ;
RUNTEST 1 TCK;
SDR 27 TDI (00a38702) TDO (00a38303) ;
RUNTEST 1 TCK;
SDR 27 TDI (00a38b02) TDO (00a38703) ;
RUNTEST 1 TCK;
SDR 27 TDI (00a38f02) TDO (00a38b03) ;
RUNTEST 1 TCK;
SDR 27 TDI (00a39302) TDO (00a38f03) ;
RUNTEST 1 TCK;
SDR 27 TDI (00a3a302) TDO (00a39303) ;
RUNTEST 1 TCK;
SDR 27 TDI (00a3a702) TDO (00a3a303) ;
RUNTEST 1 TCK;
SDR 27 TDI (00a3ab02) TDO (00a3a703) ;
RUNTEST 1 TCK;
SDR 27 TDI (00a3af02) TDO (00a3ab03) ;
RUNTEST 1 TCK;
SDR 27 TDI (00a3b002) TDO (00a3af03) ;
RUNTEST 1 TCK;
SDR 27 TDI (00a3c002) TDO (00a3b003) ;
RUNTEST 1 TCK;
SDR 27 TDI (00a3c402) TDO (00a3c003) ;
RUNTEST 1 TCK;
SDR 27 TDI (00a3c802) TDO (00a3c403) ;
RUNTEST 1 TCK;
SDR 27 TDI (00a3cc02) TDO (00a3c803) ;
RUNTEST 1 TCK;
SDR 27 TDI (00a3d002) TDO (00a3cc03) ;
RUNTEST 1 TCK;
SDR 27 TDI (00c003ba) TDO (00a3d003) ;
RUNTEST 1 TCK;
SDR 27 TDI (00c0059e) TDO (00c003bb) ;
RUNTEST 1 TCK;
SDR 27 TDI (00c009fe) TDO (00c0059f) ;
RUNTEST 1 TCK;
SDR 27 TDI (00c00dee) TDO (00c009ff) ;
RUNTEST 1 TCK;
SDR 27 TDI (00c011f6) TDO (00c00def) ;
RUNTEST 1 TCK;
SDR 27 TDI (00c023ba) TDO (00c011f7) ;
RUNTEST 1 TCK;
SDR 27 TDI (00c0259e) TDO (00c023bb) ;
RUNTEST 1 TCK;
SDR 27 TDI (00c029fe) TDO (00c0259f) ;
RUNTEST 1 TCK;
SDR 27 TDI (00c02dee) TDO (00c029ff) ;
RUNTEST 1 TCK;
SDR 27 TDI (00c031f6) TDO (00c02def) ;
RUNTEST 1 TCK;
SDR 27 TDI (00c043ba) TDO (00c031f7) ;
RUNTEST 1 TCK;
SDR 27 TDI (00c0459e) TDO (00c043bb) ;
RUNTEST 1 TCK;
SDR 27 TDI (00c049fe) TDO (00c0459f) ;
RUNTEST 1 TCK;
SDR 27 TDI (00c04dee) TDO (00c049ff) ;
RUNTEST 1 TCK;
SDR 27 TDI (00c051f6) TDO (00c04def) ;
RUNTEST 1 TCK;
SDR 27 TDI (00c063ba) TDO (00c051f7) ;
RUNTEST 1 TCK;
SDR 27 TDI (00c0659e) TDO (00c063bb) ;
RUNTEST 1 TCK;
SDR 27 TDI (00c069fe) TDO (00c0659f) ;
RUNTEST 1 TCK;
SDR 27 TDI (00c06dee) TDO (00c069ff) ;
RUNTEST 1 TCK;
SDR 27 TDI (00c071f6) TDO (00c06def) ;
RUNTEST 1 TCK;
SDR 27 TDI (00c083ba) TDO (00c071f7) ;
RUNTEST 1 TCK;
SDR 27 TDI (00c0859e) TDO (00c083bb) ;
RUNTEST 1 TCK;
SDR 27 TDI (00c089fe) TDO (00c0859f) ;
RUNTEST 1 TCK;
SDR 27 TDI (00c08dee) TDO (00c089ff) ;
RUNTEST 1 TCK;
SDR 27 TDI (00c091f6) TDO (00c08def) ;
RUNTEST 1 TCK;
SDR 27 TDI (00c0a3ba) TDO (00c091f7) ;
RUNTEST 1 TCK;
SDR 27 TDI (00c0a59e) TDO (00c0a3bb) ;
RUNTEST 1 TCK;
SDR 27 TDI (00c0a9fe) TDO (00c0a59f) ;
RUNTEST 1 TCK;
SDR 27 TDI (00c0adee) TDO (00c0a9ff) ;
RUNTEST 1 TCK;
SDR 27 TDI (00c0b1f6) TDO (00c0adef) ;
RUNTEST 1 TCK;
SDR 27 TDI (00c0c3be) TDO (00c0b1f7) ;
RUNTEST 1 TCK;
SDR 27 TDI (00c0c59e) TDO (00c0c3bf) ;
RUNTEST 1 TCK;
SDR 27 TDI (00c0c9fe) TDO (00c0c59f) ;
RUNTEST 1 TCK;
SDR 27 TDI (00c0cdee) TDO (00c0c9ff) ;
RUNTEST 1 TCK;
SDR 27 TDI (00c0d1f6) TDO (00c0cdef) ;
RUNTEST 1 TCK;
SDR 27 TDI (00c0e3ba) TDO (00c0d1f7) ;
RUNTEST 1 TCK;
SDR 27 TDI (00c0e59e) TDO (00c0e3bb) ;
RUNTEST 1 TCK;
SDR 27 TDI (00c0e9fe) TDO (00c0e59f) ;
RUNTEST 1 TCK;
SDR 27 TDI (00c0edee) TDO (00c0e9ff) ;
RUNTEST 1 TCK;
SDR 27 TDI (00c0f1f6) TDO (00c0edef) ;
RUNTEST 1 TCK;
SDR 27 TDI (00c103ba) TDO (00c0f1f7) ;
RUNTEST 1 TCK;
SDR 27 TDI (00c1059e) TDO (00c103bb) ;
RUNTEST 1 TCK;
SDR 27 TDI (00c109fe) TDO (00c1059f) ;
RUNTEST 1 TCK;
SDR 27 TDI (00c10dee) TDO (00c109ff) ;
RUNTEST 1 TCK;
SDR 27 TDI (00c111f6) TDO (00c10def) ;
RUNTEST 1 TCK;
SDR 27 TDI (00c123ba) TDO (00c111f7) ;
RUNTEST 1 TCK;
SDR 27 TDI (00c1259e) TDO (00c123bb) ;
RUNTEST 1 TCK;
SDR 27 TDI (00c129fe) TDO (00c1259f) ;
RUNTEST 1 TCK;
SDR 27 TDI (00c12dee) TDO (00c129ff) ;
RUNTEST 1 TCK;
SDR 27 TDI (00c131f6) TDO (00c12def) ;
RUNTEST 1 TCK;
SDR 27 TDI (00c143ba) TDO (00c131f7) ;
RUNTEST 1 TCK;
SDR 27 TDI (00c1459e) TDO (00c143bb) ;
RUNTEST 1 TCK;
SDR 27 TDI (00c149fe) TDO (00c1459f) ;
RUNTEST 1 TCK;
SDR 27 TDI (00c14dee) TDO (00c149ff) ;
RUNTEST 1 TCK;
SDR 27 TDI (00c151f6) TDO (00c14def) ;
RUNTEST 1 TCK;
SDR 27 TDI (00c163ba) TDO (00c151f7) ;
RUNTEST 1 TCK;
SDR 27 TDI (00c1659e) TDO (00c163bb) ;
RUNTEST 1 TCK;
SDR 27 TDI (00c169fe) TDO (00c1659f) ;
RUNTEST 1 TCK;
SDR 27 TDI (00c16dee) TDO (00c169ff) ;
RUNTEST 1 TCK;
SDR 27 TDI (00c171f6) TDO (00c16def) ;
RUNTEST 1 TCK;
SDR 27 TDI (00c183ba) TDO (00c171f7) ;
RUNTEST 1 TCK;
SDR 27 TDI (00c1859e) TDO (00c183bb) ;
RUNTEST 1 TCK;
SDR 27 TDI (00c189fe) TDO (00c1859f) ;
RUNTEST 1 TCK;
SDR 27 TDI (00c18dee) TDO (00c189ff) ;
RUNTEST 1 TCK;
SDR 27 TDI (00c191f6) TDO (00c18def) ;
RUNTEST 1 TCK;
SDR 27 TDI (00c1a3ba) TDO (00c191f7) ;
RUNTEST 1 TCK;
SDR 27 TDI (00c1a59e) TDO (00c1a3bb) ;
RUNTEST 1 TCK;
SDR 27 TDI (00c1a9fe) TDO (00c1a59f) ;
RUNTEST 1 TCK;
SDR 27 TDI (00c1adee) TDO (00c1a9ff) ;
RUNTEST 1 TCK;
SDR 27 TDI (00c1b1f6) TDO (00c1adef) ;
RUNTEST 1 TCK;
SDR 27 TDI (00c1c3ba) TDO (00c1b1f7) ;
RUNTEST 1 TCK;
SDR 27 TDI (00c1c59e) TDO (00c1c3bb) ;
RUNTEST 1 TCK;
SDR 27 TDI (00c1c9fe) TDO (00c1c59f) ;
RUNTEST 1 TCK;
SDR 27 TDI (00c1cdee) TDO (00c1c9ff) ;
RUNTEST 1 TCK;
SDR 27 TDI (00c1d1f6) TDO (00c1cdef) ;
RUNTEST 1 TCK;
SDR 27 TDI (00c1e3ba) TDO (00c1d1f7) ;
RUNTEST 1 TCK;
SDR 27 TDI (00c1e59e) TDO (00c1e3bb) ;
RUNTEST 1 TCK;
SDR 27 TDI (00c1e9fe) TDO (00c1e59f) ;
RUNTEST 1 TCK;
SDR 27 TDI (00c1edee) TDO (00c1e9ff) ;
RUNTEST 1 TCK;
SDR 27 TDI (00c1f1f6) TDO (00c1edef) ;
RUNTEST 1 TCK;
SDR 27 TDI (00c203ba) TDO (00c1f1f7) ;
RUNTEST 1 TCK;
SDR 27 TDI (00c2059e) TDO (00c203bb) ;
RUNTEST 1 TCK;
SDR 27 TDI (00c209fe) TDO (00c2059f) ;
RUNTEST 1 TCK;
SDR 27 TDI (00c20dee) TDO (00c209ff) ;
RUNTEST 1 TCK;
SDR 27 TDI (00c211f6) TDO (00c20def) ;
RUNTEST 1 TCK;
SDR 27 TDI (00c223ba) TDO (00c211f7) ;
RUNTEST 1 TCK;
SDR 27 TDI (00c2259e) TDO (00c223bb) ;
RUNTEST 1 TCK;
SDR 27 TDI (00c229fe) TDO (00c2259f) ;
RUNTEST 1 TCK;
SDR 27 TDI (00c22dee) TDO (00c229ff) ;
RUNTEST 1 TCK;
SDR 27 TDI (00c231f6) TDO (00c22def) ;
RUNTEST 1 TCK;
SDR 27 TDI (00c403ba) TDO (00c231f7) ;
RUNTEST 1 TCK;
SDR 27 TDI (00c4059e) TDO (00c403bb) ;
RUNTEST 1 TCK;
SDR 27 TDI (00c409fe) TDO (00c4059f) ;
RUNTEST 1 TCK;
SDR 27 TDI (00c40dee) TDO (00c409ff) ;
RUNTEST 1 TCK;
SDR 27 TDI (00c411f6) TDO (00c40def) ;
RUNTEST 1 TCK;
SDR 27 TDI (00c423ba) TDO (00c411f7) ;
RUNTEST 1 TCK;
SDR 27 TDI (00c4259e) TDO (00c423bb) ;
RUNTEST 1 TCK;
SDR 27 TDI (00c429fe) TDO (00c4259f) ;
RUNTEST 1 TCK;
SDR 27 TDI (00c42dee) TDO (00c429ff) ;
RUNTEST 1 TCK;
SDR 27 TDI (00c431f6) TDO (00c42def) ;
RUNTEST 1 TCK;
SDR 27 TDI (00c443ba) TDO (00c431f7) ;
RUNTEST 1 TCK;
SDR 27 TDI (00c4459e) TDO (00c443bb) ;
RUNTEST 1 TCK;
SDR 27 TDI (00c449fe) TDO (00c4459f) ;
RUNTEST 1 TCK;
SDR 27 TDI (00c44dee) TDO (00c449ff) ;
RUNTEST 1 TCK;
SDR 27 TDI (00c451f6) TDO (00c44def) ;
RUNTEST 1 TCK;
SDR 27 TDI (00c463ba) TDO (00c451f7) ;
RUNTEST 1 TCK;
SDR 27 TDI (00c4659e) TDO (00c463bb) ;
RUNTEST 1 TCK;
SDR 27 TDI (00c469fe) TDO (00c4659f) ;
RUNTEST 1 TCK;
SDR 27 TDI (00c46dee) TDO (00c469ff) ;
RUNTEST 1 TCK;
SDR 27 TDI (00c471f6) TDO (00c46def) ;
RUNTEST 1 TCK;
SDR 27 TDI (00c483ba) TDO (00c471f7) ;
RUNTEST 1 TCK;
SDR 27 TDI (00c4859e) TDO (00c483bb) ;
RUNTEST 1 TCK;
SDR 27 TDI (00c489fe) TDO (00c4859f) ;
RUNTEST 1 TCK;
SDR 27 TDI (00c48dee) TDO (00c489ff) ;
RUNTEST 1 TCK;
SDR 27 TDI (00c491f6) TDO (00c48def) ;
RUNTEST 1 TCK;
SDR 27 TDI (00c4a3ba) TDO (00c491f7) ;
RUNTEST 1 TCK;
SDR 27 TDI (00c4a5be) TDO (00c4a3bb) ;
RUNTEST 1 TCK;
SDR 27 TDI (00c4a9fe) TDO (00c4a5bf) ;
RUNTEST 1 TCK;
SDR 27 TDI (00c4adee) TDO (00c4a9ff) ;
RUNTEST 1 TCK;
SDR 27 TDI (00c4b1f6) TDO (00c4adef) ;
RUNTEST 1 TCK;
SDR 27 TDI (00c4c3ba) TDO (00c4b1f7) ;
RUNTEST 1 TCK;
SDR 27 TDI (00c4c59e) TDO (00c4c3bb) ;
RUNTEST 1 TCK;
SDR 27 TDI (00c4c9fe) TDO (00c4c59f) ;
RUNTEST 1 TCK;
SDR 27 TDI (00c4cdee) TDO (00c4c9ff) ;
RUNTEST 1 TCK;
SDR 27 TDI (00c4d1f6) TDO (00c4cdef) ;
RUNTEST 1 TCK;
SDR 27 TDI (00c4e3ba) TDO (00c4d1f7) ;
RUNTEST 1 TCK;
SDR 27 TDI (00c4e59e) TDO (00c4e3bb) ;
RUNTEST 1 TCK;
SDR 27 TDI (00c4e9fe) TDO (00c4e59f) ;
RUNTEST 1 TCK;
SDR 27 TDI (00c4edee) TDO (00c4e9ff) ;
RUNTEST 1 TCK;
SDR 27 TDI (00c4f1f6) TDO (00c4edef) ;
RUNTEST 1 TCK;
SDR 27 TDI (00c503ba) TDO (00c4f1f7) ;
RUNTEST 1 TCK;
SDR 27 TDI (00c505de) TDO (00c503bb) ;
RUNTEST 1 TCK;
SDR 27 TDI (00c509fe) TDO (00c505df) ;
RUNTEST 1 TCK;
SDR 27 TDI (00c50dee) TDO (00c509ff) ;
RUNTEST 1 TCK;
SDR 27 TDI (00c511f6) TDO (00c50def) ;
RUNTEST 1 TCK;
SDR 27 TDI (00c523ba) TDO (00c511f7) ;
RUNTEST 1 TCK;
SDR 27 TDI (00c5259e) TDO (00c523bb) ;
RUNTEST 1 TCK;
SDR 27 TDI (00c529fe) TDO (00c5259f) ;
RUNTEST 1 TCK;
SDR 27 TDI (00c52dee) TDO (00c529ff) ;
RUNTEST 1 TCK;
SDR 27 TDI (00c531f6) TDO (00c52def) ;
RUNTEST 1 TCK;
SDR 27 TDI (00c543ba) TDO (00c531f7) ;
RUNTEST 1 TCK;
SDR 27 TDI (00c5459e) TDO (00c543bb) ;
RUNTEST 1 TCK;
SDR 27 TDI (00c549fe) TDO (00c5459f) ;
RUNTEST 1 TCK;
SDR 27 TDI (00c54dfe) TDO (00c549ff) ;
RUNTEST 1 TCK;
SDR 27 TDI (00c551f6) TDO (00c54dff) ;
RUNTEST 1 TCK;
SDR 27 TDI (00c563ba) TDO (00c551f7) ;
RUNTEST 1 TCK;
SDR 27 TDI (00c5659e) TDO (00c563bb) ;
RUNTEST 1 TCK;
SDR 27 TDI (00c569fe) TDO (00c5659f) ;
RUNTEST 1 TCK;
SDR 27 TDI (00c56dee) TDO (00c569ff) ;
RUNTEST 1 TCK;
SDR 27 TDI (00c571f6) TDO (00c56def) ;
RUNTEST 1 TCK;
SDR 27 TDI (00c583ba) TDO (00c571f7) ;
RUNTEST 1 TCK;
SDR 27 TDI (00c5859e) TDO (00c583bb) ;
RUNTEST 1 TCK;
SDR 27 TDI (00c589fe) TDO (00c5859f) ;
RUNTEST 1 TCK;
SDR 27 TDI (00c58dee) TDO (00c589ff) ;
RUNTEST 1 TCK;
SDR 27 TDI (00c591fe) TDO (00c58def) ;
RUNTEST 1 TCK;
SDR 27 TDI (00c5a3ba) TDO (00c591ff) ;
RUNTEST 1 TCK;
SDR 27 TDI (00c5a59e) TDO (00c5a3bb) ;
RUNTEST 1 TCK;
SDR 27 TDI (00c5a9fe) TDO (00c5a59f) ;
RUNTEST 1 TCK;
SDR 27 TDI (00c5adee) TDO (00c5a9ff) ;
RUNTEST 1 TCK;
SDR 27 TDI (00c5b1f6) TDO (00c5adef) ;
RUNTEST 1 TCK;
SDR 27 TDI (00c5c3ba) TDO (00c5b1f7) ;
RUNTEST 1 TCK;
SDR 27 TDI (00c5c59e) TDO (00c5c3bb) ;
RUNTEST 1 TCK;
SDR 27 TDI (00c5c9fe) TDO (00c5c59f) ;
RUNTEST 1 TCK;
SDR 27 TDI (00c5cdee) TDO (00c5c9ff) ;
RUNTEST 1 TCK;
SDR 27 TDI (00c5d1f6) TDO (00c5cdef) ;
RUNTEST 1 TCK;
SDR 27 TDI (00c5e3ba) TDO (00c5d1f7) ;
RUNTEST 1 TCK;
SDR 27 TDI (00c5e59e) TDO (00c5e3bb) ;
RUNTEST 1 TCK;
SDR 27 TDI (00c5e9fe) TDO (00c5e59f) ;
RUNTEST 1 TCK;
SDR 27 TDI (00c5edee) TDO (00c5e9ff) ;
RUNTEST 1 TCK;
SDR 27 TDI (00c5f1f6) TDO (00c5edef) ;
RUNTEST 1 TCK;
SDR 27 TDI (00c603ba) TDO (00c5f1f7) ;
RUNTEST 1 TCK;
SDR 27 TDI (00c6059e) TDO (00c603bb) ;
RUNTEST 1 TCK;
SDR 27 TDI (00c609fe) TDO (00c6059f) ;
RUNTEST 1 TCK;
SDR 27 TDI (00c60dee) TDO (00c609ff) ;
RUNTEST 1 TCK;
SDR 27 TDI (00c611f6) TDO (00c60def) ;
RUNTEST 1 TCK;
SDR 27 TDI (00c623fa) TDO (00c611f7) ;
RUNTEST 1 TCK;
SDR 27 TDI (00c6259e) TDO (00c623fb) ;
RUNTEST 1 TCK;
SDR 27 TDI (00c629fe) TDO (00c6259f) ;
RUNTEST 1 TCK;
SDR 27 TDI (00c62dee) TDO (00c629ff) ;
RUNTEST 1 TCK;
SDR 27 TDI (00c631f6) TDO (00c62def) ;
RUNTEST 1 TCK;
SDR 27 TDI (00c631f6) TDO (00c631f7) ;
TIR 0 ;
HIR 0 ;
HDR 0 ;
TDR 0 ;
// Loading devices with 'conld' or 'bypass' instruction.
SIR 8 TDI (f0) ;
RUNTEST 100 TCK;
TIR 0 ;
HIR 0 ;
HDR 0 ;
TDR 0 ;
TIR 0 ;
HIR 0 ;
TDR 0 ;
HDR 0 ;
SIR 8 TDI (ff) ;
SDR 1 TDI (00) SMASK (01) ;
